player_id,team,opponent,match_date,round,player_disposals_avg_last3,player_goals_avg_last3,player_fantasy_points_avg_last3,player_tackles_avg_last3,player_player_score_avg_last3,player_disposals_avg_last5,player_goals_avg_last5,player_fantasy_points_avg_last5,player_tackles_avg_last5,player_player_score_avg_last5,player_disposals_avg_last10,player_goals_avg_last10,player_fantasy_points_avg_last10,player_tackles_avg_last10,player_player_score_avg_last10,player_games_played_prior,player_career_avg_disposals_prior,is_home
43260,Richmond Tigers,North Melbourne Kangaroos,2022-07-16,18,7.0,0.3333333333333333,32.0,3.0,2.333333333333333,6.6,0.2,26.4,2.2,1.4,6.8,0.4,29.4,2.1,2.7,31,9.516129032258064,0
43261,St Kilda Saints,Hawthorn Hawks,2020-09-06,16,12.666666666666666,1.0,92.66666666666669,6.0,6.666666666666667,12.666666666666666,1.0,92.66666666666669,6.0,6.666666666666667,12.666666666666666,1.0,92.66666666666669,6.0,6.666666666666667,3,12.666666666666666,1
43262,Geelong Cats,Sydney Swans,2020-09-20,18,13.0,1.0,52.66666666666666,3.0,6.0,14.8,1.0,58.4,3.2,6.4,18.8,0.9,79.1,5.2,5.8,270,25.392592592592592,0
43263,Sydney Swans,Brisbane Lions,2009-08-29,22,12.0,1.0,59.0,2.333333333333333,7.666666666666667,11.6,0.8,54.8,2.2,5.8,12.6,0.6,53.4,2.7,4.4,98,13.244897959183673,1
43264,Gold Coast Suns,Melbourne Demons,2011-08-28,23,9.0,1.0,47.66666666666666,2.0,6.0,8.8,1.4,49.2,1.4,8.8,8.4,1.3,44.1,0.9,8.3,33,8.606060606060606,0
43265,Carlton Blues,Melbourne Demons,2007-09-02,22,12.0,0.3333333333333333,60.0,1.3333333333333333,2.0,11.2,0.2,54.6,1.2,1.2,8.7,0.1,47.3,0.9,0.6,55,8.363636363636363,0
43266,Carlton Blues,Essendon Bombers,2025-08-21,24,19.666666666666668,0.0,79.66666666666667,3.333333333333333,0.3333333333333333,18.0,0.0,73.2,3.4,0.6,18.5,0.2,74.1,2.9,2.0,144,19.541666666666668,0
43267,Brisbane Lions,Carlton Blues,2022-08-07,21,11.0,0.0,44.0,1.3333333333333333,0.0,12.2,0.0,51.4,1.6,0.0,13.7,0.1,59.5,1.5,0.6,56,14.196428571428571,1
43268,North Melbourne Kangaroos,Melbourne Demons,2014-08-30,23,12.0,0.3333333333333333,39.0,0.3333333333333333,2.0,11.0,0.2,37.0,0.4,1.6,11.9,0.2,42.5,1.5,1.7,89,17.865168539325843,1
43269,Sydney Swans,Richmond Tigers,2025-06-07,13,10.333333333333334,0.3333333333333333,41.333333333333336,3.333333333333333,2.0,12.4,0.2,48.2,3.6,1.2,14.9,0.4,55.4,3.2,2.6,178,23.46629213483146,0
43270,Western Bulldogs,Geelong Cats,2016-07-29,19,12.666666666666666,0.3333333333333333,49.66666666666666,2.6666666666666665,2.333333333333333,12.6,1.4,63.8,3.4,9.0,11.3,1.3,59.1,3.0,8.5,165,17.745454545454546,0
43271,Greater Western Sydney Giants,Hawthorn Hawks,2014-06-01,11,13.0,0.0,58.333333333333336,2.6666666666666665,0.3333333333333333,11.8,0.4,52.6,2.8,2.8,10.7,0.6,50.4,2.5,4.4,75,11.866666666666667,0
43272,North Melbourne Kangaroos,Gold Coast Suns,2020-08-30,14,12.0,0.0,45.0,2.0,0.3333333333333333,11.4,0.0,41.6,1.2,0.2,14.9,0.2,51.3,1.1,1.5,22,18.045454545454547,0
43273,Gold Coast Suns,Essendon Bombers,2025-08-27,24,12.0,1.0,47.66666666666666,1.0,7.0,14.8,1.4,58.2,1.2,9.4,13.9,1.3,58.7,1.4,8.6,121,15.0,1
43274,West Coast Eagles,North Melbourne Kangaroos,2022-03-27,2,9.333333333333334,0.3333333333333333,39.0,2.6666666666666665,2.333333333333333,10.8,0.6,48.4,2.8,3.8,11.0,0.5,47.333333333333336,2.6666666666666665,3.1666666666666665,6,11.0,0
43275,Fremantle Dockers,Essendon Bombers,2025-06-19,15,6.0,0.0,23.33333333333333,1.3333333333333333,0.0,8.6,0.0,31.0,0.8,0.0,10.6,0.0,38.6,1.1,0.1,143,17.552447552447553,1
43276,Greater Western Sydney Giants,St Kilda Saints,2025-08-24,24,8.0,0.0,28.666666666666668,1.6666666666666667,0.0,9.8,0.0,37.4,1.2,0.0,9.3,0.0,36.1,1.1,0.0,20,9.85,1
43277,Port Adelaide Power,Gold Coast Suns,2025-08-22,24,16.666666666666668,0.3333333333333333,75.66666666666667,1.0,2.0,15.6,0.2,71.0,1.8,1.2,13.1,0.1,57.3,1.3,0.6,177,13.774011299435028,1
43278,Brisbane Lions,Western Bulldogs,2007-06-09,11,11.0,0.0,42.0,1.0,0.0,11.0,0.0,42.0,1.0,0.0,11.0,0.0,42.0,1.0,0.0,2,11.0,1
43279,Gold Coast Suns,St Kilda Saints,2013-08-25,22,8.333333333333334,0.0,42.66666666666666,3.0,0.0,8.333333333333334,0.0,42.66666666666666,3.0,0.0,8.333333333333334,0.0,42.66666666666666,3.0,0.0,3,8.333333333333334,0
43280,St Kilda Saints,Carlton Blues,2008-07-11,15,9.5,0.0,40.5,1.5,0.5,9.5,0.0,40.5,1.5,0.5,9.5,0.0,40.5,1.5,0.5,2,9.5,0
43281,West Coast Eagles,Carlton Blues,2025-06-15,14,8.333333333333334,2.0,57.0,3.333333333333333,12.333333333333334,9.2,1.8,57.4,2.6,11.4,7.8,1.3,49.6,2.5,8.4,81,9.567901234567902,1
43282,Brisbane Lions,St Kilda Saints,2019-06-22,14,15.666666666666666,0.0,58.66666666666666,1.0,0.0,16.4,0.2,64.8,1.6,1.6,17.0,0.1428571428571428,66.57142857142857,1.5714285714285714,1.2857142857142858,7,17.0,0
43283,Sydney Swans,Fremantle Dockers,2025-07-06,17,9.333333333333334,0.6666666666666666,46.66666666666666,1.6666666666666667,7.0,8.8,0.8,47.6,1.8,7.0,8.9,0.9,47.8,1.9,6.9,48,8.104166666666666,1
43284,Essendon Bombers,Richmond Tigers,2021-06-05,12,10.666666666666666,0.0,45.333333333333336,2.6666666666666665,0.3333333333333333,11.2,0.0,49.2,2.8,0.2,10.5,0.0,46.2,2.3,0.3,68,11.264705882352942,1
43285,Hawthorn Hawks,Adelaide Crows,2025-09-12,SF,28.33333333333333,0.0,98.66666666666669,1.6666666666666667,0.3333333333333333,25.0,0.0,87.2,2.0,0.2,24.8,0.0,89.8,2.4,0.1,151,20.662251655629134,0
43286,Fremantle Dockers,Western Bulldogs,2025-08-24,24,5.333333333333333,1.0,29.0,0.0,6.333333333333333,5.8,1.6,35.4,0.2,10.2,6.7,1.1,34.5,0.4,7.2,55,7.636363636363637,0
43287,Carlton Blues,Melbourne Demons,2010-06-05,11,12.666666666666666,0.0,58.66666666666666,3.6666666666666665,0.0,13.0,0.0,53.4,3.0,0.0,11.5,0.0,46.9,2.3,0.0,11,11.090909090909092,1
43288,North Melbourne Kangaroos,Adelaide Crows,2022-08-13,22,22.33333333333333,0.3333333333333333,77.0,2.6666666666666665,3.0,23.8,0.2,89.8,4.0,1.8,22.8,0.3,91.2,5.0,2.1,78,17.32051282051282,0
43289,Gold Coast Suns,Essendon Bombers,2025-08-27,24,24.0,0.0,77.0,4.0,0.6666666666666666,28.6,0.2,92.2,3.8,1.6,30.1,0.6,99.3,3.4,3.9,98,25.877551020408163,1
43290,Brisbane Lions,Geelong Cats,2025-09-27,GF,18.0,0.0,88.33333333333333,1.3333333333333333,0.0,17.8,0.0,91.6,2.0,0.0,15.1,0.0,71.8,1.4,0.0,238,13.184873949579831,0
43291,Gold Coast Suns,Essendon Bombers,2025-08-27,24,17.333333333333332,0.0,73.0,2.333333333333333,0.3333333333333333,18.8,0.2,75.4,1.6,1.4,16.1,0.1,66.4,1.5,0.8,47,12.936170212765957,1
43292,Carlton Blues,North Melbourne Kangaroos,2003-08-31,22,8.333333333333334,1.3333333333333333,46.66666666666666,1.0,8.333333333333334,8.333333333333334,1.3333333333333333,46.66666666666666,1.0,8.333333333333334,8.333333333333334,1.3333333333333333,46.66666666666666,1.0,8.333333333333334,3,8.333333333333334,0
43293,Greater Western Sydney Giants,St Kilda Saints,2025-08-24,24,13.333333333333334,0.3333333333333333,59.0,4.0,2.0,16.0,0.2,68.0,4.0,1.2,15.5,0.1,64.4,3.6,0.7,23,11.73913043478261,1
43294,Fremantle Dockers,Adelaide Crows,2012-06-02,10,8.666666666666666,1.0,37.0,0.3333333333333333,6.333333333333333,10.4,0.6,42.2,1.0,3.8,9.8,0.6,42.7,2.0,3.7,38,10.0,1
43295,Brisbane Lions,Port Adelaide Power,2025-07-05,17,12.666666666666666,0.0,53.0,2.6666666666666665,0.0,14.6,0.2,63.4,2.6,1.2,13.7,0.1,60.0,2.5,0.7,61,12.344262295081966,1
43296,North Melbourne Kangaroos,Hawthorn Hawks,2014-07-04,16,9.333333333333334,0.3333333333333333,38.0,1.6666666666666667,2.333333333333333,9.2,0.2,39.2,1.4,1.4,15.2,0.2,61.7,2.4,1.6,51,21.705882352941178,1
43297,Fremantle Dockers,Melbourne Demons,2018-07-07,16,11.0,0.6666666666666666,66.66666666666667,2.6666666666666665,4.333333333333333,11.0,0.8,65.4,3.6,5.0,8.5,0.6,47.3,2.8,3.7,11,8.181818181818182,0
43298,Collingwood Magpies,North Melbourne Kangaroos,2020-08-24,13,9.666666666666666,0.0,34.666666666666664,1.0,0.0,10.6,0.0,40.4,1.2,0.2,11.444444444444445,0.0,45.22222222222222,1.3333333333333333,0.1111111111111111,9,11.444444444444445,1
43299,St Kilda Saints,Richmond Tigers,2011-04-01,2,,,,,,,,,,,,,,,,0,,1
43300,North Melbourne Kangaroos,Western Bulldogs,2025-03-15,1,10.333333333333334,0.0,48.66666666666666,2.6666666666666665,0.0,11.8,0.0,55.4,3.2,0.0,10.4,0.0,45.3,2.3,0.0,20,9.85,0
43301,Carlton Blues,Sydney Swans,2017-08-26,23,11.333333333333334,0.3333333333333333,60.66666666666666,3.0,2.333333333333333,10.0,0.8,50.2,2.2,5.0,12.0,0.7,56.1,2.7,4.7,112,13.392857142857142,0
43302,St Kilda Saints,Brisbane Lions,2019-06-22,14,14.333333333333334,0.0,65.66666666666667,3.0,0.6666666666666666,17.4,0.0,72.6,2.6,0.6,21.5,0.5,84.7,3.3,3.7,135,20.511111111111116,1
43303,Collingwood Magpies,Geelong Cats,2015-05-08,6,14.333333333333334,0.0,54.0,2.333333333333333,0.0,15.8,0.0,61.4,3.0,0.0,15.0,0.0,59.3,2.7,0.0,34,14.852941176470589,1
43304,West Coast Eagles,Geelong Cats,2008-08-30,22,26.0,0.6666666666666666,102.66666666666669,3.6666666666666665,4.333333333333333,23.0,0.4,93.8,4.2,3.0,17.7,0.5,74.0,3.3,3.7,63,12.19047619047619,0
43305,Richmond Tigers,Melbourne Demons,2015-04-24,4,10.333333333333334,1.0,57.333333333333336,3.6666666666666665,7.0,9.8,0.6,47.8,2.6,4.4,10.714285714285714,0.5714285714285714,49.85714285714285,3.142857142857143,4.142857142857143,7,10.714285714285714,1
43306,Essendon Bombers,West Coast Eagles,2016-06-30,15,10.0,0.0,45.333333333333336,4.0,0.0,9.6,0.0,43.8,4.0,0.0,11.75,0.0,46.25,3.0,0.0,8,11.75,0
43307,Brisbane Lions,Collingwood Magpies,2025-09-20,PF,27.0,0.0,100.66666666666669,3.333333333333333,0.3333333333333333,28.4,0.0,105.8,3.6,0.8,26.9,0.3,96.9,3.2,2.6,39,24.33333333333333,0
43308,Greater Western Sydney Giants,St Kilda Saints,2025-08-24,24,25.0,0.0,83.33333333333333,1.0,0.0,23.0,0.2,84.4,1.8,1.2,27.0,0.1,94.9,1.7,0.6,89,19.685393258426966,1
43309,Richmond Tigers,Hawthorn Hawks,2021-08-21,23,13.333333333333334,0.0,60.0,2.0,0.0,14.4,0.0,60.4,1.8,0.0,14.2,0.0,58.6,1.6,0.0,121,13.12396694214876,1
43310,Essendon Bombers,Hawthorn Hawks,2010-06-18,13,13.333333333333334,0.0,64.66666666666667,5.333333333333333,0.0,14.2,0.2,61.8,3.8,1.2,13.9,0.3,54.6,2.5,1.9,10,13.9,0
43311,Port Adelaide Power,Gold Coast Suns,2025-08-22,24,13.666666666666666,0.3333333333333333,47.333333333333336,0.6666666666666666,2.0,18.8,0.2,61.8,0.6,1.2,19.4,0.3,69.5,0.9,1.9,108,18.55555555555556,1
43312,Geelong Cats,Richmond Tigers,2025-08-23,24,19.33333333333333,0.0,70.33333333333333,5.0,0.3333333333333333,21.0,0.0,80.0,6.4,0.2,20.2,0.1,85.0,7.7,0.8,105,17.00952380952381,0
43313,Port Adelaide Power,Melbourne Demons,2017-07-22,18,13.0,0.0,37.0,2.0,0.0,13.0,0.0,37.0,2.0,0.0,13.0,0.0,37.0,2.0,0.0,1,13.0,0
43314,North Melbourne Kangaroos,Adelaide Crows,2021-08-22,23,8.666666666666666,0.0,33.666666666666664,0.3333333333333333,0.0,10.4,0.0,37.2,0.2,0.0,15.1,0.0,54.3,0.7,0.1,181,17.480662983425415,0
43315,St Kilda Saints,West Coast Eagles,2007-08-24,21,6.0,0.3333333333333333,22.0,1.3333333333333333,2.0,7.2,0.2,31.4,2.6,1.2,7.1,0.2,31.0,2.6,1.2,21,7.142857142857143,1
43316,St Kilda Saints,North Melbourne Kangaroos,2018-08-26,23,16.666666666666668,0.0,61.66666666666666,2.0,0.0,19.4,0.0,76.2,1.6,0.2,14.3,0.0,58.6,1.9,0.1,19,11.578947368421051,1
43317,Western Bulldogs,Greater Western Sydney Giants,2014-08-31,23,10.333333333333334,0.0,38.333333333333336,1.0,0.0,10.6,0.0,43.6,1.6,0.0,8.8,0.0,35.5,1.6,0.0,34,9.411764705882351,1
43318,Brisbane Lions,Carlton Blues,2011-06-12,12,12.0,0.0,51.66666666666666,3.333333333333333,0.3333333333333333,10.6,0.2,47.8,2.8,1.4,9.125,0.125,41.25,2.25,0.875,8,9.125,0
43319,Greater Western Sydney Giants,Fremantle Dockers,2012-07-22,17,,,,,,,,,,,,,,,,0,,0
43320,Essendon Bombers,Western Bulldogs,2019-08-10,21,10.666666666666666,1.6666666666666667,48.333333333333336,3.333333333333333,10.0,10.4,1.4,48.2,3.0,8.6,10.0,1.1,48.1,2.8,6.8,109,15.761467889908255,1
43321,Hawthorn Hawks,North Melbourne Kangaroos,2013-08-24,22,8.666666666666666,0.0,59.0,3.0,0.3333333333333333,6.8,0.0,52.4,3.2,0.2,8.1,0.3,60.0,3.5,1.9,31,9.064516129032258,0
43322,Brisbane Lions,Geelong Cats,2025-09-05,QF,24.666666666666668,1.3333333333333333,99.66666666666669,2.333333333333333,9.333333333333334,24.2,1.2,95.8,2.2,9.2,22.0,1.3,87.3,1.9,9.4,117,16.418803418803417,0
43323,Melbourne Demons,Western Bulldogs,2015-08-16,20,15.0,0.0,53.0,2.0,0.0,16.2,0.2,57.4,2.4,1.2,16.2,0.4,62.3,3.3,2.5,55,15.309090909090909,0
43324,North Melbourne Kangaroos,Sydney Swans,2005-08-21,21,9.0,0.3333333333333333,39.333333333333336,0.0,2.0,8.4,0.2,38.0,0.6,1.2,7.7,0.1,33.3,0.9,0.6,37,10.216216216216216,0
43325,Western Bulldogs,Richmond Tigers,2006-08-05,18,5.666666666666667,1.0,39.333333333333336,2.6666666666666665,6.333333333333333,5.666666666666667,1.0,39.333333333333336,2.6666666666666665,6.333333333333333,5.666666666666667,1.0,39.333333333333336,2.6666666666666665,6.333333333333333,3,5.666666666666667,0
43326,West Coast Eagles,Sydney Swans,2025-08-23,24,18.666666666666668,0.3333333333333333,80.33333333333333,4.666666666666667,2.333333333333333,21.0,0.6,87.4,5.6,3.8,21.0,0.5,81.3,4.6,3.2,120,18.766666666666666,1
43327,Western Bulldogs,Fremantle Dockers,2025-08-24,24,17.0,0.0,62.66666666666666,2.0,0.0,15.8,0.0,58.4,1.6,0.0,13.7,0.0,51.0,1.1,0.1,35,13.971428571428572,1
43328,Essendon Bombers,Collingwood Magpies,2023-08-25,24,8.333333333333334,0.0,43.333333333333336,0.6666666666666666,0.3333333333333333,8.0,0.0,39.5,0.75,0.5,8.0,0.0,39.5,0.75,0.5,4,8.0,1
43329,Fremantle Dockers,Essendon Bombers,2017-05-07,7,14.0,0.6666666666666666,66.33333333333333,4.0,4.0,14.0,0.6666666666666666,66.33333333333333,4.0,4.0,14.0,0.6666666666666666,66.33333333333333,4.0,4.0,3,14.0,1
43330,Fremantle Dockers,Essendon Bombers,2019-08-17,22,8.0,1.6666666666666667,41.333333333333336,1.3333333333333333,11.0,9.8,1.6,48.2,1.6,10.4,9.5,1.4,51.0,2.4,9.3,128,12.7734375,1
43331,Gold Coast Suns,West Coast Eagles,2025-03-16,1,11.0,0.3333333333333333,43.66666666666666,0.3333333333333333,2.0,11.8,0.2,43.8,0.8,1.2,11.2,0.1,43.5,1.1,0.6,106,11.933962264150944,0
43332,Fremantle Dockers,Port Adelaide Power,2015-09-05,23,,,,,,,,,,,,,,,,0,,0
43333,Brisbane Lions,Collingwood Magpies,2021-04-01,3,3.0,0.0,18.0,0.0,1.0,3.0,0.0,18.0,0.0,1.0,3.0,0.0,18.0,0.0,1.0,1,3.0,0
43334,Collingwood Magpies,Hawthorn Hawks,2014-08-29,23,19.666666666666668,0.0,73.33333333333333,2.6666666666666665,0.3333333333333333,19.6,0.4,82.4,4.0,2.8,16.9,0.4,71.6,3.9,2.6,168,20.327380952380956,1
43335,Hawthorn Hawks,Collingwood Magpies,2006-07-28,17,16.333333333333332,0.0,63.0,3.0,0.0,12.2,0.0,47.8,2.4,0.0,13.6,0.0,50.4,2.6,0.3,13,13.76923076923077,0
43336,Richmond Tigers,Geelong Cats,2025-08-23,24,9.0,1.0,50.66666666666666,1.3333333333333333,6.333333333333333,9.6,0.8,53.0,1.4,5.4,10.2,0.6,52.6,1.6,4.1,84,12.178571428571429,1
43337,Fremantle Dockers,Western Bulldogs,2025-08-24,24,15.333333333333334,0.0,51.66666666666666,1.6666666666666667,0.0,16.6,0.0,57.0,1.2,0.2,14.1,0.0,56.7,2.4,0.1,95,12.126315789473685,0
43338,Brisbane Lions,Carlton Blues,2012-08-11,20,5.666666666666667,0.3333333333333333,23.666666666666668,0.6666666666666666,2.6666666666666665,7.0,0.2,29.0,2.2,2.0,8.6,0.6,42.3,3.0,4.7,38,9.394736842105264,0
43339,Richmond Tigers,Geelong Cats,2025-08-23,24,19.666666666666668,0.0,77.66666666666667,3.0,0.0,20.6,0.2,83.0,2.6,1.2,21.8,0.2,84.5,2.5,1.2,31,16.35483870967742,1
43340,Port Adelaide Power,Melbourne Demons,2011-09-04,24,17.333333333333332,1.6666666666666667,84.33333333333333,2.333333333333333,11.0,16.2,1.4,79.4,3.2,9.0,14.2,1.0,63.7,2.3,6.3,17,15.941176470588236,1
43341,Carlton Blues,Essendon Bombers,2009-06-26,13,12.0,0.3333333333333333,57.333333333333336,1.3333333333333333,2.0,10.6,0.4,51.2,1.2,2.4,12.0,0.3,54.2,1.4,2.0,58,11.051724137931034,0
43342,Collingwood Magpies,Melbourne Demons,2010-06-14,12,16.0,0.3333333333333333,64.0,3.333333333333333,2.333333333333333,15.8,0.2,60.4,3.4,1.4,17.833333333333332,0.1666666666666666,70.66666666666667,4.333333333333333,1.1666666666666667,6,17.833333333333332,0
43343,Western Bulldogs,Fremantle Dockers,2011-09-03,24,17.0,0.3333333333333333,57.0,1.3333333333333333,2.0,17.0,0.6,67.6,2.0,3.8,16.6,0.5,68.0,2.1,3.5,26,14.807692307692308,1
43344,Gold Coast Suns,Geelong Cats,2018-08-25,23,20.0,0.6666666666666666,76.0,2.6666666666666665,4.666666666666667,22.8,0.6,90.0,3.6,4.8,25.7,0.7,94.0,3.3,5.0,108,25.175925925925927,0
43345,West Coast Eagles,Greater Western Sydney Giants,2024-03-24,2,2.0,0.0,9.0,1.0,0.0,2.0,0.0,9.0,1.0,0.0,2.0,0.0,9.0,1.0,0.0,1,2.0,1
43346,Hawthorn Hawks,Brisbane Lions,2025-08-24,24,10.666666666666666,0.0,39.66666666666666,0.3333333333333333,0.0,10.0,0.0,39.6,0.8,0.0,9.5,0.0,38.0,1.0,0.0,128,12.65625,0
43347,Brisbane Lions,Geelong Cats,2018-07-28,19,13.0,1.0,56.66666666666666,3.0,6.0,13.6,0.6,54.4,2.8,3.8,14.0,0.9,59.0,3.5,5.6,19,13.842105263157896,0
43348,Port Adelaide Power,North Melbourne Kangaroos,2018-04-28,6,14.666666666666666,0.0,54.333333333333336,3.0,0.0,14.2,0.0,51.2,2.4,0.2,10.714285714285714,0.0,40.285714285714285,2.142857142857143,0.1428571428571428,7,10.714285714285714,0
43349,Geelong Cats,Melbourne Demons,2016-08-27,23,20.0,0.3333333333333333,72.0,2.0,2.6666666666666665,22.0,0.2,80.2,3.2,1.8,24.1,0.4,94.8,3.9,2.8,239,22.73221757322176,1
43350,Melbourne Demons,Geelong Cats,2012-05-05,6,11.666666666666666,0.3333333333333333,58.333333333333336,4.666666666666667,2.0,12.2,0.2,54.6,3.4,1.2,12.4,0.1,58.8,4.1,1.1,82,13.792682926829269,0
43351,Brisbane Lions,Port Adelaide Power,2019-04-06,3,12.0,0.6666666666666666,59.66666666666666,1.6666666666666667,4.0,13.2,0.4,55.6,1.0,2.6,17.1,0.7,72.1,1.8,4.5,138,19.659420289855078,1
43352,Richmond Tigers,Gold Coast Suns,2016-06-12,12,12.333333333333334,0.0,39.0,0.3333333333333333,0.0,11.2,0.0,37.4,0.8,0.0,13.7,0.0,52.9,1.4,0.0,66,12.045454545454543,1
43353,Melbourne Demons,St Kilda Saints,2012-08-11,20,9.333333333333334,0.6666666666666666,59.333333333333336,3.0,4.666666666666667,14.8,0.8,74.6,2.8,5.4,15.6,0.7,70.2,2.5,4.9,77,15.844155844155845,0
43354,Hawthorn Hawks,Adelaide Crows,2025-09-12,SF,19.666666666666668,0.0,69.66666666666667,1.3333333333333333,0.3333333333333333,19.0,0.0,71.4,1.6,0.2,18.3,0.0,68.6,1.9,0.1,108,14.787037037037036,0
43355,Richmond Tigers,Fremantle Dockers,2025-04-13,5,4.666666666666667,0.6666666666666666,23.666666666666668,0.0,4.666666666666667,6.6,1.0,37.0,0.8,6.8,6.6,1.1,35.8,0.8,7.1,11,6.181818181818182,1
43356,West Coast Eagles,Sydney Swans,2025-08-23,24,11.0,0.0,44.66666666666666,1.3333333333333333,0.0,10.6,0.0,44.4,1.4,0.0,9.6,0.0,39.9,1.3,0.0,23,9.478260869565217,1
43357,Brisbane Lions,North Melbourne Kangaroos,2017-08-26,23,17.333333333333332,1.0,72.66666666666667,1.6666666666666667,6.333333333333333,17.4,0.6,75.6,1.8,3.8,14.6,0.4,62.7,2.1,2.5,38,13.526315789473683,1
43358,Collingwood Magpies,Fremantle Dockers,2019-06-01,11,23.33333333333333,0.3333333333333333,82.0,2.0,2.333333333333333,24.4,0.6,85.4,2.0,3.8,28.4,0.8,100.7,2.4,5.2,140,26.15,1
43359,Brisbane Lions,Hawthorn Hawks,2015-08-29,22,10.333333333333334,0.0,45.333333333333336,3.333333333333333,0.0,10.0,0.0,42.2,2.8,0.0,10.0,0.0,42.2,2.8,0.0,5,10.0,0
43360,Carlton Blues,Sydney Swans,2004-07-03,14,3.333333333333333,0.3333333333333333,21.0,1.6666666666666667,2.0,4.8,0.8,33.4,2.4,5.0,4.9,0.6,33.3,2.0,3.8,12,5.25,1
43361,Western Bulldogs,Sydney Swans,2022-07-08,17,11.0,1.0,43.0,2.0,6.0,11.0,1.0,43.0,2.0,6.0,11.0,1.0,43.0,2.0,6.0,1,11.0,0
43362,Greater Western Sydney Giants,St Kilda Saints,2025-08-24,24,12.0,1.3333333333333333,61.66666666666666,3.6666666666666665,9.0,10.6,1.0,54.2,3.8,6.8,11.6,0.7,55.2,4.3,4.6,58,10.655172413793103,1
43363,Adelaide Crows,Carlton Blues,2017-07-01,15,13.5,0.5,60.0,3.5,3.0,13.5,0.5,60.0,3.5,3.0,13.5,0.5,60.0,3.5,3.0,2,13.5,0
43364,West Coast Eagles,Port Adelaide Power,2004-07-25,17,,,,,,,,,,,,,,,,0,,0
43365,Collingwood Magpies,Richmond Tigers,2022-05-07,8,15.0,0.0,64.0,3.0,0.0,15.0,0.0,64.0,3.0,0.0,15.0,0.0,64.0,3.0,0.0,1,15.0,0
43366,St Kilda Saints,Hawthorn Hawks,2009-08-08,19,10.666666666666666,0.0,41.66666666666666,1.6666666666666667,0.0,11.0,0.2,42.2,1.2,1.4,15.1,0.1,50.6,0.7,0.7,24,12.5,0
43367,Essendon Bombers,St Kilda Saints,2020-08-16,12,13.666666666666666,1.0,54.333333333333336,1.3333333333333333,6.0,13.2,1.0,57.4,1.8,6.0,11.1,0.8,46.5,1.4,5.1,12,11.25,0
43368,Melbourne Demons,Port Adelaide Power,2009-07-12,15,14.333333333333334,0.0,53.0,2.0,0.0,15.2,0.0,60.6,2.0,0.2,13.9,0.0,57.0,2.8,0.2,65,12.538461538461538,1
43369,Essendon Bombers,Richmond Tigers,2020-08-22,13,6.333333333333333,0.3333333333333333,50.66666666666666,1.3333333333333333,2.0,7.8,0.2,55.8,1.6,1.2,9.0,0.3,63.6,1.7,1.9,107,10.36448598130841,1
43370,Sydney Swans,Carlton Blues,2022-05-20,10,8.0,0.3333333333333333,35.333333333333336,1.3333333333333333,2.333333333333333,7.6,0.4,33.8,1.4,2.6,7.9,0.2,36.9,2.2,1.4,19,7.315789473684211,0
43371,Brisbane Lions,St Kilda Saints,2018-03-24,1,14.0,0.6666666666666666,63.66666666666666,3.333333333333333,4.666666666666667,13.8,0.8,59.8,2.6,5.2,13.8,1.0,61.4,2.9,6.5,56,17.071428571428573,0
43372,West Coast Eagles,Hawthorn Hawks,2016-04-03,2,14.333333333333334,0.6666666666666666,53.333333333333336,1.3333333333333333,4.333333333333333,13.0,0.4,52.2,1.8,2.6,13.0,0.2,52.1,1.7,1.4,67,11.611940298507465,0
43373,Melbourne Demons,Adelaide Crows,2020-08-05,10,13.333333333333334,0.6666666666666666,48.333333333333336,0.3333333333333333,4.666666666666667,12.8,0.8,49.6,1.2,5.4,18.7,0.8,75.1,3.0,5.4,72,20.944444444444443,0
43374,Carlton Blues,Hawthorn Hawks,2008-08-30,22,11.666666666666666,0.0,52.66666666666666,5.333333333333333,0.0,13.2,0.0,52.4,4.8,0.0,16.4,0.0,67.5,5.2,0.1,51,16.431372549019606,1
43375,Carlton Blues,Collingwood Magpies,2009-07-24,17,11.666666666666666,0.3333333333333333,55.66666666666666,4.0,2.0,13.6,0.4,61.4,3.6,2.6,13.1,0.3,54.7,3.3,2.0,20,12.15,1
43376,North Melbourne Kangaroos,Western Bulldogs,2024-08-18,23,10.666666666666666,0.0,42.66666666666666,0.6666666666666666,0.0,9.8,0.0,39.4,0.8,0.0,10.6,0.0,43.0,1.0,0.0,11,10.818181818181818,0
43377,Port Adelaide Power,Adelaide Crows,2025-07-26,20,14.0,0.3333333333333333,78.33333333333333,8.0,2.0,16.2,0.6,81.4,6.2,3.6,17.5,0.6,83.2,4.6,3.7,75,15.453333333333331,0
43378,Fremantle Dockers,Melbourne Demons,2011-06-19,13,17.0,1.3333333333333333,67.33333333333333,4.666666666666667,8.0,14.0,0.8,56.6,4.0,4.8,13.6,0.5,55.1,3.8,3.0,25,11.28,0
43379,Adelaide Crows,North Melbourne Kangaroos,2016-03-26,1,15.666666666666666,0.0,65.66666666666667,2.333333333333333,0.0,16.2,0.2,68.2,3.0,1.2,14.5,0.3,66.0,3.4,2.0,160,17.83125,0
43380,Brisbane Lions,Fremantle Dockers,2025-08-15,23,19.666666666666668,0.0,79.0,4.666666666666667,0.0,20.2,0.6,85.8,4.0,3.6,21.6,0.3,90.4,3.2,2.2,135,17.962962962962962,0
43381,Adelaide Crows,Hawthorn Hawks,2025-09-12,SF,16.666666666666668,0.0,59.333333333333336,4.0,0.3333333333333333,15.2,0.0,61.8,4.8,0.2,16.1,0.4,68.3,5.0,2.5,75,13.68,1
43382,Gold Coast Suns,Brisbane Lions,2024-07-27,20,12.0,0.0,45.0,1.6666666666666667,0.0,10.8,0.2,44.2,2.2,1.2,12.6,0.3,54.1,3.1,1.9,30,7.6,1
43383,Carlton Blues,Greater Western Sydney Giants,2021-08-21,23,5.333333333333333,0.3333333333333333,18.666666666666668,0.6666666666666666,2.0,7.2,0.6,31.4,1.8,4.0,8.3,1.2,41.4,1.7,7.6,277,12.184115523465705,1
43384,Sydney Swans,Adelaide Crows,2011-07-02,15,9.333333333333334,0.6666666666666666,50.66666666666666,4.0,5.0,8.6,0.8,48.8,4.2,5.6,11.9,0.7,58.8,3.3,5.2,95,12.157894736842104,0
43385,Brisbane Lions,Port Adelaide Power,2018-04-07,3,14.666666666666666,1.3333333333333333,68.0,1.6666666666666667,9.333333333333334,15.0,0.8,65.0,2.0,5.8,14.4,0.8,60.0,1.7,5.4,83,13.927710843373497,0
43386,Fremantle Dockers,St Kilda Saints,2021-08-22,23,9.333333333333334,0.0,37.66666666666666,2.0,0.0,12.2,0.4,50.6,2.4,2.4,11.7,0.6,51.3,2.5,3.6,19,13.31578947368421,0
43387,Geelong Cats,Richmond Tigers,2025-08-23,24,10.666666666666666,0.0,44.333333333333336,0.6666666666666666,0.0,11.4,0.0,50.6,1.6,0.0,10.9,0.0,45.9,2.0,0.0,130,11.430769230769233,0
43388,Collingwood Magpies,Western Bulldogs,2023-07-07,17,9.333333333333334,0.0,46.0,2.333333333333333,0.0,12.2,0.0,56.6,3.8,0.0,9.6,0.0,41.6,2.3,0.1,18,11.333333333333334,0
43389,Western Bulldogs,Melbourne Demons,2018-07-14,17,11.666666666666666,0.3333333333333333,53.333333333333336,2.6666666666666665,2.333333333333333,13.2,0.2,56.0,1.8,1.4,18.1,0.1,70.2,2.0,0.7,47,20.19148936170213,0
43390,Melbourne Demons,Gold Coast Suns,2025-03-29,3,20.666666666666668,0.3333333333333333,78.0,1.6666666666666667,2.6666666666666665,18.4,0.4,70.0,1.2,2.8,15.5,0.2,58.6,1.4,1.8,132,20.022727272727277,1
43391,Carlton Blues,North Melbourne Kangaroos,2025-06-21,15,15.0,0.0,53.333333333333336,1.0,0.3333333333333333,15.8,0.4,60.0,1.6,2.6,15.8,0.4,60.0,1.6,2.6,5,15.8,1
43392,Brisbane Lions,West Coast Eagles,2021-08-21,23,18.666666666666668,0.3333333333333333,70.0,0.6666666666666666,2.0,18.2,0.2,71.2,1.0,1.2,18.9,0.2,74.7,1.2,1.2,213,21.544600938967136,1
43393,Essendon Bombers,Gold Coast Suns,2017-08-19,22,19.666666666666668,0.0,77.0,5.333333333333333,0.3333333333333333,20.6,0.2,78.8,6.0,1.4,20.5,0.1,84.0,6.7,0.8,121,17.39669421487603,0
43394,St Kilda Saints,Essendon Bombers,2008-08-31,22,14.666666666666666,1.0,75.66666666666667,3.6666666666666665,6.333333333333333,14.0,1.4,72.6,2.6,8.8,15.1,0.8,75.3,4.1,5.4,70,12.757142857142858,0
43395,Carlton Blues,Essendon Bombers,2007-08-18,20,15.666666666666666,0.0,68.0,2.6666666666666665,0.6666666666666666,15.2,0.0,59.6,2.6,0.4,13.1,0.2,51.0,2.1,1.4,16,14.0625,0
43396,West Coast Eagles,North Melbourne Kangaroos,2022-03-27,2,,,,,,,,,,,,,,,,0,,0
43397,Geelong Cats,North Melbourne Kangaroos,2018-06-09,12,16.333333333333332,0.3333333333333333,74.66666666666667,3.0,2.0,15.2,0.6,70.6,2.6,3.8,13.4,0.6,61.8,2.5,4.0,44,11.704545454545457,1
43398,Collingwood Magpies,Richmond Tigers,2018-04-29,6,11.333333333333334,2.0,61.333333333333336,4.666666666666667,12.666666666666666,11.0,1.4,56.8,4.8,9.0,12.3,0.8,53.6,4.2,5.4,122,16.114754098360656,1
43399,Fremantle Dockers,West Coast Eagles,2021-08-15,22,10.333333333333334,0.0,40.333333333333336,1.0,0.0,8.2,0.0,30.6,0.8,0.0,8.3,0.1,30.6,0.9,0.6,58,19.0,1
43400,Sydney Swans,West Coast Eagles,2025-08-23,24,23.0,0.0,89.33333333333333,1.6666666666666667,0.6666666666666666,24.2,0.0,90.0,1.4,0.4,23.1,0.2,89.7,1.8,1.6,116,17.301724137931036,0
43401,Geelong Cats,West Coast Eagles,2010-08-28,22,7.333333333333333,0.0,32.333333333333336,1.0,0.0,9.8,0.0,41.4,0.8,0.2,9.6,0.0,43.7,0.8,0.1,74,9.527027027027026,1
43402,Melbourne Demons,Brisbane Lions,2014-08-03,19,6.666666666666667,1.0,32.666666666666664,2.0,7.0,7.4,0.8,35.6,2.0,5.6,9.2,0.6,40.1,1.7,4.4,25,10.44,1
43403,Hawthorn Hawks,Fremantle Dockers,2023-08-26,24,5.0,0.0,22.33333333333333,1.6666666666666667,0.0,6.0,0.0,22.8,1.4,0.0,6.5,0.0,27.7,1.7,0.0,20,6.95,1
43404,Port Adelaide Power,Gold Coast Suns,2013-08-17,21,10.333333333333334,0.0,38.0,2.0,0.0,9.0,0.0,32.4,1.4,0.0,9.0,0.0,32.4,1.4,0.0,5,9.0,1
43405,Geelong Cats,Hawthorn Hawks,2025-09-19,PF,14.333333333333334,0.6666666666666666,66.0,1.6666666666666667,4.666666666666667,15.2,0.4,71.8,2.0,3.4,15.1,0.2,68.2,1.8,1.8,214,14.97196261682243,1
43406,Port Adelaide Power,Gold Coast Suns,2025-08-22,24,22.666666666666668,0.6666666666666666,96.66666666666669,4.666666666666667,4.333333333333333,18.8,0.4,75.2,3.8,2.8,20.0,0.4,73.2,3.0,2.7,299,23.237458193979933,1
43407,Gold Coast Suns,Melbourne Demons,2013-08-10,20,11.333333333333334,0.6666666666666666,52.333333333333336,1.0,4.666666666666667,14.0,0.8,61.4,1.2,5.2,18.9,0.5,76.4,1.8,3.3,139,17.194244604316548,1
43408,Melbourne Demons,Brisbane Lions,2008-06-29,14,7.333333333333333,0.0,32.666666666666664,3.0,0.0,9.0,0.4,42.4,2.6,2.6,8.125,0.375,39.125,2.5,2.5,8,8.125,1
43409,Carlton Blues,Sydney Swans,2017-08-26,23,18.0,0.6666666666666666,79.66666666666667,3.6666666666666665,4.333333333333333,17.4,0.8,76.2,3.4,5.0,15.6,0.6,64.3,2.7,3.8,22,14.045454545454543,0
43410,Greater Western Sydney Giants,North Melbourne Kangaroos,2022-06-12,13,12.0,0.6666666666666666,47.0,1.6666666666666667,4.333333333333333,12.0,0.6,46.4,1.6,4.0,13.0,0.4,51.3,2.0,2.7,161,14.751552795031056,0
43411,Fremantle Dockers,Western Bulldogs,2011-09-03,24,8.5,0.5,42.0,3.0,5.0,8.5,0.5,42.0,3.0,5.0,8.5,0.5,42.0,3.0,5.0,2,8.5,0
43412,Fremantle Dockers,Western Bulldogs,2025-08-24,24,14.666666666666666,0.6666666666666666,58.0,2.6666666666666665,5.0,16.6,0.6,63.2,2.2,5.4,17.0,0.9,62.3,2.2,6.7,115,17.06086956521739,0
43413,North Melbourne Kangaroos,Carlton Blues,2023-04-07,4,13.0,0.0,52.0,2.333333333333333,0.0,13.2,0.0,50.2,2.4,0.0,9.3,0.0,32.9,1.5,0.0,26,9.653846153846152,1
43414,Western Bulldogs,West Coast Eagles,2025-08-17,23,31.666666666666668,0.6666666666666666,121.0,3.6666666666666665,4.666666666666667,31.2,0.6,126.8,6.6,4.0,27.3,0.9,110.0,5.5,6.0,195,24.107692307692307,1
43415,St Kilda Saints,Essendon Bombers,2024-07-27,20,18.0,0.0,64.0,0.6666666666666666,0.6666666666666666,18.2,0.0,63.4,1.0,0.4,21.4,0.0,79.6,1.2,0.4,84,17.464285714285715,1
43416,Carlton Blues,Richmond Tigers,2013-08-17,21,7.666666666666667,0.3333333333333333,38.66666666666666,2.333333333333333,2.0,7.6,0.2,38.0,2.8,1.2,8.2,0.1,38.4,2.4,0.7,10,8.2,0
43417,Adelaide Crows,North Melbourne Kangaroos,2025-03-30,3,6.0,0.0,26.33333333333333,2.0,0.0,9.4,0.2,47.8,2.4,1.4,9.0,0.1,43.9,1.8,0.7,12,9.25,1
43418,North Melbourne Kangaroos,Geelong Cats,2022-07-02,16,4.333333333333333,0.0,17.666666666666668,1.3333333333333333,0.0,6.0,0.0,27.2,2.2,0.0,7.4,0.1,30.7,1.8,0.6,11,8.181818181818182,0
43419,Gold Coast Suns,Richmond Tigers,2015-08-16,20,11.0,0.3333333333333333,51.333333333333336,2.6666666666666665,2.6666666666666665,12.2,1.0,56.0,2.0,6.6,10.6,0.8,48.4,1.9,5.2,12,9.333333333333334,0
43420,Hawthorn Hawks,St Kilda Saints,2012-05-05,6,7.0,0.0,18.0,0.0,0.0,7.0,0.0,18.0,0.0,0.0,7.0,0.0,18.0,0.0,0.0,1,7.0,0
43421,Brisbane Lions,Sydney Swans,2015-07-12,15,9.666666666666666,0.6666666666666666,46.66666666666666,2.0,4.0,10.75,0.5,52.0,2.5,3.0,10.75,0.5,52.0,2.5,3.0,4,10.75,1
43422,Richmond Tigers,Western Bulldogs,2007-04-20,4,17.333333333333332,0.0,65.33333333333333,1.3333333333333333,0.3333333333333333,21.8,0.4,90.2,1.0,3.2,22.0,0.4,94.7,1.3,2.8,62,13.46774193548387,1
43423,Carlton Blues,Western Bulldogs,2012-07-21,17,14.0,0.3333333333333333,68.33333333333333,4.333333333333333,2.0,15.8,0.2,70.4,3.0,1.2,13.0,0.1,56.0,2.1,0.6,53,15.830188679245284,0
43424,Geelong Cats,Richmond Tigers,2025-08-23,24,16.333333333333332,0.6666666666666666,64.66666666666667,3.0,4.333333333333333,15.6,0.8,60.6,2.2,5.0,15.1,0.8,60.7,2.9,4.9,104,16.903846153846153,0
43425,Melbourne Demons,Collingwood Magpies,2025-08-22,24,24.33333333333333,0.0,89.66666666666667,4.0,0.0,22.4,0.0,85.6,3.6,0.0,21.8,0.0,80.9,2.7,0.0,63,17.746031746031747,0
43426,Adelaide Crows,Hawthorn Hawks,2001-05-06,6,,,,,,,,,,,,,,,,0,,0
43427,Carlton Blues,Port Adelaide Power,2025-06-26,16,5.0,0.0,21.33333333333333,0.6666666666666666,0.0,8.8,0.0,37.8,1.0,0.2,11.1,0.0,46.2,1.6,0.1,28,12.214285714285714,0
43428,Western Bulldogs,Hawthorn Hawks,2017-08-25,23,22.666666666666668,0.0,83.33333333333333,2.6666666666666665,0.0,21.4,0.2,83.0,2.2,1.4,24.0,0.2,86.4,2.0,1.4,218,25.18807339449541,0
43429,Western Bulldogs,West Coast Eagles,2018-07-22,18,13.333333333333334,0.3333333333333333,71.33333333333333,3.0,2.0,10.6,0.2,60.6,2.4,1.2,10.9,0.7,62.8,2.3,4.6,45,9.422222222222222,0
43430,Hawthorn Hawks,North Melbourne Kangaroos,2008-06-21,13,6.333333333333333,0.3333333333333333,24.0,0.6666666666666666,2.0,8.0,1.0,40.4,0.8,6.6,7.4,0.8,40.0,1.2,6.0,24,9.083333333333334,1
43431,Sydney Swans,North Melbourne Kangaroos,2009-07-05,14,15.0,0.5,57.0,1.5,3.0,15.0,0.5,57.0,1.5,3.0,15.0,0.5,57.0,1.5,3.0,2,15.0,1
43432,Fremantle Dockers,Richmond Tigers,2013-04-26,5,10.666666666666666,1.6666666666666667,57.66666666666666,1.6666666666666667,10.333333333333334,9.8,1.4,49.0,1.2,8.6,12.0,1.0,54.3,1.2,6.8,96,14.072916666666666,1
43433,Brisbane Lions,Richmond Tigers,2002-07-13,15,,,,,,,,,,,,,,,,0,,1
43435,Western Bulldogs,Fremantle Dockers,2025-08-24,24,18.33333333333333,0.3333333333333333,78.0,1.3333333333333333,2.0,19.0,0.4,75.2,1.2,2.4,19.8,0.4,77.4,1.8,2.5,60,18.266666666666666,1
43436,Greater Western Sydney Giants,Western Bulldogs,2022-06-18,14,14.333333333333334,0.6666666666666666,58.333333333333336,1.0,5.333333333333333,13.6,0.4,53.4,1.0,3.2,14.5,0.4,57.7,1.2,3.2,21,12.238095238095235,1
43437,Sydney Swans,Port Adelaide Power,2021-06-26,15,10.333333333333334,0.0,45.0,1.3333333333333333,0.0,10.8,0.0,46.0,1.2,0.0,10.8,0.0,45.2,1.2,0.0,41,13.78048780487805,0
43438,Melbourne Demons,Sydney Swans,2023-08-27,24,29.33333333333333,0.3333333333333333,104.0,5.333333333333333,2.0,27.2,0.2,99.4,5.0,1.4,26.3,0.1,94.1,4.2,0.8,132,20.560606060606062,0
43439,Fremantle Dockers,Western Bulldogs,2025-08-24,24,22.666666666666668,0.3333333333333333,85.33333333333333,6.333333333333333,2.0,24.2,0.2,85.6,6.2,1.4,25.6,0.3,95.4,6.2,2.1,131,24.81679389312977,0
43440,West Coast Eagles,St Kilda Saints,2020-09-10,17,,,,,,,,,,,,,,,,0,,0
43441,West Coast Eagles,Sydney Swans,2014-07-06,16,9.666666666666666,0.0,39.333333333333336,2.0,0.3333333333333333,10.0,0.0,44.8,2.8,0.4,9.9,0.0,47.2,3.3,0.2,17,10.882352941176473,1
43442,Gold Coast Suns,Greater Western Sydney Giants,2013-09-01,23,10.333333333333334,1.0,56.333333333333336,3.0,6.333333333333333,13.2,1.2,63.0,2.6,7.4,15.9,0.8,66.4,2.7,5.2,138,15.934782608695652,1
43443,Sydney Swans,Fremantle Dockers,2008-08-09,19,12.333333333333334,0.3333333333333333,56.66666666666666,2.6666666666666665,3.0,12.8,0.2,55.0,1.6,1.8,10.9,0.3,48.5,1.3,2.4,22,10.590909090909092,1
43444,Hawthorn Hawks,Brisbane Lions,2025-08-24,24,7.0,0.6666666666666666,38.66666666666666,2.333333333333333,4.666666666666667,5.4,0.8,31.4,2.0,5.2,7.4,1.3,39.1,1.4,8.1,243,13.432098765432098,0
43445,Greater Western Sydney Giants,St Kilda Saints,2025-08-24,24,9.666666666666666,0.0,64.66666666666667,3.6666666666666665,0.3333333333333333,10.2,0.2,67.6,3.6,1.6,10.6,0.3,74.2,3.3,2.1,48,13.125,1
43446,Port Adelaide Power,Fremantle Dockers,2019-08-25,23,16.666666666666668,0.0,65.33333333333333,0.6666666666666666,0.0,19.4,0.0,76.6,0.6,0.0,19.8,0.0,73.0,0.7,0.0,170,18.44117647058824,1
43447,Melbourne Demons,West Coast Eagles,2004-08-28,22,8.0,0.0,34.333333333333336,1.3333333333333333,0.0,9.8,0.0,43.0,2.2,0.0,9.5,0.0,43.4,2.8,0.0,34,7.764705882352941,0
43448,Richmond Tigers,Geelong Cats,2025-08-23,24,12.666666666666666,0.0,63.0,2.6666666666666665,0.0,13.6,0.0,61.8,2.4,0.0,14.5,0.0,63.5,2.0,0.0,125,14.088,1
43449,West Coast Eagles,Sydney Swans,2025-08-23,24,8.333333333333334,0.6666666666666666,42.0,1.3333333333333333,4.666666666666667,9.0,0.8,43.6,1.6,5.2,10.9,0.8,50.9,2.7,5.2,44,10.386363636363637,1
43450,Greater Western Sydney Giants,Richmond Tigers,2013-08-25,22,11.0,0.0,64.66666666666667,3.0,0.3333333333333333,10.6,0.4,61.2,2.2,2.6,11.3,0.3,61.5,1.8,2.0,148,11.56081081081081,1
43451,Fremantle Dockers,Gold Coast Suns,2023-04-14,5,22.33333333333333,0.6666666666666666,84.33333333333333,6.0,4.333333333333333,22.4,0.4,84.6,6.0,2.6,25.3,0.5,92.0,5.1,3.1,44,21.75,1
43452,St Kilda Saints,Western Bulldogs,2007-04-14,3,7.0,1.0,39.333333333333336,0.3333333333333333,6.333333333333333,6.0,0.6,37.6,1.6,3.8,4.25,0.375,27.5,1.0,2.375,8,4.25,1
43453,Gold Coast Suns,Port Adelaide Power,2017-08-26,23,15.0,0.0,88.0,5.666666666666667,0.0,13.6,0.0,76.4,5.2,0.0,10.6,0.3,62.6,3.8,1.9,10,10.6,0
43454,Collingwood Magpies,Adelaide Crows,2020-08-11,11,10.0,1.0,48.333333333333336,1.3333333333333333,6.0,12.4,1.0,54.4,1.4,6.2,14.9,0.7,60.7,1.9,4.7,31,14.451612903225806,0
43455,Gold Coast Suns,Sydney Swans,2015-06-06,10,16.0,0.0,53.333333333333336,2.333333333333333,0.0,16.0,0.0,59.8,2.8,0.2,15.2,0.0,64.3,4.2,0.3,87,19.977011494252874,1
43456,Richmond Tigers,Gold Coast Suns,2011-07-16,17,11.0,0.0,50.66666666666666,1.3333333333333333,0.0,11.0,0.2,58.2,2.0,1.2,8.4,0.2,42.1,1.4,1.3,10,8.4,1
43457,Essendon Bombers,Western Bulldogs,2015-08-02,18,12.333333333333334,0.6666666666666666,55.66666666666666,2.0,4.333333333333333,13.8,0.4,56.0,1.4,2.8,12.333333333333334,0.4444444444444444,48.66666666666666,1.5555555555555556,2.888888888888889,9,12.333333333333334,1
43458,Fremantle Dockers,Essendon Bombers,2009-04-05,2,14.333333333333334,0.0,64.33333333333333,4.0,1.3333333333333333,12.6,0.0,55.4,3.6,0.8,12.1,0.0,48.2,2.2,0.7,26,10.5,0
43459,Carlton Blues,North Melbourne Kangaroos,2010-06-11,12,11.333333333333334,0.3333333333333333,56.66666666666666,3.0,2.0,12.6,0.2,57.6,3.0,1.2,14.4,0.2,58.7,2.4,1.2,22,13.181818181818182,0
43460,Melbourne Demons,West Coast Eagles,2024-05-19,10,6.0,1.3333333333333333,34.666666666666664,0.3333333333333333,8.0,6.8,1.2,38.4,0.2,7.8,7.0,0.9,36.0,0.5,6.0,132,10.462121212121213,0
43461,Greater Western Sydney Giants,St Kilda Saints,2025-08-24,24,8.333333333333334,1.6666666666666667,50.333333333333336,2.333333333333333,10.0,10.2,1.2,52.6,2.0,7.4,11.3,1.5,60.5,2.3,9.2,45,9.688888888888888,1
43462,Collingwood Magpies,Gold Coast Suns,2020-09-14,17,11.0,0.6666666666666666,44.66666666666666,2.6666666666666665,4.0,12.8,0.4,50.2,2.8,2.4,13.0,0.5,47.2,1.8,3.2,39,14.564102564102564,1
43463,Gold Coast Suns,Carlton Blues,2013-07-27,18,13.333333333333334,1.0,66.33333333333333,2.333333333333333,6.333333333333333,12.0,1.4,62.4,2.4,8.8,12.8,1.5,63.4,1.9,9.7,153,14.032679738562091,1
43464,Adelaide Crows,Geelong Cats,2022-05-28,11,12.666666666666666,0.0,51.66666666666666,2.6666666666666665,0.0,13.0,0.0,51.8,2.4,0.0,13.1,0.0,53.8,2.3,0.0,149,13.68456375838926,0
43465,West Coast Eagles,Carlton Blues,2016-07-17,17,8.0,0.0,33.0,1.3333333333333333,0.3333333333333333,7.8,0.0,35.8,1.4,0.2,8.1,0.2,34.6,1.6,1.3,78,11.371794871794872,0
43466,Melbourne Demons,Adelaide Crows,2022-07-02,16,9.0,0.6666666666666666,51.0,2.6666666666666665,4.666666666666667,12.0,0.4,61.8,1.6,3.2,11.2,0.6,57.8,1.8,4.1,68,13.014705882352942,0
43467,St Kilda Saints,Sydney Swans,2019-08-24,23,9.333333333333334,0.0,36.333333333333336,1.0,0.0,8.8,0.0,38.6,1.8,0.0,8.3,0.0,35.9,1.8,0.0,137,8.927007299270073,0
43468,Richmond Tigers,Geelong Cats,2025-08-23,24,10.666666666666666,0.0,43.333333333333336,1.3333333333333333,0.0,13.8,0.0,57.0,1.2,0.0,13.2,0.1,53.5,1.1,0.7,31,13.129032258064516,1
43469,Adelaide Crows,Greater Western Sydney Giants,2023-03-19,1,0.3333333333333333,0.0,4.666666666666667,1.0,0.0,3.8,0.2,19.8,1.8,1.2,6.3,0.1,26.2,2.5,0.6,22,9.045454545454543,0
43470,Western Bulldogs,Greater Western Sydney Giants,2023-07-29,20,8.0,0.0,29.0,0.6666666666666666,0.0,9.8,0.0,35.0,1.0,0.0,9.0,0.1,36.3,1.3,0.8,134,10.75373134328358,1
43471,Geelong Cats,West Coast Eagles,2024-08-24,24,14.333333333333334,0.3333333333333333,60.333333333333336,3.333333333333333,2.0,16.4,0.4,63.2,3.0,2.4,18.7,0.3,69.3,3.7,2.0,49,13.979591836734691,1
43472,Western Bulldogs,North Melbourne Kangaroos,2003-05-31,10,1.0,0.0,-1.0,0.0,0.0,1.0,0.0,-1.0,0.0,0.0,1.0,0.0,-1.0,0.0,0.0,1,1.0,1
43473,Collingwood Magpies,Adelaide Crows,2009-03-28,1,8.0,0.0,40.333333333333336,1.6666666666666667,0.0,8.2,0.0,46.0,1.8,0.0,9.7,0.2,56.1,1.8,1.2,36,9.13888888888889,1
43474,Essendon Bombers,Melbourne Demons,2025-04-12,5,12.0,0.0,73.33333333333333,2.333333333333333,0.3333333333333333,11.8,0.0,72.6,2.6,0.2,10.8,0.0,67.4,2.5,0.1,17,10.117647058823527,0
43475,Brisbane Lions,Western Bulldogs,2012-09-02,23,14.0,0.0,54.0,3.333333333333333,0.0,11.6,0.0,49.2,4.0,0.0,12.9,0.6,57.1,3.4,3.7,97,15.144329896907216,1
43476,Greater Western Sydney Giants,Essendon Bombers,2018-05-26,10,13.666666666666666,1.3333333333333333,55.0,1.6666666666666667,8.333333333333334,13.8,1.0,57.2,2.8,7.0,13.0,0.8,55.3,2.5,5.6,33,13.515151515151516,1
43477,Greater Western Sydney Giants,Sydney Swans,2025-07-25,20,11.333333333333334,0.0,44.333333333333336,1.3333333333333333,0.0,10.2,0.0,41.4,1.2,0.0,12.9,0.0,54.2,1.3,0.0,62,12.241935483870968,1
43478,Fremantle Dockers,Western Bulldogs,2011-09-03,24,11.0,0.0,49.0,1.0,0.0,11.0,0.0,49.0,1.0,0.0,11.0,0.0,49.0,1.0,0.0,1,11.0,0
43479,Collingwood Magpies,Greater Western Sydney Giants,2012-07-28,18,12.666666666666666,0.3333333333333333,59.0,2.6666666666666665,2.333333333333333,16.4,0.4,64.6,2.0,2.8,17.4,0.2,64.2,2.0,1.5,33,17.363636363636363,0
43480,Gold Coast Suns,Essendon Bombers,2025-08-27,24,10.666666666666666,0.3333333333333333,41.333333333333336,1.3333333333333333,2.333333333333333,13.6,0.4,55.2,2.2,2.8,12.3,0.4,50.9,2.4,3.0,39,12.282051282051285,1
43481,Melbourne Demons,Hawthorn Hawks,2018-04-15,4,11.666666666666666,1.3333333333333333,59.66666666666666,3.6666666666666665,9.333333333333334,12.0,1.4,61.8,4.0,9.4,13.7,0.9,62.5,3.4,6.9,79,15.721518987341772,0
43482,Essendon Bombers,Hawthorn Hawks,2005-08-14,20,7.0,0.0,30.666666666666668,2.333333333333333,0.0,9.2,0.2,43.2,3.0,1.2,10.4,0.1,42.9,2.6,0.7,33,10.545454545454543,0
43483,Sydney Swans,West Coast Eagles,2025-08-23,24,10.0,1.0,51.333333333333336,2.333333333333333,6.666666666666667,10.0,1.0,51.6,2.6,6.6,7.777777777777778,0.8888888888888888,41.0,2.0,5.777777777777778,9,7.777777777777778,0
43484,Greater Western Sydney Giants,Geelong Cats,2021-08-06,21,8.666666666666666,0.0,41.0,2.6666666666666665,0.0,10.4,0.0,45.8,2.2,0.0,10.9,0.2,49.9,2.4,1.3,49,11.693877551020408,0
43485,Geelong Cats,Richmond Tigers,2014-05-04,7,11.333333333333334,0.3333333333333333,60.333333333333336,5.333333333333333,3.0,11.8,0.4,60.2,5.0,3.4,11.333333333333334,0.5,58.333333333333336,5.0,4.0,6,11.333333333333334,1
43486,Adelaide Crows,West Coast Eagles,2025-08-10,22,7.333333333333333,1.3333333333333333,51.0,1.6666666666666667,8.666666666666666,7.2,1.0,44.0,1.2,7.0,7.1,0.7,42.6,1.6,5.1,37,8.243243243243244,0
43487,Port Adelaide Power,Geelong Cats,2025-08-03,21,16.666666666666668,0.0,59.0,3.333333333333333,0.0,16.0,0.0,60.4,3.0,0.2,18.2,0.1,70.7,2.7,0.7,40,16.45,0
43488,Hawthorn Hawks,Richmond Tigers,2021-08-21,23,15.0,0.3333333333333333,67.66666666666667,1.6666666666666667,2.0,12.4,0.2,58.2,2.8,1.2,11.3,0.1,46.2,1.8,0.7,316,17.468354430379748,0
43489,Port Adelaide Power,Sydney Swans,2025-06-21,15,20.0,0.0,68.33333333333333,1.0,0.3333333333333333,20.6,0.2,73.6,1.4,1.4,17.7,0.1,64.8,1.3,1.0,122,18.139344262295083,1
43490,Port Adelaide Power,Sydney Swans,2016-08-06,20,12.666666666666666,1.6666666666666667,69.33333333333333,1.3333333333333333,12.0,11.2,1.0,57.8,1.2,7.2,9.8,0.8,49.6,1.5,5.7,25,9.08,0
43491,Western Bulldogs,Richmond Tigers,2022-04-09,4,13.333333333333334,0.0,49.0,1.0,0.3333333333333333,13.333333333333334,0.0,49.0,1.0,0.3333333333333333,13.333333333333334,0.0,49.0,1.0,0.3333333333333333,3,13.333333333333334,0
43492,St Kilda Saints,Sydney Swans,2025-07-13,18,8.666666666666666,1.0,39.66666666666666,1.6666666666666667,6.666666666666667,8.4,1.4,41.2,1.2,8.8,8.9,1.1,43.7,2.2,6.9,122,10.508196721311476,1
43493,West Coast Eagles,Western Bulldogs,2017-07-01,15,16.666666666666668,0.0,57.66666666666666,1.0,0.0,17.0,0.0,58.0,1.0,0.0,14.7,0.0,54.4,2.1,0.0,122,16.19672131147541,0
43494,Hawthorn Hawks,North Melbourne Kangaroos,2025-06-28,16,13.666666666666666,0.0,57.333333333333336,4.0,0.3333333333333333,10.6,0.0,49.2,3.6,0.2,11.0,0.5,48.9,2.8,3.2,19,9.789473684210526,1
43495,Port Adelaide Power,Carlton Blues,2025-08-16,23,20.666666666666668,0.0,75.0,3.6666666666666665,0.3333333333333333,26.2,0.0,93.8,3.8,0.6,27.2,0.1,94.1,4.0,1.0,103,22.718446601941743,0
43496,Adelaide Crows,Western Bulldogs,2025-07-12,18,8.333333333333334,0.0,37.333333333333336,0.3333333333333333,0.0,6.6,0.0,28.8,0.4,0.0,6.6,0.0,28.2,0.6,0.0,67,8.955223880597014,0
43497,Geelong Cats,North Melbourne Kangaroos,2018-06-09,12,8.666666666666666,0.6666666666666666,47.333333333333336,2.6666666666666665,5.333333333333333,8.6,0.6,47.8,3.2,4.4,8.285714285714286,0.7142857142857143,47.42857142857143,3.2857142857142856,5.0,7,8.285714285714286,1
43498,Port Adelaide Power,Gold Coast Suns,2025-08-22,24,14.666666666666666,0.3333333333333333,69.33333333333333,4.0,2.0,12.2,0.2,53.4,2.8,1.2,13.3,0.8,59.8,2.4,5.0,220,16.568181818181817,1
43499,St Kilda Saints,North Melbourne Kangaroos,2025-08-03,21,13.0,0.0,49.333333333333336,1.6666666666666667,0.0,15.4,0.2,57.0,1.2,1.2,17.5,0.2,67.0,1.1,1.2,59,15.677966101694915,1
43500,Melbourne Demons,Sydney Swans,2014-04-26,6,11.0,1.3333333333333333,50.333333333333336,2.0,8.333333333333334,12.2,1.0,51.0,1.8,7.4,14.0,1.0,55.7,2.1,6.8,107,14.934579439252335,1
43501,Carlton Blues,Adelaide Crows,2018-08-25,23,17.0,0.0,65.0,3.333333333333333,0.3333333333333333,15.8,0.0,59.8,2.6,0.2,15.0,0.0,55.4,1.8,0.1,15,15.4,1
43502,Collingwood Magpies,Brisbane Lions,2024-08-17,23,14.0,0.0,51.66666666666666,1.6666666666666667,0.3333333333333333,12.6,0.0,50.8,1.8,0.2,11.0,0.3,47.3,2.4,1.9,18,11.61111111111111,1
43503,Carlton Blues,Western Bulldogs,2013-08-10,20,7.666666666666667,0.0,44.0,5.0,0.3333333333333333,11.4,0.2,61.8,4.6,1.6,13.2,0.1,61.9,4.4,1.0,10,13.2,1
43504,Richmond Tigers,Fremantle Dockers,2021-08-01,20,10.333333333333334,0.3333333333333333,37.66666666666666,1.0,2.333333333333333,11.0,0.2,44.2,0.8,1.4,13.2,0.4,55.0,1.8,2.9,131,16.69465648854962,0
43505,Greater Western Sydney Giants,St Kilda Saints,2025-08-24,24,11.0,2.6666666666666665,72.0,2.6666666666666665,16.333333333333332,10.6,2.4,68.8,2.2,15.0,11.5,2.9,75.5,2.0,18.2,42,7.833333333333333,1
43506,Essendon Bombers,Hawthorn Hawks,2021-06-20,14,8.5,0.0,28.0,1.0,0.0,8.5,0.0,28.0,1.0,0.0,8.5,0.0,28.0,1.0,0.0,2,8.5,0
43507,Essendon Bombers,Gold Coast Suns,2025-07-05,17,28.666666666666668,0.3333333333333333,113.66666666666669,7.666666666666667,2.333333333333333,29.0,0.4,117.8,8.4,2.6,26.9,0.4,106.0,6.7,2.7,69,20.318840579710145,1
43508,Greater Western Sydney Giants,St Kilda Saints,2025-08-24,24,27.666666666666668,0.3333333333333333,111.66666666666669,5.333333333333333,2.0,27.4,0.4,106.4,4.6,2.4,28.7,0.3,104.7,4.4,1.9,48,23.854166666666668,1
43509,Western Bulldogs,Adelaide Crows,2008-08-30,22,11.0,0.0,43.0,1.3333333333333333,0.0,11.2,0.0,41.8,0.8,0.0,13.9,0.0,53.5,1.2,0.1,23,10.608695652173912,0
43510,Adelaide Crows,West Coast Eagles,2013-08-31,23,13.0,2.0,64.33333333333333,2.6666666666666665,12.0,12.4,1.4,56.4,2.8,8.8,12.5,2.1,61.1,2.0,13.2,26,13.26923076923077,0
43511,Hawthorn Hawks,Fremantle Dockers,2022-06-11,13,8.0,0.0,34.5,1.5,0.5,8.0,0.0,34.5,1.5,0.5,8.0,0.0,34.5,1.5,0.5,2,8.0,0
43512,Brisbane Lions,Gold Coast Suns,2025-09-13,SF,9.333333333333334,1.3333333333333333,48.0,2.0,8.666666666666666,8.8,1.0,48.0,2.8,6.8,8.5,1.3,48.0,2.3,8.7,174,10.954022988505749,1
43513,Gold Coast Suns,West Coast Eagles,2016-05-29,10,11.333333333333334,1.0,57.66666666666666,3.0,6.0,11.6,0.8,61.4,3.2,4.8,8.3,0.4,43.2,2.5,2.4,20,7.65,0
43514,Collingwood Magpies,Adelaide Crows,2025-09-04,QF,18.0,0.3333333333333333,97.33333333333331,2.6666666666666665,2.0,17.2,0.2,96.4,2.8,1.2,17.9,0.1,98.1,2.5,0.7,87,13.505747126436782,0
43515,West Coast Eagles,Carlton Blues,2020-08-09,11,6.0,0.3333333333333333,28.33333333333333,2.6666666666666665,2.0,7.6,1.0,42.8,3.6,6.0,7.25,1.375,45.625,3.75,8.5,8,7.25,1
43516,Geelong Cats,Richmond Tigers,2025-08-23,24,11.0,3.333333333333333,78.66666666666667,2.333333333333333,22.33333333333333,13.8,5.2,94.4,1.4,33.0,12.1,4.1,81.1,1.4,26.4,208,13.125,0
43517,Fremantle Dockers,Brisbane Lions,2009-07-18,16,5.333333333333333,0.3333333333333333,27.666666666666668,1.6666666666666667,2.333333333333333,7.4,1.0,42.4,1.2,6.6,7.222222222222222,0.8888888888888888,39.66666666666666,1.2222222222222223,5.888888888888889,9,7.222222222222222,1
43518,St Kilda Saints,Greater Western Sydney Giants,2025-08-24,24,8.666666666666666,0.3333333333333333,38.0,0.6666666666666666,2.0,9.6,0.2,38.2,0.4,1.2,11.2,0.1,50.4,1.4,0.6,46,10.26086956521739,0
43519,Sydney Swans,West Coast Eagles,2025-08-23,24,12.666666666666666,1.3333333333333333,50.0,0.6666666666666666,9.0,11.4,1.0,45.0,0.6,6.6,11.5,0.6,51.7,2.2,4.2,67,13.0,0
43520,Carlton Blues,Hawthorn Hawks,2003-08-22,21,2.6666666666666665,0.0,15.333333333333334,1.3333333333333333,0.0,7.4,0.0,35.0,1.4,0.0,8.11111111111111,0.1111111111111111,39.55555555555556,2.0,0.7777777777777778,9,8.11111111111111,0
43521,Adelaide Crows,Richmond Tigers,2008-08-10,19,7.666666666666667,0.3333333333333333,39.333333333333336,3.0,2.333333333333333,8.8,0.2,38.4,2.2,1.4,8.8,0.2,38.4,2.2,1.4,5,8.8,1
43522,North Melbourne Kangaroos,Greater Western Sydney Giants,2012-09-01,23,6.0,0.0,23.0,1.6666666666666667,0.0,8.0,0.0,31.2,1.8,0.4,7.6,0.3,30.1,1.6,2.1,68,9.602941176470589,0
43523,Hawthorn Hawks,Adelaide Crows,2009-08-14,20,8.666666666666666,0.0,35.0,1.3333333333333333,0.0,10.6,0.0,43.0,2.0,0.0,10.1,0.1,39.7,1.2,0.6,87,9.149425287356324,1
43524,Richmond Tigers,Geelong Cats,2025-08-23,24,10.0,1.0,42.0,0.6666666666666666,7.0,10.8,1.0,49.4,2.2,6.6,12.5,0.9,55.1,2.3,6.0,42,11.976190476190476,1
43525,St Kilda Saints,Port Adelaide Power,2024-06-30,16,9.666666666666666,0.0,54.0,2.6666666666666665,0.0,10.8,0.4,55.6,1.8,2.4,9.1,0.3,47.2,1.6,2.0,47,9.361702127659576,1
43526,Port Adelaide Power,Adelaide Crows,2016-04-02,2,10.333333333333334,0.0,42.333333333333336,1.6666666666666667,0.0,9.8,0.0,39.2,1.6,0.0,13.1,0.0,47.6,1.6,0.0,131,12.587786259541986,0
43527,St Kilda Saints,Richmond Tigers,2021-04-15,5,10.666666666666666,0.0,53.333333333333336,1.0,0.6666666666666666,10.8,0.0,53.8,1.4,0.4,11.1,0.0,54.7,1.1,0.2,121,13.24793388429752,1
43528,Collingwood Magpies,Richmond Tigers,2023-03-31,3,13.333333333333334,0.3333333333333333,43.333333333333336,0.6666666666666666,2.6666666666666665,13.8,0.8,54.6,2.0,5.2,13.833333333333334,0.6666666666666666,54.0,2.1666666666666665,4.666666666666667,6,13.833333333333334,1
43529,Carlton Blues,Hawthorn Hawks,2015-09-05,23,19.33333333333333,0.3333333333333333,66.66666666666667,4.333333333333333,2.0,19.8,0.2,69.6,4.2,1.2,22.6,0.1,73.7,3.7,0.8,168,22.071428571428573,0
43530,St Kilda Saints,Fremantle Dockers,2025-06-29,16,8.0,0.3333333333333333,37.333333333333336,1.6666666666666667,2.333333333333333,9.2,0.2,40.6,1.6,1.4,8.0,0.1,35.2,1.7,0.7,18,9.555555555555555,0
43531,Melbourne Demons,Richmond Tigers,2008-08-31,22,13.333333333333334,0.0,47.66666666666666,1.3333333333333333,0.0,13.8,0.0,47.8,1.2,0.0,13.4,0.0,52.0,1.2,0.0,54,13.092592592592592,1
43532,West Coast Eagles,Gold Coast Suns,2014-08-31,23,13.0,0.0,56.66666666666666,2.333333333333333,0.0,12.8,0.0,57.8,2.4,0.2,12.8,0.0,57.8,2.4,0.2,5,12.8,0
43533,Fremantle Dockers,St Kilda Saints,2019-08-11,21,9.0,0.0,47.0,4.0,0.0,9.0,0.0,47.0,4.0,0.0,9.0,0.0,47.0,4.0,0.0,1,9.0,0
43534,Richmond Tigers,Fremantle Dockers,2008-08-23,21,8.333333333333334,0.3333333333333333,44.0,2.333333333333333,2.0,6.0,0.2,30.2,1.6,1.2,5.125,0.25,28.375,1.5,1.5,8,5.125,1
43535,Gold Coast Suns,Western Bulldogs,2024-03-24,2,10.0,0.6666666666666666,46.333333333333336,1.0,4.0,9.4,0.8,49.2,1.6,5.2,9.4,1.4,57.1,2.3,8.7,162,9.549382716049385,0
43536,Richmond Tigers,Essendon Bombers,2022-08-20,23,9.333333333333334,0.3333333333333333,44.66666666666666,2.0,2.6666666666666665,8.8,0.4,44.2,3.0,2.8,11.6,0.7,56.5,2.4,4.8,91,12.032967032967033,0
43537,Port Adelaide Power,Melbourne Demons,2014-07-20,18,12.666666666666666,0.3333333333333333,61.0,5.333333333333333,2.333333333333333,12.4,0.2,51.4,4.2,1.4,13.9,0.1,55.7,4.0,0.9,227,17.625550660792953,1
43538,Western Bulldogs,Gold Coast Suns,2021-04-17,5,8.333333333333334,1.3333333333333333,44.66666666666666,2.6666666666666665,9.0,8.333333333333334,1.3333333333333333,44.66666666666666,2.6666666666666665,9.0,8.333333333333334,1.3333333333333333,44.66666666666666,2.6666666666666665,9.0,3,8.333333333333334,1
43539,Geelong Cats,Western Bulldogs,2023-06-03,12,13.666666666666666,0.0,72.33333333333333,1.3333333333333333,0.0,15.8,0.0,74.0,1.4,0.0,14.6,0.0,67.8,1.5,0.1,93,11.365591397849462,0
43540,Carlton Blues,Hawthorn Hawks,2025-07-24,20,24.33333333333333,0.3333333333333333,85.66666666666667,3.333333333333333,2.0,23.0,0.2,85.0,4.6,1.4,25.3,0.2,98.2,5.3,1.4,117,20.025641025641026,0
43541,Melbourne Demons,Collingwood Magpies,2025-08-22,24,14.333333333333334,1.0,64.66666666666667,3.6666666666666665,6.333333333333333,14.0,1.0,65.6,4.0,6.2,14.2,0.8,66.8,4.6,5.0,56,12.0,0
43542,Sydney Swans,Collingwood Magpies,2006-06-24,12,3.0,0.0,23.33333333333333,1.3333333333333333,0.0,3.0,0.0,25.6,1.8,0.0,3.4,0.2,25.8,1.5,1.2,34,4.088235294117647,1
43543,Richmond Tigers,North Melbourne Kangaroos,2016-06-03,11,12.0,0.3333333333333333,60.0,2.333333333333333,2.0,12.6,0.2,55.6,2.2,1.6,14.2,0.1,64.0,2.0,0.8,169,15.893491124260356,0
43544,Fremantle Dockers,Western Bulldogs,2025-08-24,24,8.333333333333334,0.0,41.333333333333336,2.333333333333333,0.0,9.0,0.0,43.0,2.6,0.0,11.4,0.0,50.3,2.6,0.0,49,14.959183673469388,0
43545,Brisbane Lions,Collingwood Magpies,2009-04-17,4,9.0,0.0,51.66666666666666,2.6666666666666665,0.0,9.0,0.0,56.8,2.6,0.2,8.3,0.4,54.5,2.0,2.6,98,9.653061224489797,1
43546,West Coast Eagles,North Melbourne Kangaroos,2021-07-12,17,8.666666666666666,0.3333333333333333,23.666666666666668,0.6666666666666666,2.333333333333333,10.4,0.2,32.6,1.0,1.6,9.5,0.3,36.2,1.3,2.2,44,12.954545454545457,1
43547,Brisbane Lions,St Kilda Saints,2023-08-26,24,12.666666666666666,0.6666666666666666,54.0,2.6666666666666665,4.333333333333333,14.2,0.8,65.2,3.4,5.4,10.7,0.5,47.3,2.2,3.3,93,11.774193548387096,1
43548,Adelaide Crows,North Melbourne Kangaroos,2018-08-19,22,16.333333333333332,0.0,65.66666666666667,0.3333333333333333,0.0,15.4,0.0,61.2,0.4,0.0,15.1,0.0,59.0,1.0,0.0,64,14.09375,1
43549,West Coast Eagles,Sydney Swans,2025-08-23,24,17.333333333333332,0.6666666666666666,73.33333333333333,3.0,4.666666666666667,14.2,0.4,58.4,2.8,2.8,12.6,0.3,49.7,2.4,2.2,30,11.566666666666666,1
43550,Hawthorn Hawks,Geelong Cats,2025-09-19,PF,10.0,1.6666666666666667,68.0,4.333333333333333,10.666666666666666,10.4,1.6,64.4,3.2,10.8,10.1,1.7,60.6,3.0,11.2,107,8.654205607476635,0
43551,Brisbane Lions,Geelong Cats,2019-08-17,22,15.666666666666666,1.6666666666666667,89.66666666666667,5.666666666666667,11.333333333333334,13.6,1.6,71.4,4.4,10.8,14.4,1.3,69.4,3.6,8.7,98,18.693877551020407,1
43552,Collingwood Magpies,Gold Coast Suns,2022-07-02,16,5.0,0.0,20.0,2.0,0.0,5.0,0.0,20.0,2.0,0.0,5.0,0.0,20.0,2.0,0.0,1,5.0,0
43553,Carlton Blues,Brisbane Lions,2025-07-10,18,9.666666666666666,0.3333333333333333,44.66666666666666,3.6666666666666665,2.0,9.2,0.2,39.8,3.4,1.2,9.3,0.2,39.7,3.2,1.3,28,10.035714285714286,1
43555,Essendon Bombers,Collingwood Magpies,2021-08-22,23,15.666666666666666,0.6666666666666666,60.0,2.333333333333333,4.0,14.0,0.6,55.0,2.6,3.6,11.8,0.6,47.1,2.2,3.6,21,13.761904761904765,1
43556,Brisbane Lions,Western Bulldogs,2015-09-05,23,11.333333333333334,0.0,38.66666666666666,0.6666666666666666,0.0,11.0,0.0,44.2,1.4,0.2,11.4,0.0,47.8,1.3,0.1,46,10.58695652173913,1
43557,Richmond Tigers,Brisbane Lions,2023-06-29,16,7.666666666666667,1.0,40.333333333333336,1.6666666666666667,6.333333333333333,5.8,1.0,32.0,1.2,6.2,8.6,0.9,40.5,1.4,5.6,11,8.818181818181818,0
43558,Collingwood Magpies,Brisbane Lions,2013-05-31,10,19.666666666666668,0.6666666666666666,77.66666666666667,1.6666666666666667,4.0,19.8,0.6,76.8,2.2,3.6,16.3,0.3,63.3,2.3,1.9,52,16.615384615384617,0
43559,St Kilda Saints,North Melbourne Kangaroos,2012-07-01,14,15.666666666666666,0.3333333333333333,64.0,1.6666666666666667,2.0,14.4,0.2,54.2,1.2,1.2,16.5,0.2,63.2,1.6,1.2,59,13.64406779661017,1
43560,Sydney Swans,Melbourne Demons,2023-08-27,24,5.0,0.0,20.0,2.0,0.0,4.2,0.0,14.8,1.2,0.0,5.4,0.1,20.2,1.6,0.7,71,15.577464788732394,1
43561,Hawthorn Hawks,West Coast Eagles,2008-06-27,14,15.0,0.3333333333333333,56.0,1.3333333333333333,2.6666666666666665,12.4,0.4,47.0,1.2,2.8,16.2,0.3,59.8,1.1,2.1,80,15.1,1
43562,Brisbane Lions,Melbourne Demons,2010-07-31,18,13.0,0.6666666666666666,60.333333333333336,3.0,4.666666666666667,13.6,1.0,66.2,3.2,6.4,13.3,0.8,62.3,2.8,5.6,87,11.333333333333334,1
43563,Essendon Bombers,Fremantle Dockers,2019-08-17,22,11.0,0.0,66.0,2.6666666666666665,0.3333333333333333,10.0,0.0,64.0,2.2,0.2,9.6,0.0,55.9,2.2,0.6,109,11.44954128440367,0
43564,St Kilda Saints,Richmond Tigers,2025-08-09,22,17.666666666666668,0.0,66.66666666666667,3.0,0.3333333333333333,15.6,0.0,58.0,3.8,0.2,16.4,0.1,64.6,4.8,1.0,92,17.25,0
43565,West Coast Eagles,Fremantle Dockers,2023-08-12,22,6.333333333333333,0.3333333333333333,25.33333333333333,1.0,2.0,7.0,0.2,29.8,1.6,1.2,7.9,0.1,28.6,1.5,0.8,14,9.214285714285714,1
43566,Geelong Cats,Essendon Bombers,2025-08-08,22,10.333333333333334,0.3333333333333333,47.0,3.0,2.6666666666666665,13.0,0.2,56.6,2.8,1.6,12.9,0.2,52.9,3.0,1.4,15,12.266666666666667,1
43567,Fremantle Dockers,Western Bulldogs,2025-08-24,24,25.0,0.0,86.33333333333333,2.6666666666666665,0.3333333333333333,26.0,0.0,93.0,3.2,0.2,26.3,0.1,98.3,3.3,0.7,88,20.147727272727277,0
43568,Melbourne Demons,St Kilda Saints,2002-08-31,22,,,,,,,,,,,,,,,,0,,0
43569,Geelong Cats,Sydney Swans,2016-07-08,16,14.0,2.0,70.0,2.0,13.666666666666666,11.2,1.8,58.0,1.8,12.0,10.9,2.3,61.2,1.6,14.7,80,13.2125,1
43570,North Melbourne Kangaroos,Hawthorn Hawks,2004-04-04,2,9.0,1.3333333333333333,48.333333333333336,2.333333333333333,8.333333333333334,7.4,0.8,36.8,1.8,5.0,7.4,0.8,36.8,1.8,5.0,5,7.4,0
43571,St Kilda Saints,Fremantle Dockers,2021-08-22,23,7.333333333333333,0.0,28.33333333333333,1.3333333333333333,0.0,7.25,0.0,27.5,1.25,0.0,7.25,0.0,27.5,1.25,0.0,4,7.25,1
43572,Brisbane Lions,St Kilda Saints,2016-08-28,23,6.0,0.0,28.0,2.0,1.0,6.0,0.0,28.0,2.0,1.0,6.0,0.0,28.0,2.0,1.0,1,6.0,0
43573,Western Bulldogs,Fremantle Dockers,2025-08-24,24,14.333333333333334,0.3333333333333333,52.66666666666666,1.3333333333333333,2.0,15.2,0.2,59.4,2.4,1.2,13.7,0.1,51.9,1.9,0.7,14,11.5,1
43574,Greater Western Sydney Giants,North Melbourne Kangaroos,2012-09-01,23,10.333333333333334,0.3333333333333333,47.66666666666666,4.333333333333333,2.0,10.5,0.25,45.75,4.25,1.5,10.5,0.25,45.75,4.25,1.5,4,10.5,1
43575,Melbourne Demons,Gold Coast Suns,2013-08-10,20,18.0,0.3333333333333333,72.0,2.0,2.333333333333333,17.8,0.2,68.0,2.2,1.6,18.714285714285715,0.1428571428571428,68.85714285714286,2.142857142857143,1.2857142857142858,7,18.714285714285715,0
43576,Geelong Cats,Gold Coast Suns,2025-06-07,13,2.333333333333333,0.0,10.0,0.6666666666666666,0.0,3.6,0.0,15.4,1.0,0.2,6.6,0.2,32.0,2.2,1.6,11,6.454545454545454,1
43577,Gold Coast Suns,Adelaide Crows,2025-07-20,19,13.666666666666666,0.3333333333333333,53.333333333333336,2.333333333333333,2.0,16.2,0.4,62.2,2.6,2.6,16.0,0.3,62.0,2.0,2.1,26,15.884615384615383,0
43578,Carlton Blues,Melbourne Demons,2009-08-22,21,11.666666666666666,0.6666666666666666,68.0,2.0,4.333333333333333,12.2,0.6,70.0,1.8,4.2,11.6,0.9,68.8,1.7,5.9,45,10.977777777777778,1
43579,Collingwood Magpies,Port Adelaide Power,2006-08-18,20,14.666666666666666,0.0,73.66666666666667,2.333333333333333,0.0,12.4,0.0,60.6,2.4,0.0,11.5,0.4,61.3,2.4,2.6,58,10.93103448275862,0
43580,Western Bulldogs,Port Adelaide Power,2017-08-19,22,13.0,1.0,71.33333333333333,2.333333333333333,7.333333333333333,11.6,0.8,65.0,3.0,5.6,12.1,1.1,65.0,2.0,7.6,203,13.65024630541872,1
43581,Geelong Cats,Brisbane Lions,2025-09-05,QF,11.666666666666666,0.3333333333333333,51.66666666666666,3.0,3.333333333333333,12.6,0.6,56.4,3.0,4.8,12.8,0.8,58.5,2.6,5.6,89,12.865168539325843,1
43582,Brisbane Lions,North Melbourne Kangaroos,2017-08-26,23,8.666666666666666,0.6666666666666666,48.66666666666666,2.333333333333333,4.0,9.0,0.6,50.8,2.4,4.0,7.7,1.2,47.6,2.8,7.4,22,7.136363636363637,1
43583,Brisbane Lions,Sydney Swans,2008-08-30,22,3.0,0.0,14.0,0.0,0.0,3.0,0.0,14.0,0.0,0.0,3.0,0.0,14.0,0.0,0.0,1,3.0,0
43584,Port Adelaide Power,Adelaide Crows,2023-04-01,3,9.0,0.0,40.66666666666666,0.6666666666666666,0.0,9.8,0.0,44.2,1.4,0.0,11.1,0.0,50.5,1.0,0.0,91,11.692307692307692,1
43585,Gold Coast Suns,Adelaide Crows,2012-09-01,23,12.666666666666666,0.0,47.66666666666666,2.333333333333333,0.0,14.5,0.0,56.25,2.0,0.0,14.5,0.0,56.25,2.0,0.0,4,14.5,0
43586,Brisbane Lions,Richmond Tigers,2022-07-31,20,8.333333333333334,0.0,40.66666666666666,2.6666666666666665,0.3333333333333333,8.2,0.2,42.4,3.0,1.4,8.4,0.6,45.9,3.8,3.7,39,9.076923076923077,0
43587,West Coast Eagles,Port Adelaide Power,2009-07-19,16,12.333333333333334,0.3333333333333333,63.333333333333336,6.666666666666667,3.0,12.333333333333334,0.3333333333333333,63.333333333333336,6.666666666666667,3.0,12.333333333333334,0.3333333333333333,63.333333333333336,6.666666666666667,3.0,3,12.333333333333334,0
43588,Port Adelaide Power,North Melbourne Kangaroos,2007-04-08,2,9.0,1.0,55.0,2.0,7.0,9.0,1.0,55.0,2.0,7.0,9.0,1.0,55.0,2.0,7.0,1,9.0,1
43589,Western Bulldogs,Adelaide Crows,2025-07-12,18,12.333333333333334,0.0,56.66666666666666,1.3333333333333333,0.0,11.4,0.0,49.2,0.8,0.0,10.6,0.0,46.1,0.8,0.0,63,14.031746031746032,1
43590,North Melbourne Kangaroos,Sydney Swans,2025-07-19,19,6.0,0.0,26.0,0.3333333333333333,0.0,6.4,0.0,29.2,1.2,0.0,8.1,0.2,40.7,1.7,1.5,27,10.11111111111111,0
43591,Brisbane Lions,Melbourne Demons,2025-05-18,10,19.666666666666668,0.3333333333333333,98.33333333333331,4.666666666666667,2.333333333333333,18.6,0.2,88.2,4.0,1.6,17.2,0.2,76.7,3.0,1.5,45,13.844444444444443,1
43592,Essendon Bombers,Richmond Tigers,2006-08-26,21,5.666666666666667,0.0,15.0,1.3333333333333333,0.0,8.4,0.0,26.6,1.8,0.0,10.3,0.0,36.1,1.7,0.0,45,11.088888888888889,0
43593,West Coast Eagles,Sydney Swans,2025-08-23,24,18.33333333333333,0.0,76.33333333333333,4.333333333333333,0.3333333333333333,19.2,0.0,75.8,3.4,0.2,17.9,0.1,72.6,3.3,0.8,103,13.864077669902912,1
43595,St Kilda Saints,Greater Western Sydney Giants,2025-08-24,24,4.333333333333333,0.0,19.33333333333333,1.0,0.3333333333333333,6.8,0.6,35.2,2.0,4.6,5.222222222222222,0.5555555555555556,25.88888888888889,1.5555555555555556,3.888888888888889,9,5.222222222222222,0
43596,West Coast Eagles,Geelong Cats,2014-04-12,4,8.0,0.0,37.0,4.0,1.0,8.0,0.0,37.0,4.0,1.0,8.0,0.0,37.0,4.0,1.0,1,8.0,0
43597,Richmond Tigers,Hawthorn Hawks,2021-08-21,23,10.333333333333334,0.3333333333333333,38.66666666666666,3.0,2.0,13.4,0.2,47.6,2.6,1.2,13.5,0.1666666666666666,50.333333333333336,3.1666666666666665,1.0,6,13.5,1
43598,Brisbane Lions,Richmond Tigers,2011-06-18,13,14.0,0.6666666666666666,54.0,1.0,4.0,14.0,0.4,49.2,1.0,2.4,12.4,0.3,46.5,1.4,1.8,24,11.416666666666666,1
43599,Carlton Blues,Sydney Swans,2012-08-05,19,20.0,1.0,82.0,3.6666666666666665,6.333333333333333,18.0,1.0,73.2,2.8,6.6,14.9,0.7,64.1,2.8,5.2,30,16.0,1
43601,Gold Coast Suns,Essendon Bombers,2025-08-27,24,11.333333333333334,0.0,48.66666666666666,2.333333333333333,0.0,12.4,0.0,56.0,2.4,0.0,12.0,0.0,55.6,2.2,0.0,115,11.730434782608697,1
43602,Fremantle Dockers,Melbourne Demons,2022-07-29,20,12.666666666666666,0.0,47.66666666666666,1.6666666666666667,0.3333333333333333,10.6,0.2,43.2,1.2,1.4,11.4,0.4,51.6,2.0,2.7,145,13.951724137931034,1
43603,Port Adelaide Power,Western Bulldogs,2015-08-08,19,19.33333333333333,0.0,74.66666666666667,1.6666666666666667,0.0,20.0,0.2,72.2,2.0,1.2,17.7,0.3,68.8,1.6,1.8,11,16.818181818181817,0
43604,North Melbourne Kangaroos,Adelaide Crows,2025-08-23,24,13.333333333333334,0.0,45.333333333333336,0.3333333333333333,0.3333333333333333,12.0,0.0,46.6,1.0,0.8,11.6,0.0,46.0,0.7,0.4,34,12.058823529411764,1
43605,Fremantle Dockers,North Melbourne Kangaroos,2021-04-24,6,13.666666666666666,0.0,43.0,0.6666666666666666,0.0,13.6,0.0,44.8,0.8,0.0,14.6,0.0,52.0,1.7,0.0,112,17.955357142857142,1
43606,Greater Western Sydney Giants,St Kilda Saints,2025-08-24,24,18.33333333333333,0.3333333333333333,65.0,3.6666666666666665,2.333333333333333,18.4,0.2,68.2,3.8,1.4,17.4,0.4,63.6,3.2,2.5,174,24.21264367816092,1
43607,St Kilda Saints,Sydney Swans,2021-08-07,21,13.333333333333334,0.0,44.333333333333336,1.0,0.3333333333333333,12.4,0.2,42.6,0.6,1.4,12.166666666666666,0.1666666666666666,44.333333333333336,0.5,1.1666666666666667,6,12.166666666666666,1
43608,Richmond Tigers,Adelaide Crows,2012-06-30,14,15.0,1.0,61.66666666666666,2.0,6.333333333333333,14.2,0.6,57.4,1.6,4.0,18.8,0.3,75.8,2.2,2.0,24,18.041666666666668,0
43609,Gold Coast Suns,Essendon Bombers,2023-03-26,2,10.0,0.0,35.0,0.0,0.0,12.2,0.2,46.0,0.6,1.2,15.8,0.4,60.2,1.7,2.5,11,16.272727272727273,0
43610,Geelong Cats,Richmond Tigers,2024-06-01,12,15.0,0.3333333333333333,76.33333333333333,3.6666666666666665,2.0,12.75,0.25,69.25,3.5,1.5,12.75,0.25,69.25,3.5,1.5,4,12.75,1
43611,Adelaide Crows,Brisbane Lions,2011-05-29,10,14.333333333333334,0.0,53.66666666666666,3.0,0.6666666666666666,15.8,0.0,50.6,2.2,0.4,14.77777777777778,0.0,50.333333333333336,2.0,0.4444444444444444,9,14.77777777777778,1
43612,Adelaide Crows,Port Adelaide Power,2025-07-26,20,8.666666666666666,0.0,33.0,1.0,0.3333333333333333,10.2,0.0,35.8,1.0,0.4,9.3,0.7,39.3,1.1,4.5,20,10.0,1
43613,Collingwood Magpies,West Coast Eagles,2009-05-23,9,14.666666666666666,0.3333333333333333,66.33333333333333,3.6666666666666665,2.6666666666666665,14.2,0.2,65.4,3.8,1.8,12.88888888888889,0.1111111111111111,58.22222222222222,3.555555555555556,1.1111111111111112,9,12.88888888888889,0
43614,Essendon Bombers,Western Bulldogs,2016-08-21,22,21.666666666666668,0.6666666666666666,96.33333333333331,3.0,5.0,22.4,0.4,94.8,2.6,3.4,23.0,0.2,94.2,3.1,1.9,196,21.586734693877556,1
43615,Brisbane Lions,Carlton Blues,2008-08-23,21,7.333333333333333,0.6666666666666666,35.666666666666664,1.3333333333333333,4.0,8.6,0.4,38.6,2.2,2.4,10.0,0.4,45.8,2.8,2.7,142,10.007042253521126,1
43616,Greater Western Sydney Giants,St Kilda Saints,2012-08-25,22,,,,,,,,,,,,,,,,0,,0
43617,Fremantle Dockers,West Coast Eagles,2023-08-12,22,7.333333333333333,1.0,42.66666666666666,0.3333333333333333,7.0,6.6,1.0,37.8,0.4,6.6,7.7,1.0,41.4,0.5,6.6,33,8.090909090909092,0
43618,Western Bulldogs,St Kilda Saints,2015-05-09,6,5.666666666666667,0.3333333333333333,28.33333333333333,1.3333333333333333,2.0,5.8,0.2,27.2,1.6,1.2,6.9,0.6,32.2,1.7,3.7,22,7.590909090909091,1
43619,St Kilda Saints,Adelaide Crows,2025-03-16,1,8.333333333333334,0.0,36.66666666666666,2.333333333333333,0.0,8.8,0.0,38.0,2.0,0.0,9.9,0.0,44.6,2.1,0.0,107,9.598130841121495,0
43620,Brisbane Lions,Sydney Swans,2013-05-05,6,11.333333333333334,1.3333333333333333,55.66666666666666,0.6666666666666666,10.0,9.0,1.2,45.2,1.4,8.4,9.2,1.3,49.0,1.4,8.7,22,8.454545454545455,0
43621,Port Adelaide Power,Richmond Tigers,2015-05-24,8,19.666666666666668,0.0,77.33333333333333,3.333333333333333,0.0,20.0,0.0,80.8,3.4,0.0,21.1,0.0,87.2,4.5,0.1,232,23.96120689655172,1
43622,Collingwood Magpies,North Melbourne Kangaroos,2009-05-01,6,11.666666666666666,1.0,55.333333333333336,1.3333333333333333,6.666666666666667,11.4,1.2,58.0,1.8,7.8,12.8,1.0,58.5,1.5,6.9,45,12.0,0
43623,North Melbourne Kangaroos,Adelaide Crows,2025-08-23,24,12.0,0.0,46.66666666666666,1.6666666666666667,0.0,13.6,0.0,53.2,1.8,0.0,14.5,0.0,59.2,1.7,0.0,133,11.954887218045112,1
43624,Richmond Tigers,North Melbourne Kangaroos,2023-08-19,23,21.33333333333333,0.6666666666666666,75.33333333333333,3.0,4.333333333333333,21.2,0.4,76.8,3.6,2.6,16.5,0.5,60.9,2.6,3.3,237,23.025316455696203,1
43625,Carlton Blues,West Coast Eagles,2025-04-12,5,14.0,0.3333333333333333,54.333333333333336,1.6666666666666667,2.333333333333333,14.2,0.4,62.6,2.4,2.8,11.6,0.5,54.1,2.5,3.6,50,13.04,1
43626,Melbourne Demons,Port Adelaide Power,2012-07-21,17,13.0,0.0,70.0,9.0,0.0,13.0,0.0,70.0,9.0,0.0,13.0,0.0,70.0,9.0,0.0,1,13.0,1
43627,Richmond Tigers,West Coast Eagles,2009-08-28,22,18.33333333333333,0.3333333333333333,75.0,4.666666666666667,2.0,18.0,0.4,78.2,4.8,2.6,19.3,0.3,76.3,3.4,2.0,74,19.0,0
43628,Richmond Tigers,Hawthorn Hawks,2024-08-18,23,7.333333333333333,0.3333333333333333,34.666666666666664,1.3333333333333333,2.6666666666666665,6.4,0.4,29.4,1.2,2.8,6.4,0.4,29.4,1.2,2.8,5,6.4,0
43629,Hawthorn Hawks,Adelaide Crows,2021-07-24,19,21.33333333333333,0.0,75.0,3.333333333333333,0.3333333333333333,20.6,0.0,74.4,3.6,0.2,18.4,0.0,65.9,3.0,0.3,26,16.76923076923077,0
43630,Geelong Cats,Fremantle Dockers,2017-03-26,1,17.666666666666668,0.3333333333333333,79.66666666666667,5.0,2.0,17.0,0.6,76.2,4.4,3.6,13.5,0.4,57.9,3.4,2.5,11,13.090909090909092,0
43631,Carlton Blues,Essendon Bombers,2025-08-21,24,19.33333333333333,0.0,84.33333333333333,3.0,0.0,17.2,0.0,76.0,3.0,0.0,14.7,0.0,64.3,2.4,0.0,26,13.0,0
43632,Fremantle Dockers,Western Bulldogs,2025-08-24,24,8.333333333333334,0.0,34.666666666666664,1.3333333333333333,0.0,9.2,0.0,40.0,1.2,0.0,9.7,0.0,40.9,1.2,0.0,102,12.823529411764708,0
43633,Brisbane Lions,Richmond Tigers,2019-08-25,23,8.333333333333334,0.3333333333333333,33.0,1.6666666666666667,2.0,10.2,0.4,36.8,1.8,2.4,11.2,0.3,45.5,2.2,1.8,11,11.090909090909092,0
43634,West Coast Eagles,Melbourne Demons,2014-08-23,22,12.333333333333334,0.6666666666666666,76.0,1.3333333333333333,4.0,13.0,0.4,80.4,2.0,2.6,13.8,0.5,85.1,2.2,3.2,223,15.910313901345292,1
43635,Collingwood Magpies,Adelaide Crows,2025-09-04,QF,6.333333333333333,0.0,45.333333333333336,1.6666666666666667,0.3333333333333333,6.2,0.0,41.8,1.6,0.4,6.5,0.3,45.4,1.7,2.1,103,8.37864077669903,0
43636,Essendon Bombers,Gold Coast Suns,2024-08-10,22,11.666666666666666,1.0,56.0,2.0,6.0,11.6,0.6,55.2,2.6,3.8,10.3,0.6,48.4,2.4,3.7,39,12.153846153846152,1
43637,Collingwood Magpies,Fremantle Dockers,2009-06-27,13,18.33333333333333,0.0,72.66666666666667,3.0,0.3333333333333333,19.4,0.0,78.6,3.2,0.2,20.3,0.2,80.6,2.7,1.5,19,16.263157894736842,1
43638,Geelong Cats,Carlton Blues,2018-05-26,10,11.666666666666666,0.6666666666666666,59.333333333333336,4.333333333333333,5.0,11.0,1.0,55.6,3.4,7.0,14.3,2.2,74.0,2.8,14.3,82,14.768292682926829,1
43639,Fremantle Dockers,St Kilda Saints,2013-08-31,23,14.333333333333334,0.3333333333333333,61.0,4.666666666666667,2.0,12.6,0.2,51.2,3.6,1.2,11.0,0.2,46.0,3.1,1.2,11,11.181818181818182,0
43640,West Coast Eagles,Western Bulldogs,2025-08-17,23,12.0,1.6666666666666667,63.66666666666666,3.0,10.333333333333334,12.0,1.2,59.6,1.8,7.6,11.0,0.9,56.4,2.6,6.3,214,12.948598130841122,0
43641,Collingwood Magpies,Brisbane Lions,2025-09-20,PF,21.0,0.6666666666666666,97.33333333333331,8.0,4.333333333333333,20.0,0.4,85.0,6.6,2.6,20.9,0.3,85.9,5.9,1.9,273,21.67032967032967,1
43642,Carlton Blues,Essendon Bombers,2025-08-21,24,22.33333333333333,0.6666666666666666,81.33333333333333,6.0,4.666666666666667,24.4,0.6,89.8,5.8,4.4,23.4,0.5,83.8,5.4,3.7,177,25.440677966101696,0
43643,Adelaide Crows,Geelong Cats,2020-08-23,13,9.0,0.3333333333333333,52.66666666666666,3.6666666666666665,2.6666666666666665,9.0,0.6,51.4,2.8,4.2,7.7,0.7,46.1,2.4,4.8,25,9.16,1
43644,Gold Coast Suns,Geelong Cats,2018-08-25,23,9.666666666666666,0.3333333333333333,46.66666666666666,2.0,3.0,9.0,0.4,43.6,2.0,3.2,9.0,0.5,45.833333333333336,2.1666666666666665,4.0,6,9.0,0
43645,Melbourne Demons,Greater Western Sydney Giants,2015-09-06,23,23.666666666666668,0.0,83.66666666666667,3.6666666666666665,0.0,22.8,0.0,78.0,2.6,0.0,22.6,0.0,80.0,3.1,0.0,193,22.984455958549223,1
43646,St Kilda Saints,Geelong Cats,2024-03-16,1,28.666666666666668,0.6666666666666666,105.66666666666669,6.0,4.0,28.8,1.0,109.4,6.0,6.2,28.3,0.5,109.4,6.7,3.4,127,26.95275590551181,0
43647,Adelaide Crows,Geelong Cats,2025-04-10,5,27.33333333333333,0.3333333333333333,91.66666666666669,4.666666666666667,2.0,28.6,0.2,96.8,5.0,1.2,28.9,0.1,100.1,5.3,0.7,125,28.888,1
43648,Fremantle Dockers,Carlton Blues,2022-06-25,15,12.333333333333334,0.3333333333333333,38.66666666666666,1.3333333333333333,2.6666666666666665,11.6,0.2,39.8,1.8,1.6,9.8,0.4,37.6,1.2,2.8,33,10.333333333333334,0
43649,Essendon Bombers,Fremantle Dockers,2016-06-04,11,20.33333333333333,0.3333333333333333,76.0,2.6666666666666665,2.0,17.8,0.2,68.6,1.8,1.6,16.1,0.2,61.0,2.4,1.4,150,14.766666666666667,0
43650,Collingwood Magpies,Fremantle Dockers,2004-08-06,19,,,,,,,,,,,,,,,,0,,0
43651,Western Bulldogs,Geelong Cats,2023-08-26,24,12.333333333333334,0.0,52.333333333333336,1.3333333333333333,0.3333333333333333,12.6,0.0,51.4,1.0,0.2,11.7,0.1,48.1,1.0,0.7,109,14.30275229357798,0
43652,Melbourne Demons,Collingwood Magpies,2025-08-22,24,14.666666666666666,1.0,66.33333333333333,2.333333333333333,6.0,11.6,0.8,54.0,2.8,4.8,12.9,0.5,57.8,4.1,3.2,11,12.818181818181818,0
43653,Richmond Tigers,Fremantle Dockers,2024-07-06,17,5.0,1.3333333333333333,26.33333333333333,1.3333333333333333,8.0,6.2,1.2,31.6,1.4,7.2,8.1,0.9,40.1,1.7,5.9,18,8.833333333333334,0
43654,Adelaide Crows,Hawthorn Hawks,2025-09-12,SF,12.0,0.3333333333333333,60.0,2.6666666666666665,2.0,14.4,0.2,64.4,2.4,1.2,14.4,0.3,59.8,1.9,1.9,104,18.16346153846154,1
43655,Geelong Cats,Richmond Tigers,2018-08-03,20,15.0,0.0,57.333333333333336,2.6666666666666665,0.0,19.0,0.2,70.4,2.0,1.8,18.0,0.4,70.4,2.1,2.9,10,18.0,0
43656,Carlton Blues,Port Adelaide Power,2024-07-26,20,8.333333333333334,0.3333333333333333,36.0,2.6666666666666665,2.6666666666666665,12.2,0.2,43.2,2.6,1.8,12.8,0.3,50.8,3.5,2.3,44,13.090909090909092,1
43657,Sydney Swans,West Coast Eagles,2025-08-23,24,12.666666666666666,0.0,58.0,2.6666666666666665,0.0,11.6,0.0,51.4,2.4,0.0,14.2,0.0,61.3,2.1,0.1,161,14.211180124223604,0
43658,North Melbourne Kangaroos,Essendon Bombers,2023-08-12,22,13.0,0.0,42.66666666666666,2.333333333333333,0.0,15.8,0.0,51.8,2.6,0.4,18.8,0.3,68.9,3.0,2.3,183,21.240437158469945,1
43659,Carlton Blues,Hawthorn Hawks,2025-07-24,20,15.666666666666666,1.0,73.33333333333333,0.6666666666666666,7.666666666666667,13.6,0.6,65.4,1.4,5.4,12.5,1.5,66.5,1.3,10.5,120,12.775,0
43660,Carlton Blues,Gold Coast Suns,2023-08-19,23,7.0,0.3333333333333333,29.33333333333333,1.6666666666666667,2.0,11.6,0.2,45.6,2.2,1.6,15.1,0.2,61.9,3.6,1.6,175,21.085714285714285,0
43661,St Kilda Saints,Carlton Blues,2015-04-25,4,12.0,0.3333333333333333,45.333333333333336,1.6666666666666667,2.333333333333333,11.6,0.8,49.2,1.6,5.2,12.1,0.6,52.6,2.5,4.0,19,13.157894736842104,1
43662,Gold Coast Suns,Brisbane Lions,2017-08-12,21,10.0,0.0,66.0,2.333333333333333,0.3333333333333333,8.2,0.4,63.8,3.2,2.6,7.428571428571429,0.4285714285714285,58.71428571428572,3.142857142857143,2.7142857142857144,7,7.428571428571429,0
43663,Adelaide Crows,North Melbourne Kangaroos,2025-08-23,24,14.0,0.3333333333333333,74.66666666666667,4.666666666666667,2.0,16.8,0.4,82.8,5.0,2.8,17.2,0.7,85.0,4.3,4.6,24,12.833333333333334,0
43664,North Melbourne Kangaroos,Adelaide Crows,2025-08-23,24,11.333333333333334,2.333333333333333,71.0,4.0,14.333333333333334,10.4,1.8,70.4,4.8,11.2,10.0,1.6,64.1,4.8,10.3,60,10.6,1
43665,Essendon Bombers,Carlton Blues,2022-06-10,13,14.666666666666666,0.3333333333333333,54.333333333333336,0.6666666666666666,2.333333333333333,16.6,0.6,67.0,0.8,4.2,16.7,0.4,67.8,0.9,2.8,76,17.157894736842106,1
43666,Geelong Cats,St Kilda Saints,2022-08-06,21,5.666666666666667,0.0,23.0,2.0,0.0,8.4,0.2,31.8,1.4,1.4,11.0,0.3,45.5,2.7,2.2,173,18.86705202312139,1
43667,Collingwood Magpies,Brisbane Lions,2025-09-20,PF,20.666666666666668,0.0,79.0,2.6666666666666665,0.3333333333333333,22.2,0.0,82.8,2.8,0.4,25.5,0.2,91.5,2.6,1.6,150,21.94,1
43668,Collingwood Magpies,Adelaide Crows,2025-09-04,QF,31.0,1.0,112.33333333333331,3.0,6.333333333333333,32.4,0.8,115.4,3.4,5.2,31.3,0.9,115.9,3.5,6.2,67,29.73134328358209,0
43669,Western Bulldogs,Fremantle Dockers,2025-08-24,24,28.0,0.0,93.0,0.6666666666666666,0.3333333333333333,27.6,0.0,93.4,1.2,0.4,26.4,0.2,91.9,1.3,1.4,133,21.203007518796998,1
43670,Carlton Blues,Richmond Tigers,2012-07-28,18,4.0,1.0,24.0,0.0,6.0,4.0,1.0,24.0,0.0,6.0,4.0,1.0,24.0,0.0,6.0,1,4.0,1
43671,Essendon Bombers,Richmond Tigers,2013-08-31,23,14.5,0.0,54.5,1.0,0.0,14.5,0.0,54.5,1.0,0.0,14.5,0.0,54.5,1.0,0.0,2,14.5,1
43672,West Coast Eagles,Adelaide Crows,2013-08-31,23,17.333333333333332,1.3333333333333333,71.33333333333333,2.0,8.0,20.2,1.4,82.6,2.2,8.4,19.6,1.2,81.6,3.0,7.3,38,20.157894736842103,1
43673,Hawthorn Hawks,Brisbane Lions,2025-08-24,24,22.666666666666668,0.3333333333333333,78.0,1.3333333333333333,3.0,21.4,0.2,77.4,2.0,1.8,19.8,0.2,73.4,1.8,1.6,48,17.5625,0
43674,Geelong Cats,Richmond Tigers,2025-08-23,24,15.666666666666666,0.6666666666666666,69.33333333333333,2.0,5.0,14.6,0.8,64.6,2.2,6.2,12.2,0.8,54.1,2.3,5.9,266,22.9812030075188,0
43675,Greater Western Sydney Giants,Brisbane Lions,2025-06-14,14,14.333333333333334,0.0,54.66666666666666,3.6666666666666665,0.3333333333333333,16.0,0.6,72.4,5.0,4.0,16.8,0.9,79.7,5.2,5.8,80,14.85,0
43676,North Melbourne Kangaroos,Adelaide Crows,2025-08-23,24,25.0,0.0,82.66666666666667,2.333333333333333,0.0,26.0,0.0,84.4,2.2,0.0,25.7,0.0,84.2,1.9,0.0,163,21.846625766871167,1
43677,Essendon Bombers,North Melbourne Kangaroos,2009-04-19,4,16.5,0.0,66.0,0.0,0.0,16.5,0.0,66.0,0.0,0.0,16.5,0.0,66.0,0.0,0.0,2,16.5,0
43678,Brisbane Lions,Sydney Swans,2024-09-28,GF,12.333333333333334,2.333333333333333,61.333333333333336,0.6666666666666666,15.666666666666666,13.0,2.6,67.8,0.4,17.6,14.9,2.3,74.8,0.7,15.7,157,13.114649681528665,0
43679,Western Bulldogs,Fremantle Dockers,2025-08-24,24,13.666666666666666,3.333333333333333,73.33333333333333,1.0,21.0,14.0,3.4,82.2,1.4,21.4,14.4,3.4,86.6,1.8,21.7,38,12.894736842105264,1
43680,Fremantle Dockers,Gold Coast Suns,2025-09-06,EF,11.333333333333334,0.0,61.0,1.6666666666666667,0.3333333333333333,11.0,0.0,64.6,2.6,0.2,11.6,0.3,67.9,2.1,2.0,126,12.507936507936508,1
43681,Western Bulldogs,Melbourne Demons,2015-08-16,20,14.333333333333334,0.0,57.333333333333336,3.6666666666666665,0.0,14.4,0.0,56.2,3.0,0.0,15.6,0.1,56.8,2.4,0.6,16,15.125,1
43682,North Melbourne Kangaroos,Adelaide Crows,2025-08-23,24,11.0,1.6666666666666667,63.333333333333336,2.6666666666666665,10.666666666666666,10.4,1.4,59.0,2.8,9.0,9.3,0.9,49.7,2.4,5.7,243,11.65432098765432,1
43683,Port Adelaide Power,Collingwood Magpies,2011-08-06,20,5.666666666666667,1.3333333333333333,35.0,1.6666666666666667,8.0,8.8,1.2,48.2,2.6,7.4,11.7,1.0,57.4,3.2,6.3,21,14.80952380952381,1
43684,Melbourne Demons,Western Bulldogs,2013-09-01,23,10.0,0.0,35.333333333333336,1.3333333333333333,1.0,10.4,0.4,36.6,1.2,3.0,10.7,0.5,42.3,1.9,3.7,137,14.905109489051094,0
43685,Essendon Bombers,Richmond Tigers,2013-08-31,23,7.666666666666667,0.6666666666666666,44.66666666666666,3.333333333333333,4.333333333333333,8.0,1.0,50.4,4.2,6.4,9.0,1.3,49.7,3.5,8.4,84,11.547619047619047,1
43686,Essendon Bombers,Gold Coast Suns,2024-08-10,22,5.333333333333333,0.6666666666666666,27.0,1.3333333333333333,4.0,5.2,0.6,25.0,1.2,3.6,6.4,0.4,30.3,1.7,2.5,12,6.916666666666667,1
43687,North Melbourne Kangaroos,Adelaide Crows,2025-08-23,24,27.0,0.6666666666666666,113.0,5.666666666666667,4.333333333333333,25.6,0.4,102.2,5.4,2.6,23.7,0.3,84.5,4.4,2.1,100,22.8,1
43688,Collingwood Magpies,Western Bulldogs,2004-04-03,2,,,,,,,,,,,,,,,,0,,1
43689,Gold Coast Suns,Brisbane Lions,2025-09-13,SF,15.333333333333334,0.3333333333333333,53.0,3.6666666666666665,2.0,18.0,0.2,64.6,5.6,1.2,17.0,0.2,65.4,6.1,1.2,30,13.833333333333334,0
43690,North Melbourne Kangaroos,Fremantle Dockers,2008-06-14,12,11.666666666666666,0.3333333333333333,50.333333333333336,1.6666666666666667,2.333333333333333,11.2,0.2,47.4,1.6,1.6,15.0,0.1111111111111111,62.22222222222222,1.6666666666666667,0.8888888888888888,9,15.0,0
43691,Essendon Bombers,West Coast Eagles,2003-06-01,10,1.0,0.0,7.0,0.0,0.0,1.0,0.0,7.0,0.0,0.0,1.0,0.0,7.0,0.0,0.0,1,1.0,1
43692,Carlton Blues,North Melbourne Kangaroos,2005-08-28,22,9.0,0.3333333333333333,44.0,4.0,2.0,7.6,0.2,36.4,2.8,1.4,9.9,0.7,47.7,2.8,5.0,30,8.266666666666667,1
43693,Carlton Blues,Geelong Cats,2013-04-13,3,6.333333333333333,0.0,25.0,1.6666666666666667,0.0,5.6,0.0,21.0,1.6,0.0,7.3,0.1,32.3,1.9,0.7,16,8.0625,0
43694,Adelaide Crows,Port Adelaide Power,2022-08-20,23,2.0,0.0,8.0,0.0,0.0,3.2,0.0,9.6,0.0,0.0,5.3,0.1,22.0,0.6,0.6,10,5.3,0
43695,Greater Western Sydney Giants,Port Adelaide Power,2022-07-09,17,12.0,0.0,53.333333333333336,2.0,0.0,11.8,0.0,48.6,1.6,0.0,11.7,0.0,47.6,1.5,0.0,150,13.173333333333334,0
43696,Gold Coast Suns,Port Adelaide Power,2016-08-27,23,15.333333333333334,1.3333333333333333,71.0,4.333333333333333,8.666666666666666,14.8,0.8,69.4,5.0,6.0,13.8,1.0,70.9,5.1,7.0,27,12.296296296296296,1
43697,Melbourne Demons,Fremantle Dockers,2013-08-18,21,6.0,0.0,32.0,3.0,2.0,6.0,0.0,32.0,3.0,2.0,6.0,0.0,32.0,3.0,2.0,1,6.0,1
43698,Melbourne Demons,Gold Coast Suns,2016-07-31,19,12.0,0.6666666666666666,58.66666666666666,4.0,4.0,12.8,0.6,56.0,3.0,3.8,13.9,0.9,63.7,2.0,6.2,95,12.263157894736842,1
43699,Gold Coast Suns,Greater Western Sydney Giants,2019-08-24,23,19.33333333333333,0.0,82.33333333333333,2.0,0.0,17.4,0.0,72.8,2.0,0.0,16.625,0.125,64.625,2.0,0.75,8,16.625,1
43700,Adelaide Crows,North Melbourne Kangaroos,2025-08-23,24,23.33333333333333,1.0,121.0,11.0,6.0,23.6,1.2,119.6,10.2,7.6,23.4,1.0,113.4,8.7,6.7,120,22.591666666666665,0
43701,North Melbourne Kangaroos,Fremantle Dockers,2025-06-14,14,8.333333333333334,0.0,30.666666666666668,0.3333333333333333,0.0,9.0,0.2,34.2,0.4,1.2,9.2,0.1,36.3,1.2,0.6,16,10.625,1
43702,Brisbane Lions,St Kilda Saints,2016-08-28,23,9.666666666666666,1.0,46.66666666666666,1.3333333333333333,6.0,7.4,0.6,36.0,1.8,3.6,11.8,0.3,47.5,1.4,2.0,12,11.25,0
43703,Fremantle Dockers,Port Adelaide Power,2017-04-02,2,4.666666666666667,0.0,22.0,3.6666666666666665,0.0,5.6,0.0,22.6,3.0,0.0,7.9,0.0,31.0,2.3,0.0,121,10.31404958677686,0
43704,North Melbourne Kangaroos,Gold Coast Suns,2020-08-30,14,10.333333333333334,1.0,53.66666666666666,1.3333333333333333,6.333333333333333,12.6,0.6,66.8,1.8,3.8,12.7,1.0,69.1,2.2,6.5,39,9.35897435897436,0
43705,Gold Coast Suns,Adelaide Crows,2011-08-20,22,7.0,0.0,42.0,3.0,0.0,7.0,0.0,42.0,3.0,0.0,7.0,0.0,42.0,3.0,0.0,1,7.0,1
43706,Brisbane Lions,Geelong Cats,2025-09-05,QF,5.666666666666667,0.0,24.666666666666668,1.0,0.6666666666666666,7.6,0.2,35.4,1.2,1.6,8.4,0.3,44.1,1.5,2.1,167,9.407185628742514,0
43707,Hawthorn Hawks,Adelaide Crows,2025-08-01,21,21.666666666666668,0.3333333333333333,75.33333333333333,4.0,3.0,21.4,1.0,86.4,4.4,6.8,18.1,0.6,69.8,3.9,4.0,59,19.983050847457623,0
43708,Collingwood Magpies,Brisbane Lions,2025-08-02,21,11.333333333333334,0.0,35.666666666666664,1.0,0.0,10.4,0.0,37.2,0.6,0.0,10.6,0.0,43.3,1.0,0.0,10,10.6,1
43709,Hawthorn Hawks,Brisbane Lions,2025-08-24,24,6.666666666666667,0.6666666666666666,36.0,2.333333333333333,5.0,8.0,1.4,47.2,2.4,9.4,7.8,1.4,42.5,1.8,9.1,19,6.789473684210527,0
43710,Essendon Bombers,Richmond Tigers,2018-08-17,22,13.333333333333334,0.0,47.66666666666666,0.6666666666666666,0.0,13.0,0.0,50.2,0.8,0.0,13.6,0.0,51.9,1.1,0.0,54,13.74074074074074,0
43711,North Melbourne Kangaroos,Melbourne Demons,2013-07-27,18,15.0,0.0,47.5,1.5,0.0,15.0,0.0,47.5,1.5,0.0,15.0,0.0,47.5,1.5,0.0,2,15.0,0
43712,St Kilda Saints,Essendon Bombers,2016-07-10,16,7.0,0.0,32.333333333333336,1.6666666666666667,0.0,6.2,0.0,30.4,1.8,0.0,8.3,0.0,36.2,1.9,0.0,51,9.137254901960784,0
43713,Greater Western Sydney Giants,Hawthorn Hawks,2019-08-09,21,22.0,0.0,84.66666666666667,3.0,1.0,21.4,0.2,83.8,2.4,1.8,18.9,0.2,75.9,2.5,1.7,215,22.195348837209306,1
43714,Essendon Bombers,Richmond Tigers,2014-08-08,20,5.0,0.3333333333333333,29.666666666666668,2.333333333333333,2.6666666666666665,8.0,0.8,39.2,2.4,5.2,9.0,0.8,42.7,2.6,5.4,14,9.0,0
43715,Carlton Blues,St Kilda Saints,2019-08-17,22,12.0,0.3333333333333333,52.333333333333336,4.333333333333333,2.0,11.2,0.6,47.2,3.2,3.6,12.125,0.5,47.625,3.0,3.25,8,12.125,1
43716,Port Adelaide Power,Carlton Blues,2008-08-09,19,4.333333333333333,0.0,29.0,0.6666666666666666,0.0,5.8,0.0,31.8,0.4,0.2,4.75,0.0,26.125,0.625,0.125,8,4.75,0
43717,Geelong Cats,Brisbane Lions,2025-09-05,QF,16.666666666666668,1.0,75.33333333333333,4.333333333333333,6.666666666666667,16.0,0.8,74.2,4.6,5.2,15.7,0.8,70.0,3.6,5.3,40,16.425,1
43718,Essendon Bombers,Carlton Blues,2016-08-27,23,13.0,0.3333333333333333,46.333333333333336,0.3333333333333333,2.333333333333333,14.4,0.4,57.2,1.4,3.0,15.5,0.2,61.5,1.9,1.6,106,16.00943396226415,1
43719,St Kilda Saints,Brisbane Lions,2016-08-28,23,15.666666666666666,0.3333333333333333,77.33333333333333,1.6666666666666667,2.0,16.0,0.2,73.8,1.6,1.2,13.7,0.1,57.6,1.0,0.6,221,13.20814479638009,1
43720,St Kilda Saints,Carlton Blues,2014-07-06,16,7.0,0.6666666666666666,44.0,3.0,5.0,8.8,1.0,55.2,4.0,7.2,8.2,1.0,52.1,4.0,6.9,22,8.363636363636363,0
43721,Sydney Swans,Richmond Tigers,2015-06-26,13,5.666666666666667,0.0,47.333333333333336,3.0,0.0,8.0,0.6,56.0,3.4,3.6,7.1,0.3,44.6,2.9,1.8,11,7.0,1
43722,Hawthorn Hawks,Sydney Swans,2016-07-14,17,11.333333333333334,0.0,40.66666666666666,1.3333333333333333,0.0,11.8,0.0,44.2,2.4,0.0,11.4,0.1,42.8,2.0,0.6,20,11.75,0
43723,West Coast Eagles,Sydney Swans,2025-08-23,24,7.666666666666667,0.3333333333333333,35.333333333333336,0.0,2.0,13.0,0.4,56.0,0.8,2.6,12.2,0.2,47.5,0.8,1.5,19,11.31578947368421,1
43724,Western Bulldogs,Geelong Cats,2020-08-28,14,8.0,1.6666666666666667,47.0,3.6666666666666665,10.0,9.8,1.8,54.6,2.6,11.2,10.6,1.7,55.9,2.4,10.7,93,12.623655913978494,1
43725,Collingwood Magpies,Western Bulldogs,2011-05-01,6,7.333333333333333,1.6666666666666667,49.66666666666666,4.666666666666667,10.333333333333334,7.4,1.4,47.6,4.0,9.0,9.5,1.1,49.2,3.2,7.4,20,10.6,1
43726,Carlton Blues,Hawthorn Hawks,2015-09-05,23,10.333333333333334,0.0,40.66666666666666,0.6666666666666666,0.3333333333333333,8.5,0.0,33.5,1.0,0.25,8.5,0.0,33.5,1.0,0.25,4,8.5,0
43727,Collingwood Magpies,North Melbourne Kangaroos,2013-09-01,23,18.0,0.3333333333333333,64.66666666666667,0.0,3.0,17.4,0.6,63.6,0.6,4.6,20.5,0.5,72.9,0.7,3.7,152,17.25657894736842,1
43728,Port Adelaide Power,Geelong Cats,2024-09-05,QF,13.0,1.6666666666666667,62.66666666666666,1.3333333333333333,10.666666666666666,11.8,1.8,64.0,1.6,11.6,9.7,1.2,53.8,1.8,7.9,169,11.745562130177516,1
43729,West Coast Eagles,Geelong Cats,2022-08-20,23,7.0,1.0,35.666666666666664,0.6666666666666666,6.333333333333333,9.2,0.6,48.2,2.0,3.8,9.142857142857142,0.5714285714285714,47.85714285714285,2.0,3.7142857142857135,7,9.142857142857142,0
43730,Western Bulldogs,Geelong Cats,2012-08-26,22,7.0,0.0,32.666666666666664,1.0,1.0,7.4,0.0,34.6,1.6,0.6,10.2,0.3,47.5,2.3,2.2,20,11.05,0
43731,Carlton Blues,Hawthorn Hawks,2025-07-24,20,20.33333333333333,0.3333333333333333,76.66666666666667,2.6666666666666665,2.0,21.8,0.4,90.8,2.6,2.4,22.9,0.4,95.2,2.4,2.4,151,23.14569536423841,0
43732,Brisbane Lions,Sydney Swans,2025-08-09,22,9.0,0.0,31.0,1.3333333333333333,0.0,13.6,0.0,47.6,1.2,0.0,14.5,0.0,53.2,1.1,0.0,82,16.25609756097561,1
43733,Fremantle Dockers,Hawthorn Hawks,2010-08-21,21,12.666666666666666,0.0,47.0,2.6666666666666665,0.0,12.2,0.0,43.6,2.0,0.0,16.6,0.0,63.3,3.0,0.0,79,14.683544303797468,0
43734,Carlton Blues,Essendon Bombers,2002-09-01,22,9.0,0.6666666666666666,43.66666666666666,2.333333333333333,4.0,11.8,0.4,54.6,2.6,2.4,14.8,0.6,60.8,1.8,3.7,15,12.733333333333333,0
43735,Adelaide Crows,Western Bulldogs,2019-08-25,23,16.0,0.6666666666666666,71.66666666666667,3.333333333333333,4.0,14.8,0.4,61.0,2.6,2.6,15.3,0.2,58.8,2.2,1.5,194,18.34536082474227,0
43736,Hawthorn Hawks,Essendon Bombers,2009-08-29,22,11.666666666666666,1.6666666666666667,62.66666666666666,4.333333333333333,11.0,12.2,1.2,57.8,3.2,8.2,12.3,0.8,57.0,2.8,5.5,11,11.636363636363637,1
43737,Hawthorn Hawks,Western Bulldogs,2021-08-14,22,0.0,0.0,0.0,0.0,0.0,0.0,0.0,0.0,0.0,0.0,0.0,0.0,0.0,0.0,0.0,1,0.0,1
43738,Greater Western Sydney Giants,Essendon Bombers,2016-06-19,13,7.0,0.0,57.333333333333336,3.0,0.0,6.8,0.4,57.4,3.6,2.4,6.125,0.25,52.625,3.875,1.5,8,6.125,0
43739,St Kilda Saints,Carlton Blues,2024-08-25,24,15.333333333333334,0.3333333333333333,69.0,4.666666666666667,2.333333333333333,13.2,0.2,56.6,3.8,1.4,16.5,0.2,63.3,3.5,1.5,73,14.10958904109589,0
43740,Richmond Tigers,Essendon Bombers,2025-05-23,11,21.666666666666668,0.0,79.66666666666667,4.0,0.0,21.2,0.0,77.0,3.6,0.2,18.4,0.0,67.2,3.5,0.2,34,16.5,0
43741,Fremantle Dockers,Essendon Bombers,2025-06-19,15,5.333333333333333,0.0,16.0,1.3333333333333333,0.0,5.6,0.0,19.0,1.2,0.0,8.0,0.0,29.0,1.2,0.0,23,9.217391304347826,1
43742,Essendon Bombers,Melbourne Demons,2025-04-12,5,10.0,1.3333333333333333,63.66666666666666,2.6666666666666665,8.666666666666666,10.4,1.6,70.2,3.0,10.6,11.9,1.2,76.8,2.6,8.0,61,10.18032786885246,0
43743,Port Adelaide Power,Gold Coast Suns,2025-08-22,24,20.33333333333333,0.0,84.0,6.666666666666667,0.6666666666666666,19.2,0.0,79.4,7.0,0.4,18.4,0.0,79.6,7.2,0.2,97,17.855670103092784,1
43744,Brisbane Lions,Port Adelaide Power,2012-08-25,22,11.666666666666666,0.0,45.66666666666666,1.3333333333333333,0.3333333333333333,14.4,0.0,54.6,1.4,0.2,16.3,0.3,65.6,1.7,1.9,74,17.216216216216218,0
43745,Richmond Tigers,Geelong Cats,2016-08-14,21,11.0,0.6666666666666666,56.66666666666666,3.333333333333333,4.333333333333333,9.5,0.5,48.75,3.0,3.25,9.5,0.5,48.75,3.0,3.25,4,9.5,1
43746,Fremantle Dockers,Geelong Cats,2009-08-29,22,15.333333333333334,0.0,56.0,1.3333333333333333,0.0,16.4,0.0,65.0,2.0,0.0,15.8,0.1,64.6,2.3,0.6,18,14.11111111111111,0
43747,North Melbourne Kangaroos,Hawthorn Hawks,2024-08-24,24,8.666666666666666,0.6666666666666666,45.0,1.6666666666666667,4.333333333333333,8.0,0.5,37.25,1.25,3.25,8.0,0.5,37.25,1.25,3.25,4,8.0,0
43748,Fremantle Dockers,Port Adelaide Power,2015-09-05,23,13.0,0.0,66.66666666666667,6.0,0.3333333333333333,11.8,0.0,59.0,5.2,0.2,15.1,0.0,68.8,3.9,0.1,129,18.387596899224807,0
43749,Fremantle Dockers,Port Adelaide Power,2015-09-05,23,5.0,1.0,23.0,0.0,6.5,5.0,1.0,23.0,0.0,6.5,5.0,1.0,23.0,0.0,6.5,2,5.0,0
43750,Carlton Blues,Port Adelaide Power,2013-08-31,23,11.666666666666666,0.3333333333333333,46.66666666666666,2.6666666666666665,2.6666666666666665,11.0,0.2,43.6,2.4,1.6,11.3,0.5,47.8,2.7,3.2,29,14.0,0
43751,West Coast Eagles,Adelaide Crows,2025-08-10,22,21.0,0.0,85.0,2.333333333333333,0.0,22.4,0.0,91.6,2.6,0.0,22.7,0.0,87.9,2.1,0.0,151,18.23841059602649,1
43752,Fremantle Dockers,Gold Coast Suns,2021-06-12,13,11.0,0.0,51.66666666666666,2.6666666666666665,0.0,12.4,0.0,52.2,2.0,0.0,12.4,0.0,50.5,2.2,0.0,35,13.857142857142858,1
43753,Geelong Cats,Richmond Tigers,2025-07-05,17,10.0,0.0,42.66666666666666,1.0,0.0,12.0,0.0,53.6,1.8,0.2,13.7,0.0,57.2,1.7,0.2,214,21.869158878504678,1
43754,Port Adelaide Power,Richmond Tigers,2022-06-09,13,18.33333333333333,0.3333333333333333,77.66666666666667,2.333333333333333,2.6666666666666665,16.6,0.2,67.6,1.8,1.6,17.6,0.1,68.1,1.6,0.8,95,19.31578947368421,0
43755,St Kilda Saints,North Melbourne Kangaroos,2014-07-12,17,8.666666666666666,0.0,36.0,1.0,0.0,9.0,0.0,39.4,1.4,0.4,9.6,0.1,41.5,1.4,0.8,11,9.454545454545457,0
43756,Brisbane Lions,Gold Coast Suns,2025-09-13,SF,29.0,0.3333333333333333,124.66666666666669,8.0,3.0,29.8,0.4,123.8,7.4,3.2,27.4,0.3,120.3,9.4,2.3,146,23.568493150684933,1
43757,Melbourne Demons,Sydney Swans,2019-08-16,22,10.0,1.0,59.0,1.6666666666666667,6.0,10.25,0.75,55.75,2.5,4.5,10.25,0.75,55.75,2.5,4.5,4,10.25,1
43758,Collingwood Magpies,Melbourne Demons,2020-08-15,12,13.0,0.3333333333333333,52.66666666666666,1.0,2.0,11.8,0.2,49.6,1.4,1.2,12.9,0.1,51.7,1.7,0.6,197,14.228426395939088,0
43759,Fremantle Dockers,Essendon Bombers,2008-06-29,14,6.0,0.0,23.0,1.6666666666666667,0.3333333333333333,4.6,0.0,18.8,1.4,0.2,4.714285714285714,0.0,21.714285714285715,1.8571428571428568,0.1428571428571428,7,4.714285714285714,1
43760,Melbourne Demons,Port Adelaide Power,2022-07-17,18,18.0,0.0,55.0,2.6666666666666665,0.3333333333333333,21.8,0.0,69.8,3.0,0.4,24.4,0.1,82.2,3.2,0.9,100,20.18,1
43761,Carlton Blues,Essendon Bombers,2025-08-21,24,6.666666666666667,0.3333333333333333,29.0,1.3333333333333333,2.6666666666666665,6.4,0.4,27.6,1.2,2.8,7.4,0.5,30.7,1.2,3.2,45,7.466666666666667,0
43762,Essendon Bombers,Gold Coast Suns,2025-08-27,24,22.666666666666668,0.0,84.0,5.0,0.6666666666666666,21.2,0.0,77.4,4.4,0.8,21.6,0.3,75.6,3.8,2.3,68,18.602941176470587,0
43763,Carlton Blues,North Melbourne Kangaroos,2024-07-21,19,7.666666666666667,0.0,28.33333333333333,1.3333333333333333,0.3333333333333333,8.4,0.0,33.8,1.0,0.2,7.8,0.0,31.1,1.3,0.1,21,9.38095238095238,1
43764,Western Bulldogs,North Melbourne Kangaroos,2025-07-03,17,12.0,0.0,50.66666666666666,2.0,0.0,12.8,0.0,49.4,1.8,0.0,13.7,0.0,57.1,2.2,0.0,159,15.628930817610064,0
43765,Essendon Bombers,Gold Coast Suns,2025-08-27,24,19.0,0.3333333333333333,83.33333333333333,2.333333333333333,2.0,19.6,0.4,79.2,2.6,2.4,17.7,0.5,73.3,2.8,3.2,83,17.746987951807228,0
43766,North Melbourne Kangaroos,Greater Western Sydney Giants,2025-08-10,22,8.666666666666666,0.0,34.333333333333336,0.0,0.0,7.2,0.4,31.6,0.0,2.6,5.4,0.6,26.3,0.2,3.8,16,7.3125,0
43767,Collingwood Magpies,Melbourne Demons,2015-08-01,18,7.333333333333333,0.6666666666666666,33.666666666666664,1.0,4.0,11.2,0.8,46.6,1.0,5.2,14.0,0.6,52.6,0.8,4.0,29,14.448275862068966,1
43768,Brisbane Lions,Adelaide Crows,2011-08-07,20,,,,,,,,,,,,,,,,0,,1
43769,Essendon Bombers,Geelong Cats,2012-07-20,17,14.666666666666666,0.3333333333333333,60.66666666666666,1.6666666666666667,2.0,18.6,0.4,73.2,1.6,2.6,18.1,0.2,72.6,2.1,1.6,99,15.151515151515152,0
43770,Brisbane Lions,Port Adelaide Power,2007-06-30,13,,,,,,,,,,,,,,,,0,,1
43771,Brisbane Lions,North Melbourne Kangaroos,2020-08-15,12,4.0,0.3333333333333333,17.666666666666668,1.0,2.0,6.0,0.2,23.4,0.8,1.2,6.0,0.2,23.4,0.8,1.2,5,6.0,0
43772,Port Adelaide Power,Richmond Tigers,2020-10-16,PF,14.0,1.0,57.66666666666666,2.6666666666666665,6.666666666666667,13.4,0.8,59.4,3.4,5.8,14.1,0.7,67.1,3.7,5.2,209,20.13397129186603,1
43773,Port Adelaide Power,Richmond Tigers,2012-09-02,23,11.666666666666666,1.3333333333333333,59.0,1.3333333333333333,9.333333333333334,11.0,1.8,60.2,1.4,12.2,11.2,1.7,61.3,1.4,11.3,132,11.537878787878787,0
43774,Port Adelaide Power,West Coast Eagles,2005-05-29,10,10.0,0.0,42.0,0.0,2.0,10.0,0.0,42.0,0.0,2.0,10.0,0.0,42.0,0.0,2.0,1,10.0,0
43775,Port Adelaide Power,Adelaide Crows,2017-04-08,3,11.0,2.0,68.0,3.0,15.0,11.0,2.0,68.0,3.0,15.0,11.0,2.0,68.0,3.0,15.0,1,11.0,1
43776,St Kilda Saints,North Melbourne Kangaroos,2010-08-15,20,14.333333333333334,0.3333333333333333,69.0,4.666666666666667,2.6666666666666665,12.8,0.2,58.4,4.4,1.6,11.8,0.2,53.8,3.9,1.6,21,12.38095238095238,0
43777,Richmond Tigers,Collingwood Magpies,2002-07-19,16,11.333333333333334,0.6666666666666666,44.66666666666666,1.6666666666666667,4.333333333333333,12.75,0.75,51.5,2.0,4.75,12.75,0.75,51.5,2.0,4.75,4,12.75,0
43778,Richmond Tigers,Sydney Swans,2014-06-20,14,16.666666666666668,1.3333333333333333,83.66666666666667,2.0,9.0,14.6,0.8,71.4,2.8,5.6,13.0,0.8,67.6,3.0,5.5,69,11.318840579710145,1
43779,West Coast Eagles,Richmond Tigers,2025-07-19,19,13.0,0.0,59.0,1.3333333333333333,0.0,10.6,0.0,49.6,1.8,0.0,9.8,0.0,44.7,1.7,0.0,41,9.365853658536585,1
43780,Carlton Blues,St Kilda Saints,2008-07-11,15,9.333333333333334,1.0,53.66666666666666,1.3333333333333333,7.0,9.333333333333334,1.0,53.66666666666666,1.3333333333333333,7.0,9.333333333333334,1.0,53.66666666666666,1.3333333333333333,7.0,3,9.333333333333334,1
43781,West Coast Eagles,Fremantle Dockers,2024-07-27,20,12.333333333333334,0.3333333333333333,50.0,1.0,2.333333333333333,9.2,0.2,40.0,1.4,1.4,10.5,0.1,42.2,1.6,0.7,26,11.384615384615383,0
43782,Richmond Tigers,Essendon Bombers,2022-08-20,23,13.333333333333334,0.6666666666666666,57.0,1.6666666666666667,4.333333333333333,12.6,0.6,49.2,1.4,3.8,13.2,0.9,51.4,1.5,5.9,230,16.93913043478261,0
43783,Essendon Bombers,Hawthorn Hawks,2016-06-10,12,11.666666666666666,0.3333333333333333,44.0,1.3333333333333333,3.0,12.4,0.6,53.4,2.2,4.6,11.7,0.6,48.9,1.7,4.3,18,12.444444444444445,1
43784,Collingwood Magpies,Brisbane Lions,2008-03-28,2,14.333333333333334,0.3333333333333333,63.66666666666666,2.0,2.0,15.6,1.4,74.0,1.4,9.0,15.8,1.2,76.1,2.2,7.8,26,12.423076923076923,0
43785,Richmond Tigers,Sydney Swans,2021-04-03,3,9.666666666666666,0.0,34.0,2.6666666666666665,0.0,12.8,0.0,43.6,2.4,0.0,12.8,0.0,43.6,2.4,0.0,5,12.8,1
43786,Geelong Cats,Port Adelaide Power,2007-08-26,21,14.0,0.0,36.333333333333336,0.3333333333333333,0.0,13.2,0.0,40.4,0.6,0.0,12.6,0.0,42.5,1.1,0.0,48,10.791666666666666,1
43787,Carlton Blues,Hawthorn Hawks,2015-09-05,23,7.333333333333333,0.0,31.666666666666668,2.0,0.0,10.4,0.2,47.8,3.2,1.8,10.8,0.4,52.5,3.7,2.9,47,13.212765957446807,0
43788,Collingwood Magpies,Adelaide Crows,2025-09-04,QF,9.666666666666666,1.3333333333333333,55.66666666666666,2.333333333333333,9.666666666666666,10.4,1.2,55.6,2.0,8.2,11.1,1.8,62.4,2.3,12.1,160,13.03125,0
43789,Brisbane Lions,Carlton Blues,2020-09-19,18,8.666666666666666,0.3333333333333333,31.666666666666668,1.6666666666666667,2.0,10.8,0.4,44.8,2.4,2.6,17.6,0.3,71.2,4.7,2.1,34,16.91176470588235,1
43790,Gold Coast Suns,Fremantle Dockers,2024-06-23,15,18.33333333333333,0.0,74.33333333333333,3.333333333333333,1.3333333333333333,18.0,0.4,77.6,3.4,3.2,18.2,0.4,75.8,3.0,2.9,197,21.512690355329948,0
43791,Gold Coast Suns,Essendon Bombers,2019-07-28,19,16.666666666666668,0.0,64.0,2.6666666666666665,0.6666666666666666,14.6,0.0,55.2,2.6,0.4,12.7,0.3,51.7,2.4,2.0,20,13.0,1
43792,West Coast Eagles,Adelaide Crows,2016-06-11,12,11.666666666666666,0.3333333333333333,52.333333333333336,2.0,2.0,13.2,0.2,55.6,1.4,1.2,14.4,0.2,57.7,1.2,1.2,94,16.53191489361702,1
43793,Richmond Tigers,Essendon Bombers,2017-05-27,10,9.666666666666666,0.0,41.333333333333336,2.333333333333333,0.6666666666666666,10.0,0.2,42.6,1.6,1.8,9.0,0.1666666666666666,41.16666666666666,2.0,1.6666666666666667,6,9.0,1
43794,Fremantle Dockers,Essendon Bombers,2024-08-04,21,8.666666666666666,1.0,48.0,2.333333333333333,6.333333333333333,8.2,1.2,46.8,2.6,7.6,9.3,1.0,45.6,2.3,6.2,10,9.3,0
43795,Western Bulldogs,West Coast Eagles,2025-08-17,23,20.0,0.6666666666666666,112.0,1.3333333333333333,5.666666666666667,18.0,0.6,111.2,2.6,4.6,18.1,0.8,114.9,3.6,5.8,122,15.557377049180328,1
43796,Geelong Cats,Melbourne Demons,2016-08-27,23,25.666666666666668,0.3333333333333333,97.0,2.6666666666666665,2.0,24.2,0.4,89.0,2.2,2.6,23.7,0.3,86.2,2.0,1.9,257,21.513618677042803,1
43797,Fremantle Dockers,Gold Coast Suns,2025-09-06,EF,21.0,0.3333333333333333,66.66666666666667,1.3333333333333333,2.0,17.0,0.2,58.8,2.2,1.2,16.5,0.1,60.8,3.1,0.7,38,13.026315789473683,1
43798,Brisbane Lions,Geelong Cats,2016-04-10,3,12.666666666666666,0.3333333333333333,58.0,4.333333333333333,2.6666666666666665,11.4,0.2,43.8,2.8,1.6,11.4,0.2,43.8,2.8,1.6,5,11.4,0
43799,Carlton Blues,Essendon Bombers,2025-08-21,24,14.333333333333334,2.6666666666666665,80.0,4.0,16.666666666666668,12.6,1.8,68.4,3.2,11.6,10.0,1.1,52.1,3.1,7.2,36,8.416666666666666,0
43800,Melbourne Demons,Gold Coast Suns,2014-04-20,5,12.0,0.0,47.66666666666666,2.0,0.3333333333333333,13.2,0.2,55.8,2.2,1.4,13.4,0.4,62.2,2.8,2.6,10,13.4,1
43801,Carlton Blues,Melbourne Demons,2016-08-21,22,11.333333333333334,0.3333333333333333,53.0,1.6666666666666667,2.0,12.4,0.6,58.0,1.8,4.2,13.7,1.3,64.8,1.3,8.4,106,13.58490566037736,1
43802,Port Adelaide Power,Hawthorn Hawks,2006-06-11,11,13.0,1.0,58.0,2.0,7.0,13.0,1.0,58.0,2.0,7.0,13.0,1.0,58.0,2.0,7.0,1,13.0,1
43803,Greater Western Sydney Giants,Essendon Bombers,2023-08-19,23,7.0,0.6666666666666666,33.666666666666664,1.0,4.333333333333333,7.6,0.6,33.6,0.8,4.0,6.5,0.5,29.0,0.6666666666666666,3.333333333333333,6,6.5,1
43804,Collingwood Magpies,Fremantle Dockers,2006-07-16,15,10.333333333333334,0.6666666666666666,53.66666666666666,0.3333333333333333,4.666666666666667,9.4,0.6,47.6,0.6,4.0,8.3,0.4,43.9,0.8,2.6,10,8.3,1
43805,Carlton Blues,Brisbane Lions,2025-07-10,18,11.666666666666666,1.6666666666666667,51.333333333333336,0.6666666666666666,10.666666666666666,11.8,1.2,52.6,1.4,8.0,10.6,1.1,48.3,1.4,7.3,96,12.46875,1
43806,Richmond Tigers,Adelaide Crows,2011-08-28,23,11.666666666666666,0.0,37.0,2.0,0.0,11.0,0.4,42.2,2.8,2.4,12.4,0.2,48.1,2.2,1.3,24,12.458333333333334,0
43807,Gold Coast Suns,Essendon Bombers,2025-08-27,24,8.666666666666666,1.0,54.333333333333336,2.333333333333333,7.333333333333333,10.0,1.6,64.4,3.4,10.6,8.1,0.9,47.9,2.7,5.9,33,11.333333333333334,1
43808,Port Adelaide Power,Gold Coast Suns,2025-08-22,24,20.666666666666668,0.0,83.66666666666667,4.0,0.0,22.2,0.0,87.0,4.0,0.0,20.8,0.2,82.4,2.7,1.5,88,15.693181818181818,1
43809,Carlton Blues,Essendon Bombers,2019-06-02,11,8.0,0.6666666666666666,35.666666666666664,2.0,4.333333333333333,10.2,0.8,45.6,1.6,5.6,12.1,1.7,64.9,2.2,11.1,77,14.142857142857142,0
43810,Western Bulldogs,Sydney Swans,2007-05-27,9,9.333333333333334,0.3333333333333333,42.333333333333336,1.6666666666666667,2.6666666666666665,7.6,0.4,37.6,1.8,3.0,7.4,0.6,41.6,2.3,4.4,17,6.470588235294118,1
43811,Fremantle Dockers,St Kilda Saints,2013-08-31,23,9.5,0.0,31.0,1.5,0.0,9.5,0.0,31.0,1.5,0.0,9.5,0.0,31.0,1.5,0.0,2,9.5,0
43812,St Kilda Saints,North Melbourne Kangaroos,2013-06-02,10,,,,,,,,,,,,,,,,0,,0
43813,St Kilda Saints,Western Bulldogs,2008-06-08,11,7.666666666666667,0.0,40.66666666666666,2.6666666666666665,1.3333333333333333,7.8,0.0,37.8,2.2,0.8,8.0,0.0,34.75,1.875,0.625,8,8.0,1
43814,Melbourne Demons,Carlton Blues,2007-09-02,22,12.666666666666666,0.3333333333333333,46.0,1.0,2.333333333333333,14.0,0.2,53.8,1.8,1.4,10.9,0.1,43.0,1.2,0.8,34,8.941176470588236,1
43815,Carlton Blues,Fremantle Dockers,2015-07-18,16,10.0,0.0,69.0,6.0,0.0,10.0,0.0,69.0,6.0,0.0,10.0,0.0,69.0,6.0,0.0,1,10.0,0
43816,Port Adelaide Power,Sydney Swans,2025-06-21,15,9.0,0.3333333333333333,41.0,1.6666666666666667,3.0,11.6,0.2,48.4,1.0,2.0,11.3,0.4,49.5,1.0,3.3,94,12.606382978723405,1
43817,Gold Coast Suns,Fremantle Dockers,2025-09-06,EF,20.666666666666668,0.3333333333333333,79.33333333333333,3.6666666666666665,2.0,21.6,0.8,86.4,3.2,4.8,22.6,0.6,95.4,5.2,3.7,102,20.37254901960784,0
43818,North Melbourne Kangaroos,Greater Western Sydney Giants,2016-08-27,23,12.333333333333334,0.0,47.333333333333336,0.6666666666666666,0.0,11.6,0.0,44.2,0.8,0.0,10.9,0.0,40.9,1.0,0.0,214,14.855140186915888,1
43819,Carlton Blues,Collingwood Magpies,2010-07-31,18,12.666666666666666,1.3333333333333333,66.0,2.333333333333333,8.0,12.8,0.8,65.6,1.8,5.0,12.5,1.2,65.0,1.4,7.8,82,11.48780487804878,0
43820,St Kilda Saints,Western Bulldogs,2008-06-08,11,8.666666666666666,0.3333333333333333,38.0,2.6666666666666665,2.0,8.0,0.2,37.8,3.0,1.2,10.5,0.2,44.5,2.2,1.5,40,13.525,1
43821,St Kilda Saints,Brisbane Lions,2016-08-28,23,12.333333333333334,0.0,46.333333333333336,0.6666666666666666,0.0,12.8,0.0,51.2,1.4,0.2,14.6,0.0,55.8,1.5,0.1,173,19.040462427745663,1
43822,North Melbourne Kangaroos,Hawthorn Hawks,2025-06-28,16,12.333333333333334,0.3333333333333333,49.333333333333336,3.333333333333333,3.0,14.0,0.2,47.2,2.2,1.8,18.2,0.1,60.7,1.6,0.9,109,17.724770642201836,0
43823,Hawthorn Hawks,Brisbane Lions,2017-05-13,8,11.333333333333334,1.0,65.66666666666667,2.6666666666666665,7.0,9.6,1.0,54.4,2.0,6.6,9.5,0.9,50.7,1.6,5.8,25,9.2,1
43824,Gold Coast Suns,Adelaide Crows,2012-09-01,23,7.5,0.0,32.5,2.5,0.0,7.5,0.0,32.5,2.5,0.0,7.5,0.0,32.5,2.5,0.0,2,7.5,0
43825,Gold Coast Suns,Essendon Bombers,2025-08-27,24,13.0,0.0,45.333333333333336,1.0,0.0,17.0,0.2,60.4,1.2,1.4,17.9,0.4,63.0,1.8,2.6,69,20.565217391304348,1
43826,Greater Western Sydney Giants,St Kilda Saints,2023-05-21,10,,,,,,,,,,,,,,,,0,,1
43827,Brisbane Lions,Geelong Cats,2025-09-27,GF,24.666666666666668,0.6666666666666666,100.0,1.3333333333333333,4.0,23.4,0.4,90.8,1.6,2.4,22.9,0.3,87.7,1.6,1.8,50,16.52,0
43828,Richmond Tigers,Sydney Swans,2004-08-28,22,17.0,1.0,67.66666666666667,2.0,6.666666666666667,15.2,0.6,63.6,3.0,4.0,14.1,0.5,55.1,2.4,3.2,29,11.862068965517242,1
43829,Sydney Swans,West Coast Eagles,2025-08-23,24,16.333333333333332,0.3333333333333333,66.66666666666667,2.6666666666666665,2.333333333333333,13.8,0.2,54.6,2.6,1.4,15.4,0.2,62.1,2.4,1.7,141,17.609929078014183,0
43831,West Coast Eagles,Sydney Swans,2025-08-23,24,10.333333333333334,0.3333333333333333,72.33333333333333,1.6666666666666667,2.0,10.2,0.4,75.4,2.2,2.6,12.0,0.3,79.3,2.9,2.0,42,11.547619047619047,1
43832,Adelaide Crows,Collingwood Magpies,2025-09-04,QF,14.0,1.3333333333333333,65.33333333333333,1.0,8.666666666666666,13.8,1.2,64.0,1.6,7.8,12.3,1.2,61.3,1.5,8.2,101,10.13861386138614,1
43833,Carlton Blues,Port Adelaide Power,2025-08-16,23,12.333333333333334,0.6666666666666666,53.333333333333336,3.333333333333333,4.666666666666667,10.2,0.4,45.4,3.2,3.0,12.5,0.8,59.7,3.6,5.6,75,12.586666666666666,1
43834,Greater Western Sydney Giants,North Melbourne Kangaroos,2012-09-01,23,4.666666666666667,0.0,22.666666666666668,1.0,0.3333333333333333,5.6,0.0,28.2,1.0,0.4,5.111111111111111,0.1111111111111111,26.22222222222222,1.1111111111111112,1.0,9,5.111111111111111,1
43835,West Coast Eagles,Fremantle Dockers,2023-08-12,22,11.333333333333334,0.0,53.66666666666666,2.333333333333333,0.0,11.2,0.0,53.8,2.2,0.0,11.3,0.0,52.6,2.4,0.0,23,12.695652173913045,1
43836,Richmond Tigers,Port Adelaide Power,2014-09-07,EF,18.0,0.6666666666666666,74.33333333333333,5.0,4.666666666666667,17.4,0.4,68.0,4.8,2.8,18.3,0.2,68.5,4.3,1.5,153,20.431372549019606,0
43837,Sydney Swans,Fremantle Dockers,2020-08-22,13,10.0,1.0,46.0,1.0,6.0,10.0,1.0,46.0,1.0,6.0,10.0,1.0,46.0,1.0,6.0,1,10.0,0
43838,Sydney Swans,Hawthorn Hawks,2017-07-28,19,9.666666666666666,0.3333333333333333,44.0,5.0,2.0,10.2,0.2,46.6,4.8,1.6,10.2,0.2,46.6,4.8,1.6,5,10.2,0
43839,North Melbourne Kangaroos,Western Bulldogs,2024-08-18,23,14.666666666666666,0.3333333333333333,68.0,2.0,3.0,13.6,0.4,61.4,2.4,3.4,13.2,0.6,61.8,2.4,4.5,34,11.705882352941176,0
43840,Essendon Bombers,Adelaide Crows,2003-07-11,15,10.0,0.0,42.0,1.3333333333333333,0.0,9.6,0.0,33.8,0.8,0.0,8.2,0.0,35.1,1.9,0.0,25,9.04,0
43841,Fremantle Dockers,St Kilda Saints,2013-08-31,23,,,,,,,,,,,,,,,,0,,0
43842,Brisbane Lions,Geelong Cats,2025-09-05,QF,11.333333333333334,0.3333333333333333,70.0,3.333333333333333,2.333333333333333,10.0,0.2,69.0,3.4,1.4,10.0,0.3,71.7,2.5,2.1,42,9.214285714285714,0
43843,Fremantle Dockers,Brisbane Lions,2009-07-18,16,14.333333333333334,0.6666666666666666,54.0,2.333333333333333,4.0,14.6,0.8,58.2,2.2,5.0,14.142857142857142,0.8571428571428571,59.42857142857143,2.2857142857142856,5.285714285714286,7,14.142857142857142,1
43844,Collingwood Magpies,Adelaide Crows,2025-09-04,QF,12.333333333333334,0.0,54.66666666666666,1.3333333333333333,0.0,11.8,0.0,51.2,1.0,0.0,10.4,0.0,41.5,0.8,0.0,55,9.836363636363636,0
43845,Sydney Swans,Collingwood Magpies,2024-08-09,22,17.333333333333332,0.0,72.0,3.0,0.0,16.6,0.2,65.8,2.0,1.2,13.6,0.4,58.2,2.7,2.6,75,13.386666666666668,1
43846,Sydney Swans,Greater Western Sydney Giants,2025-07-25,20,5.666666666666667,0.0,24.666666666666668,2.0,0.3333333333333333,6.0,0.0,25.6,2.0,0.2,7.1,0.1,31.0,1.5,0.7,55,10.290909090909093,0
43847,Sydney Swans,Essendon Bombers,2023-07-29,20,12.666666666666666,2.333333333333333,77.0,3.6666666666666665,15.333333333333334,10.4,1.8,57.4,2.6,11.8,10.2,1.8,55.2,2.1,11.9,267,14.771535580524343,0
43848,Port Adelaide Power,Gold Coast Suns,2022-06-26,15,5.0,0.3333333333333333,27.666666666666668,2.0,2.0,4.6,0.2,21.8,1.6,1.2,6.125,0.25,26.125,1.5,1.5,8,6.125,1
43849,St Kilda Saints,Western Bulldogs,2021-05-22,10,10.666666666666666,0.0,39.66666666666666,0.6666666666666666,0.0,10.4,0.0,36.4,0.4,0.0,9.5,0.0,32.9,0.4,0.0,240,14.05,0
43850,Fremantle Dockers,Western Bulldogs,2025-08-24,24,13.333333333333334,0.6666666666666666,62.333333333333336,2.6666666666666665,5.333333333333333,11.6,1.2,58.8,2.6,8.4,11.4,1.0,55.6,2.4,7.1,80,10.9625,0
43851,Brisbane Lions,Carlton Blues,2016-06-04,11,6.333333333333333,0.6666666666666666,32.333333333333336,1.3333333333333333,5.0,6.8,0.8,31.6,0.8,5.4,6.6,1.2,34.4,0.5,7.9,11,6.454545454545454,0
43852,St Kilda Saints,Essendon Bombers,2018-08-10,21,19.0,0.0,57.0,3.0,0.0,19.0,0.0,57.0,3.0,0.0,19.0,0.0,57.0,3.0,0.0,1,19.0,0
43853,Western Bulldogs,Fremantle Dockers,2025-08-24,24,17.666666666666668,0.3333333333333333,60.66666666666666,1.6666666666666667,3.0,16.4,0.4,60.2,2.4,3.0,17.0,0.8,64.7,2.4,5.3,27,17.51851851851852,1
43854,Brisbane Lions,St Kilda Saints,2017-04-09,3,7.0,0.0,28.666666666666668,2.0,0.0,9.6,0.0,43.4,2.6,0.0,8.1,0.0,34.4,1.9,0.0,45,8.311111111111112,0
43855,Melbourne Demons,Collingwood Magpies,2025-08-22,24,13.0,2.0,67.66666666666667,3.0,13.0,14.0,2.2,74.2,2.6,14.4,14.7,2.2,71.4,1.7,14.5,132,12.287878787878787,0
43856,Hawthorn Hawks,Essendon Bombers,2025-03-14,1,8.0,0.0,32.0,1.0,0.0,8.0,0.0,31.4,1.4,0.0,7.0,0.0,30.0,1.4,0.0,144,12.0625,1
43857,Brisbane Lions,Greater Western Sydney Giants,2022-07-16,18,9.333333333333334,0.6666666666666666,41.66666666666666,1.0,4.0,8.4,0.4,38.4,1.6,2.4,10.1,0.4,43.6,1.6,2.5,15,9.533333333333331,0
43858,Fremantle Dockers,Brisbane Lions,2025-08-15,23,6.0,0.0,16.666666666666668,0.3333333333333333,0.0,6.8,0.0,18.6,0.6,0.0,11.9,0.2,32.5,1.0,1.3,191,23.17801047120419,1
43859,West Coast Eagles,Carlton Blues,2024-08-18,23,16.333333333333332,0.3333333333333333,53.66666666666666,1.0,2.0,14.0,0.2,46.4,0.8,1.2,19.0,0.3,68.0,1.8,1.8,219,25.82191780821918,1
43860,Western Bulldogs,Fremantle Dockers,2025-04-06,4,13.666666666666666,0.0,53.333333333333336,1.3333333333333333,0.0,12.2,0.0,48.2,2.0,0.4,13.0,0.2,50.9,2.7,1.6,18,13.0,0
43861,Adelaide Crows,St Kilda Saints,2004-08-07,19,8.666666666666666,0.0,28.666666666666668,0.3333333333333333,0.0,9.6,0.2,35.8,1.6,1.2,11.4,0.2,45.5,1.9,1.4,27,12.74074074074074,0
43862,Adelaide Crows,Port Adelaide Power,2019-07-06,16,14.333333333333334,0.3333333333333333,65.66666666666667,1.3333333333333333,2.333333333333333,14.0,0.4,64.0,2.0,2.6,13.5,0.7,60.9,1.8,4.4,26,12.115384615384617,1
43863,St Kilda Saints,Fremantle Dockers,2011-08-05,20,13.666666666666666,0.6666666666666666,64.66666666666667,1.6666666666666667,5.333333333333333,13.6,1.4,67.8,2.4,9.4,12.3,1.1,61.2,2.6,7.4,29,12.517241379310343,1
43864,St Kilda Saints,Greater Western Sydney Giants,2025-08-24,24,18.33333333333333,0.3333333333333333,82.66666666666667,6.666666666666667,2.333333333333333,17.4,0.4,72.0,5.8,2.6,16.2,0.2,63.6,4.7,1.5,18,13.333333333333334,0
43865,Western Bulldogs,West Coast Eagles,2025-08-17,23,13.333333333333334,0.6666666666666666,51.66666666666666,2.6666666666666665,4.0,14.2,0.4,53.6,3.4,2.4,14.7,0.3,55.5,3.8,1.9,29,12.551724137931034,1
43866,Brisbane Lions,Geelong Cats,2025-09-05,QF,10.0,0.0,40.66666666666666,0.0,0.3333333333333333,10.2,0.0,42.6,1.2,0.2,9.1,0.1,38.9,1.1,0.8,133,11.954887218045112,0
43867,St Kilda Saints,Essendon Bombers,2008-08-31,22,9.0,0.3333333333333333,43.66666666666666,1.6666666666666667,2.0,11.4,0.8,52.6,1.6,5.0,12.9,0.7,60.6,1.7,4.4,48,10.375,0
43868,Western Bulldogs,Hawthorn Hawks,2025-06-05,13,8.0,0.0,29.33333333333333,1.0,0.0,7.2,0.0,30.0,1.4,0.0,9.3,0.1,39.2,1.4,0.6,41,9.0,1
43869,Melbourne Demons,Port Adelaide Power,2016-05-28,10,11.333333333333334,0.0,55.333333333333336,3.0,0.0,12.6,0.0,55.4,2.4,0.0,12.7,0.0,52.4,2.2,0.1,111,13.63963963963964,1
43870,Carlton Blues,Port Adelaide Power,2019-03-30,2,13.333333333333334,0.0,55.0,3.333333333333333,1.0,10.6,0.4,53.2,3.6,3.0,11.2,0.5,53.7,3.2,3.4,24,10.708333333333334,0
43871,North Melbourne Kangaroos,Greater Western Sydney Giants,2012-09-01,23,15.0,0.0,50.0,2.0,0.0,16.4,0.4,59.8,3.0,2.6,16.4,0.2,57.5,2.8,1.6,23,16.043478260869566,0
43872,Melbourne Demons,Collingwood Magpies,2019-06-10,12,9.0,1.3333333333333333,53.333333333333336,2.6666666666666665,9.0,11.6,1.4,59.6,2.4,9.8,10.8,1.3,54.3,3.0,8.6,145,11.517241379310343,0
43873,Port Adelaide Power,Greater Western Sydney Giants,2019-07-27,19,11.333333333333334,0.0,46.333333333333336,1.3333333333333333,0.0,11.333333333333334,0.0,46.333333333333336,1.3333333333333333,0.0,11.333333333333334,0.0,46.333333333333336,1.3333333333333333,0.0,3,11.333333333333334,1
43874,North Melbourne Kangaroos,Greater Western Sydney Giants,2021-06-13,13,15.333333333333334,1.3333333333333333,68.0,1.6666666666666667,8.0,13.6,1.4,60.8,1.6,8.4,14.1,0.9,60.3,2.3,5.7,37,13.432432432432432,1
43875,Richmond Tigers,Greater Western Sydney Giants,2021-08-13,22,10.0,0.0,35.333333333333336,1.0,0.0,10.4,0.0,41.8,1.8,0.0,9.5,0.0,40.0,1.6,0.0,13,9.384615384615383,0
43876,West Coast Eagles,Richmond Tigers,2004-05-29,10,5.666666666666667,0.0,25.0,1.0,0.6666666666666666,7.8,0.8,42.0,1.6,5.2,7.1,0.5,36.0,1.5,3.2,15,8.133333333333333,1
43877,Collingwood Magpies,Richmond Tigers,2016-04-01,2,8.666666666666666,0.3333333333333333,37.0,2.0,2.333333333333333,8.0,0.8,41.6,2.4,5.0,8.0,0.8,41.6,2.4,5.0,5,8.0,1
43878,Melbourne Demons,Collingwood Magpies,2025-08-22,24,20.33333333333333,0.6666666666666666,119.0,1.6666666666666667,4.0,19.0,0.6,109.4,1.6,3.8,19.0,0.4,108.0,1.9,2.9,192,16.072916666666668,0
43879,St Kilda Saints,Sydney Swans,2021-06-05,12,13.0,0.3333333333333333,53.0,3.0,2.333333333333333,12.2,0.2,48.2,2.6,1.4,12.2,0.1,50.3,2.0,0.7,170,16.55294117647059,0
43880,Melbourne Demons,Sydney Swans,2014-04-26,6,8.0,0.0,28.33333333333333,0.6666666666666666,0.0,10.8,0.0,43.2,1.8,0.0,10.8,0.0,43.2,1.8,0.0,5,10.8,1
43881,Port Adelaide Power,Gold Coast Suns,2025-08-22,24,11.333333333333334,2.0,62.0,0.6666666666666666,13.666666666666666,12.4,1.8,62.8,1.4,12.4,12.1,2.9,71.7,1.1,19.7,67,10.611940298507465,1
43882,Carlton Blues,Sydney Swans,2021-05-30,11,13.333333333333334,0.3333333333333333,53.0,2.0,2.6666666666666665,16.6,0.4,67.0,2.2,3.2,15.6,0.8,67.1,2.2,5.4,33,14.787878787878787,0
43883,Western Bulldogs,Greater Western Sydney Giants,2014-08-31,23,8.333333333333334,0.6666666666666666,32.666666666666664,0.3333333333333333,4.666666666666667,9.2,0.8,40.2,0.6,5.6,8.9,0.9,40.6,0.9,6.0,206,17.40776699029126,1
43884,Adelaide Crows,Carlton Blues,2020-09-13,17,12.333333333333334,0.0,44.0,2.333333333333333,0.0,18.2,0.0,68.6,3.0,0.0,19.2,0.2,77.1,3.4,1.3,219,23.21461187214612,0
43885,Richmond Tigers,Geelong Cats,2025-08-23,24,7.0,0.0,29.666666666666668,1.6666666666666667,0.0,5.6,0.0,25.6,1.6,0.2,6.5,0.3,29.4,1.2,1.9,16,8.0,1
43886,Adelaide Crows,Hawthorn Hawks,2018-06-16,13,23.33333333333333,0.6666666666666666,90.66666666666669,2.6666666666666665,4.333333333333333,22.4,0.6,88.8,2.8,4.0,23.0,0.4,88.7,2.9,2.8,106,22.12264150943396,0
43887,Hawthorn Hawks,Gold Coast Suns,2017-06-10,12,17.0,0.0,75.33333333333333,2.0,0.0,17.8,0.0,68.2,1.6,0.0,16.6,0.0,58.8,1.5,0.0,174,17.235632183908045,1
43888,Western Bulldogs,St Kilda Saints,2012-07-29,18,18.0,0.0,67.66666666666667,1.0,0.0,16.2,0.0,63.4,2.2,0.0,15.9,0.2,61.4,1.9,1.2,205,18.360975609756096,0
43889,St Kilda Saints,North Melbourne Kangaroos,2018-08-26,23,12.0,0.0,52.0,3.6666666666666665,0.0,11.2,0.0,40.6,2.6,0.0,12.2,0.0,47.6,3.2,0.1,161,16.70807453416149,1
43890,West Coast Eagles,Fremantle Dockers,2017-04-29,6,8.0,0.3333333333333333,66.0,4.0,2.333333333333333,7.2,0.4,60.0,3.6,2.6,8.1,0.3,60.3,2.9,2.1,46,11.282608695652174,1
43891,Greater Western Sydney Giants,Richmond Tigers,2014-05-24,10,11.333333333333334,0.0,58.0,2.6666666666666665,0.0,14.8,0.0,67.8,1.8,0.0,14.5,0.0,62.1,1.5,0.0,87,12.954022988505749,1
43892,Gold Coast Suns,Greater Western Sydney Giants,2013-09-01,23,11.666666666666666,0.3333333333333333,41.0,1.3333333333333333,2.333333333333333,9.8,0.4,37.4,1.4,2.8,9.8,0.4,37.4,1.4,2.8,5,9.8,1
43893,Melbourne Demons,Essendon Bombers,2013-04-06,2,15.333333333333334,0.0,59.66666666666666,1.3333333333333333,0.0,14.4,0.2,56.6,1.6,1.2,11.4,0.1,42.2,1.1,0.6,12,11.25,0
43894,Adelaide Crows,Fremantle Dockers,2009-04-12,3,12.333333333333334,1.6666666666666667,64.66666666666667,1.0,11.333333333333334,12.6,1.6,64.6,1.4,11.0,11.6,1.3,61.8,1.5,9.1,14,11.428571428571429,0
43895,Fremantle Dockers,Carlton Blues,2009-07-05,14,13.333333333333334,0.0,65.66666666666667,2.0,0.0,14.2,0.0,66.6,2.2,0.0,16.4,0.1,70.3,2.4,0.8,37,14.54054054054054,1
43896,West Coast Eagles,Sydney Swans,2025-08-23,24,16.0,0.0,64.0,3.0,0.0,15.0,0.0,60.8,2.2,0.0,14.7,0.0,60.7,2.4,0.0,49,14.551020408163266,1
43897,Hawthorn Hawks,Brisbane Lions,2025-08-24,24,22.33333333333333,0.6666666666666666,76.66666666666667,1.3333333333333333,4.333333333333333,21.2,0.8,79.0,2.4,5.0,20.6,1.0,78.3,2.2,6.2,63,14.158730158730158,0
43898,West Coast Eagles,North Melbourne Kangaroos,2022-03-27,2,9.333333333333334,0.3333333333333333,39.66666666666666,0.3333333333333333,2.0,9.8,0.4,41.6,1.0,2.6,13.0,0.3,51.0,2.5,2.1,13,13.461538461538462,0
43899,Hawthorn Hawks,Adelaide Crows,2020-09-01,15,12.0,0.3333333333333333,54.0,2.333333333333333,2.0,12.2,0.2,55.2,2.2,1.2,12.2,0.2,51.8,2.2,1.3,16,12.5625,1
43900,Essendon Bombers,Gold Coast Suns,2021-08-15,22,7.666666666666667,0.0,40.66666666666666,2.6666666666666665,0.0,10.4,0.0,47.2,2.4,0.0,10.2,0.0,41.4,2.0,0.0,79,15.063291139240508,0
43901,Gold Coast Suns,West Coast Eagles,2015-08-01,18,8.666666666666666,0.0,38.0,3.0,0.0,11.75,0.25,52.5,3.25,1.75,11.75,0.25,52.5,3.25,1.75,4,11.75,1
43902,North Melbourne Kangaroos,Greater Western Sydney Giants,2024-03-16,1,16.0,0.0,59.66666666666666,2.0,0.0,13.2,0.0,50.4,1.4,0.0,13.88888888888889,0.0,54.333333333333336,1.2222222222222223,0.1111111111111111,9,13.88888888888889,0
43903,Essendon Bombers,Port Adelaide Power,2018-08-24,23,15.666666666666666,0.0,52.66666666666666,0.0,0.0,17.6,0.0,55.8,0.6,0.0,20.5,0.0,69.7,1.3,0.0,248,22.56451612903226,0
43904,Carlton Blues,West Coast Eagles,2019-08-04,20,4.0,0.3333333333333333,18.33333333333333,1.6666666666666667,2.0,8.6,0.2,30.6,1.4,1.2,10.11111111111111,0.1111111111111111,34.888888888888886,1.1111111111111112,0.6666666666666666,9,10.11111111111111,1
43905,Collingwood Magpies,Essendon Bombers,2023-08-25,24,21.33333333333333,0.3333333333333333,76.0,4.0,2.0,22.6,0.4,84.2,3.8,2.6,25.0,0.4,88.3,3.5,3.1,107,18.79439252336449,0
43906,Brisbane Lions,Gold Coast Suns,2015-05-02,5,17.666666666666668,0.0,68.0,2.0,0.3333333333333333,15.2,0.0,61.0,2.0,0.2,15.2,0.0,60.5,1.9,0.1,43,17.27906976744186,0
43907,Collingwood Magpies,Greater Western Sydney Giants,2018-09-15,SF,11.666666666666666,0.0,56.0,3.333333333333333,0.3333333333333333,12.8,0.0,55.6,2.8,0.4,12.9,0.0,53.5,2.7,0.3,127,11.73228346456693,1
43908,Essendon Bombers,Gold Coast Suns,2025-08-27,24,15.666666666666666,0.0,78.33333333333333,2.6666666666666665,0.0,14.0,0.0,67.6,1.8,0.0,12.8,0.1,66.1,1.5,0.6,256,13.1484375,0
43909,Greater Western Sydney Giants,Collingwood Magpies,2014-08-23,22,8.333333333333334,0.0,25.33333333333333,0.6666666666666666,0.0,8.5,0.0,26.75,0.5,0.0,8.5,0.0,26.75,0.5,0.0,4,8.5,1
43910,Adelaide Crows,Port Adelaide Power,2024-08-17,23,7.333333333333333,0.6666666666666666,40.66666666666666,1.3333333333333333,4.666666666666667,7.4,1.0,40.6,1.0,7.0,7.8,1.1,43.0,1.2,7.4,11,8.090909090909092,0
43911,Western Bulldogs,Brisbane Lions,2015-09-05,23,12.333333333333334,0.3333333333333333,47.66666666666666,2.333333333333333,2.0,11.2,0.2,46.0,3.0,1.4,14.6,0.2,58.2,2.6,1.3,18,17.0,0
43912,Collingwood Magpies,Port Adelaide Power,2016-06-05,11,11.0,0.0,41.0,0.0,0.0,11.0,0.0,41.0,0.0,0.0,11.0,0.0,41.0,0.0,0.0,1,11.0,1
43913,Richmond Tigers,St Kilda Saints,2015-07-19,16,12.666666666666666,0.3333333333333333,49.66666666666666,1.0,3.0,10.6,0.6,43.0,0.8,4.4,11.0,0.8,47.6,1.2,5.5,15,10.933333333333334,0
43914,Carlton Blues,St Kilda Saints,2016-06-12,12,15.0,1.3333333333333333,70.0,2.0,8.333333333333334,12.4,1.0,60.2,2.6,6.2,12.7,0.7,60.7,1.9,4.4,25,10.76,0
43915,Sydney Swans,North Melbourne Kangaroos,2023-05-20,10,9.0,0.0,35.0,2.0,0.0,9.0,0.0,35.0,2.0,0.0,9.0,0.0,35.0,2.0,0.0,1,9.0,0
43916,Richmond Tigers,Melbourne Demons,2011-06-25,14,13.666666666666666,0.0,50.0,0.3333333333333333,0.0,13.666666666666666,0.0,50.0,0.3333333333333333,0.0,13.666666666666666,0.0,50.0,0.3333333333333333,0.0,3,13.666666666666666,1
43917,Western Bulldogs,St Kilda Saints,2020-06-14,2,10.333333333333334,1.3333333333333333,45.333333333333336,0.3333333333333333,9.666666666666666,9.8,1.0,42.8,1.0,7.4,10.2,1.5,52.3,1.5,10.3,24,11.791666666666666,0
43918,Richmond Tigers,Gold Coast Suns,2012-07-14,16,8.666666666666666,0.6666666666666666,71.33333333333333,4.666666666666667,4.333333333333333,8.4,0.4,61.8,4.2,2.6,10.0,0.3,69.2,3.9,2.0,40,9.425,1
43919,Gold Coast Suns,North Melbourne Kangaroos,2022-08-20,23,10.0,0.0,49.66666666666666,1.6666666666666667,0.0,10.4,0.0,45.8,1.0,0.0,9.5,0.1,42.8,1.2,0.6,32,7.875,0
43920,West Coast Eagles,Sydney Swans,2025-08-23,24,17.666666666666668,0.0,83.33333333333333,9.0,0.0,19.8,0.0,85.4,7.8,0.0,19.2,0.1,82.0,7.3,0.7,109,17.155963302752294,1
43921,West Coast Eagles,Hawthorn Hawks,2008-06-27,14,12.0,0.0,46.66666666666666,1.3333333333333333,0.3333333333333333,12.0,0.0,47.8,1.4,0.2,11.3,0.1,48.0,1.0,0.7,29,11.0,0
43922,Carlton Blues,Fremantle Dockers,2018-08-12,21,15.0,0.0,52.333333333333336,3.0,0.3333333333333333,16.4,0.0,58.4,3.0,0.4,17.0,0.2,66.8,3.3,1.7,38,16.07894736842105,0
43923,Gold Coast Suns,North Melbourne Kangaroos,2025-04-12,5,11.666666666666666,1.6666666666666667,62.0,4.0,10.666666666666666,13.0,1.4,67.2,4.6,9.0,11.1,1.0,54.4,4.0,6.3,16,12.5625,0
43924,Hawthorn Hawks,Melbourne Demons,2023-08-20,23,5.0,0.6666666666666666,24.666666666666668,0.3333333333333333,4.333333333333333,5.6,0.6,25.4,0.6,3.8,6.7,0.3,29.2,0.9,1.9,23,7.6521739130434785,0
43925,St Kilda Saints,Carlton Blues,2012-09-02,23,23.33333333333333,0.0,87.0,2.6666666666666665,0.0,21.2,0.2,85.0,3.0,1.2,21.1,0.4,85.8,2.9,2.7,118,20.805084745762716,0
43926,Gold Coast Suns,Fremantle Dockers,2017-08-05,20,13.0,0.3333333333333333,57.0,2.333333333333333,2.6666666666666665,14.0,0.4,54.0,1.6,2.8,12.3,0.5,50.1,1.9,3.5,79,13.30379746835443,0
43927,Port Adelaide Power,Adelaide Crows,2022-08-20,23,16.0,0.6666666666666666,56.66666666666666,3.333333333333333,4.0,18.0,0.4,63.8,3.2,2.4,16.5,0.4,61.0,3.0,2.5,270,19.42222222222222,1
43928,Sydney Swans,Richmond Tigers,2020-07-12,6,10.333333333333334,0.0,37.333333333333336,2.0,0.3333333333333333,11.6,0.2,45.4,2.2,1.6,12.8,0.3,52.1,2.5,2.3,85,17.847058823529412,0
43929,Hawthorn Hawks,Brisbane Lions,2021-08-01,20,16.666666666666668,0.0,64.33333333333333,2.333333333333333,0.0,14.0,0.2,54.8,2.0,1.2,15.25,0.125,60.625,1.875,0.75,8,15.25,1
43930,Hawthorn Hawks,North Melbourne Kangaroos,2023-07-16,18,9.666666666666666,2.333333333333333,62.66666666666666,2.0,15.0,9.4,2.2,54.4,1.4,14.2,8.8,1.5,49.3,1.3,10.4,11,8.454545454545455,0
43931,Hawthorn Hawks,Geelong Cats,2005-07-03,14,13.333333333333334,0.0,45.0,1.0,0.0,14.6,0.0,53.8,1.8,0.0,13.8,0.0,54.1,2.3,0.0,35,14.028571428571428,0
43932,Greater Western Sydney Giants,Hawthorn Hawks,2025-09-06,EF,16.333333333333332,2.6666666666666665,87.33333333333333,2.333333333333333,18.0,15.4,2.4,79.4,2.4,15.8,15.5,2.1,82.5,3.5,14.0,199,20.371859296482413,1
43933,North Melbourne Kangaroos,Geelong Cats,2024-04-14,5,13.0,0.6666666666666666,64.66666666666667,5.333333333333333,5.0,13.2,0.4,61.2,5.4,3.2,14.6,0.4,62.3,5.4,2.8,97,16.61855670103093,0
43934,Collingwood Magpies,West Coast Eagles,2021-04-16,5,10.333333333333334,0.3333333333333333,38.66666666666666,2.6666666666666665,2.0,11.8,0.2,41.6,2.0,1.2,13.7,0.1,51.4,2.1,0.6,125,16.568,0
43935,Essendon Bombers,West Coast Eagles,2018-06-21,14,8.666666666666666,0.6666666666666666,38.333333333333336,2.0,4.666666666666667,10.4,1.2,49.6,2.6,7.8,11.4,1.2,54.0,3.1,8.3,88,11.659090909090908,0
43936,Greater Western Sydney Giants,Hawthorn Hawks,2025-09-06,EF,29.0,0.6666666666666666,94.33333333333331,3.333333333333333,5.0,25.6,0.6,84.4,3.8,4.2,27.4,0.5,91.2,3.6,3.7,85,26.788235294117648,1
43937,Geelong Cats,Richmond Tigers,2018-06-17,13,5.333333333333333,0.3333333333333333,37.333333333333336,5.0,2.0,8.8,0.4,48.6,4.0,2.4,10.5,0.5,51.7,3.8,3.4,26,11.5,1
43938,Essendon Bombers,Carlton Blues,2025-08-21,24,17.0,0.3333333333333333,70.33333333333333,4.333333333333333,2.0,16.0,0.2,63.8,4.0,1.2,13.1,0.6,55.0,2.9,4.0,142,17.119718309859156,1
43939,Fremantle Dockers,Collingwood Magpies,2018-08-25,23,10.333333333333334,0.3333333333333333,42.66666666666666,3.333333333333333,2.6666666666666665,9.0,0.6,35.4,2.0,4.0,8.8,0.5,38.8,3.0,3.6,17,10.764705882352942,1
43940,Greater Western Sydney Giants,Collingwood Magpies,2018-09-15,SF,12.333333333333334,0.6666666666666666,51.66666666666666,2.333333333333333,5.333333333333333,14.6,0.6,55.6,2.8,4.8,15.9,0.9,61.5,2.4,6.3,256,21.17578125,0
43941,Fremantle Dockers,Essendon Bombers,2017-08-27,23,11.0,0.3333333333333333,85.33333333333333,4.333333333333333,2.0,9.4,0.4,76.0,4.0,2.4,9.2,0.3,70.6,3.9,2.1,78,9.461538461538462,0
43942,Richmond Tigers,Collingwood Magpies,2017-03-30,2,8.666666666666666,0.0,53.0,3.6666666666666665,0.3333333333333333,10.8,0.8,73.0,3.4,5.6,10.3,0.7,64.9,3.3,4.9,51,8.686274509803921,1
43943,Adelaide Crows,Carlton Blues,2015-06-06,10,13.333333333333334,0.6666666666666666,63.333333333333336,3.0,4.333333333333333,11.6,0.4,49.8,2.0,2.8,12.9,0.9,59.0,2.4,6.0,13,13.384615384615383,0
43944,Richmond Tigers,Western Bulldogs,2018-08-25,23,21.33333333333333,0.0,79.0,4.0,0.0,20.4,0.2,74.8,3.4,1.2,21.5,0.2,79.1,2.9,1.2,169,21.14201183431953,1
43945,North Melbourne Kangaroos,Brisbane Lions,2008-08-02,18,10.333333333333334,0.0,32.333333333333336,2.333333333333333,0.0,10.4,0.2,36.4,2.8,1.2,9.1,0.2,33.8,2.1,1.3,12,9.083333333333334,1
43946,North Melbourne Kangaroos,Melbourne Demons,2014-08-30,23,17.0,0.0,64.66666666666667,1.0,0.0,19.0,0.0,67.8,1.0,0.0,17.2,0.1,64.1,1.2,0.6,69,17.18840579710145,1
43947,Richmond Tigers,Port Adelaide Power,2024-03-24,2,9.666666666666666,0.0,37.0,2.0,0.0,8.4,0.0,32.6,1.8,0.0,8.2,0.0,30.7,1.9,0.0,174,11.218390804597702,1
43948,Melbourne Demons,St Kilda Saints,2016-07-17,17,27.0,0.6666666666666666,117.33333333333331,5.0,4.333333333333333,21.2,0.4,90.2,3.4,2.6,19.5,0.2,75.5,2.7,1.4,75,20.28,0
43949,Essendon Bombers,Gold Coast Suns,2016-08-14,21,7.333333333333333,1.3333333333333333,45.333333333333336,1.6666666666666667,8.0,9.4,1.2,50.2,1.0,7.6,9.4,1.2,50.2,1.0,7.6,5,9.4,1
43950,Sydney Swans,West Coast Eagles,2025-08-23,24,25.666666666666668,0.6666666666666666,121.0,2.0,4.666666666666667,23.8,0.4,123.6,3.0,2.8,22.6,0.5,125.2,3.9,3.4,186,17.655913978494624,0
43951,Sydney Swans,Western Bulldogs,2019-03-23,1,15.0,0.3333333333333333,54.0,0.3333333333333333,2.0,16.2,0.2,62.4,1.6,1.2,17.1,0.1,64.8,1.2,0.6,199,16.56281407035176,0
43952,Essendon Bombers,Carlton Blues,2025-08-21,24,6.666666666666667,0.6666666666666666,33.333333333333336,2.333333333333333,4.333333333333333,9.0,0.4,38.8,2.4,2.8,9.2,0.6,42.3,3.2,4.1,103,12.368932038834952,1
43953,Sydney Swans,West Coast Eagles,2025-08-23,24,27.33333333333333,0.3333333333333333,98.33333333333331,5.0,2.333333333333333,26.8,0.4,95.8,4.0,2.6,25.4,0.4,98.2,4.7,2.5,102,22.94117647058824,0
43954,Essendon Bombers,West Coast Eagles,2013-08-11,20,6.333333333333333,1.0,33.333333333333336,0.3333333333333333,6.333333333333333,7.6,1.6,45.6,1.0,10.0,9.3,1.9,53.6,0.9,12.2,30,9.566666666666666,1
43955,Hawthorn Hawks,Geelong Cats,2025-09-19,PF,11.0,4.333333333333333,76.0,1.0,28.33333333333333,12.8,3.8,76.6,1.0,24.8,12.1,3.4,71.0,0.7,22.0,207,14.202898550724637,0
43956,Geelong Cats,Gold Coast Suns,2024-05-16,10,23.0,0.0,98.66666666666669,6.333333333333333,0.0,24.4,0.0,98.0,5.0,0.0,22.3,0.5,88.2,4.2,3.2,182,19.478021978021975,0
43957,Geelong Cats,Brisbane Lions,2025-09-05,QF,16.0,0.0,81.66666666666667,3.0,0.0,15.8,0.0,76.8,2.4,0.0,16.5,0.0,78.4,2.7,0.1,97,15.29896907216495,1
43958,Essendon Bombers,Richmond Tigers,2016-07-16,17,20.33333333333333,0.0,73.33333333333333,1.3333333333333333,0.0,19.6,0.0,75.0,2.0,0.0,20.4,0.0,77.9,1.7,0.0,112,16.616071428571427,0
43959,Melbourne Demons,Gold Coast Suns,2012-08-05,19,16.666666666666668,0.0,77.66666666666667,5.0,0.6666666666666666,17.6,0.2,77.4,4.8,1.6,18.4,0.1,74.4,4.2,1.0,14,19.428571428571427,1
43960,Fremantle Dockers,Port Adelaide Power,2007-09-01,22,7.333333333333333,0.0,27.33333333333333,1.3333333333333333,0.0,9.6,0.0,39.8,2.4,0.0,11.8,0.0,48.3,2.0,0.0,45,10.88888888888889,0
43961,Carlton Blues,Geelong Cats,2010-08-20,21,18.33333333333333,0.3333333333333333,76.66666666666667,6.333333333333333,2.333333333333333,18.6,0.2,72.4,5.8,1.4,18.1,0.1,64.3,4.1,0.8,45,16.244444444444444,0
43962,Fremantle Dockers,Port Adelaide Power,2003-06-08,11,7.333333333333333,0.3333333333333333,40.0,3.333333333333333,2.333333333333333,11.0,0.4,53.6,4.2,2.6,11.2,0.4,52.0,3.1,2.6,11,11.818181818181818,0
43963,Hawthorn Hawks,Carlton Blues,2015-09-05,23,10.0,0.3333333333333333,58.333333333333336,2.6666666666666665,2.333333333333333,10.2,0.6,53.4,2.2,3.8,10.8,0.6,59.2,2.3,4.0,174,10.775862068965518,1
43964,Gold Coast Suns,Port Adelaide Power,2017-08-26,23,23.33333333333333,0.3333333333333333,81.66666666666667,4.0,2.333333333333333,21.4,0.4,74.8,3.6,2.6,18.4,0.4,67.9,3.8,2.6,20,17.45,0
43965,North Melbourne Kangaroos,Greater Western Sydney Giants,2023-06-11,13,21.0,0.0,76.33333333333333,2.0,0.0,22.2,0.2,87.2,2.6,1.4,21.5,0.1,82.1,2.4,0.9,134,20.32089552238806,1
43966,Collingwood Magpies,Essendon Bombers,2005-07-15,16,,,,,,,,,,,,,,,,0,,1
43967,Port Adelaide Power,Hawthorn Hawks,2003-08-03,18,3.0,0.0,8.0,0.0,0.0,3.0,0.0,8.0,0.0,0.0,3.0,0.0,8.0,0.0,0.0,1,3.0,0
43968,Essendon Bombers,Hawthorn Hawks,2002-06-14,12,,,,,,,,,,,,,,,,0,,0
43969,Gold Coast Suns,Essendon Bombers,2015-08-22,21,7.666666666666667,0.3333333333333333,48.0,3.6666666666666665,2.0,7.2,0.2,41.0,2.4,1.4,7.0,0.5,40.333333333333336,2.0,3.333333333333333,6,7.0,1
43970,Brisbane Lions,Carlton Blues,2007-07-22,16,8.0,0.0,29.5,0.5,0.0,8.0,0.0,29.5,0.5,0.0,8.0,0.0,29.5,0.5,0.0,2,8.0,1
43971,Adelaide Crows,Greater Western Sydney Giants,2024-06-29,16,14.333333333333334,0.0,62.0,3.0,0.0,10.8,0.0,46.4,2.4,0.0,10.4,0.0,42.9,2.6,0.0,32,9.625,1
43972,Greater Western Sydney Giants,Hawthorn Hawks,2023-04-16,5,13.666666666666666,0.3333333333333333,47.66666666666666,0.6666666666666666,2.333333333333333,10.25,0.25,35.75,0.5,1.75,10.25,0.25,35.75,0.5,1.75,4,10.25,1
43973,Sydney Swans,Greater Western Sydney Giants,2025-07-25,20,7.666666666666667,0.0,40.333333333333336,2.0,0.0,7.4,0.2,37.0,2.2,1.2,8.4,0.2,39.9,1.8,1.2,83,11.036144578313252,0
43974,Brisbane Lions,Geelong Cats,2017-07-08,16,7.333333333333333,0.3333333333333333,32.666666666666664,1.6666666666666667,2.0,6.4,0.2,31.8,2.4,1.2,7.444444444444445,0.1111111111111111,33.44444444444444,2.333333333333333,0.6666666666666666,9,7.444444444444445,1
43975,Richmond Tigers,Sydney Swans,2016-08-27,23,8.333333333333334,0.3333333333333333,62.0,1.3333333333333333,2.0,8.8,0.2,68.0,2.0,1.4,8.8,0.3,71.9,2.0,1.9,76,8.092105263157896,0
43976,Adelaide Crows,Richmond Tigers,2018-07-06,16,12.333333333333334,0.6666666666666666,57.333333333333336,3.333333333333333,4.333333333333333,14.6,0.8,66.4,4.6,5.0,14.7,0.4,68.5,5.3,2.6,52,15.057692307692308,0
43977,Essendon Bombers,Adelaide Crows,2016-07-31,19,14.333333333333334,1.0,67.33333333333333,3.333333333333333,6.333333333333333,13.2,0.6,62.0,3.0,3.8,10.5,0.4,51.4,3.2,2.8,11,9.909090909090908,0
43978,West Coast Eagles,Gold Coast Suns,2013-08-03,19,9.0,0.3333333333333333,47.333333333333336,2.0,3.0,9.2,1.0,50.4,2.0,6.8,9.1,0.8,47.5,2.5,5.4,35,11.17142857142857,1
43979,Essendon Bombers,Collingwood Magpies,2022-07-24,19,0.6666666666666666,0.0,-0.3333333333333333,0.0,0.0,3.2,0.0,10.8,0.4,0.0,6.3,0.0,23.8,0.8,0.2,44,9.977272727272728,0
43980,Western Bulldogs,Fremantle Dockers,2023-07-01,16,7.333333333333333,0.3333333333333333,36.333333333333336,1.6666666666666667,2.6666666666666665,7.2,0.4,36.0,2.0,3.2,9.6,0.3,43.7,1.8,2.2,59,10.576271186440678,1
43981,Gold Coast Suns,Melbourne Demons,2020-07-11,6,13.0,0.0,47.0,1.0,0.0,18.0,0.0,69.4,2.0,0.0,18.7,0.1,71.6,2.2,0.7,137,20.613138686131386,0
43982,St Kilda Saints,Sydney Swans,2022-08-21,23,17.0,0.0,49.333333333333336,1.3333333333333333,0.0,16.8,0.0,48.8,1.2,0.2,17.3,0.1,54.1,1.6,0.8,170,23.75294117647059,1
43983,Fremantle Dockers,Collingwood Magpies,2016-06-24,14,10.333333333333334,0.0,49.333333333333336,2.0,0.3333333333333333,10.2,0.2,51.4,1.8,1.8,8.7,0.3,43.7,1.5,2.1,15,7.733333333333333,0
43984,West Coast Eagles,Essendon Bombers,2010-04-16,4,10.333333333333334,1.6666666666666667,61.0,0.3333333333333333,11.0,10.2,1.6,59.6,0.6,10.6,9.3,1.1,51.6,1.5,7.5,56,11.0,1
43985,Hawthorn Hawks,Richmond Tigers,2021-08-21,23,9.666666666666666,0.3333333333333333,34.0,1.0,2.0,8.8,0.2,32.2,1.2,1.6,10.5,0.4,42.4,1.3,2.9,25,11.64,0
43986,North Melbourne Kangaroos,Brisbane Lions,2017-08-26,23,12.666666666666666,1.0,65.33333333333333,2.6666666666666665,6.666666666666667,14.4,0.6,68.2,2.6,4.0,14.2,0.3,65.7,2.7,2.1,119,13.521008403361344,0
43987,North Melbourne Kangaroos,St Kilda Saints,2025-08-03,21,7.666666666666667,0.3333333333333333,35.0,1.3333333333333333,2.333333333333333,8.4,0.6,37.8,1.2,3.8,8.1,0.3,33.8,0.8,1.9,19,8.157894736842104,0
43988,Gold Coast Suns,Sydney Swans,2021-08-21,23,13.0,0.0,61.333333333333336,1.6666666666666667,0.0,12.4,0.0,52.2,1.0,0.0,12.3,0.0,47.6,0.9,0.0,205,18.93170731707317,0
43989,North Melbourne Kangaroos,Greater Western Sydney Giants,2025-08-10,22,15.0,0.0,56.66666666666666,0.6666666666666666,0.0,16.0,0.0,56.8,1.0,0.0,14.4,0.0,51.6,0.8,0.0,12,13.416666666666666,0
43990,Essendon Bombers,Port Adelaide Power,2014-07-05,16,3.6666666666666665,0.0,24.33333333333333,2.333333333333333,1.0,4.8,1.0,36.0,2.0,6.6,9.0,1.0,51.9,2.2,6.5,55,12.345454545454546,0
43991,North Melbourne Kangaroos,Melbourne Demons,2010-08-29,22,21.33333333333333,0.0,83.33333333333333,2.6666666666666665,0.3333333333333333,19.6,0.0,75.8,2.4,0.2,15.2,0.3,62.0,2.1,2.0,108,11.63888888888889,0
43992,Port Adelaide Power,Western Bulldogs,2010-07-17,16,9.333333333333334,0.3333333333333333,50.333333333333336,5.333333333333333,2.333333333333333,11.4,0.2,46.6,3.4,1.8,12.0,0.3,47.6,3.0,2.3,49,11.081632653061224,0
43993,Hawthorn Hawks,Brisbane Lions,2025-08-24,24,15.0,0.0,48.333333333333336,0.6666666666666666,0.0,17.0,0.0,60.2,1.6,0.0,15.2,0.0,60.2,2.1,0.1,152,16.473684210526315,0
43994,Western Bulldogs,Richmond Tigers,2012-08-12,20,17.333333333333332,0.0,57.66666666666666,1.3333333333333333,0.0,20.4,0.2,76.0,1.6,1.4,20.0,0.1,72.1,1.3,0.8,163,16.484662576687118,0
43995,North Melbourne Kangaroos,Sydney Swans,2013-04-13,3,5.0,1.3333333333333333,36.333333333333336,3.6666666666666665,8.0,5.8,1.0,41.2,4.4,6.2,8.1,1.3,47.5,3.5,8.4,30,8.866666666666667,1
43996,Western Bulldogs,Sydney Swans,2025-06-27,16,15.666666666666666,0.3333333333333333,54.333333333333336,1.0,3.333333333333333,14.8,0.2,50.2,0.8,2.0,15.7,0.4,57.4,1.8,2.9,131,18.01526717557252,0
43997,Collingwood Magpies,Richmond Tigers,2024-07-28,20,9.666666666666666,0.6666666666666666,46.66666666666666,2.6666666666666665,4.333333333333333,10.4,1.2,50.6,2.2,7.4,8.6,0.9,40.6,2.4,5.5,13,8.846153846153847,1
43998,Gold Coast Suns,Geelong Cats,2011-08-06,20,16.0,0.0,62.0,4.333333333333333,0.0,14.8,0.0,57.8,4.0,0.0,17.5,0.1,64.0,3.5,0.8,125,16.72,0
43999,Melbourne Demons,North Melbourne Kangaroos,2019-08-24,23,17.333333333333332,0.0,63.0,1.3333333333333333,0.0,17.0,0.0,69.8,3.0,0.2,15.8,0.1,66.2,3.8,1.0,34,12.117647058823527,0
44000,Richmond Tigers,Hawthorn Hawks,2007-07-15,15,16.0,0.3333333333333333,69.0,2.0,2.333333333333333,13.8,0.2,56.4,1.8,1.4,13.5,0.1,52.0,1.6,0.8,28,12.321428571428571,0
44001,Hawthorn Hawks,Fremantle Dockers,2022-06-11,13,5.333333333333333,0.0,18.0,0.3333333333333333,0.0,7.2,0.0,24.2,0.2,0.0,8.6,0.0,31.6,0.8,0.0,105,11.314285714285717,0
44002,Port Adelaide Power,Gold Coast Suns,2021-06-19,14,10.333333333333334,0.3333333333333333,43.0,1.3333333333333333,2.0,14.4,0.2,54.0,1.8,1.4,15.3,0.1,56.7,1.9,0.7,149,19.328859060402685,0
44003,Carlton Blues,Collingwood Magpies,2009-07-24,17,9.0,0.0,36.333333333333336,1.3333333333333333,0.0,7.8,0.2,36.2,1.4,1.6,8.5,0.25,40.125,1.375,2.125,8,8.5,1
44004,Hawthorn Hawks,Fremantle Dockers,2021-04-11,4,13.0,0.0,47.66666666666666,2.0,0.0,14.2,0.0,54.4,2.2,0.0,13.7,0.0,55.9,2.0,0.0,37,10.864864864864863,0
44005,Geelong Cats,Hawthorn Hawks,2014-08-23,22,4.333333333333333,0.3333333333333333,21.33333333333333,1.6666666666666667,2.0,6.75,0.25,30.75,2.5,1.5,6.75,0.25,30.75,2.5,1.5,4,6.75,0
44006,North Melbourne Kangaroos,Western Bulldogs,2018-06-23,14,15.666666666666666,0.3333333333333333,60.333333333333336,3.333333333333333,2.0,16.4,0.4,62.8,3.2,2.6,19.3,0.5,72.1,2.7,3.5,56,18.107142857142858,0
44007,North Melbourne Kangaroos,Richmond Tigers,2025-08-17,23,7.333333333333333,1.3333333333333333,42.66666666666666,1.3333333333333333,8.333333333333334,10.0,1.8,55.2,1.4,11.6,9.75,1.25,51.25,1.625,8.0,8,9.75,1
44008,North Melbourne Kangaroos,Adelaide Crows,2004-07-30,18,8.333333333333334,1.3333333333333333,43.0,1.3333333333333333,9.0,10.4,1.6,56.0,1.6,10.8,8.5,1.5,45.25,1.125,10.0,8,8.5,0
44009,Brisbane Lions,Port Adelaide Power,2017-06-17,13,14.666666666666666,0.0,60.0,3.6666666666666665,0.0,11.8,0.0,45.8,2.8,0.0,12.5,0.0,50.0,3.3,0.0,68,15.352941176470589,0
44010,St Kilda Saints,North Melbourne Kangaroos,2025-08-03,21,10.0,0.0,37.66666666666666,1.6666666666666667,0.3333333333333333,10.2,0.0,43.2,2.2,0.4,7.8,0.0,31.8,1.5,0.2,10,7.8,1
44011,Adelaide Crows,Melbourne Demons,2023-07-23,19,17.333333333333332,0.0,64.66666666666667,3.333333333333333,0.3333333333333333,20.4,0.0,72.2,3.4,0.2,18.0,0.0,72.6,4.7,0.5,20,16.45,0
44012,Geelong Cats,Carlton Blues,2024-06-21,15,11.333333333333334,1.6666666666666667,64.66666666666667,1.6666666666666667,11.0,10.4,1.8,58.8,1.2,11.8,9.0,1.8,54.0,0.9,11.8,266,12.390977443609025,0
44013,Brisbane Lions,Western Bulldogs,2012-09-02,23,16.333333333333332,0.3333333333333333,59.0,1.0,2.333333333333333,15.4,0.4,58.0,1.0,2.6,14.9,0.4,60.3,2.3,2.5,25,14.12,1
44014,Fremantle Dockers,Sydney Swans,2011-07-17,17,10.666666666666666,0.0,51.0,3.333333333333333,0.0,11.4,0.2,52.2,2.6,1.2,14.1,0.1,56.0,1.9,0.6,102,13.84313725490196,0
44015,North Melbourne Kangaroos,Greater Western Sydney Giants,2022-06-12,13,11.0,0.0,44.66666666666666,1.3333333333333333,0.0,9.8,0.0,39.4,1.6,0.0,9.2,0.0,37.0,1.8,0.0,12,8.666666666666666,1
44016,St Kilda Saints,Gold Coast Suns,2022-04-16,5,14.0,1.3333333333333333,72.33333333333333,2.333333333333333,8.333333333333334,14.0,1.3333333333333333,72.33333333333333,2.333333333333333,8.333333333333334,14.0,1.3333333333333333,72.33333333333333,2.333333333333333,8.333333333333334,3,14.0,1
44017,Port Adelaide Power,Richmond Tigers,2023-08-27,24,9.666666666666666,0.0,58.0,2.6666666666666665,0.0,9.0,0.0,55.6,1.6,0.0,8.142857142857142,0.0,56.0,2.0,0.0,7,8.142857142857142,1
44018,Carlton Blues,Geelong Cats,2022-07-16,18,8.333333333333334,0.0,31.0,2.0,0.0,9.6,0.0,39.6,2.6,0.0,12.9,0.3,53.5,3.2,1.8,12,13.75,1
44019,Carlton Blues,Essendon Bombers,2025-08-21,24,20.0,0.0,79.0,2.0,0.3333333333333333,18.4,0.0,72.4,2.0,0.2,18.1,0.0,76.5,1.9,0.1,180,16.094444444444445,0
44020,Sydney Swans,West Coast Eagles,2025-08-23,24,10.666666666666666,1.0,50.333333333333336,2.0,6.333333333333333,11.4,1.4,58.4,2.8,8.8,11.8,1.3,60.3,3.0,8.2,140,11.128571428571428,0
44021,Hawthorn Hawks,Fremantle Dockers,2001-08-04,18,5.666666666666667,0.0,20.666666666666668,0.0,0.0,5.666666666666667,0.0,20.666666666666668,0.0,0.0,5.666666666666667,0.0,20.666666666666668,0.0,0.0,3,5.666666666666667,0
44022,Fremantle Dockers,Port Adelaide Power,2009-06-06,11,9.0,0.0,42.0,1.0,0.0,10.0,0.2,44.4,1.2,1.2,10.0,0.2,44.4,1.2,1.2,5,10.0,0
44023,Port Adelaide Power,Fremantle Dockers,2013-08-24,22,12.0,0.6666666666666666,53.333333333333336,1.6666666666666667,4.333333333333333,10.0,0.4,46.6,2.6,2.6,12.4,0.2,55.3,2.8,1.3,10,12.4,0
44024,Hawthorn Hawks,Geelong Cats,2017-07-15,17,11.666666666666666,0.0,48.66666666666666,1.6666666666666667,0.0,11.666666666666666,0.0,48.66666666666666,1.6666666666666667,0.0,11.666666666666666,0.0,48.66666666666666,1.6666666666666667,0.0,3,11.666666666666666,0
44025,Sydney Swans,West Coast Eagles,2025-08-23,24,20.0,2.333333333333333,93.33333333333331,3.6666666666666665,15.0,20.4,1.6,90.6,4.2,10.6,22.1,2.0,97.0,4.4,12.7,173,18.670520231213874,0
44026,Richmond Tigers,Fremantle Dockers,2013-04-26,5,10.333333333333334,0.0,33.666666666666664,0.6666666666666666,0.0,8.2,0.0,29.8,0.8,0.0,8.2,0.1,33.7,1.4,0.9,10,8.2,0
44027,Hawthorn Hawks,Collingwood Magpies,2020-07-10,6,15.333333333333334,0.0,55.333333333333336,2.0,0.0,13.0,0.0,49.8,1.6,0.0,17.7,0.2,66.9,1.4,1.6,125,18.248,0
44028,Geelong Cats,Melbourne Demons,2021-08-21,23,19.0,0.0,81.33333333333333,1.3333333333333333,0.0,16.6,0.0,72.2,1.2,0.0,16.4,0.3,71.6,0.9,1.8,161,13.024844720496894,1
44029,St Kilda Saints,Richmond Tigers,2025-08-09,22,9.0,0.3333333333333333,36.66666666666666,1.3333333333333333,2.333333333333333,10.0,0.4,40.0,1.2,2.6,12.7,0.5,50.2,1.8,3.3,52,13.326923076923077,0
44030,Geelong Cats,Brisbane Lions,2025-09-05,QF,12.0,0.0,52.333333333333336,0.3333333333333333,0.0,12.4,0.0,57.2,0.6,0.2,12.6,0.0,58.1,0.9,0.1,126,11.142857142857142,1
44031,Geelong Cats,Greater Western Sydney Giants,2025-07-12,18,8.666666666666666,1.0,49.333333333333336,3.333333333333333,6.333333333333333,9.4,1.0,51.4,3.4,6.4,7.7,0.9,40.9,2.1,5.7,84,8.976190476190476,0
44032,Adelaide Crows,Melbourne Demons,2010-04-11,3,13.0,1.3333333333333333,58.333333333333336,1.6666666666666667,9.333333333333334,11.0,1.0,49.6,1.2,6.8,10.0,1.4,50.3,1.1,9.3,53,11.30188679245283,0
44033,Essendon Bombers,Brisbane Lions,2024-08-24,24,19.666666666666668,0.0,63.0,1.6666666666666667,0.0,21.2,0.2,70.8,1.4,1.2,22.4,0.1,80.6,1.6,0.6,206,23.8495145631068,0
44034,Gold Coast Suns,Port Adelaide Power,2014-08-16,21,2.0,0.0,17.5,2.5,0.0,2.0,0.0,17.5,2.5,0.0,2.0,0.0,17.5,2.5,0.0,2,2.0,1
44035,Gold Coast Suns,Essendon Bombers,2019-07-28,19,12.333333333333334,0.0,49.0,3.6666666666666665,0.0,10.8,0.0,44.8,3.6,0.0,9.444444444444445,0.1111111111111111,39.888888888888886,2.888888888888889,1.0,9,9.444444444444445,1
44036,West Coast Eagles,Sydney Swans,2025-08-23,24,19.33333333333333,0.0,70.0,4.666666666666667,0.3333333333333333,17.2,0.2,64.4,4.4,1.6,18.2,0.4,67.5,4.1,2.9,29,14.89655172413793,1
44037,Carlton Blues,Essendon Bombers,2025-08-21,24,31.33333333333333,0.0,103.66666666666669,5.333333333333333,0.0,30.4,0.2,106.2,5.4,1.4,28.6,0.1,102.0,6.4,0.7,153,20.31372549019608,0
44038,St Kilda Saints,Richmond Tigers,2010-08-21,21,,,,,,,,,,,,,,,,0,,1
44039,Melbourne Demons,Carlton Blues,2023-08-12,22,8.666666666666666,0.0,33.333333333333336,1.0,0.0,9.4,0.0,33.6,0.8,0.0,10.7,0.0,35.6,0.7,0.0,153,19.366013071895424,0
44040,Essendon Bombers,Port Adelaide Power,2020-09-12,17,10.333333333333334,0.0,34.333333333333336,2.0,0.3333333333333333,13.2,0.0,46.6,2.4,0.2,12.666666666666666,0.0,42.833333333333336,2.1666666666666665,0.1666666666666666,6,12.666666666666666,0
44041,Sydney Swans,Melbourne Demons,2023-08-27,24,11.666666666666666,0.0,68.33333333333333,3.0,0.3333333333333333,10.4,0.0,67.2,3.8,0.6,12.2,0.0,66.8,2.5,0.3,119,12.731092436974787,1
44042,St Kilda Saints,Greater Western Sydney Giants,2025-08-24,24,7.333333333333333,2.333333333333333,45.0,1.6666666666666667,14.0,8.2,2.6,52.2,1.6,15.8,8.8,1.7,47.9,1.8,11.0,112,13.5,0
44043,Richmond Tigers,Carlton Blues,2010-08-14,20,7.0,0.5,40.5,2.5,4.0,7.0,0.5,40.5,2.5,4.0,7.0,0.5,40.5,2.5,4.0,2,7.0,0
44044,Geelong Cats,North Melbourne Kangaroos,2022-07-02,16,18.666666666666668,0.0,80.0,5.666666666666667,0.0,18.4,0.2,71.0,4.0,1.4,17.2,0.2,67.1,2.8,1.5,259,20.28957528957529,1
44045,St Kilda Saints,Western Bulldogs,2022-07-15,18,17.666666666666668,0.0,68.0,1.3333333333333333,0.0,16.2,0.0,65.6,1.6,0.0,15.2,0.0,63.6,1.9,0.0,13,14.0,0
44046,Essendon Bombers,Richmond Tigers,2013-08-31,23,14.666666666666666,0.3333333333333333,71.33333333333333,1.0,3.333333333333333,15.8,0.6,76.2,1.0,4.8,15.1,0.8,77.2,1.3,5.8,161,13.080745341614907,1
44047,Collingwood Magpies,Brisbane Lions,2001-07-15,15,,,,,,,,,,,,,,,,0,,1
44048,Collingwood Magpies,St Kilda Saints,2025-06-21,15,10.0,1.0,54.0,3.0,7.333333333333333,9.6,1.2,50.0,2.8,8.6,10.7,1.5,54.8,2.4,10.3,71,10.112676056338028,1
44049,St Kilda Saints,Greater Western Sydney Giants,2025-08-24,24,21.0,0.0,85.66666666666667,1.6666666666666667,0.0,20.2,0.2,86.6,1.8,1.4,19.5,0.2,77.6,1.8,1.4,207,19.87922705314009,0
44050,West Coast Eagles,Greater Western Sydney Giants,2017-08-19,22,12.0,1.3333333333333333,59.333333333333336,3.0,8.0,11.8,1.8,61.0,2.8,10.8,11.9,1.5,59.7,2.5,9.8,134,12.514925373134329,0
44051,Fremantle Dockers,Western Bulldogs,2020-09-20,18,13.666666666666666,0.0,64.33333333333333,4.0,0.0,11.0,0.0,45.0,2.4,0.0,12.2,0.1,47.6,2.0,0.6,173,19.404624277456648,1
44052,North Melbourne Kangaroos,Collingwood Magpies,2001-09-02,22,,,,,,,,,,,,,,,,0,,0
44053,Adelaide Crows,Hawthorn Hawks,2024-07-28,20,8.666666666666666,1.0,46.333333333333336,1.3333333333333333,6.333333333333333,10.0,0.8,49.6,1.6,5.4,9.0,0.8,46.9,1.8,5.1,35,9.571428571428571,1
44054,Greater Western Sydney Giants,St Kilda Saints,2025-08-24,24,19.0,0.0,81.66666666666667,1.0,0.3333333333333333,20.6,0.2,90.2,1.0,1.4,18.1,0.2,78.3,1.5,1.3,140,15.7,1
44055,Essendon Bombers,Melbourne Demons,2024-07-13,18,8.666666666666666,0.6666666666666666,36.333333333333336,2.0,4.0,13.0,0.6,52.2,2.4,3.8,11.9,0.5,50.4,2.0,3.3,72,16.63888888888889,0
44056,North Melbourne Kangaroos,Adelaide Crows,2013-08-11,20,13.0,0.0,44.0,2.333333333333333,0.3333333333333333,12.2,0.0,42.2,2.2,0.4,10.8,0.0,40.0,2.1,0.3,22,12.181818181818182,0
44057,Adelaide Crows,Collingwood Magpies,2007-05-05,6,,,,,,,,,,,,,,,,0,,1
44058,Adelaide Crows,North Melbourne Kangaroos,2025-08-23,24,17.0,0.0,69.33333333333333,3.6666666666666665,0.0,12.8,0.0,52.4,2.8,0.0,14.4,0.0,64.9,3.6,0.0,72,18.33333333333333,0
44059,Fremantle Dockers,Western Bulldogs,2011-09-03,24,11.666666666666666,0.0,52.333333333333336,3.6666666666666665,0.0,12.4,0.4,54.2,3.4,2.4,12.7,0.2,50.5,3.0,1.3,16,11.5625,0
44060,Brisbane Lions,Fremantle Dockers,2025-08-15,23,14.666666666666666,0.6666666666666666,71.66666666666667,2.0,4.333333333333333,12.8,0.6,61.6,1.8,4.6,11.4,0.5,54.1,1.5,3.7,146,10.102739726027398,0
44062,Richmond Tigers,Essendon Bombers,2011-07-09,16,10.0,0.0,34.666666666666664,1.3333333333333333,0.3333333333333333,11.2,0.0,41.2,1.8,0.2,10.8,0.4,45.7,2.2,2.7,22,10.636363636363637,0
44063,Port Adelaide Power,Gold Coast Suns,2013-08-17,21,7.666666666666667,0.6666666666666666,35.333333333333336,1.6666666666666667,4.333333333333333,6.6,0.6,31.4,1.6,3.8,8.9,1.0,43.2,1.5,6.4,30,10.2,1
44064,Essendon Bombers,St Kilda Saints,2025-08-15,23,12.666666666666666,0.0,50.66666666666666,3.333333333333333,1.0,14.6,0.2,57.0,3.8,1.8,13.9,0.1,54.0,3.2,1.0,50,16.2,1
44065,Essendon Bombers,Fremantle Dockers,2017-08-27,23,20.0,1.0,78.33333333333333,3.6666666666666665,6.333333333333333,18.2,0.6,74.0,3.8,4.2,16.2,0.4,66.5,3.9,2.7,99,16.0,1
44066,Brisbane Lions,Richmond Tigers,2019-08-25,23,13.0,0.0,58.0,2.0,0.3333333333333333,14.0,0.0,64.8,2.0,0.2,15.9,0.0,69.0,1.8,0.2,282,21.96808510638298,0
44067,Greater Western Sydney Giants,Western Bulldogs,2025-07-31,21,8.333333333333334,1.6666666666666667,52.333333333333336,0.6666666666666666,11.666666666666666,10.0,2.6,66.0,1.4,17.0,9.2,2.1,58.9,1.5,13.7,140,13.271428571428572,0
44068,Geelong Cats,Brisbane Lions,2011-07-17,17,14.0,0.0,42.333333333333336,1.0,0.3333333333333333,16.0,0.0,51.2,1.6,0.4,16.3,0.3,53.9,1.6,2.0,16,16.75,0
44069,Carlton Blues,Sydney Swans,2025-05-16,10,22.0,0.3333333333333333,83.33333333333333,1.6666666666666667,3.333333333333333,20.2,0.8,82.4,1.6,5.8,19.2,0.6,79.1,2.7,4.3,31,16.838709677419356,0
44070,Carlton Blues,Essendon Bombers,2025-08-21,24,22.666666666666668,0.0,77.0,2.6666666666666665,0.0,20.4,0.0,76.0,2.8,0.0,20.9,0.1,76.0,2.8,0.6,64,15.71875,0
44071,Gold Coast Suns,Greater Western Sydney Giants,2025-08-16,23,4.333333333333333,0.3333333333333333,18.0,1.3333333333333333,2.0,6.6,0.2,26.6,2.8,1.2,9.2,0.2,38.4,3.6,1.4,114,11.736842105263158,1
44072,St Kilda Saints,Brisbane Lions,2016-08-28,23,5.666666666666667,0.0,47.0,3.6666666666666665,0.0,5.666666666666667,0.0,47.0,3.6666666666666665,0.0,5.666666666666667,0.0,47.0,3.6666666666666665,0.0,3,5.666666666666667,1
44073,Geelong Cats,Richmond Tigers,2025-08-23,24,31.0,0.6666666666666666,113.0,3.0,4.333333333333333,28.4,0.6,108.0,3.2,3.8,30.4,0.5,111.8,3.2,3.5,71,20.83098591549296,0
44074,Gold Coast Suns,Essendon Bombers,2019-07-28,19,6.333333333333333,0.0,34.0,1.6666666666666667,0.0,7.4,0.0,36.4,1.8,0.0,7.4,0.0,34.3,1.3,0.0,95,11.76842105263158,1
44075,Western Bulldogs,West Coast Eagles,2018-07-22,18,13.666666666666666,0.0,65.0,5.333333333333333,0.3333333333333333,15.0,0.2,73.2,5.4,1.6,15.4,0.2,71.0,4.4,1.4,28,13.892857142857142,0
44076,Carlton Blues,West Coast Eagles,2023-07-22,19,9.333333333333334,0.6666666666666666,46.333333333333336,1.6666666666666667,4.666666666666667,6.4,0.4,30.2,1.2,2.8,7.4,0.6,35.9,1.3,4.1,13,7.0,1
44077,Essendon Bombers,Greater Western Sydney Giants,2021-07-25,19,9.333333333333334,0.6666666666666666,43.333333333333336,3.0,5.666666666666667,10.0,0.6,41.6,2.4,4.6,11.6,1.0,51.2,1.8,7.4,178,15.606741573033707,1
44078,Western Bulldogs,Richmond Tigers,2012-08-12,20,7.0,1.0,36.66666666666666,2.0,6.666666666666667,8.2,1.0,43.2,2.2,6.4,8.2,1.0,43.2,2.2,6.4,5,8.2,0
44079,Hawthorn Hawks,Collingwood Magpies,2010-08-28,22,7.666666666666667,0.6666666666666666,42.333333333333336,3.333333333333333,5.0,8.6,0.8,47.4,3.4,5.6,8.4,1.0,44.7,2.9,6.9,47,9.851063829787234,1
44080,Richmond Tigers,Geelong Cats,2025-08-23,24,24.0,0.0,73.0,2.6666666666666665,0.6666666666666666,27.6,0.4,89.8,3.0,2.8,26.8,0.5,88.7,3.1,3.3,123,22.552845528455286,1
44081,Melbourne Demons,Collingwood Magpies,2024-08-23,24,12.333333333333334,0.0,61.0,1.3333333333333333,0.0,11.6,0.0,55.6,1.4,0.0,11.2,0.0,47.5,1.2,0.0,16,14.0,1
44082,Gold Coast Suns,St Kilda Saints,2019-06-15,13,13.666666666666666,0.3333333333333333,59.66666666666666,3.6666666666666665,2.333333333333333,13.0,0.2,51.0,2.8,1.4,17.7,0.6,70.9,4.0,3.8,43,15.55813953488372,1
44083,Port Adelaide Power,West Coast Eagles,2025-07-13,18,14.666666666666666,0.6666666666666666,63.0,1.6666666666666667,4.333333333333333,15.2,0.6,62.4,1.8,4.4,19.4,0.5,77.8,2.7,4.0,79,19.126582278481013,1
44084,Gold Coast Suns,Geelong Cats,2013-06-01,10,13.333333333333334,0.3333333333333333,63.66666666666666,4.333333333333333,2.0,15.2,0.2,64.2,3.2,1.4,16.0,0.1111111111111111,66.11111111111111,3.555555555555556,1.0,9,16.0,0
44085,North Melbourne Kangaroos,Port Adelaide Power,2020-09-05,16,9.0,0.3333333333333333,36.66666666666666,0.3333333333333333,2.333333333333333,9.0,0.75,38.5,0.75,4.75,9.0,0.75,38.5,0.75,4.75,4,9.0,1
44086,Collingwood Magpies,Hawthorn Hawks,2025-08-07,22,7.333333333333333,1.0,37.66666666666666,0.6666666666666666,6.0,9.6,1.0,47.6,1.2,6.0,9.2,0.8,47.7,1.7,5.0,180,13.194444444444445,0
44087,West Coast Eagles,Richmond Tigers,2009-08-28,22,24.0,0.3333333333333333,87.66666666666667,3.0,3.0,24.6,0.2,88.6,3.0,2.2,17.9,0.1,66.7,2.5,1.2,13,16.76923076923077,1
44088,West Coast Eagles,Sydney Swans,2025-08-23,24,14.0,0.0,56.333333333333336,2.333333333333333,0.0,15.8,0.0,67.0,3.2,0.0,15.9,0.1,67.5,3.7,0.6,64,14.3125,1
44089,Richmond Tigers,Gold Coast Suns,2021-07-01,16,21.666666666666668,0.0,92.33333333333331,3.333333333333333,0.0,22.6,0.0,93.2,3.2,0.0,21.1,0.0,83.6,3.1,0.1,171,22.497076023391813,0
44090,Collingwood Magpies,Adelaide Crows,2025-09-04,QF,20.666666666666668,0.3333333333333333,76.33333333333333,2.0,2.6666666666666665,18.0,0.4,65.8,2.2,2.8,16.3,0.3,62.5,2.2,2.1,146,20.02054794520548,0
44092,Western Bulldogs,Brisbane Lions,2014-06-07,12,12.0,0.0,43.66666666666666,1.6666666666666667,0.0,15.6,0.4,55.0,1.4,2.6,15.1,0.2,53.6,1.2,1.5,18,14.444444444444445,1
44093,St Kilda Saints,Carlton Blues,2024-08-25,24,12.666666666666666,0.0,56.66666666666666,0.3333333333333333,0.0,12.2,0.0,54.2,0.8,0.0,11.2,0.0,48.1,0.7,0.0,101,11.782178217821782,0
44094,Richmond Tigers,Carlton Blues,2008-03-20,1,10.333333333333334,0.3333333333333333,39.0,0.6666666666666666,2.6666666666666665,13.2,0.4,56.4,1.4,3.0,13.0,0.3,53.7,1.4,2.2,17,14.235294117647058,0
44095,Melbourne Demons,Collingwood Magpies,2025-08-22,24,8.333333333333334,0.3333333333333333,36.66666666666666,1.3333333333333333,2.0,9.2,0.2,36.8,1.4,1.2,10.4,0.1,41.5,1.9,0.6,22,11.363636363636363,0
44096,North Melbourne Kangaroos,Gold Coast Suns,2023-08-26,24,17.0,0.3333333333333333,71.33333333333333,3.6666666666666665,2.333333333333333,15.0,0.2,64.4,2.8,1.4,15.4,0.1,60.0,2.2,0.7,106,16.11320754716981,1
44097,Collingwood Magpies,Melbourne Demons,2025-08-22,24,4.333333333333333,0.0,15.666666666666666,0.6666666666666666,0.0,8.2,0.0,35.4,1.2,0.0,11.6,0.0,48.1,1.8,0.0,209,16.076555023923444,1
44098,North Melbourne Kangaroos,Melbourne Demons,2019-08-24,23,15.333333333333334,0.0,53.0,1.0,0.3333333333333333,16.0,0.2,63.2,2.6,1.4,14.7,0.5,58.8,2.7,3.1,62,16.274193548387096,1
44099,Essendon Bombers,Adelaide Crows,2017-08-12,21,14.666666666666666,0.3333333333333333,58.0,4.666666666666667,2.0,14.6,0.2,57.4,3.8,1.6,15.7,0.4,68.3,4.9,2.8,100,16.99,1
44100,Collingwood Magpies,Adelaide Crows,2013-07-12,16,14.333333333333334,0.0,72.33333333333333,3.333333333333333,0.3333333333333333,15.0,0.2,76.6,3.4,1.4,14.0,0.2,69.7,2.4,1.4,125,13.368,1
44102,Richmond Tigers,Essendon Bombers,2008-07-19,16,7.666666666666667,3.333333333333333,60.0,0.6666666666666666,20.666666666666668,8.0,2.2,53.8,0.4,14.4,6.6,1.8,43.8,1.0,11.5,11,6.545454545454546,1
44103,Fremantle Dockers,Port Adelaide Power,2024-04-13,5,14.0,0.0,54.66666666666666,1.6666666666666667,0.0,11.8,0.0,49.2,1.4,0.0,12.5,0.0,51.8,1.6,0.0,80,15.0125,0
44104,Richmond Tigers,West Coast Eagles,2006-04-15,3,8.333333333333334,0.0,31.0,1.3333333333333333,0.0,8.0,0.0,29.8,1.4,0.0,7.6,0.0,25.7,0.9,0.0,12,7.0,0
44105,Gold Coast Suns,Brisbane Lions,2025-09-13,SF,14.333333333333334,2.0,79.33333333333333,5.333333333333333,12.666666666666666,13.8,1.4,66.2,4.2,8.8,14.6,1.4,68.9,4.3,9.4,45,12.911111111111111,0
44106,Melbourne Demons,Geelong Cats,2003-08-08,19,2.0,0.0,-2.0,0.0,0.0,2.0,0.0,-2.0,0.0,0.0,2.0,0.0,-2.0,0.0,0.0,1,2.0,1
44107,Melbourne Demons,Fremantle Dockers,2024-06-02,12,22.0,0.3333333333333333,76.0,0.6666666666666666,2.333333333333333,22.2,0.2,79.8,1.8,1.4,24.1,0.2,83.1,1.8,1.5,149,23.664429530201343,1
44108,St Kilda Saints,Fremantle Dockers,2021-08-22,23,6.0,0.3333333333333333,42.66666666666666,4.333333333333333,2.0,7.4,0.2,45.2,4.0,1.2,7.4,0.2,45.2,4.0,1.2,5,7.4,1
44109,West Coast Eagles,Collingwood Magpies,2025-06-28,16,8.666666666666666,0.0,34.333333333333336,2.333333333333333,0.0,10.6,0.2,39.6,2.2,1.6,13.1,0.4,47.6,2.0,2.7,171,14.397660818713453,0
44110,Greater Western Sydney Giants,Western Bulldogs,2014-08-31,23,11.333333333333334,0.6666666666666666,52.0,1.6666666666666667,4.333333333333333,11.6,0.4,54.6,1.8,2.6,13.6,0.3,58.7,1.9,2.2,162,15.376543209876544,0
44111,Gold Coast Suns,Sydney Swans,2014-06-08,12,6.666666666666667,0.3333333333333333,27.666666666666668,1.6666666666666667,2.333333333333333,8.2,0.4,39.8,2.4,2.8,9.8,0.2,44.1,3.7,1.4,37,10.83783783783784,1
44112,Essendon Bombers,Melbourne Demons,2005-08-28,22,8.333333333333334,0.0,29.666666666666668,0.3333333333333333,0.0,7.25,0.25,28.0,0.25,1.5,7.25,0.25,28.0,0.25,1.5,4,7.25,1
44113,Richmond Tigers,St Kilda Saints,2017-07-08,16,18.0,0.0,61.0,1.3333333333333333,0.0,18.0,0.0,65.6,1.6,0.0,18.5,0.1,69.4,1.7,0.6,87,15.885057471264368,0
44114,Essendon Bombers,Richmond Tigers,2022-08-20,23,12.0,0.0,47.66666666666666,0.3333333333333333,0.0,13.8,0.0,53.4,0.2,0.0,15.6,0.0,58.4,0.3,0.0,157,18.19108280254777,1
44115,West Coast Eagles,Adelaide Crows,2023-08-26,24,20.666666666666668,0.0,81.0,2.333333333333333,0.0,19.4,0.0,79.6,2.2,0.0,22.9,0.0,86.8,1.7,0.0,256,18.5234375,1
44116,Hawthorn Hawks,Adelaide Crows,2025-06-13,14,12.666666666666666,0.0,37.333333333333336,1.0,0.0,11.8,0.0,40.4,2.4,0.0,12.333333333333334,0.3333333333333333,46.0,2.833333333333333,2.0,6,12.333333333333334,1
44117,Greater Western Sydney Giants,Sydney Swans,2020-08-13,12,,,,,,,,,,,,,,,,0,,0
44118,West Coast Eagles,Brisbane Lions,2021-08-21,23,8.333333333333334,0.0,37.66666666666666,2.333333333333333,0.0,7.4,0.0,34.2,2.0,0.0,8.5,0.0,36.2,1.7,0.2,89,15.337078651685394,0
44119,Gold Coast Suns,Greater Western Sydney Giants,2014-04-26,6,4.333333333333333,0.3333333333333333,22.666666666666668,1.0,2.333333333333333,4.0,0.2,21.8,1.2,1.4,8.1,0.2,38.7,2.5,1.3,14,8.785714285714286,1
44120,Richmond Tigers,Carlton Blues,2008-06-28,14,11.333333333333334,0.6666666666666666,51.0,3.0,4.333333333333333,11.6,0.6,46.8,2.0,4.0,14.3,0.8,56.0,1.8,5.1,80,13.7875,1
44121,Collingwood Magpies,Melbourne Demons,2006-06-12,11,9.5,0.0,29.5,0.5,0.0,9.5,0.0,29.5,0.5,0.0,9.5,0.0,29.5,0.5,0.0,2,9.5,0
44122,Fremantle Dockers,Adelaide Crows,2017-05-27,10,12.0,0.0,53.333333333333336,1.3333333333333333,0.0,14.0,0.0,54.6,1.6,0.2,15.6,0.0,61.7,1.6,0.1,176,16.994318181818183,0
44123,Greater Western Sydney Giants,St Kilda Saints,2025-08-24,24,18.0,0.0,70.66666666666667,0.3333333333333333,0.0,17.6,0.0,67.0,0.6,0.0,19.0,0.0,72.4,0.7,0.0,87,16.04597701149425,1
44124,Gold Coast Suns,West Coast Eagles,2012-06-30,14,23.666666666666668,0.0,80.33333333333333,1.0,0.0,22.4,0.4,83.6,1.4,2.6,20.9,0.3,78.3,2.1,1.9,26,18.115384615384617,0
44125,Hawthorn Hawks,Brisbane Lions,2025-08-24,24,25.33333333333333,0.0,101.0,3.333333333333333,0.3333333333333333,25.4,0.6,105.6,3.6,4.6,23.8,0.4,96.2,3.3,3.1,170,16.04705882352941,0
44126,Port Adelaide Power,Geelong Cats,2011-04-10,3,11.5,1.5,55.5,2.5,10.5,11.5,1.5,55.5,2.5,10.5,11.5,1.5,55.5,2.5,10.5,2,11.5,0
44127,Richmond Tigers,Port Adelaide Power,2014-07-13,17,16.666666666666668,0.3333333333333333,59.66666666666666,2.0,2.333333333333333,20.2,0.2,75.8,3.6,1.6,22.1,0.7,89.1,4.5,4.7,129,18.224806201550383,1
44128,Fremantle Dockers,Western Bulldogs,2025-08-24,24,20.33333333333333,0.6666666666666666,90.0,3.333333333333333,4.666666666666667,19.6,0.8,90.0,4.0,5.2,18.1,1.2,98.3,4.5,7.6,88,14.920454545454543,0
44129,Carlton Blues,Richmond Tigers,2008-03-20,1,16.333333333333332,0.6666666666666666,71.66666666666667,4.0,4.0,18.2,0.4,79.8,3.6,2.4,14.857142857142858,0.2857142857142857,65.42857142857143,3.0,1.7142857142857142,7,14.857142857142858,1
44130,Sydney Swans,Carlton Blues,2017-04-29,6,13.0,0.0,52.66666666666666,3.6666666666666665,0.6666666666666666,13.4,0.6,56.4,3.4,4.0,12.5,0.6,52.9,2.7,4.1,24,10.0,0
44131,Adelaide Crows,Melbourne Demons,2008-05-18,8,8.0,0.0,34.0,2.0,0.0,8.0,0.0,34.0,2.0,0.0,8.0,0.0,34.0,2.0,0.0,1,8.0,1
44132,Sydney Swans,St Kilda Saints,2019-08-24,23,9.666666666666666,0.3333333333333333,47.0,3.333333333333333,2.0,10.8,0.6,54.0,3.0,4.0,11.6,0.6,55.1,3.1,4.1,198,19.545454545454547,1
44133,North Melbourne Kangaroos,Gold Coast Suns,2018-07-08,16,24.0,1.0,83.66666666666667,5.333333333333333,6.0,22.8,0.6,77.0,5.0,3.6,17.3,0.3,64.8,5.3,1.8,67,15.1044776119403,1
44134,Greater Western Sydney Giants,Adelaide Crows,2020-09-08,16,7.0,0.0,51.333333333333336,1.0,0.0,9.2,0.0,69.4,2.2,0.2,9.8,0.0,70.4,2.2,0.3,164,13.28048780487805,0
44135,Adelaide Crows,St Kilda Saints,2015-05-16,7,21.666666666666668,0.0,101.0,4.333333333333333,0.6666666666666666,22.0,0.0,99.2,3.2,0.4,20.7,0.1,89.6,3.0,0.9,73,17.041095890410958,1
44136,Carlton Blues,West Coast Eagles,2016-07-17,17,14.0,0.0,58.333333333333336,1.3333333333333333,0.6666666666666666,11.0,0.2,47.2,1.2,1.6,10.1,0.2,42.9,1.3,1.5,12,9.666666666666666,1
44137,Essendon Bombers,Western Bulldogs,2016-08-21,22,8.333333333333334,0.6666666666666666,50.333333333333336,0.3333333333333333,5.0,8.2,0.6,54.0,1.6,4.2,8.3,0.6,61.9,2.2,4.1,128,8.3671875,1
44138,West Coast Eagles,Sydney Swans,2024-04-06,4,11.0,0.0,45.66666666666666,1.0,0.0,10.6,0.0,45.0,1.4,0.2,9.0,0.0,40.8,1.8,0.1,11,9.363636363636363,1
44139,Carlton Blues,Gold Coast Suns,2016-04-09,3,10.666666666666666,0.0,43.0,2.6666666666666665,0.0,9.8,0.0,39.6,1.8,0.0,9.4,0.0,40.9,1.6,0.0,117,10.136752136752136,0
44140,Brisbane Lions,West Coast Eagles,2017-07-30,19,14.0,1.0,55.66666666666666,2.333333333333333,6.0,14.0,0.6,55.4,3.4,3.8,15.166666666666666,0.6666666666666666,59.5,3.6666666666666665,4.166666666666667,6,15.166666666666666,0
44141,Geelong Cats,Richmond Tigers,2020-09-11,17,,,,,,,,,,,,,,,,0,,1
44142,Gold Coast Suns,Essendon Bombers,2025-08-27,24,12.666666666666666,0.0,42.333333333333336,1.0,0.0,19.2,0.0,66.8,1.0,0.2,20.0,0.3,73.8,1.1,1.9,42,15.214285714285714,1
44143,Hawthorn Hawks,Richmond Tigers,2022-08-14,22,10.0,0.0,36.66666666666666,0.3333333333333333,0.0,10.0,0.5,39.25,0.25,3.0,10.0,0.5,39.25,0.25,3.0,4,10.0,0
44144,Geelong Cats,Adelaide Crows,2021-03-20,1,10.666666666666666,1.6666666666666667,66.33333333333333,2.6666666666666665,10.666666666666666,11.4,1.8,69.2,2.0,11.8,12.3,2.0,73.1,1.5,13.7,115,12.443478260869565,0
44145,Adelaide Crows,Brisbane Lions,2008-06-21,13,8.0,2.333333333333333,53.333333333333336,1.3333333333333333,15.666666666666666,11.2,1.8,62.4,1.0,12.0,9.6,1.3,51.0,0.9,8.5,20,8.9,0
44146,Essendon Bombers,St Kilda Saints,2014-04-19,5,9.666666666666666,1.0,47.333333333333336,2.333333333333333,7.0,9.2,0.8,45.0,2.4,5.6,10.5,0.6,49.7,3.2,4.2,75,13.48,1
44147,West Coast Eagles,Western Bulldogs,2020-09-06,16,12.333333333333334,0.0,44.66666666666666,2.0,0.6666666666666666,14.2,0.2,58.6,2.4,1.6,15.8,0.1,61.2,1.9,0.8,150,15.26,0
44148,Melbourne Demons,Adelaide Crows,2021-05-22,10,7.666666666666667,0.0,28.0,1.0,0.0,8.0,0.0,30.0,1.2,0.0,7.0,0.0,25.0,1.2,0.0,158,12.518987341772153,0
44149,Hawthorn Hawks,Brisbane Lions,2025-08-24,24,11.666666666666666,0.0,43.333333333333336,3.0,0.3333333333333333,12.6,0.0,44.4,2.2,0.2,13.2,0.0,43.8,1.6,0.2,56,15.892857142857142,0
44150,Western Bulldogs,Fremantle Dockers,2025-08-24,24,19.33333333333333,0.0,77.33333333333333,2.333333333333333,0.3333333333333333,19.0,0.0,75.0,2.0,0.2,17.5,0.0,64.6,1.4,0.4,146,18.273972602739725,1
44151,Adelaide Crows,Port Adelaide Power,2013-04-14,3,13.333333333333334,1.3333333333333333,67.0,2.333333333333333,9.666666666666666,12.4,1.2,61.6,2.8,8.4,10.7,0.9,54.0,2.5,6.5,173,16.69942196531792,0
44152,Sydney Swans,Melbourne Demons,2018-08-12,21,13.333333333333334,0.0,66.66666666666667,3.333333333333333,0.0,13.6,0.0,60.2,2.8,0.0,13.6,0.0,57.4,2.5,0.0,34,13.941176470588236,0
44153,Port Adelaide Power,Collingwood Magpies,2018-08-18,22,8.0,0.3333333333333333,39.0,3.6666666666666665,2.333333333333333,8.6,0.2,39.0,3.6,1.6,9.5,0.5,43.66666666666666,3.1666666666666665,3.333333333333333,6,9.5,0
44154,Collingwood Magpies,Sydney Swans,2024-03-15,1,6.333333333333333,1.0,34.666666666666664,0.6666666666666666,6.333333333333333,5.6,0.8,28.6,0.6,5.0,6.7,1.2,38.9,1.0,7.8,17,7.588235294117647,1
44155,Carlton Blues,Hawthorn Hawks,2015-07-24,17,6.666666666666667,0.3333333333333333,29.33333333333333,1.6666666666666667,2.0,8.4,0.2,37.4,1.4,1.4,8.4,0.2,37.4,1.4,1.4,5,8.4,1
44156,Carlton Blues,Collingwood Magpies,2010-07-31,18,16.666666666666668,0.0,71.33333333333333,2.6666666666666665,0.0,15.4,0.0,69.0,3.4,0.0,14.9,0.1,64.2,2.5,0.7,38,14.736842105263158,0
44157,Geelong Cats,Western Bulldogs,2009-08-21,21,12.0,0.0,49.0,2.333333333333333,0.0,14.8,0.0,61.8,2.8,0.0,14.4,0.0,56.5,2.3,0.0,56,11.732142857142858,0
44158,Fremantle Dockers,Collingwood Magpies,2025-07-20,19,19.666666666666668,0.0,71.66666666666667,4.0,0.3333333333333333,19.4,0.0,71.0,3.4,0.2,18.0,0.1,67.9,3.8,1.0,43,15.72093023255814,0
44159,Fremantle Dockers,Collingwood Magpies,2018-08-25,23,11.333333333333334,0.0,43.333333333333336,1.3333333333333333,0.0,12.8,0.6,57.8,2.2,3.6,14.4,0.3,59.6,1.3,1.8,188,16.76063829787234,1
44160,Hawthorn Hawks,Gold Coast Suns,2011-09-03,24,8.666666666666666,0.3333333333333333,44.333333333333336,2.0,2.333333333333333,9.4,0.6,48.0,1.4,3.8,10.8,0.5,54.4,2.1,3.3,58,10.689655172413794,0
44161,Greater Western Sydney Giants,Richmond Tigers,2017-09-23,PF,11.333333333333334,2.0,58.333333333333336,2.6666666666666665,12.333333333333334,12.2,1.6,60.6,2.6,10.0,13.9,1.3,68.5,3.5,8.6,292,19.222602739726028,0
44162,St Kilda Saints,Adelaide Crows,2011-04-30,6,,,,,,,,,,,,,,,,0,,0
44164,Adelaide Crows,Port Adelaide Power,2014-03-29,2,12.333333333333334,1.0,59.66666666666666,2.6666666666666665,7.333333333333333,13.0,1.6,66.2,2.6,10.8,11.125,1.125,53.625,2.0,7.625,8,11.125,0
44165,Gold Coast Suns,West Coast Eagles,2024-08-02,21,8.666666666666666,0.3333333333333333,43.0,2.333333333333333,2.6666666666666665,10.2,0.4,52.6,2.6,2.8,10.714285714285714,0.2857142857142857,50.142857142857146,2.2857142857142856,2.0,7,10.714285714285714,0
44166,Essendon Bombers,Collingwood Magpies,2008-04-25,6,8.333333333333334,0.6666666666666666,41.66666666666666,0.6666666666666666,4.333333333333333,8.4,0.8,43.4,0.8,5.0,8.6,1.2,47.6,0.8,7.7,16,7.625,0
44167,Essendon Bombers,Collingwood Magpies,2019-08-23,23,,,,,,,,,,,,,,,,0,,0
44168,Essendon Bombers,Hawthorn Hawks,2006-08-19,20,10.5,0.0,51.0,4.0,0.0,10.5,0.0,51.0,4.0,0.0,10.5,0.0,51.0,4.0,0.0,2,10.5,1
44169,Collingwood Magpies,Western Bulldogs,2013-06-16,12,16.333333333333332,1.0,97.66666666666669,2.6666666666666665,6.333333333333333,12.2,0.6,72.6,2.0,3.8,12.7,0.6,83.1,3.1,3.8,173,9.421965317919074,1
44170,Gold Coast Suns,Geelong Cats,2011-08-06,20,18.0,0.0,64.66666666666667,1.6666666666666667,0.3333333333333333,17.0,0.0,59.75,1.5,0.25,17.0,0.0,59.75,1.5,0.25,4,17.0,0
44171,Port Adelaide Power,Richmond Tigers,2023-08-27,24,10.0,0.0,46.0,1.6666666666666667,0.0,8.2,0.0,40.0,1.8,0.0,8.0,0.0,36.9,1.6,0.0,172,13.104651162790695,1
44172,Western Bulldogs,Fremantle Dockers,2025-08-24,24,4.0,0.0,15.666666666666666,1.6666666666666667,0.0,4.6,0.2,22.2,1.6,1.6,5.3,0.1,23.8,2.3,1.1,13,5.846153846153846,1
44173,West Coast Eagles,Brisbane Lions,2010-08-07,19,15.333333333333334,0.0,60.66666666666666,1.6666666666666667,0.0,15.2,0.0,57.2,1.8,0.0,14.6,0.0,54.5,1.6,0.0,71,14.619718309859154,1
44174,West Coast Eagles,Carlton Blues,2008-05-02,7,8.0,1.3333333333333333,49.66666666666666,1.0,9.0,8.4,0.8,46.8,0.8,6.2,7.1,0.7,39.0,0.8,5.1,12,6.5,1
44175,Adelaide Crows,West Coast Eagles,2025-08-10,22,6.0,0.0,23.0,1.6666666666666667,0.0,6.8,0.0,29.2,2.0,0.2,10.9,0.4,49.7,2.8,2.6,73,12.013698630136986,0
44176,St Kilda Saints,Adelaide Crows,2014-08-31,23,12.333333333333334,0.6666666666666666,58.333333333333336,4.333333333333333,4.0,13.8,0.4,55.8,3.8,2.6,17.2,0.4,70.4,4.8,2.8,111,18.99099099099099,0
44177,North Melbourne Kangaroos,Melbourne Demons,2010-08-29,22,11.666666666666666,1.0,65.0,4.666666666666667,6.666666666666667,13.4,1.4,73.6,4.0,9.4,12.4,1.4,68.5,4.0,9.5,128,13.234375,0
44178,Greater Western Sydney Giants,St Kilda Saints,2025-08-24,24,14.666666666666666,0.3333333333333333,57.333333333333336,3.0,2.333333333333333,13.8,0.4,52.4,2.4,2.6,13.9,0.7,59.0,3.4,4.7,26,13.923076923076923,1
44179,Hawthorn Hawks,Greater Western Sydney Giants,2020-07-05,5,,,,,,,,,,,,,,,,0,,0
44180,Essendon Bombers,Melbourne Demons,2025-04-12,5,12.666666666666666,0.3333333333333333,58.66666666666666,2.6666666666666665,2.333333333333333,12.4,0.6,55.2,2.0,4.0,13.0,0.8,60.2,1.6,5.3,47,9.23404255319149,0
44181,West Coast Eagles,St Kilda Saints,2024-07-20,19,8.666666666666666,0.3333333333333333,43.333333333333336,1.6666666666666667,2.333333333333333,10.0,0.2,46.2,2.6,1.4,11.3,0.1,49.9,2.6,0.8,56,11.589285714285714,0
44182,West Coast Eagles,Geelong Cats,2010-08-28,22,13.0,0.0,50.0,2.0,0.0,13.0,0.0,50.0,2.0,0.0,13.0,0.0,50.0,2.0,0.0,1,13.0,0
44183,Port Adelaide Power,Gold Coast Suns,2025-08-22,24,11.333333333333334,0.0,48.333333333333336,3.0,0.0,11.4,0.0,47.8,3.2,0.0,11.9,0.1,47.2,2.1,0.6,57,11.175438596491228,1
44184,Western Bulldogs,Brisbane Lions,2025-07-18,19,9.666666666666666,0.0,40.333333333333336,1.0,0.0,8.8,0.0,36.2,0.6,0.0,9.6,0.0,41.8,0.8,0.0,160,9.69375,0
44185,Melbourne Demons,Geelong Cats,2016-08-27,23,24.0,0.3333333333333333,101.66666666666669,5.666666666666667,2.0,22.0,0.2,83.8,3.8,1.2,20.2,0.1,77.7,3.7,0.7,49,18.51020408163265,0
44186,Melbourne Demons,Essendon Bombers,2021-06-26,15,11.0,0.3333333333333333,41.0,1.3333333333333333,2.6666666666666665,13.0,0.4,48.2,1.4,3.0,12.8,0.2,47.3,1.5,1.8,248,22.72983870967742,0
44187,Fremantle Dockers,Port Adelaide Power,2019-08-25,23,8.333333333333334,0.3333333333333333,59.333333333333336,3.6666666666666665,2.0,7.2,0.4,51.8,3.2,2.4,7.2,0.4,51.8,3.2,2.4,5,7.2,0
44188,St Kilda Saints,Greater Western Sydney Giants,2025-08-24,24,13.333333333333334,0.0,54.66666666666666,2.0,0.0,14.6,0.0,53.2,1.4,0.0,15.6,0.0,53.0,1.6,0.1,127,17.874015748031496,0
44189,Western Bulldogs,North Melbourne Kangaroos,2020-07-04,5,13.666666666666666,0.6666666666666666,58.66666666666666,3.0,4.333333333333333,12.2,0.6,49.2,2.0,3.8,13.7,0.5,59.8,3.1,3.5,51,15.84313725490196,1
44190,Sydney Swans,West Coast Eagles,2025-08-23,24,15.333333333333334,0.0,50.66666666666666,2.333333333333333,0.3333333333333333,14.0,0.2,53.4,2.6,2.0,13.4,0.7,58.5,3.8,4.7,82,15.402439024390244,0
44191,Carlton Blues,Essendon Bombers,2013-08-24,22,7.333333333333333,0.0,30.33333333333333,2.333333333333333,0.0,8.0,0.0,35.0,2.0,0.0,9.8,0.1,40.3,1.8,0.6,55,11.38181818181818,1
44192,Brisbane Lions,Essendon Bombers,2024-08-24,24,13.0,0.0,55.333333333333336,0.3333333333333333,0.0,13.2,0.0,53.2,0.2,0.0,10.9,0.0,43.3,0.4,0.0,18,10.166666666666666,1
44193,Gold Coast Suns,Port Adelaide Power,2020-03-21,1,11.333333333333334,0.0,43.0,2.0,0.0,15.8,0.0,58.4,1.8,0.0,16.1,0.1,64.9,2.3,0.6,55,14.018181818181818,1
44194,Carlton Blues,Adelaide Crows,2015-06-06,10,21.33333333333333,0.6666666666666666,72.33333333333333,2.0,4.666666666666667,20.8,0.4,76.0,4.0,2.8,21.9,0.6,83.3,3.7,4.1,218,22.93577981651376,1
44195,Melbourne Demons,Gold Coast Suns,2011-08-28,23,10.666666666666666,2.333333333333333,63.66666666666666,1.6666666666666667,15.0,12.2,1.8,64.4,2.2,12.8,11.9,1.8,67.3,2.7,12.3,30,11.433333333333334,1
44196,Hawthorn Hawks,Essendon Bombers,2006-08-19,20,12.333333333333334,0.0,51.66666666666666,1.6666666666666667,1.0,11.6,0.0,46.4,1.2,0.8,9.6,0.0,39.7,1.1,0.7,13,9.0,0
44197,Collingwood Magpies,Geelong Cats,2015-05-08,6,11.333333333333334,0.6666666666666666,51.0,2.333333333333333,4.666666666666667,10.8,0.4,45.6,2.2,3.2,9.4,0.5,44.4,2.2,4.0,21,8.666666666666666,1
44198,West Coast Eagles,St Kilda Saints,2017-08-06,20,11.666666666666666,1.0,59.66666666666666,3.0,6.0,12.2,1.0,57.2,2.8,6.2,11.5,0.8333333333333334,54.0,3.0,5.166666666666667,6,11.5,0
44199,Essendon Bombers,Collingwood Magpies,2015-09-06,23,13.333333333333334,0.0,49.333333333333336,2.0,0.6666666666666666,11.8,0.0,41.6,1.8,0.4,10.88888888888889,0.1111111111111111,40.11111111111112,2.0,0.8888888888888888,9,10.88888888888889,0
44200,Hawthorn Hawks,Essendon Bombers,2010-05-01,6,21.5,0.5,83.0,2.0,4.0,21.5,0.5,83.0,2.0,4.0,21.5,0.5,83.0,2.0,4.0,2,21.5,0
44201,Adelaide Crows,Collingwood Magpies,2025-09-04,QF,17.0,0.0,60.0,0.0,0.0,17.6,0.0,63.4,0.8,0.0,16.3,0.0,59.3,1.2,0.0,41,15.585365853658535,1
44202,Western Bulldogs,Brisbane Lions,2024-06-07,13,12.333333333333334,0.0,44.333333333333336,0.3333333333333333,0.0,13.2,0.0,57.2,1.4,0.0,12.1,0.0,50.9,1.4,0.0,85,12.4,1
44203,Adelaide Crows,North Melbourne Kangaroos,2025-08-23,24,13.333333333333334,0.3333333333333333,59.66666666666666,4.0,2.6666666666666665,15.8,1.0,71.2,4.0,7.2,17.5,1.2,76.7,3.5,8.6,127,19.53543307086614,0
44204,Greater Western Sydney Giants,Hawthorn Hawks,2025-03-29,3,8.666666666666666,0.3333333333333333,55.333333333333336,4.0,2.333333333333333,8.4,0.4,55.4,3.6,2.6,6.6,0.2,40.1,2.8,1.4,88,9.5,0
44206,Essendon Bombers,Fremantle Dockers,2017-08-27,23,19.33333333333333,0.0,80.0,2.6666666666666665,0.0,19.6,0.0,85.2,4.0,0.0,19.8,0.0,80.4,4.0,0.0,236,20.44915254237288,1
44207,Essendon Bombers,Brisbane Lions,2024-08-24,24,13.0,0.0,52.333333333333336,1.0,0.0,14.8,0.0,60.0,0.8,0.0,14.3,0.1,59.8,1.1,0.6,130,14.1,0
44208,Greater Western Sydney Giants,Sydney Swans,2025-07-25,20,20.0,0.6666666666666666,77.66666666666667,3.0,4.333333333333333,19.4,0.4,77.0,3.4,3.0,23.6,0.2,87.1,4.7,1.6,164,24.24390243902439,1
44209,West Coast Eagles,Sydney Swans,2025-08-23,24,22.666666666666668,0.3333333333333333,80.66666666666667,4.666666666666667,2.0,21.8,0.6,75.8,3.4,3.6,17.6,0.5,63.3,2.3,3.2,123,22.959349593495936,1
44210,Collingwood Magpies,Richmond Tigers,2021-07-11,17,5.5,0.5,23.5,0.0,3.5,5.5,0.5,23.5,0.0,3.5,5.5,0.5,23.5,0.0,3.5,2,5.5,0
44211,Carlton Blues,West Coast Eagles,2025-04-12,5,8.333333333333334,2.0,55.66666666666666,3.0,12.333333333333334,8.0,1.6,47.6,2.2,10.4,11.9,1.2,62.7,2.5,7.7,37,13.45945945945946,1
44212,Carlton Blues,Essendon Bombers,2004-04-16,4,7.333333333333333,1.0,36.333333333333336,2.0,6.666666666666667,7.333333333333333,1.0,36.333333333333336,2.0,6.666666666666667,7.333333333333333,1.0,36.333333333333336,2.0,6.666666666666667,3,7.333333333333333,1
44213,Greater Western Sydney Giants,Brisbane Lions,2023-04-22,6,7.0,0.0,22.33333333333333,1.0,0.0,9.4,0.0,33.4,1.0,0.0,11.4,0.0,44.7,0.8,0.0,152,14.572368421052632,1
44214,Melbourne Demons,St Kilda Saints,2016-07-17,17,14.0,0.3333333333333333,50.333333333333336,2.333333333333333,2.6666666666666665,15.6,0.4,58.6,2.0,2.8,16.7,0.6,63.1,2.1,4.0,27,14.185185185185183,0
44215,Sydney Swans,Greater Western Sydney Giants,2022-07-30,20,5.666666666666667,0.0,20.33333333333333,1.3333333333333333,0.0,10.0,0.0,33.6,1.4,0.0,15.3,0.1,53.9,2.0,0.7,208,25.39903846153846,1
44216,West Coast Eagles,Adelaide Crows,2022-08-07,21,9.333333333333334,2.0,58.0,2.0,12.333333333333334,10.6,2.6,61.8,1.4,16.2,8.8,2.2,53.4,1.9,14.0,216,10.583333333333334,1
44217,Western Bulldogs,Fremantle Dockers,2025-08-24,24,23.0,0.3333333333333333,86.66666666666667,4.0,3.0,22.6,0.4,93.0,6.0,3.0,21.3,0.6,88.7,5.3,3.9,107,18.7196261682243,1
44218,Sydney Swans,St Kilda Saints,2011-09-10,EF,13.666666666666666,0.0,44.66666666666666,2.6666666666666665,0.0,12.2,0.0,41.4,2.4,0.0,14.1,0.0,49.6,2.8,0.1,155,15.84516129032258,0
44219,St Kilda Saints,Sydney Swans,2022-08-21,23,15.0,1.6666666666666667,77.33333333333333,3.6666666666666665,10.333333333333334,15.2,1.0,74.0,3.4,6.8,12.4,0.5,59.7,2.9,3.6,81,12.851851851851851,1
44220,Carlton Blues,Adelaide Crows,2018-08-25,23,25.33333333333333,0.3333333333333333,98.33333333333331,3.0,2.333333333333333,23.0,0.2,89.4,3.4,1.6,21.2,0.2,84.4,4.0,1.5,51,17.333333333333332,1
44221,West Coast Eagles,Essendon Bombers,2013-06-27,14,21.33333333333333,0.3333333333333333,69.66666666666667,2.333333333333333,2.0,19.8,0.2,63.6,2.8,1.2,21.5,0.4,70.0,2.8,2.5,172,21.186046511627907,1
44222,Carlton Blues,Fremantle Dockers,2018-06-16,13,10.0,1.0,54.0,1.0,8.0,10.0,1.0,54.0,1.0,8.0,10.0,1.0,54.0,1.0,8.0,2,10.0,1
44223,Fremantle Dockers,Collingwood Magpies,2018-08-25,23,14.333333333333334,0.3333333333333333,62.66666666666666,1.3333333333333333,2.0,14.2,0.4,64.6,1.2,2.4,13.4,0.2,55.0,1.2,1.4,53,10.09433962264151,1
44224,Western Bulldogs,Sydney Swans,2025-06-27,16,8.0,1.6666666666666667,49.0,1.6666666666666667,10.333333333333334,10.0,1.6,54.8,1.6,10.0,10.4,0.8,53.1,2.4,5.0,31,9.64516129032258,0
44225,Gold Coast Suns,Essendon Bombers,2025-08-27,24,6.666666666666667,3.6666666666666665,59.333333333333336,2.0,22.33333333333333,7.6,3.4,57.0,1.2,20.6,7.2,2.9,49.7,0.8,17.9,96,7.71875,1
44226,Collingwood Magpies,Port Adelaide Power,2004-08-20,21,11.0,2.0,59.66666666666666,1.6666666666666667,12.666666666666666,7.6,1.4,41.2,1.2,8.8,6.625,1.0,34.125,0.875,6.5,8,6.625,1
44227,Richmond Tigers,Western Bulldogs,2014-04-05,3,12.333333333333334,1.0,55.333333333333336,3.333333333333333,7.0,11.8,0.6,55.0,3.4,4.8,11.5,1.0,56.2,2.9,6.8,78,13.64102564102564,0
44228,St Kilda Saints,Port Adelaide Power,2024-06-30,16,8.666666666666666,2.333333333333333,50.333333333333336,1.0,14.333333333333334,10.0,2.0,51.6,1.0,12.4,11.6,1.9,61.0,0.9,12.5,63,9.698412698412698,1
44229,Collingwood Magpies,Melbourne Demons,2017-08-26,23,,,,,,,,,,,,,,,,0,,1
44230,Geelong Cats,Richmond Tigers,2025-08-23,24,9.333333333333334,0.0,40.0,2.333333333333333,0.6666666666666666,13.0,0.2,60.6,5.0,1.6,10.0,0.3,50.9,3.8,2.2,13,10.615384615384617,0
44231,Richmond Tigers,Brisbane Lions,2015-04-18,3,19.666666666666668,0.6666666666666666,82.0,1.6666666666666667,5.333333333333333,16.6,0.4,69.0,1.4,3.6,16.0,0.5,61.6,1.8,3.7,82,18.463414634146343,0
44232,Geelong Cats,West Coast Eagles,2024-08-24,24,12.333333333333334,0.0,60.66666666666666,3.0,0.0,13.2,0.0,61.4,2.6,0.0,13.5,0.0,63.2,2.7,0.0,147,12.244897959183673,1
44233,Adelaide Crows,Western Bulldogs,2019-08-25,23,13.333333333333334,0.3333333333333333,64.0,4.666666666666667,2.0,17.2,0.2,73.4,4.0,1.4,16.2,0.3,72.7,3.9,2.0,43,14.581395348837209,0
44234,Melbourne Demons,Essendon Bombers,2019-04-05,3,11.666666666666666,0.0,52.66666666666666,3.0,0.0,13.0,0.0,54.4,2.0,0.4,15.3,0.0,64.1,2.0,0.2,69,18.91304347826087,1
44235,Essendon Bombers,Carlton Blues,2016-08-27,23,10.0,1.3333333333333333,46.66666666666666,2.6666666666666665,8.0,9.8,1.2,45.4,2.6,7.4,9.6,0.9,46.4,3.2,5.6,19,10.736842105263158,1
44236,Carlton Blues,Greater Western Sydney Giants,2023-08-27,24,12.333333333333334,0.6666666666666666,55.333333333333336,1.6666666666666667,4.333333333333333,11.0,0.4,58.2,2.2,2.6,10.8,0.5,59.0,2.2,3.2,49,9.816326530612244,1
44237,Geelong Cats,Western Bulldogs,2023-08-26,24,15.333333333333334,0.0,60.0,0.3333333333333333,0.0,14.4,0.0,57.2,0.6,0.0,13.0,0.0,50.8,0.8,0.0,30,12.0,1
44238,Richmond Tigers,West Coast Eagles,2025-07-19,19,9.333333333333334,0.3333333333333333,35.666666666666664,0.3333333333333333,2.6666666666666665,10.4,0.8,46.4,0.8,5.2,10.4,1.0,50.6,1.0,6.6,49,8.16326530612245,0
44239,St Kilda Saints,Fremantle Dockers,2013-08-31,23,6.333333333333333,1.0,35.666666666666664,1.0,6.333333333333333,5.4,0.8,31.4,1.6,5.0,7.3,1.0,46.1,2.2,6.5,199,11.01005025125628,1
44240,Port Adelaide Power,Gold Coast Suns,2016-08-27,23,15.666666666666666,0.3333333333333333,65.33333333333333,2.333333333333333,2.0,16.2,0.2,65.6,2.2,1.2,14.7,0.3,64.7,2.7,1.9,63,14.603174603174605,0
44241,Collingwood Magpies,Gold Coast Suns,2013-07-20,17,14.0,1.3333333333333333,71.33333333333333,3.0,9.0,12.4,1.2,62.4,2.6,7.8,14.1,1.8,73.9,2.7,11.6,99,11.22222222222222,0
44242,Collingwood Magpies,Hawthorn Hawks,2024-07-20,19,8.333333333333334,1.0,59.0,3.0,7.0,8.4,1.4,59.4,2.8,9.4,7.9,1.1,50.8,2.5,7.3,10,7.9,0
44243,Carlton Blues,Richmond Tigers,2020-03-19,1,13.333333333333334,0.3333333333333333,89.0,1.6666666666666667,3.0,13.2,0.2,83.6,1.8,1.8,12.2,0.3,81.8,2.1,2.2,153,12.287581699346406,0
44244,Sydney Swans,Geelong Cats,2025-08-17,23,7.0,0.0,27.33333333333333,0.3333333333333333,0.3333333333333333,8.0,0.4,36.8,1.0,2.8,10.4,0.4,46.3,1.1,2.8,43,12.534883720930232,1
44245,Adelaide Crows,Port Adelaide Power,2004-08-29,22,7.666666666666667,0.6666666666666666,36.66666666666666,1.0,4.333333333333333,6.4,0.4,30.2,1.2,2.6,12.7,0.7,55.6,1.9,4.9,40,14.5,1
44246,Hawthorn Hawks,Gold Coast Suns,2011-09-03,24,8.0,0.3333333333333333,44.66666666666666,4.0,2.333333333333333,10.8,0.2,49.8,3.4,1.4,14.3,0.3,58.0,3.4,2.1,96,16.760416666666668,0
44247,Sydney Swans,Geelong Cats,2007-06-30,13,,,,,,,,,,,,,,,,0,,0
44248,Sydney Swans,Carlton Blues,2017-04-29,6,13.666666666666666,0.3333333333333333,54.333333333333336,2.333333333333333,2.333333333333333,12.0,0.2,49.4,2.6,1.4,12.0,0.1,48.6,2.5,0.7,70,14.514285714285714,0
44249,Adelaide Crows,North Melbourne Kangaroos,2025-08-23,24,24.0,0.0,96.0,3.333333333333333,0.0,23.8,0.0,93.8,3.2,0.0,23.8,0.0,92.7,3.3,0.0,206,26.91747572815534,0
44250,Hawthorn Hawks,Carlton Blues,2015-09-05,23,10.0,0.0,52.66666666666666,2.333333333333333,0.0,11.8,0.0,53.0,1.8,0.0,13.5,0.0,60.8,1.9,0.0,190,14.589473684210526,1
44251,Richmond Tigers,West Coast Eagles,2022-07-03,16,10.333333333333334,0.0,36.66666666666666,0.6666666666666666,0.3333333333333333,12.2,0.0,48.6,2.2,0.2,16.3,0.4,62.2,2.5,2.6,99,19.151515151515152,1
44252,Carlton Blues,Adelaide Crows,2018-08-25,23,18.0,0.0,68.0,1.6666666666666667,0.0,17.0,0.2,65.0,1.6,1.2,16.5,0.2,62.0,2.2,1.2,65,12.184615384615384,1
44253,West Coast Eagles,Western Bulldogs,2015-04-04,1,,,,,,,,,,,,,,,,0,,0
44254,Melbourne Demons,Collingwood Magpies,2025-08-22,24,17.0,0.3333333333333333,59.66666666666666,1.3333333333333333,2.333333333333333,17.2,0.2,66.2,2.4,1.4,16.1,0.2,63.1,2.5,1.5,150,20.506666666666668,0
44255,Collingwood Magpies,Essendon Bombers,2019-04-25,6,19.33333333333333,0.0,71.66666666666667,1.6666666666666667,0.0,17.0,0.0,64.2,2.0,0.0,18.2,0.0,69.0,2.4,0.0,69,18.98550724637681,0
44256,West Coast Eagles,Fremantle Dockers,2022-08-13,22,10.333333333333334,0.3333333333333333,49.66666666666666,3.0,2.0,8.8,0.4,44.0,3.4,2.4,10.4,0.4,45.3,2.7,2.5,39,9.564102564102564,0
44257,Essendon Bombers,Gold Coast Suns,2025-08-27,24,9.0,0.3333333333333333,39.333333333333336,2.0,2.0,12.6,1.2,57.6,2.4,7.2,13.3,1.1,64.2,2.5,7.2,131,15.19083969465649,0
44258,Hawthorn Hawks,Greater Western Sydney Giants,2018-06-30,15,13.0,0.0,52.0,2.6666666666666665,0.0,12.6,0.0,48.0,2.4,0.0,14.6,0.1,54.0,2.2,1.1,55,17.509090909090908,0
44259,St Kilda Saints,Adelaide Crows,2019-08-03,20,12.0,1.0,59.0,3.0,6.0,12.0,1.0,59.0,3.0,6.0,12.0,1.0,59.0,3.0,6.0,1,12.0,0
44260,Carlton Blues,Melbourne Demons,2020-06-13,2,5.666666666666667,0.6666666666666666,37.333333333333336,3.0,4.333333333333333,7.2,0.8,45.6,3.4,5.4,9.1,0.5,47.2,2.8,3.5,47,12.872340425531917,1
44261,North Melbourne Kangaroos,St Kilda Saints,2025-08-03,21,10.0,3.6666666666666665,76.0,2.0,23.33333333333333,10.0,2.4,63.0,1.4,15.4,10.1,2.8,63.6,1.2,17.9,103,9.097087378640778,0
44262,Melbourne Demons,St Kilda Saints,2025-06-01,12,7.333333333333333,0.0,28.666666666666668,1.6666666666666667,0.0,8.8,0.0,30.2,1.4,0.0,8.0,0.0,28.0,1.3333333333333333,0.0,6,8.0,1
44263,Essendon Bombers,Gold Coast Suns,2025-08-27,24,14.666666666666666,0.0,69.0,1.6666666666666667,0.0,15.4,0.0,68.8,2.2,0.0,14.6,0.0,64.1,2.0,0.0,115,14.017391304347829,0
44264,North Melbourne Kangaroos,Port Adelaide Power,2024-05-25,11,13.0,0.3333333333333333,48.333333333333336,2.6666666666666665,2.0,13.0,0.2,49.2,2.6,1.2,11.7,0.1,44.4,3.1,0.6,30,9.266666666666667,1
44265,Essendon Bombers,Adelaide Crows,2008-08-16,20,6.666666666666667,1.0,41.333333333333336,1.6666666666666667,6.0,8.2,1.0,48.4,1.2,7.2,7.7,0.8,45.1,1.4,5.5,57,8.017543859649123,1
44266,West Coast Eagles,Brisbane Lions,2018-08-26,23,15.666666666666666,0.6666666666666666,70.66666666666667,3.0,4.0,14.8,1.0,69.0,2.8,6.2,14.4,1.0,67.7,3.0,6.7,170,14.511764705882351,0
44267,North Melbourne Kangaroos,Hawthorn Hawks,2006-05-07,6,6.0,0.3333333333333333,23.33333333333333,0.6666666666666666,2.6666666666666665,6.0,0.3333333333333333,23.33333333333333,0.6666666666666666,2.6666666666666665,6.0,0.3333333333333333,23.33333333333333,0.6666666666666666,2.6666666666666665,3,6.0,1
44268,St Kilda Saints,Fremantle Dockers,2013-08-31,23,14.0,0.6666666666666666,48.66666666666666,1.0,4.0,12.8,0.4,42.0,1.4,2.4,11.428571428571429,0.4285714285714285,39.42857142857143,1.1428571428571428,2.571428571428572,7,11.428571428571429,1
44269,Essendon Bombers,Western Bulldogs,2006-09-01,22,4.333333333333333,0.6666666666666666,29.0,1.6666666666666667,4.0,4.333333333333333,0.6666666666666666,29.0,1.6666666666666667,4.0,4.333333333333333,0.6666666666666666,29.0,1.6666666666666667,4.0,3,4.333333333333333,0
44270,Essendon Bombers,Carlton Blues,2012-08-18,21,,,,,,,,,,,,,,,,0,,1
44271,St Kilda Saints,Gold Coast Suns,2016-07-02,15,8.666666666666666,0.3333333333333333,43.0,1.3333333333333333,2.6666666666666665,7.6,0.8,44.0,1.6,5.4,8.4,1.1,45.6,1.4,7.1,14,8.428571428571429,0
44272,Richmond Tigers,Adelaide Crows,2025-06-29,16,5.666666666666667,1.6666666666666667,36.333333333333336,1.3333333333333333,10.333333333333334,7.2,1.8,49.0,2.2,11.6,6.285714285714286,1.5714285714285714,43.0,2.0,10.0,7,6.285714285714286,1
44273,Gold Coast Suns,Geelong Cats,2025-06-07,13,12.333333333333334,0.0,52.333333333333336,3.0,0.0,11.4,0.0,49.6,3.0,0.0,9.9,0.0,42.5,2.2,0.0,119,11.512605042016808,0
44274,Richmond Tigers,Collingwood Magpies,2017-03-30,2,12.0,0.3333333333333333,55.0,2.0,2.6666666666666665,11.4,0.4,53.8,1.4,3.0,12.6,0.7,58.7,1.1,4.6,17,10.470588235294118,1
44275,Gold Coast Suns,Geelong Cats,2018-08-25,23,6.0,0.3333333333333333,27.33333333333333,1.0,3.0,7.8,0.2,37.2,1.4,1.8,9.7,0.1,43.4,1.8,0.9,20,10.55,0
44276,Brisbane Lions,Geelong Cats,2025-09-05,QF,16.333333333333332,0.3333333333333333,84.0,2.6666666666666665,2.0,12.4,0.2,60.6,1.8,1.2,12.5,0.1,59.2,2.0,0.6,169,14.331360946745562,0
44277,Essendon Bombers,Port Adelaide Power,2018-08-24,23,13.666666666666666,0.0,70.33333333333333,4.333333333333333,0.0,13.2,0.0,73.6,4.0,0.0,12.9,0.1,74.1,3.1,0.7,111,12.153153153153154,0
44278,Melbourne Demons,North Melbourne Kangaroos,2025-07-13,18,11.666666666666666,0.0,56.0,1.6666666666666667,0.0,11.2,0.0,51.0,1.8,0.0,11.9,0.0,51.6,1.6,0.0,185,14.05945945945946,1
44279,Melbourne Demons,North Melbourne Kangaroos,2019-08-24,23,15.333333333333334,0.6666666666666666,64.66666666666667,2.333333333333333,4.0,13.8,1.0,63.2,2.0,6.4,15.4,0.6,59.0,1.9,3.8,249,23.502008032128515,0
44280,Hawthorn Hawks,Brisbane Lions,2025-08-24,24,10.333333333333334,1.0,55.333333333333336,2.333333333333333,6.333333333333333,9.0,1.0,47.2,2.0,6.4,9.8,1.1,52.3,1.7,7.2,59,11.05084745762712,0
44281,Western Bulldogs,Fremantle Dockers,2025-08-24,24,24.0,0.0,95.0,4.666666666666667,0.3333333333333333,24.2,0.0,97.0,5.8,0.2,23.9,0.2,95.3,5.6,1.4,193,22.569948186528496,1
44282,Gold Coast Suns,Richmond Tigers,2011-07-16,17,8.0,0.0,27.0,1.0,0.0,8.0,0.0,27.0,1.0,0.0,8.0,0.0,27.0,1.0,0.0,1,8.0,0
44283,St Kilda Saints,Sydney Swans,2022-08-21,23,14.666666666666666,0.0,69.66666666666667,4.333333333333333,0.3333333333333333,14.0,0.0,63.6,3.6,0.2,15.8,0.0,65.1,2.5,0.1,27,16.814814814814813,1
44284,Sydney Swans,Adelaide Crows,2021-03-27,2,6.0,0.0,20.0,0.0,0.0,6.0,0.0,20.0,0.0,0.0,6.0,0.0,20.0,0.0,0.0,1,6.0,1
44285,Collingwood Magpies,Adelaide Crows,2025-09-04,QF,13.666666666666666,0.3333333333333333,54.66666666666666,2.6666666666666665,3.0,15.2,0.2,56.0,3.0,1.8,16.2,0.7,67.5,3.4,4.8,109,17.779816513761467,0
44286,Brisbane Lions,Richmond Tigers,2014-04-17,5,17.333333333333332,0.0,72.0,1.0,0.0,14.0,0.8,65.0,1.4,5.0,12.9,1.2,64.3,1.2,7.5,17,12.823529411764708,1
44287,Hawthorn Hawks,St Kilda Saints,2007-07-21,16,,,,,,,,,,,,,,,,0,,0
44288,Carlton Blues,West Coast Eagles,2006-06-11,11,6.666666666666667,0.0,30.0,1.0,0.0,6.4,0.0,32.8,2.2,0.0,7.2,0.0,34.0,2.0,0.0,38,6.631578947368421,0
44289,Greater Western Sydney Giants,St Kilda Saints,2023-09-09,EF,13.333333333333334,0.6666666666666666,62.66666666666666,3.0,4.666666666666667,12.6,0.6,56.6,3.0,4.0,13.0,0.6,57.7,3.3,4.0,79,11.746835443037977,0
44290,Sydney Swans,West Coast Eagles,2025-08-23,24,19.33333333333333,0.0,70.66666666666667,1.3333333333333333,0.6666666666666666,19.4,0.0,76.0,1.8,0.4,18.9,0.3,83.4,2.5,2.4,200,23.87,0
44291,Western Bulldogs,West Coast Eagles,2020-09-06,16,10.666666666666666,1.6666666666666667,57.66666666666666,2.0,10.333333333333334,8.6,1.2,45.8,1.8,7.6,9.1,0.9,46.6,2.0,5.8,88,13.090909090909092,1
44292,Geelong Cats,North Melbourne Kangaroos,2004-06-13,12,5.333333333333333,0.3333333333333333,37.66666666666666,1.6666666666666667,2.333333333333333,6.8,0.4,46.2,1.6,2.8,6.625,0.25,47.25,2.125,1.75,8,6.625,1
44293,Carlton Blues,Gold Coast Suns,2019-04-14,4,9.333333333333334,0.0,77.33333333333333,4.333333333333333,0.3333333333333333,9.4,0.2,83.0,4.8,1.4,8.9,0.1,75.5,4.7,0.7,84,10.023809523809524,0
44294,Western Bulldogs,Fremantle Dockers,2025-08-24,24,8.333333333333334,0.0,40.66666666666666,2.0,0.3333333333333333,9.6,0.0,39.8,1.2,0.2,12.2,0.0,53.6,1.1,0.1,149,11.422818791946307,1
44295,Melbourne Demons,Western Bulldogs,2020-08-22,13,7.0,0.0,37.0,2.333333333333333,0.0,8.4,0.0,37.4,2.2,0.0,10.7,0.3,44.5,1.8,2.0,13,10.538461538461538,0
44296,Gold Coast Suns,Carlton Blues,2011-04-02,2,,,,,,,,,,,,,,,,0,,1
44297,North Melbourne Kangaroos,Adelaide Crows,2025-08-23,24,13.666666666666666,0.3333333333333333,55.66666666666666,1.0,2.0,14.2,0.2,58.0,1.4,1.2,12.3,0.1,51.4,1.6,0.6,79,11.40506329113924,1
44298,Port Adelaide Power,Gold Coast Suns,2014-08-16,21,19.666666666666668,0.3333333333333333,90.0,3.333333333333333,2.0,15.2,0.2,67.4,3.0,1.2,17.0,0.4,69.2,2.8,2.6,94,15.51063829787234,0
44299,Brisbane Lions,Geelong Cats,2025-09-05,QF,10.0,1.6666666666666667,63.66666666666666,4.666666666666667,10.666666666666666,11.4,1.6,66.6,4.4,10.4,9.5,0.9,49.9,2.9,5.9,34,9.911764705882351,0
44300,Collingwood Magpies,Adelaide Crows,2005-08-20,21,4.666666666666667,0.0,22.33333333333333,2.0,0.3333333333333333,5.2,0.2,24.4,1.2,1.8,6.3,0.6,31.9,1.3,4.1,33,7.393939393939394,0
44301,Richmond Tigers,West Coast Eagles,2013-06-03,10,15.0,1.0,59.66666666666666,3.333333333333333,6.0,16.8,0.6,68.0,4.0,3.6,15.4,0.6,68.9,5.5,3.7,59,14.64406779661017,0
44302,Gold Coast Suns,Melbourne Demons,2018-08-05,20,17.333333333333332,0.3333333333333333,75.33333333333333,7.0,2.0,15.8,0.2,60.4,5.0,1.2,17.6,0.2,66.1,4.3,1.2,47,14.808510638297872,0
44303,Geelong Cats,Greater Western Sydney Giants,2017-08-26,23,15.333333333333334,0.0,61.66666666666666,3.0,0.0,15.4,0.0,60.2,3.0,0.0,15.0,0.0,59.7,2.2,0.0,154,11.87012987012987,1
44304,St Kilda Saints,Adelaide Crows,2019-04-27,6,8.0,0.0,56.333333333333336,2.0,0.3333333333333333,6.4,0.0,45.0,1.6,0.2,8.3,0.1,66.3,3.3,0.8,65,8.292307692307693,1
44305,Gold Coast Suns,Brisbane Lions,2025-09-13,SF,11.0,2.0,56.66666666666666,2.0,12.666666666666666,12.0,2.2,62.8,1.6,14.0,10.9,1.8,56.0,1.8,11.4,104,10.923076923076923,0
44306,Essendon Bombers,Carlton Blues,2016-08-27,23,11.5,0.0,54.0,3.5,0.5,11.5,0.0,54.0,3.5,0.5,11.5,0.0,54.0,3.5,0.5,2,11.5,1
44307,Collingwood Magpies,Adelaide Crows,2025-09-04,QF,16.333333333333332,0.3333333333333333,65.66666666666667,4.0,2.0,15.4,0.2,67.6,6.2,1.2,17.4,0.2,78.0,7.4,1.5,27,13.666666666666666,0
44308,West Coast Eagles,Sydney Swans,2025-08-23,24,8.0,0.6666666666666666,42.66666666666666,3.0,5.0,7.4,0.4,37.6,2.6,3.2,8.8,0.3,39.5,2.0,2.6,31,10.225806451612904,1
44309,Port Adelaide Power,North Melbourne Kangaroos,2008-08-30,22,17.666666666666668,0.3333333333333333,71.0,3.6666666666666665,2.0,19.0,0.8,80.2,3.4,5.6,18.5,0.6,76.3,2.8,4.4,87,15.402298850574711,0
44310,St Kilda Saints,Adelaide Crows,2021-06-12,13,9.333333333333334,0.6666666666666666,39.66666666666666,1.0,4.333333333333333,11.4,0.4,47.2,1.6,3.0,10.5,0.9,48.5,2.1,5.8,72,12.38888888888889,1
44312,Collingwood Magpies,Hawthorn Hawks,2008-08-01,18,19.33333333333333,0.0,74.33333333333333,4.0,0.6666666666666666,20.8,0.4,78.8,2.6,2.8,18.1,0.3,71.4,2.6,2.0,95,12.389473684210529,1
44313,Port Adelaide Power,Gold Coast Suns,2025-08-22,24,5.333333333333333,1.0,33.0,0.3333333333333333,6.666666666666667,4.8,0.8,25.6,1.2,5.2,5.9,0.8,29.6,1.2,5.3,23,6.217391304347826,1
44314,Hawthorn Hawks,Richmond Tigers,2016-05-06,7,11.0,0.0,36.0,1.0,0.0,11.0,0.0,36.0,1.0,0.0,11.0,0.0,36.0,1.0,0.0,1,11.0,0
44315,Essendon Bombers,Richmond Tigers,2013-08-31,23,12.666666666666666,0.3333333333333333,52.0,3.0,2.0,13.4,0.4,56.0,3.6,2.4,11.8,0.2,46.2,3.1,1.5,117,15.931623931623932,1
44316,Essendon Bombers,Hawthorn Hawks,2009-08-29,22,17.666666666666668,1.0,81.33333333333333,3.6666666666666665,7.0,21.8,0.6,87.2,2.4,4.6,22.6,0.9,88.2,2.6,6.1,66,17.5,0
44317,Hawthorn Hawks,West Coast Eagles,2014-06-07,12,,,,,,,,,,,,,,,,0,,1
44318,North Melbourne Kangaroos,Western Bulldogs,2010-08-01,18,12.0,0.0,59.66666666666666,8.333333333333334,0.3333333333333333,13.2,0.0,59.2,6.4,0.6,13.0,0.1,53.5,4.8,1.1,32,10.71875,0
44319,Western Bulldogs,Melbourne Demons,2013-06-29,14,14.0,0.0,58.333333333333336,4.333333333333333,0.3333333333333333,15.2,0.2,62.6,4.8,1.4,14.6,0.3,61.6,4.0,2.0,44,15.613636363636363,0
44320,Carlton Blues,Port Adelaide Power,2014-08-22,22,17.0,0.0,68.0,4.0,0.0,14.2,0.0,54.2,2.8,0.0,15.6,0.2,60.4,2.8,1.6,32,15.59375,0
44321,Carlton Blues,Collingwood Magpies,2006-08-27,21,12.0,0.6666666666666666,66.66666666666667,2.0,5.333333333333333,10.2,1.2,61.4,1.8,8.2,9.9,0.6,53.0,1.4,4.2,35,8.628571428571428,0
44322,Port Adelaide Power,Fremantle Dockers,2025-08-09,22,9.666666666666666,0.6666666666666666,51.333333333333336,2.6666666666666665,5.333333333333333,8.6,1.0,46.8,1.6,7.0,9.4,1.0,47.6,1.7,6.8,99,14.454545454545457,1
44323,Melbourne Demons,St Kilda Saints,2016-04-30,6,18.0,0.0,65.66666666666667,1.3333333333333333,0.0,14.6,0.0,49.8,1.0,0.0,12.6,0.0,45.2,1.6,0.1,171,15.807017543859647,1
44324,Geelong Cats,Melbourne Demons,2015-06-21,12,5.0,0.0,18.0,1.0,0.0,5.0,0.0,18.0,1.0,0.0,5.0,0.0,18.0,1.0,0.0,1,5.0,1
44325,Port Adelaide Power,Carlton Blues,2023-07-15,18,11.0,0.0,69.33333333333333,1.6666666666666667,0.0,12.8,0.0,78.2,3.8,0.0,11.2,0.0,65.1,3.3,0.0,115,12.930434782608696,0
44326,Western Bulldogs,Richmond Tigers,2018-08-25,23,8.333333333333334,0.0,29.666666666666668,0.3333333333333333,0.6666666666666666,8.6,0.0,29.4,0.4,0.4,9.833333333333334,0.0,31.33333333333333,0.6666666666666666,0.3333333333333333,6,9.833333333333334,0
44327,Western Bulldogs,North Melbourne Kangaroos,2007-07-01,13,10.0,0.0,59.0,2.0,0.0,10.0,0.0,59.0,2.0,0.0,10.0,0.0,59.0,2.0,0.0,1,10.0,0
44328,Hawthorn Hawks,Western Bulldogs,2022-08-21,23,8.666666666666666,0.3333333333333333,46.66666666666666,1.0,2.0,7.2,0.2,43.8,2.4,1.2,7.2,0.2,43.8,2.4,1.2,5,7.2,1
44329,Collingwood Magpies,North Melbourne Kangaroos,2013-09-01,23,15.666666666666666,1.3333333333333333,81.0,3.0,8.0,14.0,0.8,66.8,2.0,4.8,15.4,0.6,70.6,1.4,4.4,177,14.570621468926554,1
44330,Adelaide Crows,North Melbourne Kangaroos,2021-08-22,23,23.0,1.0,85.0,1.3333333333333333,6.666666666666667,22.2,1.0,83.2,0.8,6.4,17.5,0.6,68.5,1.1,4.5,163,18.085889570552148,1
44331,Richmond Tigers,Geelong Cats,2025-08-23,24,9.0,1.6666666666666667,51.333333333333336,2.0,12.333333333333334,8.6,1.6,48.2,1.4,11.6,8.5,1.6,49.5,1.3,11.2,181,12.480662983425416,1
44332,Brisbane Lions,Fremantle Dockers,2024-03-17,1,11.333333333333334,0.3333333333333333,54.0,4.666666666666667,2.0,12.4,0.4,55.4,3.8,2.6,15.4,0.2,67.4,4.3,1.4,150,21.67333333333333,0
44333,Collingwood Magpies,Adelaide Crows,2016-07-16,17,7.666666666666667,0.3333333333333333,40.0,4.0,2.333333333333333,9.6,0.2,45.4,3.6,1.4,11.7,0.1,51.3,3.5,0.7,57,13.824561403508772,0
44334,Hawthorn Hawks,Carlton Blues,2025-07-24,20,6.333333333333333,0.3333333333333333,30.0,1.3333333333333333,2.0,6.333333333333333,0.3333333333333333,30.0,1.3333333333333333,2.0,6.333333333333333,0.3333333333333333,30.0,1.3333333333333333,2.0,3,6.333333333333333,1
44335,Hawthorn Hawks,Brisbane Lions,2025-08-24,24,20.33333333333333,0.3333333333333333,76.0,1.3333333333333333,3.6666666666666665,17.8,0.4,73.8,3.0,3.4,15.7,0.9,73.8,4.2,6.1,66,16.242424242424242,0
44336,Melbourne Demons,Hawthorn Hawks,2013-06-02,10,17.333333333333332,0.0,61.333333333333336,1.3333333333333333,0.0,19.4,0.0,68.2,2.0,0.0,19.1,0.0,62.7,1.9,0.1,109,17.192660550458715,1
44337,Adelaide Crows,North Melbourne Kangaroos,2021-08-22,23,11.0,0.3333333333333333,43.333333333333336,2.0,2.333333333333333,12.2,0.2,50.6,2.4,1.4,12.6,0.3,49.8,2.0,2.0,187,16.315508021390375,1
44338,Hawthorn Hawks,Fremantle Dockers,2025-07-12,18,13.0,0.0,45.66666666666666,3.0,0.3333333333333333,14.4,0.0,55.4,4.4,0.2,17.6,0.0,65.4,4.2,0.1,37,15.027027027027026,0
44339,West Coast Eagles,Adelaide Crows,2017-08-27,23,13.333333333333334,0.0,55.66666666666666,2.333333333333333,0.0,11.8,0.0,48.6,1.8,0.0,11.9,0.0,50.1,1.6,0.0,112,12.732142857142858,1
44340,Geelong Cats,Greater Western Sydney Giants,2017-08-26,23,20.666666666666668,0.3333333333333333,82.66666666666667,2.333333333333333,2.0,21.8,0.2,81.8,1.6,1.4,21.7,0.1,81.4,2.1,0.8,215,19.4,1
44341,North Melbourne Kangaroos,Melbourne Demons,2020-08-09,11,10.333333333333334,0.0,49.333333333333336,3.333333333333333,0.0,10.4,0.0,46.4,3.2,0.0,15.6,0.0,60.2,2.6,0.0,129,17.48062015503876,0
44342,Gold Coast Suns,Adelaide Crows,2024-03-16,1,8.666666666666666,0.0,35.333333333333336,1.3333333333333333,0.0,11.6,0.2,47.8,2.0,1.4,14.1,0.3,58.7,1.9,1.9,79,15.253164556962023,1
44343,St Kilda Saints,Greater Western Sydney Giants,2025-08-24,24,21.666666666666668,0.0,79.33333333333333,4.0,0.0,21.6,0.0,78.6,4.2,0.0,23.1,0.1,88.1,5.7,0.7,269,27.598513011152416,0
44344,Collingwood Magpies,Melbourne Demons,2024-08-23,24,11.0,0.3333333333333333,40.333333333333336,2.6666666666666665,2.333333333333333,10.2,0.2,41.2,3.2,1.4,9.6,0.1,37.9,3.0,0.7,18,10.77777777777778,0
44345,Carlton Blues,Greater Western Sydney Giants,2019-05-19,9,7.333333333333333,0.0,26.666666666666668,1.3333333333333333,0.0,7.8,0.0,30.6,1.2,0.0,7.625,0.0,34.625,2.375,0.0,8,7.625,0
44346,Brisbane Lions,West Coast Eagles,2023-07-08,17,5.666666666666667,0.0,34.666666666666664,3.0,0.0,7.4,0.0,35.0,2.0,0.0,9.8,0.1,42.3,1.8,0.6,10,9.8,1
44347,Collingwood Magpies,Brisbane Lions,2022-04-14,5,14.0,0.0,57.66666666666666,1.6666666666666667,0.0,15.2,0.0,63.0,1.4,0.0,17.2,0.0,64.0,1.4,0.0,38,14.605263157894736,0
44348,Hawthorn Hawks,Port Adelaide Power,2025-07-19,19,8.0,0.3333333333333333,33.666666666666664,2.0,2.0,9.6,0.2,33.8,1.2,1.4,12.6,0.3,44.3,1.4,2.4,42,11.452380952380953,1
44349,Gold Coast Suns,Adelaide Crows,2012-09-01,23,9.333333333333334,1.0,41.0,2.0,6.666666666666667,9.4,0.6,39.0,1.8,4.2,9.4,0.6,39.0,1.8,4.2,5,9.4,0
44350,Essendon Bombers,Western Bulldogs,2008-08-22,21,7.0,0.5,34.5,2.0,3.0,7.0,0.5,34.5,2.0,3.0,7.0,0.5,34.5,2.0,3.0,2,7.0,0
44351,Melbourne Demons,St Kilda Saints,2012-08-11,20,8.333333333333334,0.0,37.0,3.333333333333333,0.3333333333333333,11.2,0.0,47.2,4.2,0.4,12.5,0.1,56.9,4.7,1.0,13,14.538461538461538,0
44352,Brisbane Lions,Richmond Tigers,2015-04-18,3,13.333333333333334,0.0,64.66666666666667,3.0,0.0,14.2,0.2,67.6,2.6,1.2,14.4,0.1,61.6,2.0,0.6,136,12.235294117647058,1
44353,North Melbourne Kangaroos,Gold Coast Suns,2022-08-20,23,2.333333333333333,0.3333333333333333,19.666666666666668,1.6666666666666667,2.0,5.0,0.4,33.8,3.2,2.4,9.8,0.5,47.6,2.9,3.1,27,9.407407407407408,1
44354,St Kilda Saints,Adelaide Crows,2014-04-13,4,10.333333333333334,0.3333333333333333,47.333333333333336,1.6666666666666667,2.6666666666666665,10.0,1.0,52.6,1.2,7.0,10.3,1.5,56.4,1.1,10.1,35,11.571428571428571,1
44355,Gold Coast Suns,Melbourne Demons,2016-07-31,19,20.33333333333333,0.0,80.0,2.0,0.0,17.2,0.0,70.8,2.6,0.2,19.2,0.2,76.7,2.5,1.6,156,18.935897435897434,0
44356,Geelong Cats,Brisbane Lions,2025-09-27,GF,16.0,1.3333333333333333,80.0,5.666666666666667,8.333333333333334,17.4,2.0,91.8,5.8,12.8,19.1,1.5,93.2,5.4,10.1,34,17.647058823529413,1
44357,Richmond Tigers,Geelong Cats,2025-08-23,24,13.333333333333334,1.3333333333333333,70.33333333333333,4.0,8.666666666666666,13.4,1.4,69.2,3.4,9.2,11.4,1.1,60.8,3.5,7.1,54,10.407407407407408,1
44358,Carlton Blues,Western Bulldogs,2024-07-13,18,13.0,0.0,42.0,1.0,0.0,12.0,0.0,43.4,0.8,0.0,12.5,0.0,50.9,1.8,0.0,49,12.326530612244898,0
44359,Richmond Tigers,Collingwood Magpies,2016-08-05,20,16.0,0.0,71.0,5.0,0.0,16.0,0.0,71.0,5.0,0.0,16.0,0.0,71.0,5.0,0.0,1,16.0,1
44360,Richmond Tigers,Carlton Blues,2012-07-28,18,10.666666666666666,0.3333333333333333,47.0,2.333333333333333,2.333333333333333,10.4,0.2,41.8,2.0,1.4,9.3,0.1,37.2,2.0,0.9,23,11.565217391304348,0
44361,Richmond Tigers,Port Adelaide Power,2016-07-01,15,10.666666666666666,0.3333333333333333,62.333333333333336,1.0,2.0,12.4,0.6,76.0,2.4,3.6,11.5,0.8,73.9,2.0,4.8,135,11.533333333333331,0
44362,West Coast Eagles,Western Bulldogs,2025-08-17,23,22.0,0.3333333333333333,79.33333333333333,3.0,2.0,19.8,0.2,71.6,2.0,1.2,19.0,0.1,72.0,2.4,0.6,42,13.738095238095235,0
44363,Essendon Bombers,Western Bulldogs,2010-08-28,22,13.0,1.0,53.0,2.0,6.0,13.0,1.0,53.0,2.0,6.0,13.0,1.0,53.0,2.0,6.0,1,13.0,0
44364,Western Bulldogs,Richmond Tigers,2013-06-22,13,9.666666666666666,0.6666666666666666,42.66666666666666,1.3333333333333333,4.333333333333333,10.2,0.4,41.2,1.2,2.6,9.7,0.2,40.4,1.3,1.3,23,10.043478260869565,1
44365,Collingwood Magpies,Brisbane Lions,2025-08-02,21,12.0,0.0,39.333333333333336,1.6666666666666667,0.6666666666666666,10.4,0.2,35.4,1.2,1.6,10.9,0.1,44.8,2.6,0.8,72,13.40277777777778,1
44366,St Kilda Saints,Greater Western Sydney Giants,2025-08-24,24,21.0,0.6666666666666666,132.66666666666666,6.333333333333333,5.0,19.0,0.6,118.0,5.2,4.2,19.1,0.6,112.6,5.0,4.2,118,18.008474576271187,0
44367,Port Adelaide Power,Melbourne Demons,2024-08-10,22,7.333333333333333,0.0,34.0,0.6666666666666666,0.6666666666666666,7.2,0.4,38.4,1.4,3.4,8.6,1.2,52.4,1.7,7.9,85,9.658823529411764,0
44368,St Kilda Saints,Fremantle Dockers,2020-07-11,6,8.333333333333334,0.6666666666666666,41.333333333333336,2.333333333333333,4.0,8.6,0.4,41.6,2.8,2.4,9.8,0.2,46.3,2.7,1.2,20,10.9,0
44369,Sydney Swans,Gold Coast Suns,2018-07-21,18,14.0,0.0,51.333333333333336,1.6666666666666667,0.0,13.8,0.0,47.4,2.0,0.0,13.8,0.0,49.8,1.7,0.0,24,13.541666666666666,1
44370,Adelaide Crows,Gold Coast Suns,2015-07-25,17,13.333333333333334,0.3333333333333333,65.66666666666667,3.6666666666666665,2.333333333333333,15.0,0.8,69.8,3.6,5.2,16.7,0.8,75.8,3.6,5.6,33,14.242424242424242,1
44371,Richmond Tigers,North Melbourne Kangaroos,2024-08-03,21,14.333333333333334,1.3333333333333333,48.333333333333336,0.0,8.666666666666666,14.4,1.0,52.8,0.8,6.6,19.8,1.1,75.1,1.8,7.1,224,24.611607142857142,0
44372,Geelong Cats,Brisbane Lions,2025-09-05,QF,12.666666666666666,2.0,66.66666666666667,1.6666666666666667,12.666666666666666,12.6,1.6,69.0,2.6,10.0,13.7,0.9,67.1,1.9,5.8,135,14.703703703703704,1
44373,Collingwood Magpies,Port Adelaide Power,2014-08-03,19,15.666666666666666,0.6666666666666666,64.66666666666667,3.0,4.0,15.8,1.4,73.8,3.6,9.0,15.8,1.4,73.8,3.6,9.0,5,15.8,1
44374,Essendon Bombers,Richmond Tigers,2025-07-12,18,26.666666666666668,0.3333333333333333,94.0,2.333333333333333,2.333333333333333,26.8,0.8,100.6,2.2,5.4,25.8,1.0,99.6,2.1,6.5,60,23.75,0
44375,Western Bulldogs,Greater Western Sydney Giants,2022-08-13,22,9.666666666666666,0.0,39.0,1.3333333333333333,0.0,10.8,0.2,43.0,1.2,1.2,10.2,0.1,50.3,2.1,0.7,160,16.04375,1
44376,Richmond Tigers,Hawthorn Hawks,2021-08-21,23,6.0,0.0,13.0,0.5,0.0,6.0,0.0,13.0,0.5,0.0,6.0,0.0,13.0,0.5,0.0,2,6.0,1
44377,West Coast Eagles,Hawthorn Hawks,2019-08-24,23,20.33333333333333,0.0,73.33333333333333,1.3333333333333333,0.0,19.2,0.2,71.0,1.6,1.2,17.1,0.2,68.4,1.8,1.2,166,21.018072289156628,1
44378,Fremantle Dockers,Gold Coast Suns,2020-06-27,4,8.666666666666666,0.6666666666666666,43.333333333333336,2.0,4.333333333333333,9.8,0.8,48.6,2.6,5.2,10.9,0.7,52.9,2.5,5.6,120,14.708333333333334,0
44379,Brisbane Lions,St Kilda Saints,2022-08-12,22,20.33333333333333,1.0,78.66666666666667,3.0,6.666666666666667,16.8,0.6,66.2,3.0,4.4,11.8,0.3,46.6,2.6,2.3,59,15.610169491525424,0
44380,Sydney Swans,Brisbane Lions,2013-05-05,6,11.666666666666666,0.0,44.0,1.3333333333333333,0.0,10.2,0.0,44.0,2.4,0.0,12.7,0.0,54.0,2.9,0.0,169,14.692307692307692,1
44381,Collingwood Magpies,Essendon Bombers,2014-07-13,17,10.0,0.0,45.333333333333336,3.0,0.0,11.0,0.0,50.6,3.0,0.0,13.8,0.0,63.2,3.5,0.0,161,13.434782608695652,0
44382,Port Adelaide Power,Gold Coast Suns,2022-06-26,15,5.666666666666667,0.6666666666666666,30.0,1.6666666666666667,5.333333333333333,4.0,0.6,22.8,1.2,4.4,6.2,0.7,32.9,2.1,4.9,120,16.058333333333334,1
44383,Collingwood Magpies,Adelaide Crows,2025-09-04,QF,17.333333333333332,0.3333333333333333,67.33333333333333,1.6666666666666667,2.0,17.4,0.2,68.8,2.0,1.2,16.5,0.1,68.1,2.3,0.7,174,17.82758620689655,0
44384,Melbourne Demons,Geelong Cats,2018-03-25,1,18.0,1.0,78.0,7.0,6.0,18.0,1.0,78.0,7.0,6.0,18.0,1.0,78.0,7.0,6.0,1,18.0,1
44385,Collingwood Magpies,Essendon Bombers,2021-08-22,23,25.0,0.0,90.33333333333331,2.0,0.0,25.0,0.0,93.0,2.0,0.0,24.0,0.0,94.6,2.4,0.0,185,15.097297297297295,0
44386,Melbourne Demons,Collingwood Magpies,2025-08-22,24,17.666666666666668,0.0,68.33333333333333,0.3333333333333333,0.0,17.0,0.0,68.8,0.4,0.0,17.2,0.0,71.7,0.7,0.0,200,16.095,0
44387,Melbourne Demons,Fremantle Dockers,2024-06-02,12,9.0,0.6666666666666666,55.66666666666666,5.0,4.666666666666667,10.2,0.8,58.6,3.8,5.6,10.5,1.1,57.5,3.0,7.3,40,9.475,1
44388,Sydney Swans,Carlton Blues,2023-05-26,11,9.0,0.0,66.0,5.0,1.0,9.0,0.0,66.0,5.0,1.0,9.0,0.0,66.0,5.0,1.0,1,9.0,1
44389,Richmond Tigers,Sydney Swans,2025-06-07,13,20.33333333333333,0.0,78.33333333333333,4.666666666666667,0.6666666666666666,16.6,0.0,62.6,3.8,0.6,15.4,0.0,55.3,3.6,0.4,11,14.363636363636363,1
44390,Adelaide Crows,Western Bulldogs,2020-08-16,12,8.333333333333334,0.0,32.0,1.3333333333333333,0.0,7.6,0.0,33.6,1.8,0.0,7.166666666666667,0.0,30.666666666666668,1.5,0.0,6,7.166666666666667,0
44391,Richmond Tigers,Hawthorn Hawks,2016-07-24,18,9.0,0.5,42.5,1.0,3.5,9.0,0.5,42.5,1.0,3.5,9.0,0.5,42.5,1.0,3.5,2,9.0,0
44392,Fremantle Dockers,Essendon Bombers,2020-03-21,1,8.333333333333334,1.0,47.0,1.0,6.666666666666667,10.0,1.0,51.2,1.2,7.0,10.9,1.4,53.7,1.1,9.1,57,10.31578947368421,0
44393,Port Adelaide Power,Richmond Tigers,2012-09-02,23,12.666666666666666,0.0,44.66666666666666,1.3333333333333333,0.0,14.6,0.0,52.4,2.4,0.0,16.0,0.1,58.5,2.1,0.9,28,15.214285714285714,0
44394,Brisbane Lions,Gold Coast Suns,2024-05-05,8,14.666666666666666,1.0,74.33333333333333,2.6666666666666665,7.0,14.4,1.2,71.8,2.6,8.4,13.5,1.3,68.3,3.1,8.6,110,12.172727272727272,1
44395,Geelong Cats,North Melbourne Kangaroos,2006-07-30,17,8.666666666666666,2.0,59.333333333333336,1.6666666666666667,12.333333333333334,6.6,1.4,42.8,1.4,8.6,6.0,1.0,39.1,2.2,6.5,21,6.428571428571429,0
44396,Carlton Blues,St Kilda Saints,2012-09-02,23,,,,,,,,,,,,,,,,0,,1
44397,Sydney Swans,Port Adelaide Power,2023-04-08,4,10.666666666666666,0.0,39.0,0.6666666666666666,0.0,11.0,0.0,42.0,1.0,0.0,12.7,0.0,53.1,0.8,0.0,51,10.372549019607844,1
44398,Sydney Swans,West Coast Eagles,2025-08-23,24,14.0,0.3333333333333333,51.0,0.6666666666666666,2.0,13.8,0.2,52.6,1.0,1.2,14.1,0.1,59.5,0.9,0.7,107,11.467289719626168,0
44399,Hawthorn Hawks,Sydney Swans,2012-04-29,5,13.0,0.3333333333333333,70.0,2.0,2.0,13.0,0.2,65.2,1.8,1.2,13.0,0.2,65.2,1.8,1.2,5,13.0,1
44400,Brisbane Lions,Geelong Cats,2025-09-05,QF,30.0,1.0,112.66666666666669,2.6666666666666665,7.0,30.4,0.8,108.6,3.4,5.4,27.3,0.9,100.7,3.2,6.2,152,22.44736842105263,0
44401,Western Bulldogs,Richmond Tigers,2023-04-08,4,7.0,0.0,25.666666666666668,1.0,0.0,6.6,0.0,22.2,0.6,0.0,10.6,0.2,38.6,1.4,1.4,11,11.090909090909092,0
44402,North Melbourne Kangaroos,Collingwood Magpies,2006-09-03,22,17.0,0.0,66.0,1.6666666666666667,0.0,17.0,0.0,66.0,1.6666666666666667,0.0,17.0,0.0,66.0,1.6666666666666667,0.0,3,17.0,0
44403,Western Bulldogs,Melbourne Demons,2006-07-30,17,8.5,0.0,40.0,1.0,0.5,8.5,0.0,40.0,1.0,0.5,8.5,0.0,40.0,1.0,0.5,2,8.5,0
44404,Carlton Blues,North Melbourne Kangaroos,2004-07-17,16,6.333333333333333,0.0,23.33333333333333,1.3333333333333333,0.0,9.4,0.0,33.8,1.8,0.0,12.5,0.1,45.9,2.3,0.7,21,12.047619047619047,1
44405,Collingwood Magpies,Adelaide Crows,2025-09-04,QF,14.666666666666666,0.0,74.66666666666667,8.0,0.6666666666666666,12.0,0.2,56.2,5.2,1.6,11.3,0.4,57.4,5.2,2.7,70,9.728571428571428,0
44406,Essendon Bombers,Collingwood Magpies,2023-08-25,24,6.333333333333333,0.3333333333333333,31.666666666666668,2.333333333333333,3.333333333333333,5.8,0.6,29.8,1.8,4.4,6.6,0.6,35.4,2.3,4.4,105,11.476190476190476,1
44407,North Melbourne Kangaroos,Hawthorn Hawks,2025-06-28,16,22.666666666666668,0.0,88.33333333333333,2.333333333333333,0.0,18.8,0.0,76.0,2.2,0.0,16.7,0.0,66.9,2.2,0.0,163,17.57668711656442,0
44408,Sydney Swans,Brisbane Lions,2024-09-28,GF,12.666666666666666,2.0,69.33333333333333,1.3333333333333333,12.666666666666666,11.8,1.4,62.4,1.2,9.0,11.0,1.5,61.1,1.3,9.9,69,9.666666666666666,1
44409,Fremantle Dockers,Carlton Blues,2025-08-03,21,7.666666666666667,0.0,38.0,2.0,0.0,9.2,0.0,40.6,1.4,0.0,7.7,0.0,32.8,0.9,0.0,71,12.56338028169014,1
44410,Melbourne Demons,Collingwood Magpies,2025-08-22,24,11.0,0.0,40.333333333333336,1.0,0.0,11.4,0.0,46.2,1.0,0.0,13.5,0.1,57.4,1.4,0.6,194,15.335051546391751,0
44411,Richmond Tigers,St Kilda Saints,2015-07-19,16,10.0,0.0,39.66666666666666,2.333333333333333,0.0,10.6,0.2,43.4,2.0,1.4,10.714285714285714,0.1428571428571428,42.57142857142857,2.2857142857142856,1.0,7,10.714285714285714,0
44412,Western Bulldogs,North Melbourne Kangaroos,2007-09-02,22,8.666666666666666,0.3333333333333333,31.33333333333333,1.3333333333333333,2.333333333333333,8.4,0.4,34.4,1.6,2.8,8.2,0.7,39.6,1.3,5.1,34,8.970588235294118,1
44413,Port Adelaide Power,Gold Coast Suns,2025-08-22,24,11.333333333333334,1.0,48.0,1.6666666666666667,7.333333333333333,9.0,1.2,46.0,2.8,8.0,9.1,0.9,43.6,2.6,6.0,39,8.487179487179487,1
44414,Hawthorn Hawks,Western Bulldogs,2022-08-21,23,11.666666666666666,1.0,97.0,6.333333333333333,6.0,13.4,0.8,84.4,4.0,4.8,12.2,0.6,76.8,3.4,4.0,199,11.597989949748744,1
44415,Sydney Swans,Richmond Tigers,2016-08-27,23,10.666666666666666,0.3333333333333333,55.0,4.333333333333333,2.0,11.0,0.8,59.6,4.4,5.0,12.0,1.0,63.1,4.0,6.5,128,16.0703125,1
44416,West Coast Eagles,Carlton Blues,2016-07-17,17,11.333333333333334,2.0,51.66666666666666,2.333333333333333,12.333333333333334,10.8,1.6,54.0,3.4,10.0,8.8,0.9,44.5,3.3,5.8,77,12.12987012987013,0
44417,St Kilda Saints,Sydney Swans,2006-06-10,11,11.0,0.0,38.333333333333336,1.6666666666666667,0.0,10.6,0.0,39.6,1.4,0.2,10.7,0.1,41.7,1.8,0.7,38,14.13157894736842,0
44418,West Coast Eagles,Fremantle Dockers,2025-03-30,3,19.33333333333333,0.0,67.0,2.0,0.0,20.8,0.0,74.0,2.0,0.0,20.3,0.1,75.5,1.6,0.7,151,15.543046357615896,1
44419,Carlton Blues,Collingwood Magpies,2025-07-04,17,12.333333333333334,2.333333333333333,71.0,1.6666666666666667,14.333333333333334,12.6,1.6,65.0,1.6,10.2,14.9,0.9,66.2,1.5,5.7,109,12.688073394495412,1
44420,Essendon Bombers,Gold Coast Suns,2025-08-27,24,29.33333333333333,0.3333333333333333,106.0,5.0,2.333333333333333,27.2,0.2,96.0,4.8,1.6,23.1,0.1,75.4,3.2,0.8,141,21.404255319148938,0
44421,Brisbane Lions,Fremantle Dockers,2014-08-24,22,6.666666666666667,1.3333333333333333,41.66666666666666,2.333333333333333,8.666666666666666,6.0,0.8,35.6,2.0,5.8,8.1,1.1,41.0,1.8,7.4,213,11.286384976525822,1
44422,Carlton Blues,Sydney Swans,2006-09-03,22,10.333333333333334,0.0,37.66666666666666,2.0,0.6666666666666666,11.2,0.0,47.2,2.2,0.4,13.4,0.0,59.5,2.7,0.8,61,11.770491803278688,0
44423,Brisbane Lions,North Melbourne Kangaroos,2015-04-12,2,,,,,,,,,,,,,,,,0,,0
44424,Richmond Tigers,Essendon Bombers,2003-08-17,20,8.666666666666666,2.0,48.0,1.3333333333333333,13.0,8.666666666666666,2.0,48.0,1.3333333333333333,13.0,8.666666666666666,2.0,48.0,1.3333333333333333,13.0,3,8.666666666666666,1
44425,Brisbane Lions,Hawthorn Hawks,2015-08-29,22,10.333333333333334,1.6666666666666667,56.0,1.3333333333333333,11.333333333333334,8.6,1.0,42.2,1.0,7.0,9.1,1.3,45.7,1.5,8.5,93,11.634408602150538,0
44426,Western Bulldogs,Port Adelaide Power,2006-08-12,19,6.333333333333333,0.0,26.0,1.6666666666666667,0.3333333333333333,7.0,0.2,28.6,1.4,1.8,6.1,0.1,24.0,0.8,0.9,19,6.052631578947368,1
44427,Adelaide Crows,Richmond Tigers,2024-06-06,13,9.333333333333334,0.3333333333333333,42.0,1.3333333333333333,2.0,8.6,0.2,41.0,1.8,1.2,11.6,0.3,50.1,2.0,1.8,52,12.173076923076923,1
44428,Sydney Swans,Brisbane Lions,2025-08-09,22,18.33333333333333,0.6666666666666666,75.33333333333333,2.0,5.0,18.4,0.6,73.8,1.6,4.8,21.1,0.5,79.9,2.2,3.6,76,18.17105263157895,0
44429,Brisbane Lions,Gold Coast Suns,2025-09-13,SF,6.666666666666667,0.0,60.0,3.0,0.3333333333333333,8.2,0.0,65.6,3.0,0.2,11.7,0.2,75.2,2.4,1.4,111,11.17117117117117,1
44430,Carlton Blues,Port Adelaide Power,2013-08-31,23,10.0,0.0,44.66666666666666,4.0,0.0,11.2,0.2,52.0,3.6,1.2,10.3,0.1,48.5,2.6,0.6,13,10.923076923076923,0
44431,Collingwood Magpies,Western Bulldogs,2025-03-21,2,7.666666666666667,0.3333333333333333,33.333333333333336,1.3333333333333333,2.0,6.0,0.8,28.8,0.8,4.8,6.4,0.9,31.1,1.2,5.5,16,6.625,0
44432,West Coast Eagles,Adelaide Crows,2018-06-30,15,7.333333333333333,0.0,30.666666666666668,1.6666666666666667,1.0,10.4,0.6,44.8,1.8,4.2,10.25,0.5,42.25,1.25,3.75,8,10.25,0
44433,Geelong Cats,Carlton Blues,2014-08-15,21,14.333333333333334,0.3333333333333333,88.33333333333333,4.333333333333333,2.333333333333333,14.0,0.2,85.6,3.6,1.4,14.0,0.2,83.2,3.5,1.5,100,14.47,0
44434,Richmond Tigers,Geelong Cats,2025-08-23,24,15.0,0.6666666666666666,60.333333333333336,1.0,4.0,15.6,0.4,58.0,1.0,2.6,14.6,0.3,50.6,1.0,2.0,212,14.476415094339623,1
44436,Essendon Bombers,Richmond Tigers,2025-05-23,11,11.333333333333334,0.0,47.0,2.333333333333333,0.0,9.8,0.0,42.0,1.8,0.0,11.4,0.0,48.0,1.4,0.0,82,10.439024390243905,1
44437,Carlton Blues,Essendon Bombers,2025-08-21,24,15.333333333333334,3.6666666666666665,95.33333333333331,5.0,22.33333333333333,14.6,2.8,85.8,4.0,17.4,12.7,1.9,71.1,2.8,12.1,106,11.056603773584904,0
44438,Brisbane Lions,North Melbourne Kangaroos,2013-04-21,4,10.333333333333334,0.0,38.0,1.3333333333333333,0.0,11.6,0.0,44.8,1.6,0.0,11.7,0.0,43.7,1.2,0.1,19,11.052631578947368,0
44439,Brisbane Lions,Gold Coast Suns,2025-07-26,20,8.666666666666666,0.3333333333333333,32.0,0.0,2.333333333333333,7.6,0.2,29.8,0.0,1.4,11.4,0.1,44.3,0.1,0.9,93,17.053763440860216,0
44440,North Melbourne Kangaroos,Sydney Swans,2016-08-20,22,16.333333333333332,0.0,73.0,2.333333333333333,0.0,17.0,0.0,70.0,2.2,0.0,15.0,0.0,59.2,2.0,0.1,28,13.285714285714286,1
44441,St Kilda Saints,Brisbane Lions,2022-06-11,13,17.333333333333332,0.0,64.33333333333333,1.6666666666666667,0.3333333333333333,18.4,0.0,67.0,1.6,0.4,16.0,0.0,59.1,1.3,0.2,57,13.31578947368421,0
44442,Melbourne Demons,Fremantle Dockers,2015-05-03,5,15.0,0.0,47.0,2.6666666666666665,0.6666666666666666,13.6,0.0,46.8,3.2,0.4,13.6,0.0,43.4,2.9,0.2,65,17.307692307692307,1
44443,North Melbourne Kangaroos,Richmond Tigers,2025-08-17,23,28.33333333333333,1.0,95.33333333333331,1.3333333333333333,6.0,29.2,0.8,99.6,1.4,4.8,28.4,0.6,91.6,1.3,3.6,28,23.5,1
44444,Port Adelaide Power,Brisbane Lions,2023-09-09,QF,6.666666666666667,0.0,30.666666666666668,1.3333333333333333,0.0,6.4,0.0,29.2,1.0,0.0,8.1,0.0,36.4,1.0,0.0,136,14.588235294117649,0
44445,St Kilda Saints,Western Bulldogs,2021-05-22,10,8.333333333333334,0.3333333333333333,40.0,2.0,2.0,7.4,0.2,33.6,1.2,1.4,9.2,0.5,44.2,1.2,3.4,74,11.513513513513514,0
44446,North Melbourne Kangaroos,St Kilda Saints,2011-07-03,15,7.666666666666667,0.3333333333333333,40.0,1.3333333333333333,3.0,9.4,1.0,49.8,1.6,7.2,9.6,1.2,51.9,1.4,8.4,36,10.0,1
44447,Carlton Blues,Geelong Cats,2006-07-08,14,9.0,0.3333333333333333,42.0,1.0,2.0,8.0,0.2,42.2,1.2,1.2,8.0,0.2,47.5,2.5,1.3,58,6.396551724137931,1
44448,Carlton Blues,Essendon Bombers,2014-08-30,23,8.666666666666666,0.6666666666666666,45.66666666666666,2.6666666666666665,5.0,12.2,0.6,55.8,2.8,4.6,17.2,0.6,71.3,2.8,4.7,125,19.24,1
44449,Sydney Swans,West Coast Eagles,2025-08-23,24,6.333333333333333,0.6666666666666666,36.0,0.6666666666666666,4.666666666666667,7.4,0.8,43.8,1.0,5.4,8.5,0.9,46.5,1.4,6.0,71,9.943661971830986,0
44450,Western Bulldogs,Geelong Cats,2023-08-26,24,7.333333333333333,0.0,28.0,2.0,0.0,6.0,0.0,27.0,2.4,0.4,10.0,0.4,42.6,3.3,2.7,76,17.94736842105263,0
44451,Richmond Tigers,West Coast Eagles,2009-08-28,22,15.333333333333334,0.0,65.33333333333333,3.333333333333333,0.3333333333333333,17.6,0.2,70.0,2.8,1.8,19.4,0.1,77.9,2.8,1.0,122,17.516393442622952,0
44452,North Melbourne Kangaroos,Sydney Swans,2015-06-13,11,11.0,0.3333333333333333,38.333333333333336,1.0,2.0,10.8,0.2,42.2,1.6,1.2,12.3,0.1,50.2,1.7,0.6,96,14.927083333333334,1
44453,Greater Western Sydney Giants,Western Bulldogs,2025-07-31,21,13.333333333333334,0.3333333333333333,50.0,0.6666666666666666,2.333333333333333,12.0,0.2,44.0,1.0,1.4,10.7,0.3,44.6,1.7,2.2,21,8.952380952380953,0
44454,West Coast Eagles,Richmond Tigers,2009-08-28,22,11.333333333333334,0.3333333333333333,52.0,3.333333333333333,2.333333333333333,13.8,0.2,56.2,2.4,1.6,15.1,0.2,62.9,2.5,1.5,11,14.636363636363637,1
44455,Melbourne Demons,Gold Coast Suns,2011-08-28,23,13.666666666666666,0.3333333333333333,59.66666666666666,2.6666666666666665,2.0,13.666666666666666,0.3333333333333333,59.66666666666666,2.6666666666666665,2.0,13.666666666666666,0.3333333333333333,59.66666666666666,2.6666666666666665,2.0,3,13.666666666666666,1
44456,Western Bulldogs,Fremantle Dockers,2025-08-24,24,7.666666666666667,1.3333333333333333,34.0,0.6666666666666666,8.666666666666666,7.4,0.8,35.4,2.2,5.2,7.3,0.7,33.9,1.8,4.7,56,9.25,1
44457,Essendon Bombers,Western Bulldogs,2019-08-10,21,11.0,0.0,38.333333333333336,1.6666666666666667,0.0,11.8,0.0,40.8,1.0,0.0,12.8,0.0,43.6,1.4,0.0,11,12.636363636363637,1
44458,Fremantle Dockers,Melbourne Demons,2012-09-01,23,14.666666666666666,0.6666666666666666,64.66666666666667,0.6666666666666666,4.0,16.6,0.4,70.4,0.8,2.4,16.1,0.2,69.4,1.6,1.2,172,15.744186046511627,1
44459,Adelaide Crows,Fremantle Dockers,2022-03-20,1,19.0,0.0,73.0,3.0,0.0,18.6,0.0,68.6,2.4,0.0,15.4,0.0,56.6,1.9,0.0,20,13.75,1
44460,Gold Coast Suns,Hawthorn Hawks,2012-08-19,21,15.666666666666666,0.6666666666666666,68.33333333333333,2.333333333333333,4.333333333333333,14.2,0.4,54.2,1.6,2.6,13.0,0.2,50.6,1.9,1.5,93,12.827956989247312,0
44461,Collingwood Magpies,Melbourne Demons,2025-08-22,24,8.0,0.3333333333333333,38.333333333333336,1.3333333333333333,2.6666666666666665,9.4,0.4,46.4,1.6,3.2,9.3,0.5,52.8,2.7,3.7,160,10.08125,1
44462,Melbourne Demons,Collingwood Magpies,2025-08-22,24,12.666666666666666,0.0,43.333333333333336,0.6666666666666666,0.0,12.4,0.0,43.8,0.4,0.0,13.2,0.0,48.1,0.5,0.2,47,14.382978723404255,0
44463,Sydney Swans,St Kilda Saints,2019-08-24,23,16.666666666666668,0.0,65.66666666666667,2.0,0.0,19.4,0.0,65.4,1.2,0.0,19.4,0.0,71.1,1.8,0.0,251,19.235059760956176,1
44464,Port Adelaide Power,Gold Coast Suns,2025-08-22,24,13.666666666666666,0.3333333333333333,57.0,4.333333333333333,2.0,12.0,0.2,51.8,4.4,1.4,12.3,0.3,49.2,2.9,2.1,50,12.64,1
44465,Collingwood Magpies,Essendon Bombers,2010-08-13,20,9.0,1.0,55.66666666666666,4.0,6.666666666666667,9.6,0.8,52.8,3.8,5.2,12.5,1.0,61.1,2.5,7.0,134,11.119402985074627,0
44466,Hawthorn Hawks,Brisbane Lions,2025-08-24,24,12.333333333333334,1.0,96.33333333333331,3.6666666666666665,6.0,12.4,0.6,87.6,3.4,3.6,13.4,0.3,101.5,4.9,2.1,56,11.571428571428571,0
44467,Melbourne Demons,Geelong Cats,2009-05-03,6,11.0,0.0,56.333333333333336,1.6666666666666667,0.0,8.2,0.0,41.6,1.0,0.0,8.2,0.0,41.6,1.0,0.0,5,8.2,1
44468,Sydney Swans,Port Adelaide Power,2004-06-12,12,3.0,0.0,28.5,2.5,0.0,3.0,0.0,28.5,2.5,0.0,3.0,0.0,28.5,2.5,0.0,2,3.0,0
44469,Sydney Swans,West Coast Eagles,2025-08-23,24,8.666666666666666,0.0,40.0,2.0,0.0,8.4,0.0,42.8,2.6,0.0,9.8,0.0,47.2,2.0,0.0,79,10.468354430379748,0
44470,Melbourne Demons,Collingwood Magpies,2025-08-22,24,10.0,1.0,37.333333333333336,0.0,6.0,9.0,1.2,42.0,1.0,7.4,9.7,1.8,54.0,1.3,12.0,199,13.809045226130651,0
44471,Fremantle Dockers,St Kilda Saints,2013-08-31,23,5.666666666666667,1.3333333333333333,38.0,2.333333333333333,9.0,6.6,1.0,37.8,2.0,7.0,6.6,1.0,37.8,2.0,7.0,5,6.6,0
44472,Collingwood Magpies,Adelaide Crows,2025-09-04,QF,7.333333333333333,1.0,37.66666666666666,1.3333333333333333,6.333333333333333,7.8,1.2,40.8,1.2,8.0,8.9,1.5,48.7,1.3,9.4,152,12.296052631578949,0
44473,North Melbourne Kangaroos,St Kilda Saints,2021-05-29,11,15.666666666666666,0.0,60.0,1.3333333333333333,0.0,14.6,0.0,58.8,1.6,0.0,14.6,0.0,59.3,1.9,0.0,45,12.577777777777778,0
44474,Geelong Cats,Western Bulldogs,2023-08-26,24,15.0,0.6666666666666666,57.66666666666666,1.0,4.333333333333333,17.4,0.6,62.8,1.0,4.0,20.6,0.6,79.3,1.9,4.3,82,22.536585365853657,1
44475,Sydney Swans,St Kilda Saints,2019-08-24,23,11.333333333333334,1.6666666666666667,65.66666666666667,1.6666666666666667,12.0,11.0,1.2,54.4,1.2,8.4,10.0,1.5,52.0,1.3,10.2,65,12.523076923076925,1
44476,Adelaide Crows,Gold Coast Suns,2017-04-22,5,10.333333333333334,0.6666666666666666,55.333333333333336,3.333333333333333,4.666666666666667,10.2,0.4,50.0,2.6,2.8,8.9,0.7,43.7,2.2,4.5,32,9.46875,0
44477,Essendon Bombers,Gold Coast Suns,2025-08-27,24,6.666666666666667,0.3333333333333333,35.666666666666664,2.333333333333333,3.333333333333333,7.8,1.0,42.4,1.6,6.8,8.5,0.7,41.4,1.7,4.8,40,8.8,0
44478,Sydney Swans,Geelong Cats,2011-08-27,23,6.666666666666667,0.6666666666666666,32.0,0.6666666666666666,4.333333333333333,8.4,0.4,37.4,0.8,3.0,10.1,0.7,44.5,1.2,4.6,13,9.76923076923077,0
44479,Brisbane Lions,St Kilda Saints,2016-08-28,23,10.666666666666666,0.0,41.333333333333336,1.6666666666666667,0.0,9.6,0.0,34.2,1.4,0.0,9.1,0.0,31.9,1.2,0.0,172,10.244186046511627,0
44480,Essendon Bombers,Melbourne Demons,2018-04-29,6,15.666666666666666,0.3333333333333333,67.66666666666667,1.3333333333333333,2.333333333333333,16.4,0.4,66.2,1.2,3.0,16.8,0.4,63.6,1.6,2.9,45,14.333333333333334,1
44481,Essendon Bombers,Gold Coast Suns,2025-08-27,24,24.33333333333333,0.0,102.0,6.666666666666667,0.3333333333333333,26.6,0.0,101.4,5.4,0.2,27.0,0.0,103.1,5.6,0.3,194,27.623711340206185,0
44482,Port Adelaide Power,Melbourne Demons,2010-08-22,21,9.333333333333334,0.0,40.66666666666666,3.333333333333333,0.0,9.4,0.2,45.0,3.2,1.2,10.7,0.2,44.0,2.8,1.3,17,9.470588235294118,1
44483,Brisbane Lions,Essendon Bombers,2022-07-10,17,,,,,,,,,,,,,,,,0,,1
44484,Essendon Bombers,Adelaide Crows,2016-07-31,19,7.333333333333333,0.0,50.333333333333336,3.0,0.0,7.333333333333333,0.0,50.333333333333336,3.0,0.0,7.333333333333333,0.0,50.333333333333336,3.0,0.0,3,7.333333333333333,0
44485,Adelaide Crows,Port Adelaide Power,2025-07-26,20,17.333333333333332,0.0,66.66666666666667,1.3333333333333333,0.0,14.0,0.6,57.0,1.0,3.6,12.3,0.3,51.0,2.1,1.8,49,13.081632653061224,1
44486,Melbourne Demons,Carlton Blues,2016-08-21,22,13.0,0.3333333333333333,48.0,1.0,2.0,16.0,0.2,58.6,1.8,1.6,14.9,0.1,55.4,1.9,1.0,21,15.142857142857142,0
44487,Geelong Cats,Richmond Tigers,2025-08-23,24,23.33333333333333,1.3333333333333333,103.33333333333331,3.6666666666666665,9.0,23.2,1.0,99.4,4.6,6.8,23.3,0.9,98.4,3.8,6.2,109,17.91743119266055,0
44488,Collingwood Magpies,Adelaide Crows,2025-09-04,QF,9.333333333333334,1.0,48.66666666666666,2.0,7.0,9.2,1.2,53.8,3.0,8.2,9.7,1.4,58.9,2.9,9.6,112,10.714285714285714,0
44489,St Kilda Saints,Richmond Tigers,2014-06-28,15,13.333333333333334,0.6666666666666666,58.333333333333336,2.333333333333333,5.333333333333333,10.4,0.4,46.4,2.6,3.2,12.1,0.8,54.3,2.3,5.6,21,12.142857142857142,1
44490,Adelaide Crows,North Melbourne Kangaroos,2025-08-23,24,19.666666666666668,0.0,74.66666666666667,2.333333333333333,0.0,17.8,0.0,74.6,3.0,0.0,17.6,0.1,74.5,2.6,0.6,98,17.489795918367346,0
44491,Gold Coast Suns,Brisbane Lions,2019-08-10,21,21.0,0.0,89.0,6.0,0.3333333333333333,21.0,0.4,92.8,6.2,2.6,23.0,0.4,95.2,5.1,2.9,73,22.34246575342466,0
44492,Hawthorn Hawks,Sydney Swans,2018-08-25,23,18.0,0.0,64.66666666666667,1.3333333333333333,0.0,18.6,0.4,71.6,1.8,2.4,15.5,0.5,62.0,1.7,3.0,11,15.454545454545457,0
44493,St Kilda Saints,Adelaide Crows,2010-08-28,22,16.0,0.0,64.0,1.0,0.0,16.0,0.0,64.0,1.0,0.0,16.0,0.0,64.0,1.0,0.0,1,16.0,0
44494,Richmond Tigers,Geelong Cats,2025-08-23,24,13.666666666666666,0.0,62.0,1.3333333333333333,0.0,12.8,0.0,58.2,1.0,0.0,12.7,0.0,59.5,1.9,0.0,50,11.02,1
44495,Richmond Tigers,Adelaide Crows,2012-06-30,14,9.333333333333334,1.3333333333333333,55.0,2.333333333333333,8.333333333333334,9.2,1.4,52.4,1.8,8.8,9.5,1.4,56.4,2.8,8.9,121,11.272727272727272,0
44496,Hawthorn Hawks,Adelaide Crows,2006-07-15,15,12.666666666666666,2.0,53.66666666666666,1.3333333333333333,12.666666666666666,10.4,1.6,45.2,0.8,10.0,11.9,1.0,53.4,1.6,6.3,13,11.384615384615383,0
44497,Gold Coast Suns,Essendon Bombers,2025-08-27,24,24.33333333333333,0.0,103.33333333333331,6.333333333333333,1.3333333333333333,21.8,0.0,87.4,5.0,1.0,23.9,0.4,88.6,4.9,3.0,170,23.576470588235296,1
44498,Sydney Swans,West Coast Eagles,2025-08-23,24,23.33333333333333,0.0,90.0,3.333333333333333,0.0,24.0,0.2,93.8,2.8,1.2,23.9,0.1,90.2,2.4,0.7,132,20.65909090909091,0
44499,Brisbane Lions,Port Adelaide Power,2008-04-12,4,4.666666666666667,0.0,21.33333333333333,1.3333333333333333,0.3333333333333333,6.6,0.4,32.6,1.2,2.8,8.5,0.2,36.7,1.2,1.8,15,9.666666666666666,0
44500,Hawthorn Hawks,Essendon Bombers,2009-08-29,22,10.0,0.0,34.0,0.0,0.0,10.0,0.0,34.0,0.0,0.0,10.0,0.0,34.0,0.0,0.0,1,10.0,1
44501,St Kilda Saints,Fremantle Dockers,2013-08-31,23,11.666666666666666,1.3333333333333333,49.333333333333336,0.3333333333333333,9.333333333333334,11.6,2.2,59.4,1.0,14.4,11.3,1.8,53.9,0.9,12.0,207,11.92753623188406,1
44502,Hawthorn Hawks,Adelaide Crows,2020-09-01,15,11.0,0.3333333333333333,44.0,2.6666666666666665,2.0,11.4,0.8,50.8,2.8,4.8,11.1,0.5,50.4,3.7,3.2,24,10.708333333333334,1
44503,Western Bulldogs,Fremantle Dockers,2016-08-28,23,8.666666666666666,0.3333333333333333,75.33333333333333,4.333333333333333,2.0,7.0,0.2,61.2,3.8,1.4,8.7,0.2,69.7,4.5,1.5,148,11.25,0
44504,Sydney Swans,Adelaide Crows,2025-05-31,12,0.0,0.0,0.0,0.0,0.0,0.0,0.0,0.0,0.0,0.0,0.0,0.0,0.0,0.0,0.0,1,0.0,1
44505,Hawthorn Hawks,Geelong Cats,2019-04-22,5,18.666666666666668,0.0,78.0,2.6666666666666665,0.0,15.6,0.0,64.8,2.2,0.0,16.0,0.0,62.75,1.625,0.0,8,16.0,1
44506,Port Adelaide Power,Greater Western Sydney Giants,2016-07-24,18,14.0,0.3333333333333333,62.333333333333336,4.666666666666667,2.333333333333333,15.2,0.2,60.8,4.0,1.6,15.1,0.4,62.6,3.6,2.6,27,13.444444444444445,1
44507,Carlton Blues,St Kilda Saints,2012-09-02,23,,,,,,,,,,,,,,,,0,,1
44508,West Coast Eagles,Adelaide Crows,2017-08-27,23,23.33333333333333,0.0,83.33333333333333,3.333333333333333,0.0,24.6,0.2,85.8,2.8,1.2,26.8,0.2,88.5,3.0,1.5,254,26.0748031496063,1
44509,Hawthorn Hawks,North Melbourne Kangaroos,2025-06-28,16,9.333333333333334,0.0,48.333333333333336,3.6666666666666665,0.0,9.0,0.0,43.2,2.8,0.0,7.6,0.0,34.5,2.1,0.0,19,12.789473684210526,1
44510,Collingwood Magpies,Hawthorn Hawks,2025-08-07,22,25.0,0.0,96.66666666666669,6.666666666666667,0.3333333333333333,25.8,0.0,100.4,7.4,0.2,24.0,0.2,88.2,6.2,1.3,158,28.66455696202532,0
44511,Greater Western Sydney Giants,Essendon Bombers,2018-05-26,10,10.666666666666666,0.0,38.333333333333336,1.0,0.0,12.0,0.0,49.4,2.4,0.2,13.0,0.0,54.0,1.8,0.2,35,13.342857142857143,1
44512,Fremantle Dockers,St Kilda Saints,2013-08-31,23,,,,,,,,,,,,,,,,0,,0
44513,Western Bulldogs,Collingwood Magpies,2011-05-01,6,14.0,0.6666666666666666,55.0,3.333333333333333,4.333333333333333,16.0,0.6,58.8,3.2,4.2,17.0,0.6,69.0,4.1,4.0,12,17.0,0
44514,Brisbane Lions,Richmond Tigers,2014-04-17,5,23.0,0.3333333333333333,94.66666666666669,8.333333333333334,2.6666666666666665,22.2,0.2,85.2,7.2,1.6,17.6,0.5,70.9,5.6,3.4,130,19.369230769230768,1
44515,Port Adelaide Power,Adelaide Crows,2017-08-06,20,12.666666666666666,2.0,64.66666666666667,2.6666666666666665,12.333333333333334,12.4,1.4,62.4,3.2,9.0,12.5,1.1,59.4,3.1,6.9,169,14.698224852071004,0
44516,St Kilda Saints,Sydney Swans,2017-07-22,18,24.0,0.6666666666666666,97.0,3.0,4.0,24.4,0.4,98.4,3.4,2.4,25.0,0.3,97.9,3.8,1.9,229,23.847161572052403,0
44517,Collingwood Magpies,North Melbourne Kangaroos,2012-08-18,21,4.333333333333333,0.3333333333333333,19.0,1.0,2.333333333333333,4.333333333333333,0.3333333333333333,19.0,1.0,2.333333333333333,4.333333333333333,0.3333333333333333,19.0,1.0,2.333333333333333,3,4.333333333333333,1
44518,Brisbane Lions,Carlton Blues,2008-08-23,21,9.666666666666666,0.0,44.0,1.3333333333333333,0.3333333333333333,10.8,0.0,42.8,1.0,0.4,11.7,0.0,49.1,1.6,0.7,27,12.074074074074074,1
44519,Richmond Tigers,Sydney Swans,2016-08-27,23,19.0,0.3333333333333333,75.33333333333333,5.333333333333333,2.0,18.6,0.4,77.4,5.2,2.4,15.2,0.3,68.3,4.7,2.1,46,14.152173913043478,0
44520,Richmond Tigers,St Kilda Saints,2018-07-20,18,8.666666666666666,0.6666666666666666,46.66666666666666,3.0,5.0,10.2,0.8,52.2,2.4,6.6,9.0,0.7142857142857143,48.57142857142857,2.571428571428572,5.571428571428571,7,9.0,0
44521,Collingwood Magpies,Adelaide Crows,2025-09-04,QF,11.333333333333334,0.0,41.0,1.0,0.0,10.8,0.0,39.8,1.2,0.0,10.8,0.0,43.9,1.4,0.0,142,12.387323943661972,0
44522,Hawthorn Hawks,Brisbane Lions,2025-08-24,24,28.0,1.0,104.33333333333331,2.333333333333333,6.0,26.6,1.2,105.2,4.2,7.4,23.2,0.8,98.6,4.7,5.7,91,19.153846153846157,0
44523,Richmond Tigers,Carlton Blues,2012-07-28,18,14.0,0.0,52.0,1.0,0.0,13.8,0.0,54.2,1.2,0.0,14.9,0.0,58.9,1.5,0.1,68,11.617647058823527,0
44524,Sydney Swans,Gold Coast Suns,2011-07-09,16,13.333333333333334,0.6666666666666666,58.66666666666666,2.0,4.666666666666667,13.8,0.6,57.4,1.6,4.0,14.5,0.8,62.1,2.4,5.0,49,12.89795918367347,0
44525,Adelaide Crows,St Kilda Saints,2011-07-22,18,6.333333333333333,0.3333333333333333,32.0,0.6666666666666666,3.0,9.8,0.2,45.4,1.0,1.8,9.5,0.2,50.4,1.5,1.6,20,11.35,0
44526,Fremantle Dockers,St Kilda Saints,2014-07-19,18,13.666666666666666,0.3333333333333333,46.0,0.6666666666666666,2.333333333333333,13.2,0.2,44.8,0.8,1.6,12.9,0.4,53.0,2.5,3.3,19,13.421052631578949,0
44527,North Melbourne Kangaroos,Collingwood Magpies,2018-07-21,18,18.0,0.0,79.0,2.0,0.0,18.0,0.0,79.0,2.0,0.0,18.0,0.0,79.0,2.0,0.0,1,18.0,0
44528,Western Bulldogs,Essendon Bombers,2006-04-16,3,3.333333333333333,0.6666666666666666,22.0,1.3333333333333333,4.0,5.8,0.4,31.6,2.2,2.4,5.2,0.4,26.7,1.4,2.4,12,5.083333333333333,0
44529,Hawthorn Hawks,Carlton Blues,2025-07-24,20,19.0,0.3333333333333333,75.66666666666667,3.6666666666666665,2.0,16.2,0.2,67.8,3.4,1.4,17.5,0.2,72.4,3.5,1.4,87,15.74712643678161,1
44530,Carlton Blues,North Melbourne Kangaroos,2005-08-28,22,8.666666666666666,1.3333333333333333,49.333333333333336,0.6666666666666666,9.666666666666666,8.4,1.2,46.8,0.8,8.4,9.3,0.6,44.5,0.6,4.2,60,8.883333333333333,1
44531,Richmond Tigers,St Kilda Saints,2005-07-16,16,9.333333333333334,0.3333333333333333,41.0,1.6666666666666667,2.0,9.8,0.6,48.4,1.2,3.8,9.0,0.3333333333333333,41.11111111111112,0.6666666666666666,2.111111111111111,9,9.0,1
44532,Western Bulldogs,Richmond Tigers,2018-08-25,23,8.333333333333334,0.0,29.33333333333333,1.3333333333333333,0.0,10.0,0.0,38.6,1.8,0.2,11.3,0.0,44.5,1.9,0.1,200,11.68,0
44533,Hawthorn Hawks,St Kilda Saints,2022-07-30,20,11.666666666666666,0.0,37.66666666666666,0.3333333333333333,0.0,7.2,0.0,23.0,0.2,0.0,4.6,0.0,17.3,0.6,0.2,11,4.545454545454546,0
44534,Brisbane Lions,Geelong Cats,2025-09-05,QF,8.666666666666666,3.333333333333333,56.0,0.0,20.666666666666668,8.2,2.2,50.8,0.6,14.0,9.8,2.1,58.7,1.3,13.5,31,9.290322580645162,0
44535,Richmond Tigers,Adelaide Crows,2017-04-30,6,9.0,0.0,37.333333333333336,2.6666666666666665,0.0,7.4,0.0,30.8,2.8,0.0,9.5,0.1,36.2,2.4,0.6,68,12.058823529411764,0
44536,West Coast Eagles,Western Bulldogs,2013-07-28,18,12.666666666666666,0.3333333333333333,46.0,0.3333333333333333,2.6666666666666665,15.0,0.4,59.8,1.4,3.4,15.6,0.4,64.5,2.4,3.1,59,18.91525423728813,0
44537,Hawthorn Hawks,Collingwood Magpies,2010-04-17,4,12.0,1.3333333333333333,64.66666666666667,2.0,8.666666666666666,11.6,0.8,57.6,3.0,5.4,15.2,0.8,68.7,2.6,5.3,16,16.75,0
44538,Sydney Swans,Hawthorn Hawks,2013-08-30,23,11.666666666666666,1.3333333333333333,57.0,3.333333333333333,9.0,11.2,1.0,56.8,3.4,7.0,10.3,0.9,52.0,3.3,6.1,82,12.975609756097562,1
44539,Essendon Bombers,Geelong Cats,2020-09-06,16,8.666666666666666,0.6666666666666666,43.0,2.333333333333333,5.0,8.666666666666666,0.6666666666666666,43.0,2.333333333333333,5.0,8.666666666666666,0.6666666666666666,43.0,2.333333333333333,5.0,3,8.666666666666666,0
44540,Hawthorn Hawks,Sydney Swans,2010-08-07,19,14.333333333333334,0.6666666666666666,63.66666666666666,1.3333333333333333,4.666666666666667,14.0,0.8,59.6,1.2,5.4,16.666666666666668,1.1111111111111112,73.22222222222223,1.5555555555555556,7.333333333333333,9,16.666666666666668,0
44541,Port Adelaide Power,Melbourne Demons,2011-09-04,24,16.666666666666668,0.3333333333333333,63.66666666666666,1.3333333333333333,3.333333333333333,16.4,0.4,60.6,1.4,3.4,14.0,1.2,61.8,1.3,8.0,100,11.15,1
44542,Carlton Blues,Essendon Bombers,2025-08-21,24,9.0,0.6666666666666666,44.0,4.0,4.666666666666667,9.4,0.6,40.2,2.6,4.2,9.9,0.7,45.6,3.2,5.0,52,9.923076923076923,0
44543,Port Adelaide Power,Western Bulldogs,2009-06-13,12,15.0,0.6666666666666666,56.66666666666666,1.3333333333333333,4.666666666666667,15.0,0.6666666666666666,56.66666666666666,1.3333333333333333,4.666666666666667,15.0,0.6666666666666666,56.66666666666666,1.3333333333333333,4.666666666666667,3,15.0,0
44544,Port Adelaide Power,Fremantle Dockers,2022-07-03,16,9.0,0.3333333333333333,48.0,3.333333333333333,2.333333333333333,10.0,0.2,51.6,3.4,1.8,10.7,0.6,51.9,2.9,4.0,167,17.08383233532934,0
44545,Carlton Blues,Adelaide Crows,2004-06-05,11,4.333333333333333,0.3333333333333333,39.333333333333336,1.0,2.333333333333333,4.0,0.2,35.4,1.0,1.4,4.6,0.3,39.4,1.1,1.9,15,5.933333333333334,0
44546,West Coast Eagles,North Melbourne Kangaroos,2022-03-27,2,15.0,0.3333333333333333,64.33333333333333,3.333333333333333,2.0,15.6,0.4,68.2,3.2,2.4,15.0,0.3,65.2,4.2,2.0,11,14.636363636363637,0
44547,Gold Coast Suns,Essendon Bombers,2025-07-05,17,3.6666666666666665,0.0,32.0,2.0,0.0,8.2,0.0,54.6,1.8,0.0,11.5,0.1,68.6,2.6,0.6,12,10.333333333333334,0
44548,Carlton Blues,Adelaide Crows,2018-08-25,23,12.333333333333334,0.3333333333333333,51.66666666666666,2.6666666666666665,2.333333333333333,12.2,0.2,53.2,2.6,1.4,15.1,0.1,61.0,2.1,0.8,80,16.6125,1
44549,Western Bulldogs,West Coast Eagles,2011-07-30,19,4.0,0.0,16.0,2.0,0.0,4.0,0.0,16.0,2.0,0.0,4.0,0.0,16.0,2.0,0.0,2,4.0,1
44550,Collingwood Magpies,Fremantle Dockers,2004-04-18,4,,,,,,,,,,,,,,,,0,,1
44551,Geelong Cats,Brisbane Lions,2025-09-27,GF,9.666666666666666,0.3333333333333333,41.66666666666666,3.333333333333333,2.333333333333333,9.4,0.2,40.0,3.0,1.4,10.6,0.1,45.6,2.7,1.0,42,9.666666666666666,1
44552,Greater Western Sydney Giants,Richmond Tigers,2021-08-13,22,8.666666666666666,0.6666666666666666,76.66666666666667,6.0,4.0,8.6,0.4,72.2,5.4,2.4,9.2,0.2,64.1,4.9,1.2,163,11.07361963190184,1
44553,Fremantle Dockers,Greater Western Sydney Giants,2022-08-20,23,27.33333333333333,0.0,82.66666666666667,2.6666666666666665,0.3333333333333333,25.2,0.2,80.2,2.6,1.4,21.9,0.1,73.1,3.0,0.8,288,21.27083333333333,0
44554,Gold Coast Suns,Greater Western Sydney Giants,2019-08-24,23,12.333333333333334,0.3333333333333333,56.333333333333336,2.333333333333333,2.0,12.4,0.2,54.6,2.6,1.2,14.3,0.1,60.2,2.5,0.9,96,14.197916666666666,1
44555,St Kilda Saints,Adelaide Crows,2016-06-05,11,8.0,0.6666666666666666,44.66666666666666,1.6666666666666667,4.0,6.2,0.8,34.4,1.0,5.0,7.4,0.5,36.9,1.3,3.4,17,8.0,0
44556,Western Bulldogs,Adelaide Crows,2005-07-17,16,7.333333333333333,0.6666666666666666,32.333333333333336,1.0,4.333333333333333,7.4,0.8,38.4,1.8,5.2,10.333333333333334,1.0,49.333333333333336,2.0,6.5,6,10.333333333333334,0
44557,Adelaide Crows,Collingwood Magpies,2025-08-16,23,7.666666666666667,0.0,26.0,1.3333333333333333,0.6666666666666666,10.4,0.0,39.2,2.2,0.4,10.9,0.3,47.1,3.0,2.3,96,11.458333333333334,1
44558,Carlton Blues,Port Adelaide Power,2021-08-14,22,4.666666666666667,0.3333333333333333,16.0,0.0,2.333333333333333,6.4,0.2,24.0,0.6,1.4,10.6,0.6,43.6,1.1,3.8,240,24.0375,0
44559,Collingwood Magpies,Brisbane Lions,2023-08-18,23,10.0,0.0,39.333333333333336,1.6666666666666667,0.0,9.6,0.0,42.6,2.0,0.0,10.3,0.0,46.8,2.0,0.0,44,10.136363636363637,1
44560,Fremantle Dockers,Hawthorn Hawks,2010-08-21,21,6.0,1.0,39.0,2.0,6.333333333333333,7.4,1.0,40.6,1.6,6.2,6.8,0.9,38.5,1.7,6.0,38,7.921052631578948,0
44561,North Melbourne Kangaroos,West Coast Eagles,2020-09-17,18,8.666666666666666,0.3333333333333333,42.0,1.6666666666666667,2.0,8.6,0.2,38.8,1.8,1.2,9.857142857142858,0.1428571428571428,41.85714285714285,1.8571428571428568,0.8571428571428571,7,9.857142857142858,1
44562,Gold Coast Suns,Western Bulldogs,2014-07-12,17,15.0,0.0,55.66666666666666,1.3333333333333333,0.0,13.6,0.0,52.2,1.8,0.0,15.5,0.0,62.5,2.4,0.0,81,13.987654320987655,0
44563,St Kilda Saints,Western Bulldogs,2006-05-06,6,3.333333333333333,0.6666666666666666,19.33333333333333,1.0,4.0,4.8,0.6,28.0,1.2,4.0,6.7,0.6,35.0,1.2,4.1,13,7.384615384615385,1
44564,Adelaide Crows,Hawthorn Hawks,2025-09-12,SF,5.333333333333333,0.0,24.666666666666668,1.0,0.0,6.8,0.0,30.8,1.0,0.0,8.1,0.0,33.8,1.0,0.0,66,8.712121212121213,1
44565,Collingwood Magpies,Brisbane Lions,2018-08-11,21,20.33333333333333,0.0,67.0,0.0,0.0,20.2,0.0,69.6,0.6,0.0,20.125,0.0,71.0,1.25,0.0,8,20.125,1
44566,Hawthorn Hawks,Western Bulldogs,2010-07-02,14,10.0,1.6666666666666667,46.66666666666666,1.6666666666666667,11.0,13.8,1.0,57.0,1.6,6.6,14.444444444444445,0.5555555555555556,58.11111111111112,2.333333333333333,3.7777777777777777,9,14.444444444444445,1
44567,Essendon Bombers,St Kilda Saints,2020-08-16,12,10.0,0.0,35.5,0.5,0.0,10.0,0.0,35.5,0.5,0.0,10.0,0.0,35.5,0.5,0.0,2,10.0,0
44568,West Coast Eagles,Fremantle Dockers,2017-04-29,6,,,,,,,,,,,,,,,,0,,1
44569,Essendon Bombers,Western Bulldogs,2019-08-10,21,16.666666666666668,0.0,53.333333333333336,2.333333333333333,0.3333333333333333,16.4,0.2,58.4,3.2,1.6,18.2,0.5,72.2,4.0,3.5,96,18.09375,1
44570,Greater Western Sydney Giants,Richmond Tigers,2017-07-23,18,9.333333333333334,0.3333333333333333,43.0,3.333333333333333,2.6666666666666665,13.2,0.2,54.4,3.2,1.6,14.2,0.2,53.9,2.8,1.5,83,17.49397590361446,0
44571,West Coast Eagles,Adelaide Crows,2022-06-04,12,18.666666666666668,0.0,66.33333333333333,2.0,0.6666666666666666,19.0,0.0,70.2,2.2,0.4,16.1,0.2,61.3,2.2,1.4,11,16.454545454545453,0
44572,North Melbourne Kangaroos,Hawthorn Hawks,2016-08-13,21,7.666666666666667,0.0,35.666666666666664,2.6666666666666665,1.0,8.2,0.4,44.0,3.8,3.4,10.6,0.7,56.2,3.7,4.8,88,14.204545454545457,0
44573,Sydney Swans,Western Bulldogs,2020-06-25,4,10.333333333333334,0.0,59.0,2.333333333333333,0.0,8.6,0.0,59.0,2.4,0.0,9.1,0.0,61.0,2.1,0.2,20,8.9,1
44574,West Coast Eagles,Fremantle Dockers,2022-08-13,22,12.333333333333334,0.0,76.0,3.333333333333333,0.0,14.4,0.2,75.8,3.0,1.2,14.7,0.3,77.5,2.2,1.9,166,12.325301204819278,0
44575,Richmond Tigers,Geelong Cats,2025-08-23,24,16.666666666666668,0.0,88.33333333333333,3.0,0.0,17.0,0.2,90.6,3.2,1.2,16.5,0.2,99.4,4.6,1.2,130,15.5,1
44576,Adelaide Crows,Collingwood Magpies,2025-05-17,10,14.333333333333334,0.3333333333333333,52.66666666666666,2.0,2.0,14.4,0.2,52.4,2.2,1.2,16.0,0.1,58.5,2.5,0.6,20,16.45,0
44577,Fremantle Dockers,St Kilda Saints,2025-05-02,8,7.666666666666667,0.0,29.666666666666668,1.0,0.6666666666666666,6.2,0.0,23.8,0.8,0.4,6.9,0.3,34.0,1.2,2.5,57,11.298245614035087,0
44578,Hawthorn Hawks,Brisbane Lions,2025-08-24,24,19.666666666666668,0.3333333333333333,74.0,4.333333333333333,2.0,19.8,0.2,84.0,6.2,1.2,19.6,0.1,77.3,5.4,0.7,97,17.02061855670103,0
44579,Port Adelaide Power,Richmond Tigers,2010-08-29,22,16.666666666666668,0.0,61.66666666666666,2.0,0.0,15.2,0.0,57.8,2.0,0.0,14.1,0.1,55.9,2.5,0.6,47,16.319148936170212,0
44580,Richmond Tigers,Brisbane Lions,2011-04-30,6,11.0,0.3333333333333333,44.66666666666666,2.333333333333333,2.0,9.8,0.2,41.2,2.0,1.2,10.8,0.8,50.3,2.7,4.9,15,11.466666666666669,1
44581,Western Bulldogs,Fremantle Dockers,2025-08-24,24,14.666666666666666,4.333333333333333,89.33333333333333,1.3333333333333333,27.33333333333333,13.8,4.4,91.8,1.8,27.6,12.8,3.9,83.8,1.7,24.6,126,11.063492063492063,1
44582,Port Adelaide Power,Essendon Bombers,2018-08-24,23,8.333333333333334,0.0,36.66666666666666,3.6666666666666665,0.3333333333333333,9.8,0.8,48.4,3.8,5.2,11.5,0.9,54.6,3.8,5.8,48,10.895833333333334,1
44583,Essendon Bombers,Brisbane Lions,2010-08-22,21,10.666666666666666,1.3333333333333333,51.333333333333336,0.6666666666666666,9.0,10.6,1.6,53.8,0.6,11.2,9.4,1.6,50.4,0.9,10.7,17,8.058823529411764,1
44584,Adelaide Crows,North Melbourne Kangaroos,2025-08-23,24,17.0,0.3333333333333333,69.0,4.0,3.0,20.0,1.0,90.0,5.6,6.8,16.5,0.5,71.7,4.6,3.5,158,15.651898734177216,0
44585,Brisbane Lions,Geelong Cats,2025-09-05,QF,32.0,0.3333333333333333,106.33333333333331,4.0,2.6666666666666665,31.2,0.4,110.4,4.4,2.8,27.8,0.3,97.8,4.0,2.1,208,27.82692307692308,0
44586,Geelong Cats,Sydney Swans,2025-08-17,23,12.333333333333334,3.333333333333333,94.33333333333331,4.333333333333333,20.666666666666668,10.2,3.0,77.0,3.6,18.6,9.9,2.4,68.8,3.0,15.1,34,8.794117647058824,0
44588,West Coast Eagles,Geelong Cats,2022-08-20,23,13.0,0.0,48.66666666666666,1.6666666666666667,0.0,15.8,0.0,58.0,2.0,0.0,15.2,0.1,58.7,2.0,0.6,80,12.125,0
44589,Hawthorn Hawks,Melbourne Demons,2025-08-16,23,18.33333333333333,0.3333333333333333,69.0,3.6666666666666665,2.0,18.0,0.2,62.4,3.4,1.2,19.9,0.4,73.9,4.3,2.6,75,22.266666666666666,1
44590,Richmond Tigers,North Melbourne Kangaroos,2015-09-13,EF,13.666666666666666,0.6666666666666666,66.33333333333333,3.6666666666666665,5.0,13.4,0.6,62.2,2.8,4.2,12.5,0.6,58.5,3.2,4.0,267,15.955056179775282,1
44591,West Coast Eagles,Adelaide Crows,2015-08-30,22,5.333333333333333,0.3333333333333333,25.33333333333333,1.0,2.333333333333333,7.25,0.75,35.25,0.75,5.25,7.25,0.75,35.25,0.75,5.25,4,7.25,0
44592,Carlton Blues,St Kilda Saints,2024-08-25,24,28.666666666666668,0.0,126.66666666666669,4.333333333333333,0.0,25.0,0.0,110.8,4.4,0.2,24.0,0.1,107.7,4.1,0.9,105,20.29523809523809,1
44593,Carlton Blues,Collingwood Magpies,2022-08-21,23,8.333333333333334,0.3333333333333333,31.33333333333333,2.0,2.0,10.2,0.2,40.6,2.0,1.2,14.4,0.2,56.1,2.1,1.5,168,18.23809523809524,1
44594,Melbourne Demons,Port Adelaide Power,2016-05-28,10,13.333333333333334,0.3333333333333333,57.0,4.0,2.333333333333333,13.2,0.4,57.4,4.0,2.8,13.9,0.7,57.9,3.0,4.6,12,13.083333333333334,1
44595,Melbourne Demons,Carlton Blues,2011-05-27,10,11.333333333333334,0.0,58.333333333333336,3.333333333333333,0.6666666666666666,10.0,0.6,57.2,3.2,4.2,11.0,1.0,65.4,3.5,7.1,23,10.26086956521739,1
44596,Richmond Tigers,Sydney Swans,2004-08-28,22,10.666666666666666,0.3333333333333333,42.333333333333336,1.3333333333333333,2.333333333333333,9.4,0.2,38.0,1.0,1.6,8.8,0.3,36.4,1.0,2.2,13,8.76923076923077,1
44597,Collingwood Magpies,West Coast Eagles,2007-04-07,2,,,,,,,,,,,,,,,,0,,0
44598,Gold Coast Suns,Greater Western Sydney Giants,2016-08-06,20,14.0,0.0,84.66666666666667,6.333333333333333,0.0,14.4,0.0,76.2,4.4,0.2,13.5,0.1,79.0,5.4,0.8,35,12.542857142857144,1
44599,Melbourne Demons,Western Bulldogs,2014-06-29,15,14.0,0.3333333333333333,62.0,4.0,3.0,13.4,0.2,66.6,4.8,2.0,13.8,0.1,63.7,4.0,1.3,27,14.851851851851851,0
44600,West Coast Eagles,Adelaide Crows,2011-09-03,24,9.0,2.0,51.0,1.6666666666666667,12.666666666666666,11.8,2.6,65.8,2.2,16.6,12.1,2.0,61.0,2.5,12.8,78,14.512820512820513,1
44601,North Melbourne Kangaroos,St Kilda Saints,2017-08-20,22,8.666666666666666,0.0,37.66666666666666,1.6666666666666667,0.0,9.2,0.0,37.8,1.4,0.0,10.166666666666666,0.0,39.66666666666666,1.3333333333333333,0.0,6,10.166666666666666,0
44602,Hawthorn Hawks,North Melbourne Kangaroos,2005-07-17,16,1.0,0.0,6.0,1.0,0.0,1.0,0.0,6.0,1.0,0.0,1.0,0.0,6.0,1.0,0.0,2,1.0,1
44603,Gold Coast Suns,Brisbane Lions,2025-09-13,SF,26.33333333333333,0.0,87.33333333333333,2.6666666666666665,0.0,24.2,0.0,79.6,2.0,0.0,26.1,0.0,89.9,2.2,0.1,136,19.683823529411764,0
44604,Carlton Blues,Port Adelaide Power,2005-04-16,4,6.0,0.0,26.33333333333333,1.6666666666666667,0.0,4.6,0.0,19.4,1.2,0.0,7.9,0.3,33.3,1.2,1.9,20,8.65,0
44605,West Coast Eagles,Hawthorn Hawks,2008-08-24,21,6.0,0.0,15.0,0.0,0.0,6.0,0.0,15.0,0.0,0.0,6.0,0.0,15.0,0.0,0.0,1,6.0,1
44607,Fremantle Dockers,Port Adelaide Power,2019-08-25,23,10.333333333333334,0.0,44.0,2.0,0.0,10.0,0.0,40.0,1.8,0.2,10.8,0.5,50.2,1.9,3.2,10,10.8,0
44608,Richmond Tigers,St Kilda Saints,2009-06-28,13,10.666666666666666,0.3333333333333333,56.0,2.0,2.0,10.6,0.2,54.4,1.6,1.2,8.625,0.125,45.375,1.375,0.75,8,8.625,0
44609,Fremantle Dockers,Melbourne Demons,2008-07-20,16,15.0,0.0,63.0,2.0,1.0,15.0,0.0,63.0,2.0,1.0,15.0,0.0,63.0,2.0,1.0,1,15.0,1
44610,Brisbane Lions,Richmond Tigers,2013-08-10,20,8.666666666666666,0.3333333333333333,42.333333333333336,2.0,2.333333333333333,9.6,0.2,42.4,2.0,1.4,11.2,0.2,49.3,2.2,1.4,12,10.916666666666666,0
44611,Carlton Blues,Melbourne Demons,2023-06-02,12,8.333333333333334,0.0,34.666666666666664,1.3333333333333333,0.3333333333333333,9.6,0.0,39.2,0.8,0.4,12.9,0.0,52.1,1.6,0.2,55,14.10909090909091,0
44612,Essendon Bombers,Richmond Tigers,2015-08-29,22,22.666666666666668,0.0,69.66666666666667,1.3333333333333333,0.3333333333333333,24.0,0.0,77.4,1.8,0.4,18.6,0.0,62.7,2.1,0.3,12,17.5,1
44613,Adelaide Crows,North Melbourne Kangaroos,2025-08-23,24,13.666666666666666,0.0,90.66666666666669,2.0,0.0,12.2,0.2,89.0,2.8,1.4,12.5,0.1,93.0,3.5,0.8,111,13.37837837837838,0
44614,Western Bulldogs,North Melbourne Kangaroos,2023-06-18,14,12.666666666666666,0.0,58.333333333333336,1.6666666666666667,0.0,12.0,0.0,56.4,1.8,0.0,12.3,0.0,55.1,1.3,0.0,88,10.534090909090908,0
44615,Brisbane Lions,Western Bulldogs,2015-09-05,23,12.0,0.0,37.0,1.6666666666666667,0.0,13.6,0.0,57.2,4.4,0.0,14.4,0.0,58.6,4.3,0.0,10,14.4,1
44616,North Melbourne Kangaroos,Port Adelaide Power,2009-08-29,22,7.333333333333333,0.0,40.333333333333336,3.6666666666666665,0.0,6.0,0.0,33.0,2.75,0.0,6.0,0.0,33.0,2.75,0.0,4,6.0,0
44617,Geelong Cats,Sydney Swans,2025-08-17,23,15.333333333333334,0.0,66.66666666666667,1.6666666666666667,0.3333333333333333,12.6,0.0,51.0,1.6,0.2,14.4,0.0,65.9,3.3,0.3,102,13.598039215686274,0
44618,Adelaide Crows,Collingwood Magpies,2021-06-05,12,0.0,0.0,0.0,0.0,0.0,0.0,0.0,0.0,0.0,0.0,0.0,0.0,0.0,0.0,0.0,1,0.0,1
44619,Western Bulldogs,West Coast Eagles,2025-08-17,23,10.333333333333334,0.3333333333333333,40.0,1.6666666666666667,2.0,10.0,0.2,40.0,1.2,1.2,10.3,0.1,43.0,1.3,0.6,30,9.566666666666666,1
44620,Fremantle Dockers,Port Adelaide Power,2025-08-09,22,10.333333333333334,0.0,44.66666666666666,3.333333333333333,0.6666666666666666,15.0,0.0,59.2,3.4,0.6,16.8,0.3,69.1,3.5,2.4,26,15.076923076923077,0
44621,Sydney Swans,Hawthorn Hawks,2010-05-30,10,10.666666666666666,0.0,41.66666666666666,1.3333333333333333,0.3333333333333333,12.0,0.4,48.8,1.4,2.6,11.0,0.3333333333333333,44.333333333333336,1.5,2.1666666666666665,6,11.0,0
44622,Gold Coast Suns,Greater Western Sydney Giants,2023-07-23,19,6.333333333333333,0.3333333333333333,36.333333333333336,3.0,2.0,8.6,0.2,41.4,3.2,1.4,7.0,0.3,36.1,3.0,1.9,10,7.0,0
44623,Greater Western Sydney Giants,Sydney Swans,2013-07-14,16,8.333333333333334,1.3333333333333333,43.333333333333336,0.6666666666666666,8.333333333333334,10.4,2.4,53.2,0.4,15.4,10.0,2.0,53.2,0.9,12.8,66,10.363636363636363,0
44624,Greater Western Sydney Giants,St Kilda Saints,2025-08-24,24,16.333333333333332,0.3333333333333333,65.0,3.6666666666666665,2.0,16.8,0.4,66.6,3.2,2.8,17.9,0.4,67.0,3.2,2.9,68,12.25,1
44625,Richmond Tigers,Brisbane Lions,2014-07-05,16,6.333333333333333,0.0,34.666666666666664,3.0,0.0,6.75,0.0,34.0,2.5,0.0,6.75,0.0,34.0,2.5,0.0,4,6.75,1
44626,North Melbourne Kangaroos,Fremantle Dockers,2010-05-30,10,,,,,,,,,,,,,,,,0,,0
44627,Carlton Blues,St Kilda Saints,2012-09-02,23,8.0,0.0,28.0,1.0,0.0,8.0,0.0,28.0,1.0,0.0,8.0,0.0,28.0,1.0,0.0,1,8.0,1
44628,Carlton Blues,Hawthorn Hawks,2003-08-22,21,4.333333333333333,0.3333333333333333,20.666666666666668,1.3333333333333333,2.0,4.8,0.2,19.4,1.0,1.2,4.8,0.2,19.4,1.0,1.2,5,4.8,0
44629,St Kilda Saints,Port Adelaide Power,2003-06-14,12,6.0,0.0,27.0,0.6666666666666666,0.0,4.6,0.0,22.8,0.6,0.2,3.888888888888889,0.1111111111111111,19.77777777777778,0.5555555555555556,1.0,9,3.888888888888889,0
44630,Melbourne Demons,Collingwood Magpies,2025-08-22,24,27.666666666666668,0.3333333333333333,91.33333333333331,4.333333333333333,2.0,26.0,0.2,88.2,5.0,1.4,24.9,0.1,84.5,5.1,0.8,150,28.14666666666667,0
44631,Fremantle Dockers,Western Bulldogs,2025-08-24,24,17.666666666666668,0.0,60.66666666666666,3.333333333333333,0.3333333333333333,18.4,0.2,64.6,3.4,1.4,17.7,0.2,60.9,3.5,1.3,161,21.5527950310559,0
44632,West Coast Eagles,Fremantle Dockers,2023-08-12,22,10.666666666666666,0.3333333333333333,52.0,4.333333333333333,2.333333333333333,9.8,0.2,45.4,3.0,1.4,11.3,0.2,49.7,3.3,1.4,31,11.870967741935484,1
44633,Richmond Tigers,Adelaide Crows,2011-08-28,23,12.666666666666666,0.0,41.0,0.3333333333333333,0.0,12.666666666666666,0.0,41.0,0.3333333333333333,0.0,12.666666666666666,0.0,41.0,0.3333333333333333,0.0,3,12.666666666666666,0
44634,Sydney Swans,Port Adelaide Power,2022-06-18,14,8.666666666666666,0.0,29.33333333333333,0.0,0.0,8.4,0.0,31.8,0.4,0.0,7.7,0.0,28.9,0.8,0.0,23,11.695652173913045,0
44635,Hawthorn Hawks,Fremantle Dockers,2018-07-29,19,15.333333333333334,0.0,52.333333333333336,2.0,0.0,15.2,0.2,55.0,2.4,1.4,15.3,0.4,56.0,2.2,2.5,18,13.72222222222222,0
44636,Gold Coast Suns,St Kilda Saints,2013-08-25,22,,,,,,,,,,,,,,,,0,,0
44637,Hawthorn Hawks,Sydney Swans,2013-05-11,7,11.0,0.6666666666666666,52.333333333333336,2.0,4.0,11.2,0.6,51.6,2.4,4.2,14.0,0.8,61.9,2.2,5.6,128,13.4609375,1
44638,Carlton Blues,Greater Western Sydney Giants,2018-08-05,20,13.666666666666666,0.0,65.0,3.6666666666666665,0.0,13.0,0.0,55.6,3.2,0.0,13.0,0.0,51.0,3.2,0.0,71,15.084507042253522,1
44639,Geelong Cats,Brisbane Lions,2025-09-05,QF,11.0,0.0,59.333333333333336,2.6666666666666665,0.0,11.4,0.0,60.0,2.8,0.0,12.6,0.0,57.2,1.8,0.0,18,13.11111111111111,1
44640,Adelaide Crows,West Coast Eagles,2019-08-11,21,17.0,0.0,75.33333333333333,2.333333333333333,0.0,15.6,0.0,67.6,2.0,0.0,14.9,0.3,62.7,1.7,1.8,81,15.061728395061728,0
44641,West Coast Eagles,Western Bulldogs,2025-08-17,23,5.0,0.0,23.33333333333333,1.6666666666666667,0.0,8.2,0.0,38.8,2.2,0.4,9.2,0.4,44.5,2.8,2.8,63,9.031746031746032,0
44642,St Kilda Saints,North Melbourne Kangaroos,2025-08-03,21,12.666666666666666,1.3333333333333333,57.0,0.3333333333333333,8.666666666666666,12.4,1.2,52.8,0.8,7.8,13.3,1.0,60.4,1.6,7.1,71,13.23943661971831,1
44643,Collingwood Magpies,Fremantle Dockers,2018-08-25,23,11.666666666666666,0.3333333333333333,53.0,3.0,2.333333333333333,11.0,0.6,49.6,2.4,3.8,15.6,0.4,62.7,2.3,2.6,25,16.64,0
44644,Brisbane Lions,Geelong Cats,2016-08-21,22,7.0,0.3333333333333333,24.33333333333333,1.6666666666666667,2.0,6.6,0.4,27.2,2.2,2.8,7.5,0.9,38.1,2.5,5.8,11,7.363636363636363,1
44645,Port Adelaide Power,Gold Coast Suns,2016-08-27,23,10.0,0.5,53.0,2.5,4.0,10.0,0.5,53.0,2.5,4.0,10.0,0.5,53.0,2.5,4.0,2,10.0,0
44646,Greater Western Sydney Giants,Collingwood Magpies,2016-07-09,16,15.0,1.0,65.66666666666667,2.0,7.333333333333333,14.0,1.6,68.0,1.8,10.8,15.5,0.9,67.9,2.1,6.4,97,17.587628865979383,1
44647,Brisbane Lions,Fremantle Dockers,2017-06-10,12,13.666666666666666,0.0,53.0,2.0,0.0,15.0,0.0,55.2,1.6,0.0,17.3,0.0,65.3,1.5,0.1,40,15.075,1
44648,Sydney Swans,West Coast Eagles,2025-08-23,24,14.333333333333334,1.0,61.333333333333336,1.3333333333333333,6.666666666666667,13.0,0.8,53.4,1.4,5.6,13.2,0.6,53.2,1.5,4.6,143,14.426573426573428,0
44649,Essendon Bombers,Fremantle Dockers,2025-06-19,15,27.666666666666668,0.0,86.66666666666667,2.6666666666666665,0.3333333333333333,27.2,0.0,91.2,3.2,0.2,25.2,0.0,85.9,4.0,0.2,134,24.22388059701493,0
44650,Geelong Cats,Western Bulldogs,2024-07-20,19,19.666666666666668,0.0,72.33333333333333,6.0,0.3333333333333333,20.0,0.0,82.8,7.6,0.2,17.4,0.1,74.7,6.9,0.8,95,17.86315789473684,1
44651,North Melbourne Kangaroos,Adelaide Crows,2025-08-23,24,25.33333333333333,0.3333333333333333,93.0,4.333333333333333,2.333333333333333,24.2,0.2,86.6,4.0,1.6,24.7,0.4,92.3,4.5,2.6,232,23.51293103448276,1
44652,Richmond Tigers,Adelaide Crows,2022-04-16,5,12.0,0.3333333333333333,55.66666666666666,2.6666666666666665,2.333333333333333,12.6,0.4,57.8,2.8,2.8,12.4,0.5,58.9,3.7,3.7,21,11.857142857142858,0
44653,Carlton Blues,Greater Western Sydney Giants,2021-06-19,14,8.0,0.0,41.0,3.0,0.0,8.0,0.0,41.0,3.0,0.0,8.0,0.0,41.0,3.0,0.0,2,8.0,0
44654,Adelaide Crows,Melbourne Demons,2024-04-04,4,9.333333333333334,0.0,39.0,1.6666666666666667,0.0,7.0,0.0,31.0,1.8,0.0,9.0,0.0,37.8,2.0,0.0,15,10.4,1
44655,Geelong Cats,Sydney Swans,2019-07-28,19,14.666666666666666,0.6666666666666666,62.66666666666666,2.333333333333333,4.666666666666667,12.2,0.4,52.0,2.6,3.2,13.3,0.6,56.0,2.6,4.3,34,11.588235294117649,0
44656,West Coast Eagles,Adelaide Crows,2017-08-27,23,12.0,0.6666666666666666,42.66666666666666,0.3333333333333333,5.666666666666667,13.0,0.75,48.0,1.0,5.75,13.0,0.75,48.0,1.0,5.75,4,13.0,1
44657,Brisbane Lions,St Kilda Saints,2006-09-02,22,8.333333333333334,0.6666666666666666,42.333333333333336,1.3333333333333333,4.0,8.4,0.8,43.4,0.8,5.2,7.666666666666667,0.6666666666666666,39.0,0.8333333333333334,4.333333333333333,6,7.666666666666667,1
44658,Greater Western Sydney Giants,North Melbourne Kangaroos,2016-08-27,23,15.333333333333334,0.0,65.0,3.6666666666666665,0.0,12.6,0.2,57.0,3.6,1.2,10.9,0.1,49.0,2.9,0.6,182,11.351648351648352,0
44659,Sydney Swans,Brisbane Lions,2025-03-15,1,7.666666666666667,0.0,27.33333333333333,1.3333333333333333,0.0,8.8,0.0,33.0,1.0,0.0,10.8,0.0,40.9,0.9,0.0,49,13.0,1
44660,Gold Coast Suns,Essendon Bombers,2013-06-15,12,9.666666666666666,0.6666666666666666,41.66666666666666,2.333333333333333,4.333333333333333,8.0,0.4,33.2,1.6,2.8,9.88888888888889,0.4444444444444444,42.0,1.7777777777777777,3.333333333333333,9,9.88888888888889,0
44661,St Kilda Saints,Richmond Tigers,2010-08-21,21,13.333333333333334,0.0,62.66666666666666,3.6666666666666665,0.6666666666666666,12.6,0.0,57.0,2.8,0.6,11.9,0.2,56.1,2.3,1.7,55,11.236363636363636,1
44662,Hawthorn Hawks,Essendon Bombers,2020-08-27,14,5.0,0.3333333333333333,24.666666666666668,1.3333333333333333,2.0,6.2,0.6,32.0,1.0,4.4,10.2,0.8,55.1,1.9,5.6,74,10.81081081081081,1
44663,Brisbane Lions,Greater Western Sydney Giants,2025-06-14,14,14.666666666666666,0.0,67.33333333333333,1.3333333333333333,0.0,14.0,0.0,63.0,1.4,0.0,11.5,0.0,54.8,1.3,0.0,55,10.4,1
44664,St Kilda Saints,Port Adelaide Power,2012-04-01,1,17.666666666666668,0.0,62.66666666666666,2.0,0.6666666666666666,19.2,0.4,72.6,3.0,3.2,20.5,0.5,82.4,3.3,3.4,92,16.369565217391305,0
44665,Fremantle Dockers,Western Bulldogs,2025-08-24,24,10.0,0.3333333333333333,44.0,1.0,2.0,9.2,0.4,40.2,0.8,2.4,10.3,0.3,45.1,1.1,1.8,106,10.68867924528302,0
44666,Fremantle Dockers,Gold Coast Suns,2016-04-02,2,24.33333333333333,0.3333333333333333,81.33333333333333,2.0,2.0,17.6,0.2,62.2,2.4,1.2,20.3,0.3,77.5,2.6,1.9,77,16.558441558441558,1
44667,Western Bulldogs,West Coast Eagles,2015-08-23,21,7.0,0.0,27.33333333333333,1.0,0.0,7.0,0.0,27.33333333333333,1.0,0.0,7.0,0.0,27.33333333333333,1.0,0.0,3,7.0,0
44668,Fremantle Dockers,North Melbourne Kangaroos,2018-05-27,10,15.333333333333334,0.3333333333333333,62.66666666666666,2.6666666666666665,2.0,14.6,0.2,59.8,3.2,1.2,18.4,0.5,74.0,3.0,3.0,257,19.81322957198444,1
44669,Essendon Bombers,Collingwood Magpies,2015-09-06,23,15.666666666666666,0.0,66.33333333333333,2.333333333333333,0.0,16.4,0.0,66.6,2.2,0.0,17.8,0.0,71.7,2.5,0.0,62,14.64516129032258,0
44670,Adelaide Crows,North Melbourne Kangaroos,2025-08-23,24,13.0,0.6666666666666666,49.333333333333336,1.6666666666666667,4.0,17.2,0.8,72.2,3.4,5.2,18.1,0.4,71.6,3.5,2.6,49,13.53061224489796,0
44671,Melbourne Demons,Sydney Swans,2018-08-12,21,10.0,0.6666666666666666,50.333333333333336,3.0,4.333333333333333,13.0,1.2,61.4,2.4,7.8,13.9,1.0,66.4,2.9,6.5,61,13.81967213114754,1
44672,Adelaide Crows,West Coast Eagles,2025-08-10,22,6.0,0.6666666666666666,34.666666666666664,3.0,4.0,6.2,0.8,39.6,4.0,4.8,8.2,0.6,43.5,3.4,4.1,29,9.482758620689657,0
44673,Collingwood Magpies,Adelaide Crows,2025-09-04,QF,24.0,0.0,82.33333333333333,3.333333333333333,0.0,24.4,0.2,91.6,4.6,1.2,24.3,0.2,95.1,4.8,1.4,327,25.553516819571865,0
44674,North Melbourne Kangaroos,Gold Coast Suns,2023-08-26,24,14.666666666666666,0.3333333333333333,53.0,1.3333333333333333,2.0,12.8,0.2,46.6,1.2,1.2,11.9,0.1,46.5,1.9,0.6,16,11.5625,1
44675,St Kilda Saints,Gold Coast Suns,2023-07-15,18,,,,,,,,,,,,,,,,0,,0
44676,Essendon Bombers,Gold Coast Suns,2025-08-27,24,12.666666666666666,1.0,54.333333333333336,2.0,6.0,12.4,1.0,57.2,2.6,6.4,13.1,0.7,51.4,2.3,4.4,77,13.25974025974026,0
44677,North Melbourne Kangaroos,St Kilda Saints,2005-08-13,20,7.5,0.0,36.0,1.5,0.5,7.5,0.0,36.0,1.5,0.5,7.5,0.0,36.0,1.5,0.5,2,7.5,1
44678,Collingwood Magpies,Adelaide Crows,2025-09-04,QF,14.333333333333334,0.0,58.66666666666666,1.0,0.3333333333333333,15.6,0.0,61.0,1.2,0.2,14.7,0.1,58.0,1.4,0.8,109,18.26605504587156,0
44679,North Melbourne Kangaroos,Brisbane Lions,2006-07-15,15,15.0,0.0,50.0,1.0,0.0,13.5,0.0,45.75,1.0,0.0,13.5,0.0,45.75,1.0,0.0,4,13.5,1
44680,Hawthorn Hawks,Collingwood Magpies,2010-08-28,22,13.333333333333334,1.0,75.66666666666667,4.333333333333333,6.0,11.6,0.6,67.4,4.6,4.0,12.1,0.5,61.4,3.6,3.5,12,13.083333333333334,1
44681,Melbourne Demons,Collingwood Magpies,2025-08-22,24,24.666666666666668,0.6666666666666666,78.0,2.6666666666666665,4.666666666666667,23.6,0.6,77.6,2.2,4.2,24.8,0.4,84.0,3.3,3.5,211,23.54028436018957,0
44682,Adelaide Crows,Western Bulldogs,2014-04-27,6,14.0,1.3333333333333333,75.33333333333333,5.333333333333333,9.333333333333334,10.4,1.0,59.0,4.6,6.8,10.4,1.0,57.6,4.3,6.7,60,12.116666666666667,0
44683,West Coast Eagles,Adelaide Crows,2023-08-26,24,16.0,0.3333333333333333,69.33333333333333,5.0,2.333333333333333,14.0,0.2,58.4,4.2,1.8,14.4,0.3,60.8,3.4,2.1,100,15.32,1
44684,West Coast Eagles,Adelaide Crows,2017-08-27,23,10.0,0.3333333333333333,63.66666666666666,4.333333333333333,2.0,11.4,0.4,71.8,4.2,2.6,12.7,1.0,76.5,3.2,6.3,264,12.37121212121212,1
44685,West Coast Eagles,Richmond Tigers,2025-07-19,19,7.666666666666667,0.6666666666666666,31.33333333333333,1.6666666666666667,4.333333333333333,8.6,0.6,34.6,1.4,3.8,10.5,0.8,43.9,1.5,5.2,68,10.514705882352942,1
44686,Richmond Tigers,Western Bulldogs,2015-04-11,2,15.666666666666666,0.3333333333333333,80.33333333333333,4.333333333333333,2.333333333333333,16.0,0.6,85.0,3.8,4.0,17.3,0.8,87.9,5.1,5.2,67,15.373134328358208,1
44687,Richmond Tigers,Western Bulldogs,2009-06-05,11,19.33333333333333,0.3333333333333333,83.33333333333333,2.333333333333333,2.6666666666666665,17.4,0.6,74.2,2.4,4.4,18.8,1.2,85.9,2.0,8.5,87,12.96551724137931,1
44688,Port Adelaide Power,Collingwood Magpies,2011-08-06,20,10.666666666666666,0.0,45.0,2.0,0.0,9.2,0.0,41.8,2.6,0.0,10.6,0.0,44.6,2.5,0.0,77,10.96103896103896,1
44689,Melbourne Demons,Hawthorn Hawks,2025-08-16,23,10.333333333333334,1.6666666666666667,72.66666666666667,2.6666666666666665,11.0,8.4,1.4,54.4,1.8,9.4,8.6,1.1,50.0,1.8,7.5,78,9.14102564102564,0
44690,Essendon Bombers,St Kilda Saints,2008-08-31,22,23.0,0.0,88.0,4.333333333333333,0.0,23.4,0.0,90.4,4.0,0.0,20.8,0.1,77.3,3.2,0.7,113,19.94690265486725,1
44691,St Kilda Saints,Greater Western Sydney Giants,2025-08-24,24,2.6666666666666665,0.0,11.0,1.3333333333333333,0.0,9.0,0.0,30.8,1.6,0.4,13.9,0.5,60.5,3.5,3.7,34,13.235294117647058,0
44692,Port Adelaide Power,Richmond Tigers,2012-09-02,23,9.0,0.0,38.66666666666666,2.0,0.0,13.4,0.0,47.0,1.4,0.0,13.2,0.1,46.8,1.4,0.6,18,13.11111111111111,0
44693,Essendon Bombers,Collingwood Magpies,2023-08-25,24,8.0,0.3333333333333333,67.66666666666667,4.0,2.6666666666666665,8.4,0.2,66.4,3.8,1.6,8.8,0.2,66.6,3.2,1.6,64,7.25,1
44694,St Kilda Saints,Hawthorn Hawks,2020-09-06,16,13.666666666666666,1.0,57.66666666666666,1.3333333333333333,6.0,13.2,0.8,56.4,1.8,5.0,15.7,0.4,60.8,1.4,2.5,14,17.0,1
44695,Port Adelaide Power,Brisbane Lions,2011-07-03,15,12.666666666666666,1.3333333333333333,64.33333333333333,4.333333333333333,8.333333333333334,9.2,1.0,45.0,2.6,6.4,8.75,0.75,40.75,2.375,5.25,8,8.75,0
44696,Hawthorn Hawks,North Melbourne Kangaroos,2022-07-23,19,12.333333333333334,0.0,58.333333333333336,4.333333333333333,0.0,13.8,0.4,60.2,3.2,2.8,16.7,0.6,70.7,2.5,3.9,90,20.933333333333334,0
44697,North Melbourne Kangaroos,Sydney Swans,2025-07-19,19,16.0,0.0,59.66666666666666,3.333333333333333,0.3333333333333333,13.8,0.0,55.0,3.8,0.2,14.4,0.1,63.6,5.3,0.7,38,15.052631578947368,0
44698,Carlton Blues,St Kilda Saints,2020-07-02,5,5.0,0.0,20.0,2.0,0.0,5.0,0.0,20.0,2.0,0.0,5.0,0.0,20.0,2.0,0.0,1,5.0,1
44699,Western Bulldogs,Hawthorn Hawks,2017-08-25,23,16.333333333333332,1.0,61.0,2.333333333333333,6.0,16.2,1.8,73.6,2.6,11.4,16.9,1.4,69.8,2.5,9.0,155,18.032258064516128,0
44700,Carlton Blues,Port Adelaide Power,2002-08-10,19,5.0,0.5,26.5,1.0,3.0,5.0,0.5,26.5,1.0,3.0,5.0,0.5,26.5,1.0,3.0,2,5.0,1
44701,Carlton Blues,Fremantle Dockers,2018-08-12,21,9.0,0.0,42.333333333333336,3.6666666666666665,0.3333333333333333,8.6,0.2,40.0,3.0,1.4,9.1,0.6,42.3,2.5,3.9,15,8.8,0
44702,Melbourne Demons,Collingwood Magpies,2025-08-22,24,19.33333333333333,0.6666666666666666,82.66666666666667,4.0,5.0,20.0,1.6,87.0,4.2,10.8,20.0,2.0,86.9,3.9,13.0,96,12.510416666666666,0
44703,St Kilda Saints,North Melbourne Kangaroos,2018-08-26,23,10.333333333333334,0.3333333333333333,54.333333333333336,2.333333333333333,2.0,10.333333333333334,0.3333333333333333,54.333333333333336,2.333333333333333,2.0,10.333333333333334,0.3333333333333333,54.333333333333336,2.333333333333333,2.0,3,10.333333333333334,1
44704,Richmond Tigers,Gold Coast Suns,2024-08-24,24,13.0,0.3333333333333333,46.0,2.6666666666666665,3.6666666666666665,13.0,0.2,47.0,2.6,2.4,13.3,0.3,49.4,2.3,2.5,65,13.815384615384616,1
44705,Sydney Swans,Essendon Bombers,2001-08-12,19,,,,,,,,,,,,,,,,0,,0
44706,North Melbourne Kangaroos,Adelaide Crows,2025-08-23,24,10.0,0.0,44.333333333333336,1.0,0.0,10.6,0.0,46.6,1.4,0.0,10.4,0.0,45.5,1.1,0.0,28,9.285714285714286,1
44707,North Melbourne Kangaroos,Melbourne Demons,2020-08-09,11,12.666666666666666,1.0,56.0,1.3333333333333333,6.0,13.0,0.6,55.8,1.8,3.6,13.9,0.4,55.7,1.7,2.4,158,17.753164556962027,0
44708,Carlton Blues,Fremantle Dockers,2025-08-03,21,8.666666666666666,0.6666666666666666,59.0,2.333333333333333,4.0,10.4,0.4,66.0,3.2,2.4,11.4,0.3,67.0,2.6,1.9,55,9.872727272727271,0
44709,Fremantle Dockers,Essendon Bombers,2012-06-23,13,10.666666666666666,0.0,40.0,1.3333333333333333,0.3333333333333333,14.6,0.0,56.6,1.6,0.8,14.166666666666666,0.1666666666666666,55.0,1.5,1.6666666666666667,6,14.166666666666666,1
44710,Carlton Blues,Adelaide Crows,2023-04-13,5,13.0,0.0,46.66666666666666,1.0,0.0,13.0,0.0,49.2,1.4,0.0,12.7,0.0,48.2,1.6,0.0,121,12.198347107438016,0
44711,Sydney Swans,Richmond Tigers,2010-07-04,14,9.0,1.0,47.0,1.0,6.333333333333333,11.0,1.0,56.4,1.2,6.6,10.3,0.8,49.2,0.9,5.3,48,8.0,0
44712,Adelaide Crows,St Kilda Saints,2014-08-31,23,12.666666666666666,0.6666666666666666,49.333333333333336,0.3333333333333333,5.0,12.6,1.0,56.0,1.2,6.8,13.5,1.2,62.9,1.2,7.8,80,13.4625,1
44713,Adelaide Crows,Hawthorn Hawks,2020-09-01,15,11.333333333333334,0.3333333333333333,48.66666666666666,3.0,2.0,11.2,0.4,50.2,3.0,2.4,11.7,0.4,52.7,2.4,2.8,13,11.076923076923077,0
44714,Richmond Tigers,Port Adelaide Power,2010-05-29,10,8.666666666666666,0.6666666666666666,45.0,1.6666666666666667,4.0,12.8,0.6,62.6,2.0,3.6,11.6,0.6,58.6,1.4,4.2,86,11.313953488372093,0
44715,North Melbourne Kangaroos,Brisbane Lions,2022-04-02,3,11.0,0.0,55.0,2.333333333333333,0.6666666666666666,12.0,0.0,55.2,2.0,0.6,15.3,0.0,58.0,1.7,0.3,119,20.142857142857142,0
44716,Essendon Bombers,Gold Coast Suns,2016-08-14,21,15.333333333333334,0.3333333333333333,47.0,0.6666666666666666,2.333333333333333,11.6,0.2,37.6,1.2,1.4,12.7,0.3,45.6,1.1,2.2,74,13.364864864864863,1
44717,St Kilda Saints,Collingwood Magpies,2012-08-04,19,16.333333333333332,0.3333333333333333,65.33333333333333,1.3333333333333333,2.0,16.4,0.2,60.6,1.4,1.2,17.1,0.4,66.4,2.1,2.5,61,16.40983606557377,0
44718,Carlton Blues,Brisbane Lions,2020-09-19,18,7.333333333333333,0.0,24.666666666666668,1.0,0.3333333333333333,7.8,0.2,26.4,1.2,1.6,8.0,0.3,32.5,2.4,2.1,17,7.882352941176471,0
44719,Adelaide Crows,Hawthorn Hawks,2014-07-11,17,10.333333333333334,0.3333333333333333,44.333333333333336,2.0,2.0,10.6,0.2,42.4,1.8,1.6,14.2,1.0,63.8,2.6,6.9,96,14.40625,1
44720,Western Bulldogs,Gold Coast Suns,2020-07-23,8,,,,,,,,,,,,,,,,0,,0
44721,Richmond Tigers,Port Adelaide Power,2012-09-02,23,14.333333333333334,0.0,51.333333333333336,0.6666666666666666,0.0,11.6,0.0,43.8,0.6,0.0,11.5,0.0,42.9,0.8,0.0,27,10.25925925925926,1
44722,Western Bulldogs,Melbourne Demons,2025-08-10,22,8.333333333333334,0.6666666666666666,44.66666666666666,1.3333333333333333,4.333333333333333,11.0,0.4,49.8,1.8,2.6,12.8,0.5,58.7,2.4,3.3,24,14.416666666666666,0
44723,Port Adelaide Power,Brisbane Lions,2025-07-05,17,18.0,0.6666666666666666,70.33333333333333,2.6666666666666665,4.666666666666667,14.4,0.4,56.4,2.6,3.0,15.2,1.0,67.6,3.2,7.2,116,16.103448275862068,0
44724,Sydney Swans,Port Adelaide Power,2004-06-12,12,4.666666666666667,0.0,16.0,0.6666666666666666,0.0,4.666666666666667,0.0,16.0,0.6666666666666666,0.0,4.666666666666667,0.0,16.0,0.6666666666666666,0.0,3,4.666666666666667,0
44725,North Melbourne Kangaroos,Richmond Tigers,2025-08-17,23,19.666666666666668,0.0,83.0,5.0,0.3333333333333333,22.0,0.0,84.8,4.8,0.2,23.6,0.0,86.5,4.9,0.1,70,18.642857142857142,1
44726,Gold Coast Suns,Essendon Bombers,2025-08-27,24,17.666666666666668,0.0,70.0,3.333333333333333,0.3333333333333333,19.2,0.0,74.6,3.4,0.4,17.3,0.0,71.5,3.8,0.2,100,16.14,1
44727,North Melbourne Kangaroos,West Coast Eagles,2009-08-15,20,26.33333333333333,0.0,85.66666666666667,1.0,0.0,25.2,0.0,84.8,1.8,0.0,20.7,0.0,74.2,2.4,0.1,102,14.735294117647058,0
44728,North Melbourne Kangaroos,Richmond Tigers,2011-09-04,24,16.333333333333332,0.0,68.66666666666667,3.0,0.3333333333333333,18.2,0.0,75.2,3.6,0.6,16.9,0.1,68.6,2.7,0.9,94,15.5531914893617,0
44730,Carlton Blues,West Coast Eagles,2006-06-11,11,10.666666666666666,0.3333333333333333,56.333333333333336,2.6666666666666665,2.333333333333333,10.2,0.2,53.6,2.2,1.8,9.8,0.1,49.5,2.5,0.9,49,9.489795918367347,0
44731,Richmond Tigers,Geelong Cats,2025-08-23,24,21.33333333333333,0.0,71.33333333333333,3.333333333333333,0.3333333333333333,22.6,0.0,71.8,2.4,0.2,23.3,0.2,79.0,3.0,1.6,191,23.659685863874344,1
44732,Greater Western Sydney Giants,Sydney Swans,2022-07-30,20,11.333333333333334,0.0,68.0,2.6666666666666665,0.3333333333333333,10.6,0.0,67.4,2.8,0.6,9.2,0.0,56.0,1.5,0.4,20,9.7,0
44733,West Coast Eagles,Greater Western Sydney Giants,2017-09-16,SF,27.666666666666668,1.0,115.66666666666669,8.333333333333334,6.333333333333333,23.2,0.6,99.8,9.4,3.8,22.4,0.4,92.9,8.5,3.0,239,26.14225941422594,0
44734,Essendon Bombers,Gold Coast Suns,2025-08-27,24,17.0,0.0,66.33333333333333,2.0,0.0,17.4,0.0,65.8,2.0,0.0,16.0,0.0,61.8,1.6,0.0,46,12.434782608695652,0
44735,Essendon Bombers,Collingwood Magpies,2011-07-31,19,21.0,0.3333333333333333,78.0,2.6666666666666665,2.333333333333333,21.0,0.2,79.4,3.2,1.4,18.7,0.3,76.3,4.5,2.0,52,20.653846153846157,0
44736,Western Bulldogs,Essendon Bombers,2015-08-02,18,13.0,0.0,54.333333333333336,2.0,0.0,13.0,0.0,54.333333333333336,2.0,0.0,13.0,0.0,54.333333333333336,2.0,0.0,3,13.0,0
44737,Brisbane Lions,Sydney Swans,2010-08-28,22,10.666666666666666,1.0,55.0,2.0,6.666666666666667,13.4,1.0,63.6,2.2,7.0,12.7,0.7,57.1,2.6,4.9,23,11.652173913043478,1
44738,Hawthorn Hawks,Gold Coast Suns,2020-09-20,18,8.666666666666666,0.3333333333333333,35.666666666666664,2.333333333333333,2.333333333333333,8.6,0.2,35.2,2.4,1.4,11.0,0.4,45.5,3.3,2.8,144,14.02777777777778,1
44739,Sydney Swans,Gold Coast Suns,2015-09-05,23,10.333333333333334,1.0,65.33333333333333,2.0,6.0,8.2,0.6,54.0,2.2,3.6,7.6,0.4,57.5,2.5,2.6,80,8.6875,1
44740,Collingwood Magpies,Adelaide Crows,2025-09-04,QF,11.0,0.0,55.333333333333336,3.333333333333333,0.0,13.6,0.0,63.2,2.8,0.0,15.6,0.0,67.5,2.9,0.0,92,14.91304347826087,0
44741,Essendon Bombers,Brisbane Lions,2010-08-22,21,11.0,0.3333333333333333,41.66666666666666,2.0,3.0,12.2,0.4,50.8,2.4,3.0,11.5,0.3333333333333333,46.5,2.0,2.5,6,11.5,1
44742,Adelaide Crows,Melbourne Demons,2025-07-06,17,11.0,1.6666666666666667,52.333333333333336,1.6666666666666667,11.666666666666666,12.4,2.6,66.4,2.4,16.8,12.8,2.1,65.5,2.0,13.7,49,13.46938775510204,1
44743,Gold Coast Suns,Carlton Blues,2015-06-28,13,13.666666666666666,0.6666666666666666,57.0,4.333333333333333,4.0,17.2,0.6,62.2,3.4,3.8,15.3,0.5,52.3,2.3,3.2,101,17.257425742574256,0
44744,Richmond Tigers,Geelong Cats,2025-07-05,17,12.333333333333334,0.3333333333333333,54.66666666666666,3.0,2.0,15.4,0.6,63.2,2.6,4.0,14.5,0.7,58.9,1.9,4.4,49,12.755102040816327,0
44745,Sydney Swans,West Coast Eagles,2025-08-23,24,18.0,0.0,76.33333333333333,2.0,0.0,15.2,0.0,63.8,2.0,0.0,12.9,0.0,53.6,2.0,0.0,197,16.0,0
44746,Collingwood Magpies,Hawthorn Hawks,2017-07-02,15,16.666666666666668,0.0,51.66666666666666,2.333333333333333,0.0,17.0,0.0,57.2,2.8,0.0,17.9,0.0,65.9,3.5,0.1,16,16.4375,0
44747,Hawthorn Hawks,St Kilda Saints,2025-07-05,17,9.0,1.0,53.66666666666666,2.0,6.666666666666667,8.8,0.8,50.8,1.8,5.4,8.8,0.8,50.8,1.8,5.4,5,8.8,0
44748,Richmond Tigers,Carlton Blues,2019-03-21,1,15.0,0.0,52.333333333333336,1.3333333333333333,0.0,14.6,0.0,51.8,1.4,0.0,14.5,0.0,54.8,1.9,0.0,151,16.688741721854306,0
44749,Adelaide Crows,Collingwood Magpies,2025-08-16,23,18.0,1.6666666666666667,84.33333333333333,3.0,10.666666666666666,17.4,1.6,82.4,3.0,10.8,18.2,1.6,80.6,3.0,10.6,79,15.481012658227847,1
44750,Collingwood Magpies,Essendon Bombers,2021-08-22,23,7.0,0.0,23.33333333333333,0.6666666666666666,0.0,7.0,0.0,23.33333333333333,0.6666666666666666,0.0,7.0,0.0,23.33333333333333,0.6666666666666666,0.0,3,7.0,0
44751,Port Adelaide Power,Brisbane Lions,2025-07-05,17,15.666666666666666,0.0,68.66666666666667,1.6666666666666667,0.0,15.6,0.0,66.2,1.6,0.0,12.0,0.0,51.0,1.4,0.0,80,8.95,0
44753,Brisbane Lions,Geelong Cats,2025-09-05,QF,17.666666666666668,1.3333333333333333,86.66666666666667,4.0,9.0,17.4,1.8,90.4,5.0,12.0,17.9,1.7,83.6,3.8,11.5,117,14.196581196581196,0
44754,North Melbourne Kangaroos,West Coast Eagles,2016-07-10,16,11.666666666666666,0.0,39.66666666666666,2.333333333333333,0.3333333333333333,12.2,0.0,50.0,3.0,0.4,15.7,0.0,61.8,3.0,0.4,160,18.14375,0
44755,Gold Coast Suns,Essendon Bombers,2025-08-27,24,8.666666666666666,1.0,43.66666666666666,2.0,7.0,9.4,1.2,49.6,1.8,8.6,8.6,1.2,45.7,1.2,8.4,17,7.823529411764706,1
44756,West Coast Eagles,Geelong Cats,2022-08-20,23,22.33333333333333,1.0,105.0,5.666666666666667,6.0,20.0,0.6,97.4,6.2,3.6,21.5,0.4,99.6,5.8,2.4,201,21.81592039800995,0
44757,Port Adelaide Power,Sydney Swans,2015-04-11,2,8.333333333333334,0.0,48.333333333333336,2.0,0.0,8.8,0.0,56.2,3.6,0.0,10.5,0.0,56.3,2.7,0.0,12,10.666666666666666,1
44758,Essendon Bombers,Gold Coast Suns,2025-08-27,24,26.0,0.3333333333333333,104.66666666666669,1.0,2.333333333333333,24.2,0.2,92.2,1.2,1.4,22.5,0.3,84.9,1.5,1.9,104,19.423076923076923,0
44759,Western Bulldogs,Sydney Swans,2018-04-14,4,9.333333333333334,1.3333333333333333,54.333333333333336,0.3333333333333333,9.666666666666666,10.4,1.0,55.6,0.6,7.2,11.0,1.5,63.8,1.1,10.3,35,9.82857142857143,1
44760,Hawthorn Hawks,Gold Coast Suns,2025-05-15,10,8.333333333333334,0.3333333333333333,52.66666666666666,2.333333333333333,2.0,8.2,0.2,49.8,1.8,1.2,8.8,0.1,61.1,2.7,0.7,36,8.027777777777779,0
44761,Collingwood Magpies,Melbourne Demons,2020-08-15,12,7.666666666666667,1.3333333333333333,40.0,0.6666666666666666,8.0,8.8,1.4,43.8,0.8,8.6,10.2,1.4,53.1,0.8,9.1,113,13.867256637168142,0
44762,West Coast Eagles,Richmond Tigers,2020-08-27,14,8.0,0.5,33.5,2.5,3.5,8.0,0.5,33.5,2.5,3.5,8.0,0.5,33.5,2.5,3.5,2,8.0,0
44763,West Coast Eagles,Fremantle Dockers,2025-07-26,20,26.0,1.0,105.66666666666669,6.666666666666667,7.0,24.6,0.6,92.2,5.2,4.6,20.6,0.7,76.5,4.2,5.1,29,19.310344827586206,0
44764,Greater Western Sydney Giants,Port Adelaide Power,2021-08-01,20,7.333333333333333,0.3333333333333333,24.0,1.6666666666666667,2.0,9.2,0.2,35.2,2.6,1.2,8.9,0.1,33.8,2.3,0.8,85,11.611764705882353,1
44765,Sydney Swans,St Kilda Saints,2022-08-21,23,14.333333333333334,1.6666666666666667,81.66666666666667,3.6666666666666665,10.666666666666666,13.2,1.2,72.8,3.0,8.4,12.5,1.1,79.9,4.9,7.7,137,11.496350364963504,0
44766,Essendon Bombers,Richmond Tigers,2025-05-23,11,13.666666666666666,0.0,72.0,3.333333333333333,0.0,11.0,0.0,59.2,2.4,0.0,9.4,0.0,46.7,2.4,0.0,10,9.4,1
44767,Adelaide Crows,St Kilda Saints,2014-08-31,23,17.333333333333332,0.0,70.66666666666667,1.6666666666666667,0.0,19.0,0.0,76.2,2.0,0.0,16.8,0.0,65.0,1.9,0.0,163,17.061349693251532,1
44768,Essendon Bombers,Port Adelaide Power,2012-07-14,16,12.666666666666666,1.3333333333333333,63.333333333333336,1.6666666666666667,9.333333333333334,10.6,1.2,57.2,2.2,8.4,10.9,1.5,58.3,2.2,10.1,50,13.8,0
44769,Port Adelaide Power,Carlton Blues,2013-08-31,23,8.666666666666666,0.3333333333333333,48.0,1.6666666666666667,2.0,6.8,0.2,42.4,2.0,1.2,8.2,0.3,53.3,2.1,2.0,51,8.901960784313726,1
44770,Brisbane Lions,Gold Coast Suns,2025-09-13,SF,11.666666666666666,0.3333333333333333,55.0,2.333333333333333,2.6666666666666665,11.4,0.2,49.4,1.8,1.6,9.4,0.3,40.8,1.4,2.0,19,9.947368421052632,1
44771,Brisbane Lions,Sydney Swans,2011-09-03,24,5.333333333333333,0.0,27.666666666666668,1.0,0.3333333333333333,5.8,0.2,31.2,0.8,1.4,6.333333333333333,0.5,35.0,0.8333333333333334,3.333333333333333,6,6.333333333333333,0
44772,Essendon Bombers,Richmond Tigers,2006-08-26,21,8.333333333333334,0.6666666666666666,37.66666666666666,1.6666666666666667,4.0,8.2,0.6,39.2,1.4,4.0,8.4,0.6,39.9,1.3,4.3,37,7.054054054054054,0
44773,Greater Western Sydney Giants,St Kilda Saints,2025-08-24,24,11.0,1.0,56.0,2.6666666666666665,7.0,12.6,1.0,64.0,2.6,7.0,12.5,1.1,68.8,3.4,7.4,72,10.5,1
44774,St Kilda Saints,North Melbourne Kangaroos,2018-08-26,23,15.0,0.0,59.333333333333336,2.333333333333333,0.3333333333333333,14.8,0.0,58.2,1.8,0.2,15.5,0.0,61.0,1.8333333333333333,0.1666666666666666,6,15.5,1
44776,North Melbourne Kangaroos,Hawthorn Hawks,2011-08-07,20,9.666666666666666,0.0,44.0,2.6666666666666665,0.3333333333333333,9.8,0.0,39.8,2.8,0.2,11.857142857142858,0.0,45.0,2.857142857142857,0.2857142857142857,7,11.857142857142858,0
44777,Collingwood Magpies,Adelaide Crows,2007-08-31,22,11.0,0.0,57.66666666666666,1.3333333333333333,0.0,10.0,0.0,51.0,1.0,0.0,8.5,0.0,45.9,1.0,0.1,29,8.10344827586207,1
44778,Western Bulldogs,Fremantle Dockers,2025-08-24,24,25.666666666666668,1.6666666666666667,102.0,3.6666666666666665,11.0,25.6,1.4,95.2,2.8,9.0,25.1,1.1,94.6,3.3,7.3,112,17.607142857142858,1
44780,Sydney Swans,Hawthorn Hawks,2016-07-14,17,13.666666666666666,0.6666666666666666,59.66666666666666,1.0,4.666666666666667,11.8,0.4,48.6,0.6,2.8,12.5,0.2,47.4,1.0,1.4,192,12.489583333333334,1
44781,Sydney Swans,Richmond Tigers,2016-08-27,23,12.0,1.6666666666666667,70.33333333333333,2.333333333333333,10.666666666666666,12.2,1.8,70.4,2.8,11.4,10.285714285714286,1.2857142857142858,58.0,2.571428571428572,8.142857142857142,7,10.285714285714286,1
44782,Brisbane Lions,Hawthorn Hawks,2023-06-10,13,17.0,0.3333333333333333,62.0,0.0,2.0,20.6,0.4,74.4,0.4,2.4,20.4,0.2,73.7,0.6,1.2,217,20.31336405529954,0
44783,Essendon Bombers,Western Bulldogs,2025-07-25,20,20.33333333333333,0.0,82.0,0.6666666666666666,0.3333333333333333,21.8,0.0,83.6,0.6,0.4,19.8,0.0,78.2,0.9,0.2,80,19.35,1
44784,Hawthorn Hawks,Collingwood Magpies,2006-07-28,17,12.666666666666666,0.0,45.66666666666666,1.0,0.0,14.8,0.0,57.2,1.6,0.0,13.7,0.2,54.7,2.5,1.3,67,15.07462686567164,0
44785,Richmond Tigers,North Melbourne Kangaroos,2023-08-19,23,7.333333333333333,1.6666666666666667,48.66666666666666,1.0,11.0,9.2,1.4,56.2,1.2,9.8,8.8,1.5,55.4,2.3,10.5,346,11.84393063583815,1
44786,St Kilda Saints,Richmond Tigers,2017-08-27,23,12.666666666666666,1.3333333333333333,67.33333333333333,2.0,8.0,13.8,1.6,77.4,2.4,10.0,15.6,1.6,81.3,2.0,10.4,258,16.75581395348837,0
44787,North Melbourne Kangaroos,St Kilda Saints,2008-06-28,14,11.666666666666666,0.0,52.66666666666666,3.0,0.3333333333333333,10.4,0.0,45.6,2.6,0.4,10.166666666666666,0.0,42.5,2.1666666666666665,0.3333333333333333,6,10.166666666666666,1
44788,Melbourne Demons,St Kilda Saints,2015-06-14,11,13.666666666666666,0.0,44.333333333333336,2.333333333333333,0.0,12.8,0.2,49.4,3.0,1.8,11.4,0.4,44.8,2.9,2.9,18,10.11111111111111,0
44789,Hawthorn Hawks,Melbourne Demons,2018-04-15,4,11.0,0.6666666666666666,42.66666666666666,2.333333333333333,4.666666666666667,11.8,0.6,52.8,3.6,4.4,11.7,0.9,59.1,4.3,6.1,141,15.340425531914894,1
44790,Gold Coast Suns,Essendon Bombers,2025-08-27,24,17.333333333333332,0.3333333333333333,67.66666666666667,3.0,2.0,17.6,0.4,67.6,2.2,2.4,19.5,0.2,75.1,3.2,1.2,150,15.786666666666669,1
44791,Richmond Tigers,Geelong Cats,2025-08-23,24,9.0,0.3333333333333333,48.0,4.666666666666667,2.0,9.6,0.2,45.8,3.6,1.4,9.5,0.5,46.2,2.8,3.3,36,7.75,1
44792,Port Adelaide Power,Gold Coast Suns,2025-08-22,24,5.333333333333333,0.6666666666666666,30.0,1.0,4.666666666666667,5.8,1.2,34.2,1.0,7.8,8.3,1.4,43.5,1.7,9.0,78,11.26923076923077,1
44793,Gold Coast Suns,Greater Western Sydney Giants,2019-08-24,23,10.0,0.3333333333333333,43.66666666666666,1.6666666666666667,2.333333333333333,11.0,0.4,50.8,2.8,3.0,11.1,0.3,46.2,2.1,2.1,200,17.565,1
44794,Geelong Cats,Hawthorn Hawks,2015-08-15,20,12.333333333333334,0.0,55.66666666666666,2.6666666666666665,0.0,14.0,0.0,64.0,2.4,0.0,13.6,0.0,62.2,2.0,0.0,152,12.394736842105264,1
44795,Melbourne Demons,Collingwood Magpies,2025-08-22,24,20.0,0.3333333333333333,84.33333333333333,2.0,2.0,22.4,0.2,92.2,2.4,1.4,21.4,0.2,83.6,2.5,1.5,93,18.56989247311828,0
44796,St Kilda Saints,Port Adelaide Power,2008-04-26,6,4.0,0.0,35.0,3.333333333333333,0.0,4.2,0.0,36.4,3.2,0.0,4.9,0.1,34.6,2.3,0.6,24,5.666666666666667,0
44797,Collingwood Magpies,Richmond Tigers,2001-04-20,4,,,,,,,,,,,,,,,,0,,1
44798,Richmond Tigers,West Coast Eagles,2006-09-02,22,6.666666666666667,0.0,23.666666666666668,1.0,0.0,7.2,0.0,24.2,0.8,0.2,7.5,0.1,26.9,0.9,0.7,10,7.5,1
44799,St Kilda Saints,North Melbourne Kangaroos,2020-03-22,1,14.0,0.3333333333333333,62.333333333333336,1.3333333333333333,2.0,14.8,0.2,59.4,1.6,1.2,19.4,0.1,72.9,1.1,0.6,104,17.298076923076923,0
44800,Sydney Swans,Melbourne Demons,2014-04-26,6,8.333333333333334,0.6666666666666666,41.66666666666666,2.0,4.333333333333333,8.0,0.6,38.0,1.4,4.0,9.1,0.9,42.3,1.6,5.9,135,10.170370370370373,0
44801,Brisbane Lions,Sydney Swans,2025-08-09,22,3.333333333333333,0.0,15.333333333333334,1.0,0.0,6.0,0.0,31.2,2.8,0.0,6.9,0.0,33.9,2.7,0.1,31,9.548387096774194,1
44802,Brisbane Lions,Carlton Blues,2019-06-08,12,13.666666666666666,0.0,59.0,2.6666666666666665,0.0,14.2,0.0,55.8,2.2,0.0,16.3,0.1,61.5,1.6,0.6,52,16.134615384615383,0
44803,Western Bulldogs,Port Adelaide Power,2018-07-29,19,9.333333333333334,0.0,35.0,1.6666666666666667,0.0,10.2,0.0,37.6,1.0,0.0,9.9,0.0,39.3,1.3,0.0,35,9.114285714285714,1
44804,Sydney Swans,Greater Western Sydney Giants,2025-07-25,20,16.0,0.0,65.66666666666667,1.6666666666666667,0.3333333333333333,17.6,0.0,74.2,2.0,0.2,20.0,0.1,79.7,1.9,0.7,35,17.142857142857142,0
44805,Richmond Tigers,Sydney Swans,2010-04-10,3,7.0,0.0,38.0,1.0,1.0,7.0,0.0,38.0,1.0,1.0,7.0,0.0,38.0,1.0,1.0,1,7.0,0
44806,Sydney Swans,Hawthorn Hawks,2018-08-25,23,11.666666666666666,0.0,47.333333333333336,1.3333333333333333,0.0,11.8,0.2,46.8,2.0,1.2,11.4,0.2,46.5,2.9,1.2,20,11.1,1
44807,Brisbane Lions,Melbourne Demons,2022-08-19,23,14.0,0.6666666666666666,53.66666666666666,1.6666666666666667,4.333333333333333,16.4,0.8,61.8,1.8,5.0,12.6,0.7,51.0,1.5,4.4,192,19.06770833333333,1
44808,Melbourne Demons,Adelaide Crows,2013-08-24,22,17.666666666666668,0.3333333333333333,73.33333333333333,5.0,2.6666666666666665,17.8,0.2,73.8,5.8,1.8,13.7,0.3,55.5,3.9,2.1,155,14.36774193548387,0
44809,Port Adelaide Power,North Melbourne Kangaroos,2021-03-21,1,30.33333333333333,0.6666666666666666,116.33333333333331,6.0,4.333333333333333,28.6,0.4,105.4,5.6,2.6,23.3,0.4,91.9,6.1,2.7,174,25.95977011494253,0
44810,Sydney Swans,Essendon Bombers,2004-05-01,6,,,,,,,,,,,,,,,,0,,0
44811,Brisbane Lions,Carlton Blues,2009-09-05,EF,10.0,0.3333333333333333,53.66666666666666,2.333333333333333,2.0,10.4,0.2,55.8,2.8,1.2,11.9,0.1,56.5,2.6,0.6,49,12.122448979591836,1
44812,Gold Coast Suns,North Melbourne Kangaroos,2025-04-12,5,8.0,1.0,34.0,0.6666666666666666,6.0,7.6,0.6,33.0,1.2,3.6,7.25,0.375,32.625,2.0,2.25,8,7.25,0
44813,Geelong Cats,St Kilda Saints,2024-08-17,23,7.666666666666667,0.0,32.333333333333336,1.3333333333333333,0.0,9.4,0.8,44.4,0.8,5.0,8.0,0.5,39.1,1.6,3.3,145,9.703448275862067,0
44814,Sydney Swans,North Melbourne Kangaroos,2022-08-07,21,11.333333333333334,0.6666666666666666,47.66666666666666,1.6666666666666667,5.0,8.4,0.6,34.8,1.0,4.2,8.6,0.3,39.0,2.0,2.1,34,10.588235294117649,0
44815,Geelong Cats,Carlton Blues,2010-04-26,5,9.0,0.6666666666666666,48.66666666666666,1.3333333333333333,4.333333333333333,9.6,1.0,54.2,2.2,6.4,9.8,0.7,55.2,3.3,4.6,105,11.561904761904762,0
44816,Melbourne Demons,Sydney Swans,2023-08-27,24,8.333333333333334,1.6666666666666667,56.0,2.333333333333333,11.333333333333334,8.4,2.0,56.6,1.8,13.0,9.1,1.4,53.1,1.8,9.0,14,9.0,0
44817,Gold Coast Suns,St Kilda Saints,2025-05-25,11,5.666666666666667,1.0,22.0,0.6666666666666666,6.333333333333333,6.2,1.2,30.8,1.4,7.4,8.3,1.8,44.3,1.6,11.4,36,8.972222222222221,0
44818,Gold Coast Suns,Adelaide Crows,2018-04-28,6,23.666666666666668,0.0,82.0,2.0,0.0,23.6,0.0,79.4,2.0,0.0,22.6,0.1,79.6,2.9,0.7,159,21.270440251572328,0
44819,Sydney Swans,Greater Western Sydney Giants,2019-08-03,20,15.666666666666666,0.3333333333333333,67.0,2.6666666666666665,2.6666666666666665,13.8,0.4,58.2,2.8,2.8,13.3,0.4,65.8,4.3,3.1,11,12.636363636363637,0
44820,Hawthorn Hawks,Adelaide Crows,2014-07-11,17,8.333333333333334,0.3333333333333333,34.333333333333336,1.0,2.0,10.2,0.2,40.2,1.2,1.2,12.4,0.3,50.5,2.0,2.0,13,12.307692307692308,0
44821,Richmond Tigers,Geelong Cats,2025-08-23,24,24.33333333333333,0.0,81.33333333333333,3.0,0.3333333333333333,23.8,0.0,86.4,5.2,0.2,20.0,0.1,75.8,4.5,0.8,71,17.056338028169016,1
44822,Essendon Bombers,Sydney Swans,2011-08-06,20,19.0,0.0,55.0,1.0,0.0,19.0,0.0,55.0,1.0,0.0,19.0,0.0,55.0,1.0,0.0,1,19.0,1
44823,St Kilda Saints,Brisbane Lions,2024-06-14,14,10.0,0.3333333333333333,42.66666666666666,1.6666666666666667,2.333333333333333,14.4,0.2,65.0,4.2,1.4,17.3,0.2,74.4,4.6,1.4,167,23.077844311377245,0
44824,West Coast Eagles,Fremantle Dockers,2024-07-27,20,7.333333333333333,0.0,33.666666666666664,1.3333333333333333,0.0,6.6,0.0,30.6,0.8,0.0,8.1,0.0,38.0,0.7,0.0,71,11.732394366197184,0
44825,Hawthorn Hawks,Gold Coast Suns,2019-08-18,22,12.333333333333334,1.3333333333333333,58.66666666666666,2.0,9.333333333333334,12.4,1.6,63.8,2.0,10.8,14.1,1.2,69.0,2.2,8.6,207,14.560386473429952,1
44826,Collingwood Magpies,Brisbane Lions,2022-04-14,5,12.0,0.0,55.0,1.0,0.0,13.0,0.0,55.0,1.4,0.0,13.2,0.0,60.5,1.8,0.0,168,11.25595238095238,0
44827,Collingwood Magpies,Hawthorn Hawks,2012-03-30,1,11.0,0.3333333333333333,43.333333333333336,2.6666666666666665,2.0,9.6,0.2,37.2,2.2,1.2,9.6,0.2,37.2,2.2,1.2,5,9.6,0
44828,Sydney Swans,West Coast Eagles,2025-08-23,24,14.333333333333334,0.6666666666666666,71.33333333333333,4.0,4.666666666666667,15.0,0.6,78.8,6.8,4.6,14.9,0.4,78.0,7.5,3.2,102,16.735294117647058,0
44829,Gold Coast Suns,Essendon Bombers,2025-08-27,24,24.33333333333333,0.3333333333333333,80.66666666666667,5.333333333333333,2.333333333333333,28.0,0.2,101.0,7.4,1.4,26.9,0.4,106.7,9.7,2.7,82,21.15853658536585,1
44830,Adelaide Crows,Port Adelaide Power,2022-08-20,23,7.333333333333333,0.6666666666666666,30.0,1.0,4.333333333333333,9.4,0.8,40.8,1.6,5.2,12.8,0.6,53.2,1.9,4.3,28,12.892857142857142,0
44831,Collingwood Magpies,Carlton Blues,2006-08-27,21,12.333333333333334,0.3333333333333333,48.66666666666666,0.6666666666666666,3.0,12.4,0.2,49.0,1.0,1.8,12.0,0.4,54.8,1.7,3.0,19,11.0,1
44832,St Kilda Saints,Sydney Swans,2019-08-24,23,10.666666666666666,0.0,40.0,1.3333333333333333,0.0,9.2,0.0,37.4,1.8,0.0,10.1,0.1,41.8,1.7,0.6,80,10.0875,0
44833,Greater Western Sydney Giants,St Kilda Saints,2025-08-24,24,6.0,0.0,22.666666666666668,0.6666666666666666,0.0,10.0,0.0,36.2,0.8,0.4,9.8,0.1,39.7,1.9,0.9,13,9.692307692307692,1
44834,Port Adelaide Power,Gold Coast Suns,2025-08-22,24,18.666666666666668,0.6666666666666666,73.0,3.0,4.0,23.4,0.4,90.0,2.6,2.4,25.7,0.5,99.0,3.2,3.5,110,20.854545454545452,1
44835,Fremantle Dockers,Hawthorn Hawks,2010-08-21,21,6.0,0.6666666666666666,36.0,1.6666666666666667,4.666666666666667,6.0,0.6666666666666666,36.0,1.6666666666666667,4.666666666666667,6.0,0.6666666666666666,36.0,1.6666666666666667,4.666666666666667,3,6.0,0
44836,Geelong Cats,Hawthorn Hawks,2017-04-17,4,17.0,0.0,58.0,2.333333333333333,0.0,17.6,0.0,59.4,1.6,0.0,17.0,0.0,63.6,2.3,0.0,15,16.733333333333334,0
44837,Collingwood Magpies,Essendon Bombers,2023-04-25,6,11.0,0.0,47.333333333333336,1.6666666666666667,0.3333333333333333,8.6,0.0,35.8,1.2,0.2,13.0,0.0,50.6,1.6,0.1,17,9.529411764705882,1
44838,Collingwood Magpies,Fremantle Dockers,2008-03-22,1,10.0,1.6666666666666667,69.0,3.333333333333333,11.666666666666666,8.4,1.4,57.4,2.4,9.8,6.3,1.0,42.0,1.8,6.9,12,6.166666666666667,1
44839,Collingwood Magpies,North Melbourne Kangaroos,2013-09-01,23,16.666666666666668,0.0,70.0,3.333333333333333,0.3333333333333333,15.2,0.0,63.6,3.2,0.2,14.2,0.0,61.6,3.1,0.1,99,14.0,1
44840,Gold Coast Suns,West Coast Eagles,2016-05-29,10,7.666666666666667,0.0,36.0,3.0,0.0,9.4,0.4,44.0,3.0,2.4,12.0,0.5,53.1,2.5,3.6,59,13.559322033898304,0
44841,Adelaide Crows,St Kilda Saints,2014-08-31,23,7.0,0.0,34.0,1.6666666666666667,0.0,8.0,0.0,34.6,1.6,0.0,10.0,0.0,39.4,1.7,0.0,179,13.1731843575419,1
44842,Hawthorn Hawks,Collingwood Magpies,2023-08-05,21,8.0,1.0,55.0,2.0,7.0,8.0,1.0,55.0,2.0,7.0,8.0,1.0,55.0,2.0,7.0,1,8.0,1
44843,Collingwood Magpies,Brisbane Lions,2023-08-18,23,,,,,,,,,,,,,,,,0,,1
44844,West Coast Eagles,Sydney Swans,2025-08-23,24,10.0,1.3333333333333333,59.0,2.333333333333333,8.666666666666666,10.0,1.4,55.8,1.8,9.6,10.6,1.1,53.9,1.9,7.6,96,11.479166666666666,1
44845,Fremantle Dockers,Western Bulldogs,2025-08-24,24,17.333333333333332,0.0,65.0,1.6666666666666667,0.0,18.4,0.0,66.2,1.2,0.0,20.4,0.0,79.2,2.3,0.0,141,20.617021276595743,0
44846,Richmond Tigers,Essendon Bombers,2025-05-23,11,7.666666666666667,0.0,39.333333333333336,1.6666666666666667,0.6666666666666666,7.4,0.2,36.4,1.0,1.6,6.1,0.3,32.6,0.7,2.0,18,5.833333333333333,0
44847,St Kilda Saints,Western Bulldogs,2022-07-15,18,7.333333333333333,1.0,65.66666666666667,3.0,6.666666666666667,7.6,0.8,62.2,2.6,5.4,7.5,0.9,61.3,2.6,5.8,222,10.923423423423424,0
44848,Brisbane Lions,Fremantle Dockers,2005-06-04,11,,,,,,,,,,,,,,,,0,,0
44849,St Kilda Saints,Carlton Blues,2015-04-25,4,6.666666666666667,1.6666666666666667,44.333333333333336,2.6666666666666665,10.333333333333334,7.2,1.6,42.2,2.4,9.8,7.3,1.3,42.8,2.8,8.3,25,8.64,1
44850,Carlton Blues,Essendon Bombers,2025-08-21,24,15.666666666666666,0.0,57.333333333333336,3.0,0.0,16.4,0.0,60.8,3.0,0.0,16.5,0.1,62.0,2.9,0.6,215,18.37209302325581,0
44851,Melbourne Demons,Collingwood Magpies,2025-08-22,24,28.0,0.0,103.66666666666669,3.0,0.0,26.2,0.0,100.2,2.4,0.0,23.2,0.0,92.3,2.4,0.0,156,20.28205128205128,0
44852,Port Adelaide Power,Melbourne Demons,2011-09-04,24,18.0,0.3333333333333333,68.66666666666667,3.333333333333333,2.0,17.6,0.2,69.4,2.6,1.2,19.2,0.2,73.1,1.8,1.4,91,18.417582417582416,1
44853,Port Adelaide Power,Hawthorn Hawks,2011-08-13,21,16.666666666666668,0.0,61.0,3.0,0.0,14.6,0.0,54.6,2.4,0.2,14.4,0.0,53.3,1.6,0.1,19,12.105263157894736,0
44854,West Coast Eagles,Fremantle Dockers,2006-08-27,21,7.333333333333333,1.0,38.66666666666666,3.0,7.0,8.8,1.0,44.8,3.6,7.0,8.3,1.1,43.4,2.7,7.9,58,9.275862068965518,1
44855,Western Bulldogs,West Coast Eagles,2025-08-17,23,13.333333333333334,0.3333333333333333,53.66666666666666,3.0,2.0,15.2,0.4,54.4,2.2,2.6,17.4,0.4,63.1,2.8,2.6,28,17.214285714285715,1
44856,Fremantle Dockers,Essendon Bombers,2019-08-17,22,11.666666666666666,0.0,81.0,3.6666666666666665,0.0,11.4,0.0,68.6,2.4,0.0,11.5,0.2,71.6,1.7,1.3,200,12.615,1
44857,North Melbourne Kangaroos,Greater Western Sydney Giants,2016-08-27,23,26.0,0.0,84.66666666666667,1.6666666666666667,0.0,27.0,0.0,85.6,2.6,0.2,25.6,0.1,88.7,4.1,0.7,246,22.72357723577236,1
44858,North Melbourne Kangaroos,Sydney Swans,2008-04-27,6,16.666666666666668,2.6666666666666665,80.66666666666667,3.333333333333333,16.333333333333332,14.4,2.2,70.8,3.0,13.4,15.2,1.2,64.6,2.3,7.6,29,11.655172413793103,1
44859,Hawthorn Hawks,Western Bulldogs,2022-08-21,23,,,,,,,,,,,,,,,,0,,1
44860,St Kilda Saints,Geelong Cats,2015-08-22,21,8.666666666666666,0.0,33.0,3.0,0.3333333333333333,10.0,0.6,39.4,2.8,4.0,12.6,0.5,53.6,4.4,3.5,20,11.2,1
44861,Western Bulldogs,Adelaide Crows,2002-07-21,16,2.6666666666666665,1.0,20.0,0.3333333333333333,6.0,3.8,1.4,29.4,0.6,8.8,4.0,1.3333333333333333,30.666666666666668,0.6666666666666666,8.333333333333334,6,4.0,0
44862,St Kilda Saints,Sydney Swans,2019-08-24,23,18.0,0.0,76.0,2.333333333333333,0.0,17.6,0.0,74.8,2.4,0.2,18.3,0.0,76.4,2.7,0.1,131,18.06106870229008,0
44863,Melbourne Demons,Sydney Swans,2024-03-07,0,3.333333333333333,0.3333333333333333,16.666666666666668,0.6666666666666666,2.333333333333333,6.0,0.4,33.6,1.4,3.0,7.2,0.6,41.2,1.6,4.2,75,9.56,0
44864,Collingwood Magpies,Geelong Cats,2017-04-30,6,13.666666666666666,0.3333333333333333,61.0,2.333333333333333,2.0,13.2,0.2,54.4,1.6,1.2,12.0,0.1,46.0,1.4,0.6,18,11.333333333333334,0
44865,Collingwood Magpies,Hawthorn Hawks,2020-07-10,6,10.666666666666666,0.0,38.0,1.0,0.0,13.0,0.0,48.0,1.2,0.0,14.2,0.0,52.5,1.2,0.0,36,17.88888888888889,1
44866,Fremantle Dockers,Western Bulldogs,2011-09-03,24,12.0,0.3333333333333333,47.66666666666666,2.333333333333333,2.0,13.2,0.2,50.2,2.2,1.4,16.7,0.2,62.3,2.5,1.4,104,17.192307692307693,0
44867,Gold Coast Suns,Adelaide Crows,2019-07-13,17,9.666666666666666,0.6666666666666666,45.66666666666666,1.6666666666666667,4.333333333333333,9.2,0.4,49.6,3.4,2.8,8.714285714285714,0.2857142857142857,46.42857142857143,3.2857142857142856,2.142857142857143,7,8.714285714285714,1
44868,Adelaide Crows,Geelong Cats,2011-06-26,14,10.666666666666666,0.6666666666666666,43.333333333333336,2.0,4.0,14.6,0.4,55.2,2.0,2.4,14.7,0.2,57.8,2.3,1.2,11,13.909090909090908,0
44869,Sydney Swans,St Kilda Saints,2007-08-11,19,9.666666666666666,0.6666666666666666,45.66666666666666,3.0,4.333333333333333,11.0,1.0,48.6,2.6,6.6,12.0,0.8,54.8,2.6,5.2,13,11.076923076923077,1
44870,St Kilda Saints,Sydney Swans,2015-08-30,22,14.333333333333334,0.0,62.66666666666666,6.0,1.0,15.6,0.2,70.8,5.4,2.4,18.7,0.2,80.9,4.8,2.3,164,14.50609756097561,1
44871,Adelaide Crows,Collingwood Magpies,2025-08-16,23,13.333333333333334,0.6666666666666666,44.333333333333336,0.6666666666666666,4.333333333333333,15.2,0.8,53.6,1.4,5.0,14.2,0.4,52.5,2.4,2.8,50,15.72,1
44872,Gold Coast Suns,Geelong Cats,2018-08-25,23,12.666666666666666,0.3333333333333333,50.333333333333336,2.0,3.333333333333333,13.8,0.2,58.2,2.8,2.4,12.8,0.3,54.4,2.5,2.5,12,13.25,0
44873,Hawthorn Hawks,Sydney Swans,2018-08-25,23,8.666666666666666,0.3333333333333333,41.66666666666666,3.0,3.0,10.6,1.0,56.4,2.8,7.2,9.6,0.9,49.9,1.9,6.3,92,12.173913043478262,0
44874,Western Bulldogs,Fremantle Dockers,2011-09-03,24,14.0,0.0,52.66666666666666,1.0,0.0,12.4,0.0,45.6,0.8,0.0,12.0,0.0,42.833333333333336,1.0,0.0,6,12.0,1
44875,West Coast Eagles,North Melbourne Kangaroos,2020-09-17,18,4.666666666666667,0.0,15.666666666666666,1.6666666666666667,0.0,6.6,0.0,22.2,1.4,0.0,7.8,0.0,31.7,1.6,0.0,150,10.893333333333333,0
44876,Geelong Cats,Gold Coast Suns,2013-06-01,10,10.0,1.0,49.0,3.333333333333333,7.333333333333333,10.25,0.75,44.5,3.0,5.5,10.25,0.75,44.5,3.0,5.5,4,10.25,1
44877,Adelaide Crows,West Coast Eagles,2004-06-12,12,6.666666666666667,1.0,38.0,1.6666666666666667,6.333333333333333,8.0,0.6,39.4,1.8,3.8,7.5,0.6666666666666666,39.66666666666666,2.0,4.166666666666667,6,7.5,0
44878,Collingwood Magpies,Brisbane Lions,2025-09-20,PF,17.0,0.6666666666666666,80.33333333333333,3.6666666666666665,5.666666666666667,16.0,0.8,82.8,4.6,5.8,14.8,1.0,81.8,5.7,6.8,98,12.83673469387755,1
44879,Port Adelaide Power,Gold Coast Suns,2016-08-27,23,7.333333333333333,1.3333333333333333,42.66666666666666,2.0,9.0,7.2,1.2,40.4,2.2,7.8,8.7,1.8,51.7,1.9,11.5,157,10.45859872611465,0
44880,Greater Western Sydney Giants,Richmond Tigers,2012-06-16,12,,,,,,,,,,,,,,,,0,,1
44881,Carlton Blues,West Coast Eagles,2019-08-04,20,,,,,,,,,,,,,,,,0,,1
44882,North Melbourne Kangaroos,Collingwood Magpies,2006-09-03,22,11.666666666666666,0.0,45.333333333333336,1.3333333333333333,0.0,11.2,0.0,45.6,1.4,0.2,12.22222222222222,0.2222222222222222,51.333333333333336,1.3333333333333333,1.5555555555555556,9,12.22222222222222,0
44883,Western Bulldogs,Fremantle Dockers,2024-06-15,14,6.666666666666667,0.3333333333333333,27.0,1.0,2.0,8.8,0.2,38.2,2.4,1.6,8.9,0.3,40.0,2.2,2.0,44,9.977272727272728,1
44884,North Melbourne Kangaroos,Adelaide Crows,2025-08-23,24,9.333333333333334,0.0,36.333333333333336,1.0,0.3333333333333333,10.2,0.0,42.4,1.6,0.2,12.2,0.2,50.9,1.8,1.4,86,17.41860465116279,1
44885,Hawthorn Hawks,Adelaide Crows,2025-09-12,SF,14.666666666666666,0.0,57.0,2.0,0.0,15.4,0.0,61.0,2.6,0.0,13.4,0.0,53.2,2.3,0.0,91,17.13186813186813,0
44886,Hawthorn Hawks,St Kilda Saints,2020-09-06,16,16.333333333333332,0.6666666666666666,55.0,1.6666666666666667,4.0,13.8,0.4,45.6,1.2,2.4,13.3,0.3,45.4,1.3,1.8,145,19.96551724137931,0
44887,Sydney Swans,Adelaide Crows,2012-05-05,6,12.0,0.0,68.66666666666667,3.333333333333333,0.0,10.4,0.0,68.2,3.2,0.0,10.1,0.1,62.4,2.6,0.8,90,9.644444444444444,1
44888,Adelaide Crows,Melbourne Demons,2021-08-15,22,24.666666666666668,0.0,91.66666666666669,1.6666666666666667,0.3333333333333333,23.8,0.8,88.0,1.4,5.4,25.7,0.7,96.6,2.4,4.8,103,18.718446601941743,0
44889,Melbourne Demons,Western Bulldogs,2013-09-01,23,10.333333333333334,0.0,43.66666666666666,2.0,0.0,9.4,0.2,43.8,2.0,1.2,9.8,0.8,49.8,2.2,4.9,43,9.232558139534884,0
44891,West Coast Eagles,Adelaide Crows,2013-08-31,23,10.666666666666666,0.0,46.0,1.6666666666666667,0.0,10.4,0.0,41.0,1.0,0.0,10.1,0.1,40.6,1.6,0.6,147,18.571428571428573,1
44892,Geelong Cats,West Coast Eagles,2022-08-20,23,15.666666666666666,0.0,60.66666666666666,3.6666666666666665,0.3333333333333333,19.0,0.0,75.0,3.6,0.4,20.5,0.1,77.6,4.3,0.8,254,25.011811023622048,1
44893,Geelong Cats,Fremantle Dockers,2019-08-03,20,20.666666666666668,0.6666666666666666,78.33333333333333,2.333333333333333,4.333333333333333,19.2,0.4,75.6,4.0,2.6,17.0,0.4,72.6,4.8,2.5,133,19.22556390977444,0
44894,Brisbane Lions,Essendon Bombers,2010-08-22,21,12.0,0.0,56.0,4.0,0.3333333333333333,11.8,0.0,55.4,4.0,0.2,11.7,0.3,51.9,2.5,1.9,60,13.633333333333333,0
44895,Fremantle Dockers,Western Bulldogs,2025-08-24,24,24.33333333333333,0.3333333333333333,80.66666666666667,4.333333333333333,2.333333333333333,26.0,0.4,87.2,4.2,2.8,25.9,0.6,93.0,4.6,3.8,93,25.93548387096774,0
44896,Hawthorn Hawks,Port Adelaide Power,2024-05-19,10,7.0,0.0,31.33333333333333,1.0,0.0,6.8,0.2,32.6,1.6,1.2,6.8,0.2,32.6,1.6,1.2,5,6.8,0
44897,Essendon Bombers,Richmond Tigers,2025-07-12,18,23.33333333333333,0.0,98.0,7.666666666666667,0.0,21.2,0.0,94.0,7.6,0.0,22.0,0.0,95.2,7.3,0.2,65,17.26153846153846,0
44898,Hawthorn Hawks,Collingwood Magpies,2014-08-29,23,13.666666666666666,0.3333333333333333,49.0,2.0,2.0,19.2,0.6,72.0,2.4,3.6,19.2,0.4,75.3,3.9,2.6,155,20.8,0
44899,Gold Coast Suns,Port Adelaide Power,2025-08-22,24,3.0,0.0,14.666666666666666,0.0,0.3333333333333333,6.2,0.0,27.4,0.6,0.4,9.9,0.1,41.3,1.6,1.0,155,12.406451612903226,0
44900,Collingwood Magpies,Richmond Tigers,2004-07-31,18,,,,,,,,,,,,,,,,0,,1
44901,St Kilda Saints,Greater Western Sydney Giants,2025-08-24,24,13.0,2.0,73.0,1.3333333333333333,13.0,11.6,2.0,63.8,1.2,13.0,11.0,1.5,56.9,1.4,9.8,55,9.454545454545457,0
44902,Melbourne Demons,Collingwood Magpies,2025-08-22,24,6.666666666666667,0.0,30.666666666666668,1.3333333333333333,1.0,6.0,0.0,26.6,1.4,0.8,6.9,0.4,32.4,1.5,3.2,33,7.787878787878788,0
44903,Fremantle Dockers,Essendon Bombers,2025-06-19,15,9.666666666666666,0.0,36.66666666666666,2.333333333333333,0.0,10.6,0.0,39.6,1.4,0.0,14.3,0.1,50.3,1.3,0.8,45,15.644444444444444,1
44904,Carlton Blues,Hawthorn Hawks,2018-07-22,18,14.0,0.3333333333333333,51.333333333333336,1.0,2.333333333333333,14.2,0.2,53.6,1.2,1.4,17.6,0.1,64.1,1.2,0.7,88,15.340909090909092,1
44905,Greater Western Sydney Giants,St Kilda Saints,2020-09-18,18,9.666666666666666,0.3333333333333333,47.0,3.333333333333333,2.0,10.4,0.2,51.0,3.2,1.2,12.4,0.3,57.0,2.4,1.8,238,20.563025210084035,0
44906,Adelaide Crows,Brisbane Lions,2015-08-22,21,11.0,0.0,45.66666666666666,2.0,0.0,12.4,0.0,50.8,2.0,0.0,12.9,0.0,53.3,2.2,0.0,19,12.68421052631579,1
44908,Carlton Blues,Melbourne Demons,2017-07-09,16,10.666666666666666,0.0,36.333333333333336,1.3333333333333333,0.3333333333333333,12.0,0.0,43.0,1.4,0.2,12.0,0.0,43.0,1.4,0.2,5,12.0,1
44909,West Coast Eagles,North Melbourne Kangaroos,2024-06-08,13,14.333333333333334,0.0,57.0,4.0,0.0,17.8,0.2,68.6,3.2,1.2,21.3,0.2,78.2,3.0,1.4,129,21.92248062015504,1
44910,North Melbourne Kangaroos,Adelaide Crows,2025-08-23,24,39.333333333333336,1.0,137.0,4.0,6.666666666666667,34.4,0.8,124.8,4.4,5.6,30.5,0.7,114.2,4.5,4.8,50,29.14,1
44911,Brisbane Lions,Geelong Cats,2012-04-28,5,9.666666666666666,0.3333333333333333,38.333333333333336,2.6666666666666665,2.333333333333333,9.0,0.6,50.4,4.4,3.8,10.7,0.9,57.3,4.0,5.7,34,10.735294117647058,1
44912,Sydney Swans,Geelong Cats,2025-08-17,23,20.666666666666668,0.3333333333333333,80.33333333333333,2.6666666666666665,2.6666666666666665,19.8,0.4,74.2,3.4,2.8,18.9,0.2,73.5,4.5,1.7,23,16.17391304347826,1
44913,St Kilda Saints,Geelong Cats,2015-08-22,21,11.666666666666666,0.6666666666666666,50.333333333333336,1.6666666666666667,4.0,14.0,0.4,58.2,2.2,2.4,13.1,0.4,52.5,1.7,2.7,15,13.8,1
44914,West Coast Eagles,Fremantle Dockers,2021-08-15,22,16.666666666666668,0.0,62.0,1.6666666666666667,0.0,18.4,0.0,70.8,1.6,0.0,16.4,0.0,65.3,1.4,0.0,160,15.88125,0
44915,Greater Western Sydney Giants,Hawthorn Hawks,2020-07-05,5,11.333333333333334,0.3333333333333333,44.66666666666666,2.0,2.333333333333333,13.6,0.4,56.4,2.2,2.8,15.0,0.5,63.5,3.0,3.3,82,15.524390243902438,1
44916,Geelong Cats,Sydney Swans,2014-05-29,11,12.666666666666666,0.0,55.333333333333336,3.6666666666666665,0.6666666666666666,11.2,0.0,49.4,3.0,0.4,12.571428571428571,0.0,54.85714285714285,3.571428571428572,0.4285714285714285,7,12.571428571428571,0
44917,Western Bulldogs,Richmond Tigers,2012-08-12,20,11.0,0.0,42.0,1.3333333333333333,1.0,16.2,0.2,64.8,2.4,2.6,16.5,0.7,67.5,3.2,5.1,111,16.64864864864865,0
44918,North Melbourne Kangaroos,Hawthorn Hawks,2024-08-24,24,11.333333333333334,0.0,48.66666666666666,2.333333333333333,0.0,11.8,0.2,49.2,2.2,1.4,13.4,0.1,52.5,2.6,0.8,217,19.1889400921659,0
44919,Essendon Bombers,Gold Coast Suns,2025-08-27,24,18.33333333333333,0.0,66.66666666666667,2.6666666666666665,0.0,18.6,0.2,64.4,2.0,1.2,21.0,0.1,70.4,1.9,0.6,175,24.18285714285714,0
44920,Greater Western Sydney Giants,Geelong Cats,2021-08-06,21,4.0,0.0,17.0,0.6666666666666666,0.0,4.75,0.0,22.0,1.25,0.25,4.75,0.0,22.0,1.25,0.25,4,4.75,0
44921,Adelaide Crows,Geelong Cats,2025-04-10,5,14.666666666666666,0.0,51.66666666666666,1.3333333333333333,0.0,15.8,0.0,56.4,1.8,0.2,20.1,0.3,77.0,2.3,2.1,61,17.278688524590162,1
44922,Adelaide Crows,Port Adelaide Power,2002-08-18,20,8.333333333333334,0.0,32.666666666666664,1.0,0.0,9.0,0.0,35.4,1.0,0.0,9.25,0.0,34.0,1.0,0.0,8,9.25,0
44923,Richmond Tigers,Geelong Cats,2025-08-23,24,18.666666666666668,0.0,74.0,0.6666666666666666,0.0,19.0,0.2,75.6,0.8,1.2,22.1,0.2,87.8,1.1,1.2,141,20.52482269503546,1
44924,West Coast Eagles,Adelaide Crows,2023-08-26,24,18.666666666666668,0.0,61.333333333333336,4.666666666666667,0.0,20.0,0.0,71.4,5.4,0.0,19.8,0.1,75.4,5.5,0.8,189,23.16931216931217,1
44925,Fremantle Dockers,Western Bulldogs,2011-09-03,24,,,,,,,,,,,,,,,,0,,0
44926,Hawthorn Hawks,Adelaide Crows,2025-09-12,SF,22.33333333333333,0.0,85.66666666666667,2.333333333333333,0.3333333333333333,22.0,0.0,89.8,2.2,0.2,18.9,0.0,75.6,1.8,0.1,136,20.33823529411765,0
44927,Collingwood Magpies,Adelaide Crows,2025-09-04,QF,18.33333333333333,0.3333333333333333,70.66666666666667,1.3333333333333333,2.6666666666666665,20.0,0.6,79.4,2.8,4.0,19.3,0.6,80.9,3.9,4.0,261,23.203065134099617,0
44928,Fremantle Dockers,Hawthorn Hawks,2005-05-22,9,15.0,0.6666666666666666,60.0,2.333333333333333,4.0,15.4,0.6,62.4,2.6,3.6,12.5,0.4,49.6,1.7,2.4,35,12.114285714285714,1
44929,North Melbourne Kangaroos,Collingwood Magpies,2013-09-01,23,7.333333333333333,0.0,29.33333333333333,1.3333333333333333,0.0,8.0,0.0,30.6,1.8,0.0,8.0,0.0,30.6,1.8,0.0,5,8.0,0
44930,Collingwood Magpies,Adelaide Crows,2021-06-05,12,12.333333333333334,0.0,50.333333333333336,2.0,0.0,14.6,0.2,54.6,2.2,1.2,14.6,0.3,52.7,3.1,1.9,22,15.5,0
44931,Carlton Blues,Western Bulldogs,2017-07-16,17,13.0,0.0,66.66666666666667,4.333333333333333,0.0,14.0,0.0,63.2,2.8,0.0,12.7,0.0,55.9,2.3,0.0,40,11.625,1
44932,Carlton Blues,Port Adelaide Power,2025-06-26,16,14.666666666666666,0.0,58.333333333333336,1.0,0.0,12.8,0.0,52.8,0.8,0.0,12.5,0.3,59.3,2.2,2.2,105,12.2,0
44933,Richmond Tigers,Essendon Bombers,2009-07-26,17,13.666666666666666,0.0,51.66666666666666,1.3333333333333333,0.0,13.666666666666666,0.0,51.66666666666666,1.3333333333333333,0.0,13.666666666666666,0.0,51.66666666666666,1.3333333333333333,0.0,3,13.666666666666666,0
44934,Essendon Bombers,Gold Coast Suns,2016-08-14,21,23.0,0.3333333333333333,76.66666666666667,3.0,2.0,19.2,0.4,70.6,2.6,2.4,17.6,0.5,67.1,2.7,3.2,29,16.586206896551722,1
44935,North Melbourne Kangaroos,Richmond Tigers,2025-08-17,23,20.33333333333333,0.0,71.66666666666667,2.6666666666666665,0.6666666666666666,19.0,0.0,65.6,2.6,0.6,19.6,0.5,72.6,3.3,3.6,135,20.94814814814815,1
44936,St Kilda Saints,Richmond Tigers,2014-06-28,15,10.666666666666666,0.3333333333333333,41.0,1.3333333333333333,2.0,10.2,0.2,38.2,1.8,1.2,10.1,0.1,38.5,1.4,0.6,26,10.884615384615383,1
44937,Fremantle Dockers,Port Adelaide Power,2025-05-24,11,9.5,0.5,41.5,1.5,3.0,9.5,0.5,41.5,1.5,3.0,9.5,0.5,41.5,1.5,3.0,2,9.5,1
44938,Greater Western Sydney Giants,Western Bulldogs,2019-08-18,22,6.666666666666667,0.3333333333333333,63.66666666666666,3.6666666666666665,2.0,8.6,0.2,70.4,3.2,1.2,8.8,0.1,68.9,3.2,0.6,44,7.727272727272727,1
44939,Fremantle Dockers,Melbourne Demons,2001-08-26,21,7.0,1.0,29.0,0.0,6.0,7.0,1.0,29.0,0.0,6.0,7.0,1.0,29.0,0.0,6.0,1,7.0,0
44940,Fremantle Dockers,Essendon Bombers,2014-04-13,4,14.0,1.0,55.0,1.0,6.0,14.0,1.0,55.0,1.0,6.0,14.0,1.0,55.0,1.0,6.0,1,14.0,1
44941,Carlton Blues,Brisbane Lions,2020-09-19,18,16.666666666666668,0.0,63.0,1.3333333333333333,0.0,16.6,0.0,64.8,1.6,0.0,14.9,0.0,56.3,1.1,0.0,341,21.164222873900293,0
44942,Geelong Cats,Western Bulldogs,2023-06-03,12,9.0,0.6666666666666666,37.0,2.0,4.333333333333333,11.8,0.6,46.2,2.2,4.0,12.5,0.5,49.6,2.4,3.4,15,12.066666666666666,0
44943,Collingwood Magpies,North Melbourne Kangaroos,2016-07-22,18,21.0,0.3333333333333333,72.33333333333333,2.333333333333333,2.0,18.2,0.2,68.0,2.8,1.2,17.3,0.2,63.7,2.6,1.2,54,13.148148148148149,1
44944,Sydney Swans,Carlton Blues,2021-05-30,11,12.333333333333334,0.0,68.0,1.3333333333333333,0.0,10.6,0.2,70.6,2.2,1.2,10.6,0.2,68.7,2.3,1.3,86,11.767441860465116,1
44945,St Kilda Saints,Greater Western Sydney Giants,2025-08-24,24,29.33333333333333,0.3333333333333333,117.33333333333331,4.666666666666667,2.0,28.6,0.4,112.6,4.0,2.6,26.2,0.3,102.9,3.6,2.0,164,22.03048780487805,0
44946,Port Adelaide Power,Carlton Blues,2025-08-16,23,13.0,0.0,43.66666666666666,1.0,0.0,11.4,0.0,41.4,1.6,0.0,12.1,0.0,48.6,1.7,0.0,23,11.391304347826088,0
44947,St Kilda Saints,Collingwood Magpies,2014-05-30,11,8.333333333333334,0.0,27.33333333333333,0.6666666666666666,0.6666666666666666,9.2,0.4,38.6,0.8,3.4,12.6,0.6,53.9,0.7,4.4,17,12.470588235294118,1
44948,Port Adelaide Power,Adelaide Crows,2022-04-01,3,8.5,0.0,35.5,0.5,0.5,8.5,0.0,35.5,0.5,0.5,8.5,0.0,35.5,0.5,0.5,2,8.5,0
44949,Western Bulldogs,Brisbane Lions,2012-09-02,23,12.333333333333334,1.0,51.0,0.3333333333333333,7.0,11.25,0.75,45.0,0.75,5.25,11.25,0.75,45.0,0.75,5.25,4,11.25,0
44950,Hawthorn Hawks,Collingwood Magpies,2010-08-28,22,8.666666666666666,0.0,58.333333333333336,3.0,0.3333333333333333,11.2,0.2,66.6,2.8,1.6,10.8,0.1,65.2,3.7,1.1,46,8.108695652173912,1
44951,Essendon Bombers,West Coast Eagles,2009-08-02,18,18.666666666666668,1.3333333333333333,80.33333333333333,2.0,8.0,18.4,1.2,78.4,2.8,7.2,17.6,0.9,73.8,2.3,5.6,43,13.83720930232558,0
44952,Geelong Cats,Melbourne Demons,2006-05-05,6,8.333333333333334,0.0,24.33333333333333,0.6666666666666666,0.3333333333333333,10.4,0.2,36.0,1.0,1.4,10.6,0.1,41.3,1.4,0.7,14,9.857142857142858,0
44953,Essendon Bombers,Adelaide Crows,2012-08-05,19,10.0,0.0,41.0,3.0,0.0,9.4,0.0,39.8,3.2,0.0,10.4,0.1,45.8,3.5,0.6,81,11.08641975308642,0
44954,Essendon Bombers,Adelaide Crows,2010-07-03,14,,,,,,,,,,,,,,,,0,,0
44955,Adelaide Crows,Sydney Swans,2023-08-19,23,12.333333333333334,0.3333333333333333,60.0,3.6666666666666665,2.333333333333333,14.8,0.2,63.8,4.6,1.4,17.1,0.4,71.2,4.8,2.5,212,21.77358490566038,1
44956,Carlton Blues,Sydney Swans,2017-08-26,23,7.0,0.0,44.66666666666666,6.0,0.0,8.6,0.2,45.6,4.6,1.6,10.9,0.2,47.5,3.3,1.5,37,11.135135135135137,0
44957,St Kilda Saints,Adelaide Crows,2011-04-30,6,14.0,0.0,56.0,3.0,0.0,14.0,0.0,56.0,3.0,0.0,14.0,0.0,56.0,3.0,0.0,2,14.0,0
44958,Brisbane Lions,Sydney Swans,2020-09-13,17,6.0,0.0,30.666666666666668,2.0,0.0,6.8,0.0,31.6,1.8,0.2,8.1,0.4,37.1,1.7,2.6,12,9.583333333333334,0
44959,West Coast Eagles,Richmond Tigers,2014-07-25,18,13.0,1.0,58.66666666666666,2.0,6.0,14.6,0.6,62.4,2.4,3.6,15.7,0.3,65.7,2.1,1.9,38,15.5,1
44960,Geelong Cats,Richmond Tigers,2025-08-23,24,33.0,0.3333333333333333,113.0,4.0,2.333333333333333,33.6,0.2,113.8,3.6,1.6,33.2,0.3,115.1,3.6,2.2,90,24.133333333333333,0
44961,Adelaide Crows,North Melbourne Kangaroos,2025-08-23,24,16.0,0.0,59.0,1.0,0.3333333333333333,14.4,0.0,55.8,2.2,0.2,14.9,0.1,55.7,2.2,0.8,211,19.71090047393365,0
44962,Western Bulldogs,Adelaide Crows,2017-07-07,16,11.333333333333334,0.3333333333333333,65.0,6.666666666666667,2.6666666666666665,12.8,0.8,65.8,5.0,5.6,11.6,0.6,56.4,4.4,4.2,37,14.243243243243244,0
44963,Carlton Blues,Hawthorn Hawks,2015-09-05,23,7.0,0.0,21.33333333333333,1.6666666666666667,0.0,7.8,0.0,24.4,1.4,0.0,8.333333333333334,0.0,26.666666666666668,1.1666666666666667,0.0,6,8.333333333333334,0
44964,Essendon Bombers,Port Adelaide Power,2022-05-29,11,9.0,0.0,32.666666666666664,2.0,1.0,9.6,0.4,36.8,1.6,3.2,11.9,0.9,52.9,2.5,6.4,149,18.1006711409396,0
44965,Fremantle Dockers,Carlton Blues,2005-07-17,16,12.0,0.3333333333333333,42.0,1.3333333333333333,2.6666666666666665,14.2,0.2,51.8,2.4,1.6,10.6,0.2,43.0,3.1,1.4,17,9.0,0
44966,Geelong Cats,St Kilda Saints,2023-08-19,23,21.0,0.6666666666666666,86.0,1.6666666666666667,4.0,20.4,0.4,86.6,1.4,3.0,20.1,0.4,82.0,1.3,3.0,210,21.43809523809524,0
44967,Carlton Blues,Collingwood Magpies,2006-08-27,21,5.0,0.0,19.0,1.0,0.0,5.0,0.0,19.0,1.0,0.0,5.0,0.0,19.0,1.0,0.0,1,5.0,0
44968,North Melbourne Kangaroos,Collingwood Magpies,2008-04-19,5,16.666666666666668,0.3333333333333333,54.333333333333336,1.0,2.0,16.8,0.4,62.0,2.6,2.6,16.6,0.2,61.8,2.6,1.4,18,14.666666666666666,0
44969,Hawthorn Hawks,Sydney Swans,2007-09-02,22,17.0,0.0,56.0,1.0,0.0,16.0,0.0,54.0,1.0,0.0,19.0,0.2,71.9,1.3,1.6,180,15.95,0
44970,West Coast Eagles,Sydney Swans,2019-06-09,12,13.666666666666666,0.0,58.66666666666666,3.6666666666666665,0.3333333333333333,17.0,0.0,68.4,2.6,0.2,19.1,0.1,79.9,2.6,0.7,26,20.423076923076923,0
44971,North Melbourne Kangaroos,Western Bulldogs,2010-08-01,18,12.0,0.6666666666666666,55.66666666666666,2.6666666666666665,4.666666666666667,11.2,0.4,52.4,2.8,3.0,11.0,0.2857142857142857,50.85714285714285,2.2857142857142856,2.4285714285714284,7,11.0,0
44972,Carlton Blues,Essendon Bombers,2002-09-01,22,6.0,0.0,29.5,1.0,0.0,6.0,0.0,29.5,1.0,0.0,6.0,0.0,29.5,1.0,0.0,2,6.0,0
44973,Sydney Swans,Melbourne Demons,2018-08-12,21,13.0,0.0,64.0,3.333333333333333,0.0,12.2,0.0,59.4,3.6,0.0,13.6,0.0,58.3,2.6,0.0,159,14.132075471698114,0
44974,Melbourne Demons,Sydney Swans,2003-08-30,22,2.0,0.0,9.0,0.5,0.0,2.0,0.0,9.0,0.5,0.0,2.0,0.0,9.0,0.5,0.0,2,2.0,1
44975,Western Bulldogs,Hawthorn Hawks,2022-08-21,23,2.6666666666666665,0.0,11.0,0.3333333333333333,0.0,8.8,0.0,33.8,1.2,0.0,8.9,0.0,34.0,1.6,0.1,34,10.970588235294118,0
44976,Fremantle Dockers,Port Adelaide Power,2016-06-18,13,12.0,0.3333333333333333,55.0,2.6666666666666665,2.0,12.0,0.3333333333333333,55.0,2.6666666666666665,2.0,12.0,0.3333333333333333,55.0,2.6666666666666665,2.0,3,12.0,1
44977,Melbourne Demons,St Kilda Saints,2019-07-27,19,11.0,1.3333333333333333,60.333333333333336,2.333333333333333,9.666666666666666,10.8,1.0,59.2,3.2,7.0,10.0,0.9,57.3,3.8,6.2,11,9.636363636363637,0
44978,Gold Coast Suns,Sydney Swans,2021-08-21,23,7.333333333333333,0.3333333333333333,48.333333333333336,1.0,2.0,9.2,0.4,53.4,2.2,2.4,9.9,0.3,56.6,2.4,1.8,95,12.08421052631579,0
44979,Port Adelaide Power,Essendon Bombers,2025-03-27,3,9.0,0.3333333333333333,75.0,3.0,2.6666666666666665,10.6,0.6,77.4,3.2,4.2,10.1,0.8,74.4,2.6,5.5,51,8.647058823529411,0
44980,Essendon Bombers,Collingwood Magpies,2023-08-25,24,7.333333333333333,0.0,30.0,1.0,0.0,9.0,0.2,37.4,1.8,1.2,11.2,0.4,49.6,2.8,2.4,64,14.421875,1
44981,Adelaide Crows,North Melbourne Kangaroos,2025-08-23,24,19.0,0.6666666666666666,67.33333333333333,3.0,4.0,23.2,1.0,83.6,3.6,6.0,21.4,0.5,85.4,5.5,3.0,69,18.420289855072465,0
44982,Richmond Tigers,Geelong Cats,2025-08-23,24,15.0,0.0,49.66666666666666,1.3333333333333333,0.0,18.8,0.2,68.0,1.8,1.4,16.5,0.1,60.9,1.8,1.0,32,13.90625,1
44983,Brisbane Lions,Port Adelaide Power,2005-08-20,21,3.5,0.5,18.0,0.5,3.0,3.5,0.5,18.0,0.5,3.0,3.5,0.5,18.0,0.5,3.0,2,3.5,1
44984,Hawthorn Hawks,Brisbane Lions,2016-05-28,10,11.333333333333334,0.0,50.333333333333336,0.3333333333333333,0.0,12.0,0.0,51.4,0.8,0.0,11.8,0.0,50.8,1.4,0.1,45,12.577777777777778,0
44985,Melbourne Demons,St Kilda Saints,2025-07-27,20,11.333333333333334,0.3333333333333333,42.333333333333336,1.0,2.333333333333333,9.4,0.2,37.2,1.2,1.6,9.4,0.4,39.8,1.4,2.8,81,11.024691358024691,0
44986,Melbourne Demons,Collingwood Magpies,2025-08-22,24,15.0,0.0,60.0,4.0,0.0,13.8,0.2,59.4,3.4,1.4,12.8,0.3,60.4,4.1,2.0,92,13.521739130434783,0
44987,Melbourne Demons,Fremantle Dockers,2017-04-15,4,5.333333333333333,0.6666666666666666,41.333333333333336,2.0,4.0,7.2,0.4,58.4,3.6,2.4,8.0,0.2,63.0,3.9,1.3,31,8.483870967741936,1
44988,North Melbourne Kangaroos,Western Bulldogs,2011-07-17,17,12.0,0.3333333333333333,36.66666666666666,0.6666666666666666,2.333333333333333,12.8,0.6,45.0,1.4,3.8,12.8,0.6,45.0,1.4,3.8,5,12.8,1
44989,Geelong Cats,Fremantle Dockers,2006-06-17,12,5.0,0.0,12.0,0.0,0.0,5.0,0.0,12.0,0.0,0.0,5.0,0.0,12.0,0.0,0.0,1,5.0,0
44990,Gold Coast Suns,Melbourne Demons,2018-08-05,20,11.666666666666666,0.0,47.0,1.3333333333333333,0.3333333333333333,11.75,0.0,46.5,1.0,0.25,11.75,0.0,46.5,1.0,0.25,4,11.75,0
44991,North Melbourne Kangaroos,Western Bulldogs,2023-06-18,14,6.0,0.3333333333333333,38.66666666666666,4.333333333333333,2.0,7.0,0.2,37.6,3.8,1.4,6.777777777777778,0.2222222222222222,32.888888888888886,2.7777777777777777,1.5555555555555556,9,6.777777777777778,1
44992,Carlton Blues,Sydney Swans,2006-09-03,22,9.0,0.3333333333333333,36.333333333333336,1.0,2.333333333333333,7.0,0.2,30.2,1.2,1.4,8.8,0.1,39.2,1.5,0.7,39,10.051282051282053,0
44993,Greater Western Sydney Giants,Carlton Blues,2022-07-24,19,4.666666666666667,0.0,31.0,3.0,0.3333333333333333,7.2,0.4,42.4,2.8,3.0,8.5,0.6,48.6,3.2,4.1,16,7.9375,0
44994,Fremantle Dockers,Hawthorn Hawks,2017-07-22,18,19.33333333333333,0.0,82.66666666666667,4.0,0.0,18.4,0.0,72.8,2.6,0.0,17.7,0.0,69.1,2.4,0.0,88,17.727272727272727,1
44995,Western Bulldogs,Essendon Bombers,2011-08-13,21,12.666666666666666,0.6666666666666666,48.66666666666666,2.0,4.0,13.0,0.4,47.0,2.0,2.4,10.1,0.7,44.5,2.6,4.3,14,9.714285714285714,1
44996,Richmond Tigers,Hawthorn Hawks,2021-08-21,23,22.0,0.0,81.66666666666667,2.333333333333333,0.0,18.2,0.0,69.8,2.4,0.0,14.3,0.2,53.8,2.3,1.4,26,15.73076923076923,1
44997,Brisbane Lions,North Melbourne Kangaroos,2015-07-25,17,9.0,0.0,43.66666666666666,2.0,1.3333333333333333,6.8,0.0,34.4,2.4,1.2,8.5,1.0,44.4,1.8,6.7,126,12.706349206349206,1
44998,Gold Coast Suns,Sydney Swans,2015-09-05,23,10.0,0.0,35.333333333333336,1.6666666666666667,1.0,12.4,0.0,44.4,2.0,0.6,14.7,0.3,59.6,3.0,2.3,71,18.92957746478873,0
44999,Fremantle Dockers,Geelong Cats,2023-07-29,20,5.0,0.0,18.0,0.0,0.0,5.0,0.0,18.0,0.0,0.0,5.0,0.0,18.0,0.0,0.0,1,5.0,0
45000,Geelong Cats,Richmond Tigers,2025-08-23,24,9.0,0.0,62.333333333333336,1.3333333333333333,0.0,8.4,0.2,58.0,1.4,1.2,9.9,0.2,62.7,1.7,1.4,168,12.404761904761903,0
45001,Essendon Bombers,Greater Western Sydney Giants,2017-06-03,11,16.0,0.0,69.0,2.6666666666666665,0.0,16.8,0.4,74.4,2.2,2.4,22.8,0.5,92.4,2.5,3.2,205,22.84390243902439,0
45002,Brisbane Lions,Geelong Cats,2025-09-05,QF,11.666666666666666,0.0,50.333333333333336,1.0,0.0,11.8,0.0,49.6,1.6,0.0,10.8,0.1,45.7,1.8,0.6,95,11.694736842105264,0
45003,St Kilda Saints,Greater Western Sydney Giants,2025-08-24,24,17.333333333333332,0.0,77.0,7.0,0.3333333333333333,17.2,0.2,79.2,8.0,1.4,19.7,0.2,90.1,8.4,1.4,159,22.89308176100629,0
45004,Essendon Bombers,Greater Western Sydney Giants,2015-08-09,19,12.0,0.0,50.333333333333336,3.6666666666666665,0.0,11.6,0.0,44.6,2.8,0.0,11.0,0.0,42.71428571428572,2.4285714285714284,0.0,7,11.0,0
45005,Greater Western Sydney Giants,Fremantle Dockers,2022-08-20,23,1.3333333333333333,0.0,6.333333333333333,0.3333333333333333,0.0,4.8,0.0,18.0,0.6,0.0,5.7,0.0,24.0,1.0,0.0,16,6.25,1
45006,Geelong Cats,Brisbane Lions,2025-09-27,GF,14.333333333333334,1.6666666666666667,76.33333333333333,3.0,11.666666666666666,13.0,1.6,70.6,3.2,11.6,13.5,1.5,64.3,2.3,10.8,108,12.48148148148148,1
45007,North Melbourne Kangaroos,Richmond Tigers,2024-08-03,21,15.0,0.3333333333333333,54.0,1.6666666666666667,2.0,14.6,0.4,57.4,1.6,2.4,12.4,0.5,51.6,1.6,3.0,89,14.0561797752809,1
45008,Richmond Tigers,Western Bulldogs,2014-04-05,3,7.666666666666667,0.0,50.66666666666666,2.333333333333333,0.3333333333333333,9.8,0.0,53.2,1.4,0.2,8.1,0.1,50.0,2.2,0.7,10,8.1,0
45009,Geelong Cats,Richmond Tigers,2022-06-25,15,13.666666666666666,0.0,46.333333333333336,2.6666666666666665,0.0,14.25,0.0,51.5,2.5,0.0,14.25,0.0,51.5,2.5,0.0,4,14.25,1
45010,North Melbourne Kangaroos,Adelaide Crows,2025-08-23,24,18.666666666666668,0.3333333333333333,67.0,1.0,2.333333333333333,16.6,0.2,60.4,1.0,1.4,16.5,0.2,58.2,0.9,1.6,62,14.209677419354838,1
45011,Port Adelaide Power,Carlton Blues,2013-08-31,23,15.666666666666666,0.0,60.66666666666666,2.333333333333333,0.0,16.2,0.0,59.2,2.0,0.0,15.8,0.2,58.8,1.6,1.4,13,15.76923076923077,1
45012,St Kilda Saints,North Melbourne Kangaroos,2018-03-30,2,23.666666666666668,0.0,81.33333333333333,3.6666666666666665,0.6666666666666666,20.8,0.0,72.8,3.4,0.4,21.2,0.3,80.6,4.8,2.1,77,18.337662337662337,0
45013,Geelong Cats,Sydney Swans,2020-09-20,18,20.0,0.3333333333333333,86.66666666666667,6.0,2.6666666666666665,16.4,0.2,68.2,4.0,1.6,17.3,0.6,71.2,3.3,4.1,155,23.61935483870968,0
45014,Adelaide Crows,Fremantle Dockers,2011-04-09,3,23.0,0.3333333333333333,96.33333333333331,2.0,2.333333333333333,19.6,0.4,84.6,2.0,2.8,18.6,0.2,82.9,2.2,1.4,117,12.735042735042734,1
45015,Port Adelaide Power,West Coast Eagles,2012-08-19,21,8.0,0.6666666666666666,43.66666666666666,0.0,5.666666666666667,8.0,1.0,47.0,0.6,7.2,9.2,1.1,52.8,0.8,7.5,30,8.166666666666666,1
45016,Essendon Bombers,Greater Western Sydney Giants,2022-08-06,21,7.0,1.0,33.0,0.3333333333333333,6.0,8.2,0.6,35.6,1.0,3.6,10.8,0.3,41.6,0.8,1.8,62,10.516129032258064,0
45017,Hawthorn Hawks,Geelong Cats,2017-07-15,17,9.333333333333334,0.6666666666666666,46.0,4.333333333333333,4.333333333333333,11.0,0.75,57.25,5.5,5.0,11.0,0.75,57.25,5.5,5.0,4,11.0,0
45018,Port Adelaide Power,Sydney Swans,2016-08-06,20,13.0,0.0,45.66666666666666,1.3333333333333333,0.0,11.2,0.0,42.6,1.6,0.0,11.1,0.0,43.5,2.1,0.0,83,12.843373493975903,0
45019,Geelong Cats,Hawthorn Hawks,2025-09-19,PF,23.33333333333333,0.3333333333333333,105.33333333333331,2.6666666666666665,2.0,21.8,0.2,92.8,2.4,1.2,20.2,0.1,84.9,2.1,0.6,190,20.978947368421053,1
45020,Brisbane Lions,Sydney Swans,2012-07-07,15,16.0,0.0,65.66666666666667,2.6666666666666665,0.0,16.8,0.0,70.2,3.2,0.2,16.3,0.1,70.5,3.4,0.7,73,17.17808219178082,0
45021,St Kilda Saints,Greater Western Sydney Giants,2025-08-24,24,10.0,0.0,41.0,2.6666666666666665,0.0,10.0,0.0,42.4,3.0,0.0,11.4,0.0,47.3,1.9,0.0,59,13.966101694915254,0
45022,Sydney Swans,Richmond Tigers,2020-07-12,6,6.0,0.0,20.33333333333333,1.3333333333333333,0.0,6.75,0.25,25.5,1.5,1.5,6.75,0.25,25.5,1.5,1.5,4,6.75,0
45023,Hawthorn Hawks,Port Adelaide Power,2009-08-02,18,8.333333333333334,0.0,27.33333333333333,1.3333333333333333,0.3333333333333333,9.2,0.0,35.8,2.2,0.2,9.5,0.4,39.5,2.8,2.9,13,9.384615384615383,0
45024,Essendon Bombers,Western Bulldogs,2016-08-21,22,18.666666666666668,0.0,73.0,2.333333333333333,0.0,16.4,0.0,64.8,1.8,0.2,19.0,0.6,76.5,2.1,4.1,149,19.483221476510067,1
45025,Greater Western Sydney Giants,St Kilda Saints,2025-04-13,5,10.0,0.0,36.66666666666666,1.0,0.0,6.8,0.0,25.6,1.0,0.0,7.0,0.1,28.6,1.4,0.6,10,7.0,0
45026,St Kilda Saints,North Melbourne Kangaroos,2004-08-15,20,7.0,0.0,28.33333333333333,1.6666666666666667,0.0,9.2,0.0,36.6,1.2,0.0,6.4,0.0,24.8,1.0,0.0,14,6.357142857142857,0
45027,Adelaide Crows,Sydney Swans,2024-06-15,14,15.0,0.3333333333333333,75.33333333333333,2.0,3.0,14.0,0.25,74.75,2.0,2.5,14.0,0.25,74.75,2.0,2.5,4,14.0,1
45028,Hawthorn Hawks,Gold Coast Suns,2020-09-20,18,9.333333333333334,0.0,37.0,1.3333333333333333,0.0,9.2,0.0,36.6,1.2,0.0,8.8,0.0,34.5,1.2,0.0,151,12.052980132450331,1
45029,Melbourne Demons,Fremantle Dockers,2013-08-18,21,10.0,0.0,44.66666666666666,3.333333333333333,0.0,11.8,0.0,50.2,4.0,0.0,9.8,0.0,37.8,2.5,0.1,19,10.947368421052632,1
45030,Western Bulldogs,North Melbourne Kangaroos,2008-08-10,19,7.333333333333333,0.3333333333333333,49.333333333333336,1.0,2.0,7.2,0.2,47.4,1.0,1.2,6.9,0.3,51.0,1.8,1.8,66,6.333333333333333,0
45031,Melbourne Demons,North Melbourne Kangaroos,2019-08-24,23,16.333333333333332,0.3333333333333333,67.0,2.333333333333333,2.0,17.6,0.2,72.6,3.4,1.2,16.4,0.1,68.2,3.2,0.8,37,16.18918918918919,0
45032,West Coast Eagles,Hawthorn Hawks,2012-08-31,23,7.333333333333333,0.0,30.0,0.6666666666666666,0.3333333333333333,9.8,0.6,43.4,1.0,3.8,12.3,0.8,54.6,1.2,5.2,12,12.416666666666666,0
45033,Greater Western Sydney Giants,North Melbourne Kangaroos,2025-08-10,22,13.0,2.333333333333333,68.66666666666667,1.3333333333333333,15.333333333333334,12.8,2.4,67.4,1.6,16.0,11.1,1.8,56.6,1.5,12.4,175,12.794285714285714,1
45034,Geelong Cats,St Kilda Saints,2014-06-15,13,10.0,0.3333333333333333,41.333333333333336,2.333333333333333,2.0,9.2,0.2,43.8,3.4,1.4,9.7,0.4,47.1,3.8,2.6,15,10.666666666666666,1
45036,Fremantle Dockers,Greater Western Sydney Giants,2024-08-17,23,9.333333333333334,1.3333333333333333,49.333333333333336,2.0,8.333333333333334,8.2,1.4,46.0,2.2,8.8,9.4,1.6,48.7,1.8,10.2,26,8.653846153846153,0
45037,Fremantle Dockers,Essendon Bombers,2017-08-27,23,12.333333333333334,0.0,62.333333333333336,7.0,0.0,12.2,0.2,61.0,5.8,1.2,13.6,0.3,60.1,4.8,1.8,120,13.725,0
45038,Western Bulldogs,Hawthorn Hawks,2020-09-13,17,12.666666666666666,0.3333333333333333,52.333333333333336,0.6666666666666666,2.0,18.6,0.2,72.4,1.2,1.6,18.9,0.2,73.2,1.7,1.4,137,20.83211678832117,0
45039,Collingwood Magpies,Richmond Tigers,2025-07-27,20,13.333333333333334,0.6666666666666666,50.0,3.0,4.0,11.8,0.6,50.0,3.6,3.6,10.8,0.5,44.2,2.9,3.1,19,11.63157894736842,0
45040,Sydney Swans,Melbourne Demons,2011-03-27,1,,,,,,,,,,,,,,,,0,,0
45041,Carlton Blues,Western Bulldogs,2017-07-16,17,7.0,0.6666666666666666,34.666666666666664,2.0,4.333333333333333,8.0,0.6,39.0,2.0,4.0,9.0,0.5,42.7,2.3,3.3,26,8.807692307692308,1
45042,Gold Coast Suns,Essendon Bombers,2014-08-23,22,6.666666666666667,0.0,27.666666666666668,2.333333333333333,0.6666666666666666,7.4,0.0,28.4,2.4,1.0,6.6,0.6,29.8,1.8,4.5,16,8.3125,0
45043,Sydney Swans,Melbourne Demons,2003-08-30,22,3.333333333333333,0.3333333333333333,17.333333333333332,0.3333333333333333,2.0,4.8,0.2,21.8,0.6,1.4,5.285714285714286,0.1428571428571428,23.285714285714285,0.5714285714285714,1.1428571428571428,7,5.285714285714286,0
45044,Port Adelaide Power,Adelaide Crows,2012-07-07,15,10.0,0.0,35.666666666666664,1.6666666666666667,0.0,10.2,0.0,40.4,2.0,0.0,12.2,0.1,49.8,2.5,0.6,91,13.87912087912088,1
45045,Port Adelaide Power,North Melbourne Kangaroos,2020-09-05,16,9.0,0.3333333333333333,33.0,1.0,2.6666666666666665,10.0,0.8,44.8,1.8,5.4,10.2,0.6,44.9,2.0,4.0,112,14.294642857142858,0
45046,North Melbourne Kangaroos,Brisbane Lions,2017-08-26,23,19.33333333333333,0.0,87.33333333333333,8.666666666666666,0.0,21.0,0.4,85.8,7.0,2.4,20.8,0.3,84.7,7.0,2.0,183,20.601092896174865,0
45047,Gold Coast Suns,Adelaide Crows,2025-07-20,19,6.666666666666667,0.0,25.666666666666668,2.0,0.0,5.6,0.2,21.2,1.4,1.2,9.5,0.1,34.2,1.7,0.7,200,19.36,0
45048,Collingwood Magpies,Sydney Swans,2016-03-26,1,27.0,1.3333333333333333,106.66666666666669,3.6666666666666665,8.333333333333334,31.6,1.4,118.4,3.4,8.8,29.0,1.0,112.1,4.1,6.7,200,27.155,0
45049,Port Adelaide Power,Gold Coast Suns,2025-08-22,24,16.0,0.0,98.0,2.0,0.6666666666666666,16.2,0.4,103.4,3.4,2.8,11.7,0.2,82.9,3.2,1.5,34,10.088235294117649,1
45051,Fremantle Dockers,Western Bulldogs,2025-08-24,24,10.666666666666666,0.3333333333333333,49.0,3.6666666666666665,2.6666666666666665,12.8,0.4,56.6,3.6,3.0,13.8,0.9,62.7,3.8,5.8,79,13.50632911392405,0
45052,West Coast Eagles,Geelong Cats,2012-08-10,20,10.333333333333334,0.0,41.0,3.0,0.3333333333333333,12.6,0.2,49.2,2.0,1.6,14.4,0.1,53.6,2.2,0.9,28,16.678571428571427,1
45053,Adelaide Crows,West Coast Eagles,2012-07-21,17,15.333333333333334,0.0,66.0,4.333333333333333,0.0,16.4,0.0,70.2,3.2,0.0,17.2,0.0,68.3,3.0,0.0,61,19.65573770491803,1
45054,Fremantle Dockers,St Kilda Saints,2014-07-19,18,9.666666666666666,0.3333333333333333,35.666666666666664,1.6666666666666667,2.6666666666666665,9.8,0.2,33.6,2.2,1.8,14.1,0.4,55.1,2.8,2.9,136,16.727941176470587,0
45055,Adelaide Crows,Richmond Tigers,2020-09-19,18,7.0,0.0,24.666666666666668,0.3333333333333333,0.0,8.2,0.0,33.2,1.0,0.0,8.8,0.0,39.6,1.2,0.0,161,11.900621118012422,1
45056,Fremantle Dockers,Port Adelaide Power,2024-04-13,5,8.0,1.6666666666666667,44.0,1.3333333333333333,10.666666666666666,8.8,1.4,44.4,1.0,8.8,8.8,1.2,47.7,1.2,7.8,94,11.382978723404255,0
45057,Adelaide Crows,West Coast Eagles,2013-08-31,23,14.333333333333334,0.0,61.0,3.0,0.0,12.2,0.0,53.4,3.4,0.0,13.6,0.0,55.9,3.0,0.0,101,15.108910891089108,0
45058,Sydney Swans,Collingwood Magpies,2016-03-26,1,21.0,0.0,74.66666666666667,0.3333333333333333,0.0,18.4,0.0,66.6,1.2,0.0,15.9,0.2,59.3,1.3,1.3,30,16.633333333333333,1
45059,Gold Coast Suns,Fremantle Dockers,2016-07-23,18,11.666666666666666,0.0,48.0,3.0,0.0,11.2,0.0,46.4,3.2,0.0,9.3,0.0,40.2,3.2,0.0,34,10.411764705882351,1
45060,Melbourne Demons,Brisbane Lions,2014-08-03,19,9.666666666666666,0.3333333333333333,42.66666666666666,3.0,3.333333333333333,9.4,0.4,44.8,3.0,3.4,9.4,0.4,45.2,2.5,3.1,41,11.439024390243905,1
45061,Richmond Tigers,Geelong Cats,2025-08-23,24,27.666666666666668,1.3333333333333333,112.33333333333331,5.666666666666667,8.333333333333334,25.4,0.8,99.8,5.4,5.2,24.8,1.1,95.2,4.4,6.8,126,24.52380952380953,1
45062,Richmond Tigers,Essendon Bombers,2022-08-20,23,8.666666666666666,0.0,40.66666666666666,1.6666666666666667,0.0,10.2,0.0,46.8,1.8,0.0,9.4,0.0,42.0,1.4,0.0,157,14.140127388535031,0
45063,Sydney Swans,Collingwood Magpies,2020-08-06,10,,,,,,,,,,,,,,,,0,,0
45064,North Melbourne Kangaroos,Sydney Swans,2024-07-13,18,9.333333333333334,0.3333333333333333,42.0,1.0,2.0,11.4,0.4,52.6,2.6,2.4,11.8,0.5,52.7,2.4,3.1,55,13.909090909090908,0
45065,Geelong Cats,Collingwood Magpies,2020-10-10,SF,9.666666666666666,0.0,39.0,1.6666666666666667,0.0,9.4,0.0,35.4,1.2,0.0,9.9,0.1,38.6,0.9,0.6,201,15.402985074626866,1
45066,Gold Coast Suns,Adelaide Crows,2012-09-01,23,8.666666666666666,0.3333333333333333,32.666666666666664,1.0,2.0,8.8,0.2,35.6,1.6,1.2,11.285714285714286,0.1428571428571428,44.285714285714285,2.0,1.0,7,11.285714285714286,0
45067,Sydney Swans,St Kilda Saints,2022-06-25,15,2.0,0.0,10.666666666666666,0.3333333333333333,0.3333333333333333,5.2,0.4,24.8,1.0,2.8,7.4,0.6,37.8,1.6,4.1,98,16.6734693877551,1
45068,Greater Western Sydney Giants,St Kilda Saints,2025-08-24,24,13.666666666666666,0.0,56.0,1.6666666666666667,0.0,14.6,0.0,63.0,1.8,0.0,14.8,0.0,60.3,1.4,0.0,96,12.791666666666666,1
45069,Hawthorn Hawks,Sydney Swans,2010-08-07,19,8.0,0.3333333333333333,61.66666666666666,4.333333333333333,2.333333333333333,9.4,0.2,64.8,4.4,1.4,9.2,0.1,58.4,3.0,0.8,64,8.203125,0
45070,Richmond Tigers,Port Adelaide Power,2010-08-29,22,9.5,1.0,62.5,4.5,7.0,9.5,1.0,62.5,4.5,7.0,9.5,1.0,62.5,4.5,7.0,2,9.5,1
45071,Carlton Blues,Sydney Swans,2006-09-03,22,8.0,0.0,43.66666666666666,2.6666666666666665,0.0,9.2,0.0,46.4,3.0,0.0,8.6,0.0,41.6,2.9,0.1,82,9.597560975609756,0
45072,North Melbourne Kangaroos,Greater Western Sydney Giants,2025-08-10,22,12.333333333333334,0.3333333333333333,79.33333333333333,4.333333333333333,2.333333333333333,8.6,0.2,53.0,2.8,1.4,7.8,0.6,47.4,1.8,3.8,18,8.5,0
45073,Geelong Cats,Carlton Blues,2009-08-07,19,18.33333333333333,0.3333333333333333,65.33333333333333,1.3333333333333333,2.0,16.8,0.2,58.4,1.4,1.2,15.1,0.2,56.1,1.6,1.2,43,13.27906976744186,0
45074,St Kilda Saints,Hawthorn Hawks,2016-04-16,4,7.0,0.0,28.33333333333333,1.3333333333333333,0.0,7.6,0.0,32.2,1.4,0.2,7.7,0.3,36.2,1.3,2.1,11,7.909090909090909,0
45075,Sydney Swans,North Melbourne Kangaroos,2004-08-07,19,5.0,0.0,17.0,0.0,0.0,5.0,0.0,17.0,0.0,0.0,5.0,0.0,17.0,0.0,0.0,1,5.0,1
45076,Melbourne Demons,Brisbane Lions,2014-08-03,19,9.0,0.0,40.333333333333336,2.333333333333333,0.3333333333333333,11.4,0.0,46.4,1.8,0.2,13.9,0.2,60.2,2.4,1.3,25,17.88,1
45077,Adelaide Crows,North Melbourne Kangaroos,2025-08-23,24,12.666666666666666,2.6666666666666665,80.66666666666667,1.6666666666666667,17.333333333333332,13.2,2.6,79.8,1.4,16.6,13.3,2.6,82.3,1.9,16.7,62,11.82258064516129,0
45078,Melbourne Demons,Carlton Blues,2025-07-19,19,7.666666666666667,0.3333333333333333,30.33333333333333,2.0,2.0,6.8,0.4,30.6,2.2,2.6,9.7,0.3,41.4,2.8,2.1,14,10.142857142857142,0
45079,Carlton Blues,Geelong Cats,2019-08-24,23,24.33333333333333,0.0,97.0,4.333333333333333,0.3333333333333333,21.8,0.0,86.6,3.6,0.2,19.0,0.2,80.0,3.2,1.5,196,19.086734693877556,0
45080,Greater Western Sydney Giants,St Kilda Saints,2025-08-24,24,10.333333333333334,0.3333333333333333,48.0,2.0,2.0,9.8,0.4,48.0,2.6,2.6,10.4,0.3,44.7,2.3,1.9,29,11.241379310344827,1
45081,Collingwood Magpies,Essendon Bombers,2021-08-22,23,8.333333333333334,1.0,40.0,0.6666666666666666,6.333333333333333,12.2,1.2,54.4,1.0,7.8,13.3,0.9,61.1,2.2,5.8,92,15.41304347826087,0
45082,Port Adelaide Power,Greater Western Sydney Giants,2018-07-22,18,12.0,0.3333333333333333,58.66666666666666,5.0,2.6666666666666665,11.6,0.6,56.8,4.4,4.4,11.8,0.6,53.6,3.5,4.1,168,11.351190476190476,1
45083,Richmond Tigers,Essendon Bombers,2015-08-29,22,17.333333333333332,0.3333333333333333,61.66666666666666,5.0,2.0,17.4,0.4,58.0,4.0,2.4,19.5,0.4,73.2,5.4,2.4,81,16.14814814814815,0
45084,Essendon Bombers,Melbourne Demons,2005-08-28,22,10.0,0.3333333333333333,38.333333333333336,1.3333333333333333,2.0,9.6,0.2,42.2,3.0,1.2,10.285714285714286,0.1428571428571428,39.285714285714285,2.571428571428572,0.8571428571428571,7,10.285714285714286,1
45085,North Melbourne Kangaroos,Gold Coast Suns,2023-08-26,24,23.33333333333333,0.6666666666666666,89.33333333333333,5.0,4.666666666666667,18.8,1.0,81.8,6.0,6.4,19.6,1.0,77.6,4.2,6.3,57,14.789473684210526,1
45086,Gold Coast Suns,Western Bulldogs,2022-05-21,10,7.0,0.0,34.666666666666664,3.0,0.3333333333333333,8.4,0.0,34.0,2.2,0.2,8.0,0.0,30.2,1.5,0.1,93,9.376344086021506,0
45087,Adelaide Crows,North Melbourne Kangaroos,2014-08-23,22,9.0,0.0,38.0,2.0,0.0,9.0,0.0,40.6,2.8,0.0,11.3,0.0,48.7,2.5,0.1,12,11.75,0
45088,North Melbourne Kangaroos,Melbourne Demons,2019-08-24,23,16.666666666666668,0.0,59.66666666666666,1.0,0.0,15.2,0.0,56.8,2.0,0.0,14.3,0.0,53.3,1.7,0.0,196,16.489795918367346,1
45089,Adelaide Crows,Western Bulldogs,2017-07-07,16,23.666666666666668,0.3333333333333333,102.33333333333331,6.333333333333333,2.333333333333333,23.6,0.2,98.4,6.4,1.4,22.6,0.1,97.6,8.0,0.8,233,23.206008583690988,1
45090,Richmond Tigers,Western Bulldogs,2010-04-04,2,14.0,0.3333333333333333,65.66666666666667,5.666666666666667,2.333333333333333,14.2,0.6,65.0,4.4,4.0,16.0,0.7,67.7,4.0,4.5,27,14.333333333333334,1
45091,Port Adelaide Power,Hawthorn Hawks,2009-04-18,4,,,,,,,,,,,,,,,,0,,0
45092,Greater Western Sydney Giants,Gold Coast Suns,2013-04-27,5,12.0,2.333333333333333,68.33333333333333,0.6666666666666666,14.666666666666666,13.2,1.4,66.2,1.0,8.8,14.6,1.1,67.5,0.8,7.1,152,13.703947368421051,1
45093,Sydney Swans,Brisbane Lions,2009-08-29,22,7.666666666666667,0.0,38.0,2.6666666666666665,0.6666666666666666,7.4,0.4,37.2,1.8,2.8,7.4,0.4,37.2,1.8,2.8,5,7.4,1
45094,Fremantle Dockers,Western Bulldogs,2009-08-01,18,13.0,0.3333333333333333,53.0,1.6666666666666667,2.0,13.4,0.6,55.4,1.4,3.6,13.0,1.0,53.4,1.0,6.2,67,13.25373134328358,0
45095,Hawthorn Hawks,Sydney Swans,2009-04-04,2,5.0,1.0,33.0,0.0,8.0,5.0,1.0,33.0,0.0,8.0,5.0,1.0,33.0,0.0,8.0,1,5.0,0
45096,North Melbourne Kangaroos,Richmond Tigers,2006-06-10,11,7.0,0.0,36.333333333333336,2.333333333333333,0.3333333333333333,7.4,0.0,35.8,2.0,0.4,9.0,0.2857142857142857,41.71428571428572,1.8571428571428568,2.2857142857142856,7,9.0,0
45097,Hawthorn Hawks,Adelaide Crows,2007-07-07,14,7.333333333333333,0.0,31.0,1.6666666666666667,0.0,9.2,0.0,35.2,1.6,0.0,8.8,0.1,36.7,1.4,0.9,12,8.583333333333334,0
45098,Sydney Swans,Geelong Cats,2020-09-20,18,12.0,0.0,49.0,2.333333333333333,0.0,13.2,0.0,49.6,2.0,0.2,12.8,0.3,55.1,2.2,2.0,43,14.55813953488372,1
45099,Richmond Tigers,North Melbourne Kangaroos,2011-09-04,24,10.666666666666666,0.0,42.0,1.3333333333333333,0.0,11.2,0.0,45.0,2.0,0.0,10.6,0.0,42.4,1.8,0.2,64,9.3125,1
45100,Port Adelaide Power,Brisbane Lions,2009-08-22,21,13.0,0.0,51.66666666666666,2.333333333333333,0.0,16.2,0.0,63.8,2.2,0.4,17.5,0.0,69.2,2.3,0.5,85,11.352941176470589,0
45101,Western Bulldogs,Sydney Swans,2009-05-30,10,13.666666666666666,0.0,66.33333333333333,1.6666666666666667,0.0,12.2,0.0,53.6,1.8,0.0,11.0,0.0,49.0,2.1,0.0,14,10.142857142857142,1
45102,Sydney Swans,Fremantle Dockers,2017-08-12,21,8.333333333333334,0.3333333333333333,62.0,3.0,2.333333333333333,7.2,0.4,54.8,2.8,2.6,11.0,0.3,66.7,2.2,2.3,131,10.6793893129771,1
45103,North Melbourne Kangaroos,Richmond Tigers,2015-09-04,23,5.333333333333333,0.0,21.33333333333333,0.6666666666666666,0.0,5.4,0.0,23.0,0.8,0.0,5.666666666666667,0.0,24.33333333333333,1.0,0.0,6,5.666666666666667,0
45104,Collingwood Magpies,Port Adelaide Power,2021-07-23,19,,,,,,,,,,,,,,,,0,,0
45105,Melbourne Demons,Collingwood Magpies,2024-08-23,24,12.0,0.0,49.0,2.0,0.0,13.4,0.0,52.0,2.0,0.0,13.9,0.0,56.1,1.9,0.0,147,14.571428571428571,1
45106,Collingwood Magpies,Western Bulldogs,2016-05-29,10,11.0,0.0,41.66666666666666,2.333333333333333,0.0,11.4,0.0,40.2,2.4,0.0,12.1,0.0,49.0,3.9,0.1,120,11.866666666666667,1
45107,Port Adelaide Power,Essendon Bombers,2017-06-10,12,15.666666666666666,0.3333333333333333,59.0,1.0,2.6666666666666665,16.4,0.2,65.2,3.0,1.6,16.0,0.1,60.2,2.9,0.9,28,13.714285714285714,0
45108,Sydney Swans,Geelong Cats,2018-07-05,16,15.0,0.6666666666666666,61.333333333333336,1.6666666666666667,4.0,14.6,0.8,62.8,2.6,5.0,13.9,0.5,62.9,3.0,3.4,43,14.44186046511628,1
45109,Gold Coast Suns,Essendon Bombers,2021-08-15,22,8.0,1.0,47.66666666666666,4.0,6.0,6.8,0.8,37.0,2.8,5.2,6.2,0.9,37.3,3.3,5.7,46,9.76086956521739,1
45110,Gold Coast Suns,Carlton Blues,2012-08-25,22,3.6666666666666665,0.0,17.0,1.6666666666666667,0.0,4.4,0.0,18.2,1.4,0.0,8.0,0.1,31.6,1.9,0.6,12,9.0,1
45111,Fremantle Dockers,Western Bulldogs,2025-08-24,24,12.0,2.333333333333333,67.33333333333333,2.0,14.666666666666666,10.8,1.4,56.8,2.2,9.0,11.1,1.6,60.0,2.0,10.2,61,10.262295081967212,0
45112,Western Bulldogs,St Kilda Saints,2025-06-12,14,25.666666666666668,0.0,89.66666666666667,4.666666666666667,0.0,27.0,0.6,94.0,4.0,3.6,29.3,0.9,106.0,4.5,5.5,195,28.11794871794872,0
45113,Western Bulldogs,Greater Western Sydney Giants,2019-08-18,22,12.666666666666666,0.0,51.333333333333336,2.0,0.0,10.8,0.0,45.0,1.6,0.0,11.5,0.0,49.0,1.8,0.0,150,13.426666666666666,0
45114,Port Adelaide Power,Greater Western Sydney Giants,2018-07-22,18,16.666666666666668,0.0,69.0,2.6666666666666665,0.0,17.0,0.0,66.8,3.4,0.0,19.5,0.0,73.4,2.8,0.1,69,18.681159420289852,1
45115,West Coast Eagles,Carlton Blues,2024-08-18,23,7.333333333333333,0.6666666666666666,42.333333333333336,4.0,4.0,12.0,0.4,54.6,4.8,2.4,10.22222222222222,0.4444444444444444,43.11111111111112,3.2222222222222223,2.7777777777777777,9,10.22222222222222,1
45116,Richmond Tigers,Geelong Cats,2025-08-23,24,15.666666666666666,0.3333333333333333,58.0,2.6666666666666665,2.333333333333333,13.4,0.4,48.8,2.2,2.6,14.4,0.2,52.2,2.0,1.4,19,14.736842105263158,1
45117,North Melbourne Kangaroos,Port Adelaide Power,2007-04-08,2,8.0,0.3333333333333333,40.333333333333336,3.0,2.0,6.6,0.4,32.8,2.0,2.4,6.166666666666667,0.3333333333333333,29.5,1.6666666666666667,2.1666666666666665,6,6.166666666666667,0
45118,Essendon Bombers,Richmond Tigers,2025-07-12,18,16.333333333333332,0.0,48.66666666666666,1.3333333333333333,0.3333333333333333,11.6,0.0,34.2,0.8,0.2,12.0,0.1,40.3,0.9,0.8,14,13.214285714285714,0
45119,Gold Coast Suns,Sydney Swans,2023-08-12,22,5.0,0.0,22.0,2.0,0.0,5.0,0.0,22.0,2.0,0.0,5.0,0.0,22.0,2.0,0.0,1,5.0,0
45120,North Melbourne Kangaroos,Gold Coast Suns,2025-04-12,5,18.33333333333333,0.0,72.0,2.0,0.0,13.0,0.0,54.2,2.2,0.0,15.7,0.0,58.8,1.9,0.0,122,15.934426229508198,1
45121,Richmond Tigers,Essendon Bombers,2013-08-31,23,12.0,0.3333333333333333,43.333333333333336,1.6666666666666667,2.333333333333333,14.2,0.2,49.2,1.8,1.4,20.0,0.3,69.7,1.6,2.4,143,23.55944055944056,0
45122,Hawthorn Hawks,Richmond Tigers,2009-08-22,21,19.33333333333333,0.0,69.66666666666667,3.333333333333333,0.0,17.8,0.0,62.8,2.4,0.0,20.5,0.0,69.4,2.4,0.1,17,18.41176470588235,0
45123,Brisbane Lions,Hawthorn Hawks,2025-08-24,24,8.0,0.0,30.0,1.0,0.0,7.0,0.0,25.4,1.2,0.0,7.4,0.1,27.1,1.0,0.6,11,7.545454545454546,1
45124,West Coast Eagles,Greater Western Sydney Giants,2016-08-13,21,9.333333333333334,0.3333333333333333,43.66666666666666,3.0,2.0,7.0,0.4,33.8,2.2,2.4,6.375,0.5,31.875,1.875,3.5,8,6.375,0
45125,Geelong Cats,West Coast Eagles,2024-08-24,24,17.0,0.0,56.66666666666666,0.6666666666666666,0.0,17.0,0.0,60.2,0.4,0.0,16.6,0.3,59.1,1.0,1.9,216,18.27777777777778,1
45126,Melbourne Demons,Collingwood Magpies,2025-08-22,24,12.666666666666666,0.3333333333333333,57.66666666666666,1.0,2.0,11.4,0.2,51.4,1.0,1.2,12.3,0.2,58.3,1.3,1.2,25,10.48,0
45127,North Melbourne Kangaroos,Gold Coast Suns,2023-08-26,24,13.666666666666666,0.0,56.333333333333336,4.333333333333333,0.0,10.6,0.2,43.8,3.0,1.2,8.3,0.2,38.1,2.2,1.3,98,10.755102040816327,1
45128,Carlton Blues,Greater Western Sydney Giants,2016-06-25,14,21.33333333333333,0.3333333333333333,89.33333333333333,3.333333333333333,2.333333333333333,17.0,0.2,67.6,2.4,1.4,15.8,0.3,66.9,3.0,2.2,34,13.735294117647058,0
45129,Carlton Blues,Essendon Bombers,2011-07-23,18,9.0,1.0,60.0,4.0,6.0,9.0,1.0,60.0,4.0,6.0,9.0,1.0,60.0,4.0,6.0,1,9.0,0
45130,Melbourne Demons,Fremantle Dockers,2012-09-01,23,14.0,0.0,46.0,1.0,0.0,14.0,0.0,46.0,1.0,0.0,14.0,0.0,46.0,1.0,0.0,1,14.0,0
45131,North Melbourne Kangaroos,Gold Coast Suns,2021-03-27,2,18.33333333333333,0.3333333333333333,72.0,3.0,2.0,18.0,0.2,67.2,3.0,1.2,21.2,0.1,75.3,3.3,0.9,89,22.49438202247191,0
45132,Western Bulldogs,Hawthorn Hawks,2024-09-06,EF,11.333333333333334,1.3333333333333333,53.66666666666666,2.6666666666666665,8.666666666666666,13.0,2.4,66.4,2.6,15.2,12.4,2.3,60.8,1.5,15.0,56,10.339285714285714,1
45133,Greater Western Sydney Giants,Essendon Bombers,2013-07-20,17,8.5,0.5,42.5,3.0,3.0,8.5,0.5,42.5,3.0,3.0,8.5,0.5,42.5,3.0,3.0,2,8.5,1
45134,Fremantle Dockers,West Coast Eagles,2001-08-12,19,6.0,0.6666666666666666,23.666666666666668,0.3333333333333333,4.666666666666667,6.0,0.6666666666666666,23.666666666666668,0.3333333333333333,4.666666666666667,6.0,0.6666666666666666,23.666666666666668,0.3333333333333333,4.666666666666667,3,6.0,0
45135,Collingwood Magpies,Gold Coast Suns,2012-06-03,10,5.0,0.0,17.5,0.5,0.0,5.0,0.0,17.5,0.5,0.0,5.0,0.0,17.5,0.5,0.0,2,5.0,1
45136,Essendon Bombers,Fremantle Dockers,2014-04-13,4,,,,,,,,,,,,,,,,0,,0
45137,North Melbourne Kangaroos,Port Adelaide Power,2006-08-06,18,8.666666666666666,0.3333333333333333,52.0,5.333333333333333,2.333333333333333,7.4,0.2,40.0,3.6,1.6,7.0,0.1666666666666666,36.333333333333336,3.1666666666666665,1.3333333333333333,6,7.0,1
45138,North Melbourne Kangaroos,Carlton Blues,2011-07-29,19,15.666666666666666,0.3333333333333333,58.66666666666666,2.0,2.333333333333333,16.0,0.4,62.2,2.8,2.8,15.3,0.2,60.0,2.5,1.4,36,15.944444444444445,1
45139,Melbourne Demons,North Melbourne Kangaroos,2009-08-09,19,15.666666666666666,0.0,62.66666666666666,4.333333333333333,0.0,16.4,0.4,69.4,4.2,2.6,18.444444444444443,0.3333333333333333,74.0,3.0,2.2222222222222223,9,18.444444444444443,0
45140,Gold Coast Suns,Brisbane Lions,2025-09-13,SF,18.0,0.0,76.0,2.333333333333333,0.0,17.0,0.0,70.8,2.2,0.0,15.8,0.0,66.7,2.2,0.0,40,14.825,0
45141,Melbourne Demons,Adelaide Crows,2021-08-15,22,9.0,0.0,33.666666666666664,2.6666666666666665,0.0,11.0,0.0,43.4,2.8,0.0,11.8,0.1,44.9,2.3,0.6,43,13.86046511627907,1
45142,Western Bulldogs,Greater Western Sydney Giants,2025-07-31,21,6.0,0.0,29.0,1.3333333333333333,0.0,8.8,0.2,36.0,1.4,1.4,10.6,0.6,45.3,1.7,4.0,64,10.890625,1
45143,West Coast Eagles,Brisbane Lions,2021-08-21,23,4.666666666666667,0.0,30.0,1.3333333333333333,0.0,4.0,0.0,25.8,1.4,0.0,5.5,0.1,40.6,1.8,0.6,57,7.7894736842105265,0
45144,Collingwood Magpies,Port Adelaide Power,2020-09-21,18,12.666666666666666,0.0,50.333333333333336,1.3333333333333333,0.6666666666666666,12.4,0.0,52.6,2.4,0.4,11.5,0.7,53.0,2.0,4.7,179,13.726256983240225,1
45145,West Coast Eagles,Geelong Cats,2019-04-28,6,11.666666666666666,1.0,49.66666666666666,2.333333333333333,6.0,10.0,0.8,47.2,2.2,4.8,9.9,0.5,45.8,2.4,3.4,13,9.923076923076923,0
45146,Western Bulldogs,Geelong Cats,2013-04-27,5,13.333333333333334,0.3333333333333333,52.0,0.6666666666666666,2.6666666666666665,16.2,0.2,59.2,1.6,1.8,15.5,0.4,58.3,1.3,2.7,17,13.352941176470589,1
45147,North Melbourne Kangaroos,West Coast Eagles,2020-09-17,18,11.333333333333334,0.0,43.66666666666666,2.0,0.0,10.8,0.0,44.0,2.2,0.0,10.6,0.0,42.8,2.3,0.0,15,10.8,1
45148,Hawthorn Hawks,Port Adelaide Power,2017-06-01,11,11.0,0.3333333333333333,55.0,3.0,2.6666666666666665,11.0,0.6,57.8,3.2,4.4,9.5,0.9,55.1,2.8,6.0,101,10.247524752475249,0
45149,Melbourne Demons,Gold Coast Suns,2018-08-05,20,16.0,0.0,49.0,0.6666666666666666,0.3333333333333333,15.0,0.0,45.6,1.0,0.2,16.0,0.0,55.5,2.0,0.1,228,21.88157894736842,1
45150,Melbourne Demons,Collingwood Magpies,2025-08-22,24,21.0,0.3333333333333333,103.0,10.0,2.333333333333333,21.0,0.2,97.2,8.8,1.4,21.1,0.2,87.0,6.5,1.3,183,22.40983606557377,0
45151,Port Adelaide Power,Brisbane Lions,2025-07-05,17,7.666666666666667,0.3333333333333333,48.0,3.6666666666666665,3.333333333333333,9.8,0.2,56.4,3.0,2.2,9.0,0.2,57.6,3.3,1.7,11,8.545454545454545,0
45152,Richmond Tigers,North Melbourne Kangaroos,2025-08-17,23,21.33333333333333,0.0,94.66666666666669,3.0,0.3333333333333333,22.4,0.0,97.8,2.8,0.2,21.0,0.0,84.3,2.3,0.1,194,17.304123711340207,0
45153,Sydney Swans,West Coast Eagles,2007-07-21,16,5.333333333333333,1.0,30.0,1.6666666666666667,6.0,7.0,0.8,38.2,2.0,5.2,7.3,0.6,37.5,1.8,4.0,11,6.909090909090909,0
45154,Fremantle Dockers,Western Bulldogs,2025-08-24,24,9.0,2.0,45.333333333333336,1.0,12.333333333333334,9.6,3.0,57.4,1.0,18.8,9.1,2.1,52.1,2.2,13.6,21,9.428571428571429,0
45155,Fremantle Dockers,Western Bulldogs,2025-08-24,24,13.0,0.0,52.66666666666666,3.6666666666666665,0.0,14.0,0.2,63.6,4.8,1.2,14.1,0.2,60.1,3.3,1.3,48,14.166666666666666,0
45156,Melbourne Demons,Sydney Swans,2020-09-03,15,17.0,0.0,64.0,1.6666666666666667,0.3333333333333333,15.6,0.0,56.2,1.4,0.2,16.0,0.0,57.5,1.7,0.2,33,16.0,0
45157,North Melbourne Kangaroos,St Kilda Saints,2018-08-26,23,14.333333333333334,2.333333333333333,81.33333333333333,1.3333333333333333,15.333333333333334,14.8,2.6,83.0,2.0,16.6,15.6,2.3,86.2,2.5,15.3,201,14.07462686567164,0
45158,Carlton Blues,St Kilda Saints,2016-08-07,20,13.333333333333334,1.0,52.66666666666666,1.6666666666666667,6.666666666666667,13.2,1.2,56.4,2.0,8.4,12.6,1.5,60.3,1.7,10.0,164,17.225609756097562,1
45159,Fremantle Dockers,Geelong Cats,2025-03-15,1,13.333333333333334,0.0,55.66666666666666,3.6666666666666665,0.0,15.0,0.0,56.0,3.0,0.0,15.1,0.0,59.2,2.4,0.0,48,12.604166666666666,0
45160,North Melbourne Kangaroos,Sydney Swans,2022-08-07,21,7.333333333333333,0.0,30.0,0.6666666666666666,0.0,8.8,0.0,37.4,1.0,0.0,11.5,0.0,45.4,1.0,0.0,110,11.190909090909091,1
45161,Adelaide Crows,North Melbourne Kangaroos,2025-08-23,24,13.0,2.6666666666666665,67.66666666666667,0.3333333333333333,16.666666666666668,12.6,2.4,64.6,0.2,15.2,11.7,1.8,59.2,0.6,11.9,239,12.656903765690377,0
45162,Collingwood Magpies,St Kilda Saints,2005-07-22,17,7.0,0.3333333333333333,43.66666666666666,1.0,2.0,7.4,0.4,42.8,1.4,2.6,8.2,0.4,43.3,1.0,2.5,27,6.888888888888889,0
45163,North Melbourne Kangaroos,Brisbane Lions,2020-08-15,12,9.333333333333334,0.6666666666666666,43.333333333333336,2.6666666666666665,4.666666666666667,10.0,0.8,48.6,2.6,5.8,10.0,0.8,48.6,2.6,5.8,5,10.0,1
45164,Western Bulldogs,Geelong Cats,2022-06-03,12,6.666666666666667,0.6666666666666666,35.666666666666664,1.6666666666666667,5.0,8.0,1.2,44.2,2.0,7.8,8.6,0.9,41.7,1.4,6.2,131,18.70229007633588,1
45165,Carlton Blues,Greater Western Sydney Giants,2015-08-29,22,5.0,0.0,20.0,2.0,0.0,5.0,0.0,20.0,2.0,0.0,5.0,0.0,20.0,2.0,0.0,2,5.0,0
45166,Essendon Bombers,Fremantle Dockers,2003-05-04,6,11.0,0.0,30.0,0.0,0.0,11.0,0.0,30.0,0.0,0.0,11.0,0.0,30.0,0.0,0.0,1,11.0,0
45167,Carlton Blues,Essendon Bombers,2025-08-21,24,28.666666666666668,0.0,88.66666666666667,2.0,1.0,28.4,0.8,94.6,2.8,5.4,27.8,0.5,99.5,5.2,3.4,100,27.72,0
45169,Sydney Swans,Essendon Bombers,2013-06-01,10,7.0,0.5,30.5,2.0,3.5,7.0,0.5,30.5,2.0,3.5,7.0,0.5,30.5,2.0,3.5,2,7.0,1
45170,Fremantle Dockers,Port Adelaide Power,2024-08-25,24,7.333333333333333,2.0,42.0,1.0,12.333333333333334,8.2,1.8,44.2,0.6,11.2,9.0,1.2,45.9,1.5,8.0,182,15.104395604395604,1
45171,Gold Coast Suns,Adelaide Crows,2025-07-20,19,8.0,1.0,39.66666666666666,0.3333333333333333,7.333333333333333,7.0,0.8,34.2,1.0,5.8,7.6,1.1,39.5,1.3,7.6,20,6.55,0
45172,St Kilda Saints,Greater Western Sydney Giants,2025-08-24,24,31.0,0.6666666666666666,102.33333333333331,1.3333333333333333,5.0,32.6,1.6,121.0,2.4,10.8,32.9,1.0,122.9,2.1,6.9,68,23.91176470588235,0
45173,Hawthorn Hawks,Brisbane Lions,2014-03-22,1,,,,,,,,,,,,,,,,0,,1
45174,Essendon Bombers,Port Adelaide Power,2022-05-29,11,2.0,0.3333333333333333,21.0,2.333333333333333,2.6666666666666665,1.5,0.25,15.75,1.75,2.0,1.5,0.25,15.75,1.75,2.0,4,1.5,0
45175,North Melbourne Kangaroos,Adelaide Crows,2025-08-23,24,20.0,0.3333333333333333,84.0,6.333333333333333,2.0,14.6,0.2,60.8,4.4,1.2,14.3,0.2,64.5,5.4,1.3,38,16.973684210526315,1
45176,Greater Western Sydney Giants,Richmond Tigers,2025-05-31,12,17.0,0.6666666666666666,61.333333333333336,1.0,4.333333333333333,18.8,0.8,68.2,1.2,5.0,16.5,0.7,59.6,1.2,4.4,260,22.1,1
45177,Hawthorn Hawks,Brisbane Lions,2025-08-24,24,19.33333333333333,0.0,65.66666666666667,2.333333333333333,0.0,21.2,0.2,78.2,4.0,1.2,20.5,0.1,78.9,4.4,0.7,51,19.686274509803923,0
45178,Port Adelaide Power,Melbourne Demons,2006-07-01,13,5.0,1.0,35.0,1.0,6.0,5.0,1.0,35.0,1.0,6.0,5.0,1.0,35.0,1.0,6.0,1,5.0,0
45179,Sydney Swans,West Coast Eagles,2025-08-23,24,25.0,0.6666666666666666,95.66666666666669,3.0,4.0,24.0,0.6,92.8,3.6,4.4,22.2,0.6,86.8,3.7,4.7,73,22.315068493150687,0
45180,Sydney Swans,West Coast Eagles,2025-08-23,24,12.333333333333334,0.0,39.0,2.0,0.3333333333333333,12.2,0.4,44.0,2.0,2.8,10.6,0.4,40.6,1.7,2.8,16,9.1875,0
45181,Gold Coast Suns,West Coast Eagles,2014-08-31,23,12.333333333333334,0.0,40.333333333333336,0.6666666666666666,0.3333333333333333,11.6,0.0,37.8,0.6,0.2,10.9,0.0,39.6,1.0,0.1,67,11.149253731343284,1
45182,Carlton Blues,Collingwood Magpies,2015-05-01,5,6.0,0.3333333333333333,59.66666666666666,2.333333333333333,2.0,5.4,0.2,54.4,2.2,1.2,7.9,0.4,63.8,2.0,2.4,69,10.115942028985508,1
45183,North Melbourne Kangaroos,Brisbane Lions,2011-07-23,18,6.666666666666667,0.3333333333333333,43.333333333333336,2.0,2.0,9.0,0.8,51.6,2.2,5.0,10.8,1.1,57.2,1.6,7.3,21,10.714285714285714,1
45184,North Melbourne Kangaroos,Brisbane Lions,2014-06-28,15,,,,,,,,,,,,,,,,0,,0
45186,Essendon Bombers,Carlton Blues,2022-06-10,13,8.0,1.3333333333333333,45.0,2.6666666666666665,8.666666666666666,8.8,1.2,44.2,2.2,7.8,9.8,1.4,49.0,1.9,9.0,17,9.764705882352942,1
45187,West Coast Eagles,Adelaide Crows,2025-05-25,11,10.666666666666666,1.3333333333333333,57.333333333333336,0.3333333333333333,9.333333333333334,10.8,1.6,60.6,0.6,10.8,11.2,1.9,62.7,0.4,12.5,76,11.460526315789474,0
45188,West Coast Eagles,Adelaide Crows,2013-07-06,15,20.0,0.0,84.66666666666667,1.6666666666666667,0.0,18.6,0.0,81.0,2.2,0.0,18.6,0.1,76.3,1.8,0.6,119,18.915966386554626,0
45189,North Melbourne Kangaroos,West Coast Eagles,2005-07-08,15,7.666666666666667,0.3333333333333333,31.33333333333333,0.3333333333333333,2.0,7.666666666666667,0.3333333333333333,31.33333333333333,0.3333333333333333,2.0,7.666666666666667,0.3333333333333333,31.33333333333333,0.3333333333333333,2.0,3,7.666666666666667,1
45190,West Coast Eagles,North Melbourne Kangaroos,2019-07-27,19,,,,,,,,,,,,,,,,0,,1
45191,Essendon Bombers,Fremantle Dockers,2017-08-27,23,15.666666666666666,0.3333333333333333,55.0,2.333333333333333,2.333333333333333,19.4,0.2,63.0,2.8,1.4,21.3,0.2,81.5,4.1,1.6,171,24.473684210526315,1
45192,Hawthorn Hawks,Brisbane Lions,2025-08-24,24,14.666666666666666,1.6666666666666667,56.66666666666666,2.333333333333333,11.0,13.0,1.4,47.2,2.0,9.2,11.5,1.3,46.0,2.0,8.2,27,11.703703703703704,0
45193,Carlton Blues,Hawthorn Hawks,2015-09-05,23,10.333333333333334,2.0,59.0,1.6666666666666667,12.333333333333334,11.2,1.2,54.8,1.8,7.6,11.1,0.8,51.7,1.4,5.1,21,11.61904761904762,0
45194,St Kilda Saints,West Coast Eagles,2006-03-30,1,2.6666666666666665,0.3333333333333333,13.666666666666666,1.0,2.0,3.6,0.4,18.8,1.2,2.4,3.6,0.4,18.8,1.2,2.4,5,3.6,0
45195,Fremantle Dockers,St Kilda Saints,2021-08-22,23,9.666666666666666,0.0,44.0,1.0,0.0,10.0,0.0,41.6,0.6,0.0,10.25,0.0,44.5,0.875,0.0,8,10.25,0
45196,Port Adelaide Power,Carlton Blues,2019-03-30,2,17.333333333333332,0.3333333333333333,64.66666666666667,1.6666666666666667,2.0,15.6,0.2,60.0,1.8,1.2,14.9,0.8,63.2,2.2,4.9,147,15.408163265306122,1
45197,Richmond Tigers,Gold Coast Suns,2012-07-14,16,3.333333333333333,0.3333333333333333,17.333333333333332,1.0,2.0,4.4,0.2,22.4,1.2,1.2,10.1,0.3,39.0,1.1,1.8,12,10.916666666666666,1
45198,Western Bulldogs,Port Adelaide Power,2018-06-14,13,10.333333333333334,0.0,47.66666666666666,3.6666666666666665,0.3333333333333333,11.4,0.4,48.4,3.0,2.8,11.4,0.2,45.2,2.7,1.5,17,11.058823529411764,0
45199,Fremantle Dockers,Collingwood Magpies,2007-06-01,10,14.666666666666666,1.0,62.66666666666666,1.6666666666666667,6.666666666666667,13.0,0.6,57.0,1.6,4.0,13.3,0.5,59.6,2.1,3.3,23,10.826086956521738,0
45200,St Kilda Saints,Hawthorn Hawks,2025-07-05,17,9.666666666666666,0.0,48.333333333333336,1.3333333333333333,0.0,11.4,0.0,54.6,2.0,0.0,11.1,0.0,48.2,1.4,0.0,140,15.621428571428572,1
45201,Hawthorn Hawks,Geelong Cats,2025-09-19,PF,14.333333333333334,0.3333333333333333,67.33333333333333,3.0,3.6666666666666665,16.8,0.4,75.4,3.0,3.4,18.0,0.6,76.5,1.9,4.2,59,15.694915254237287,0
45202,West Coast Eagles,Essendon Bombers,2011-05-08,7,,,,,,,,,,,,,,,,0,,0
45203,Melbourne Demons,Western Bulldogs,2008-03-29,2,9.0,0.0,32.0,1.0,0.0,9.0,0.0,32.0,1.0,0.0,9.0,0.0,32.0,1.0,0.0,1,9.0,1
45204,Greater Western Sydney Giants,St Kilda Saints,2025-08-24,24,8.666666666666666,0.0,34.666666666666664,1.6666666666666667,0.0,11.6,0.2,52.2,3.2,1.2,12.7,0.2,50.6,2.6,1.3,29,12.06896551724138,1
45205,Western Bulldogs,Greater Western Sydney Giants,2024-08-25,24,11.333333333333334,1.3333333333333333,56.333333333333336,2.333333333333333,10.0,11.4,1.0,58.0,3.2,7.8,11.1,1.4,60.7,3.4,9.6,56,10.303571428571429,1
45206,Essendon Bombers,Sydney Swans,2024-08-16,23,7.666666666666667,0.6666666666666666,36.66666666666666,0.3333333333333333,4.0,8.0,0.4,39.0,0.8,2.6,8.2,0.4,40.2,0.9,3.2,52,9.01923076923077,1
45207,Carlton Blues,Essendon Bombers,2025-08-21,24,11.0,0.0,44.0,0.6666666666666666,0.0,11.2,0.0,46.4,0.8,0.0,13.3,0.0,58.4,0.9,0.0,164,13.884146341463415,0
45208,Gold Coast Suns,Brisbane Lions,2025-09-13,SF,15.666666666666666,0.0,47.0,1.0,0.0,16.0,0.0,52.6,2.0,0.0,15.1,0.2,54.7,2.5,1.4,124,18.79032258064516,0
45209,Richmond Tigers,Collingwood Magpies,2019-03-28,2,13.0,0.6666666666666666,59.333333333333336,3.6666666666666665,4.666666666666667,14.4,0.4,60.2,3.8,3.0,15.3,0.5,64.4,3.6,3.7,106,15.650943396226417,1
45210,Richmond Tigers,Sydney Swans,2004-08-28,22,9.666666666666666,1.0,48.66666666666666,1.3333333333333333,7.0,8.8,0.8,44.6,1.6,5.4,8.666666666666666,0.6666666666666666,44.66666666666666,2.0,4.5,6,8.666666666666666,1
45211,West Coast Eagles,Carlton Blues,2017-08-12,21,16.333333333333332,0.0,58.333333333333336,1.6666666666666667,0.3333333333333333,16.8,0.0,65.0,2.8,0.4,19.2,0.0,70.1,2.4,0.2,126,18.063492063492063,1
45212,Collingwood Magpies,Sydney Swans,2019-05-24,10,8.666666666666666,0.3333333333333333,33.333333333333336,1.0,2.333333333333333,15.2,0.8,62.2,1.6,5.2,16.6,0.9,67.6,1.5,5.8,204,19.47058823529412,0
45213,Essendon Bombers,Port Adelaide Power,2011-08-28,23,4.0,0.6666666666666666,26.666666666666668,2.0,4.0,7.0,0.4,34.0,2.4,2.6,12.3,0.3,60.2,4.9,1.9,132,16.424242424242426,1
45214,Port Adelaide Power,Sydney Swans,2020-08-29,14,9.333333333333334,0.6666666666666666,55.66666666666666,2.333333333333333,5.0,8.2,0.4,44.4,2.0,3.0,10.1,0.9,52.8,1.6,5.8,279,16.00716845878136,1
45215,Fremantle Dockers,St Kilda Saints,2021-08-22,23,6.0,0.0,22.666666666666668,1.6666666666666667,0.0,6.0,0.0,22.666666666666668,1.6666666666666667,0.0,6.0,0.0,22.666666666666668,1.6666666666666667,0.0,3,6.0,0
45216,Port Adelaide Power,Western Bulldogs,2009-06-13,12,10.0,0.6666666666666666,45.333333333333336,2.333333333333333,4.666666666666667,9.8,1.0,48.6,2.0,7.2,9.8,1.0,48.6,2.0,7.2,5,9.8,0
45217,West Coast Eagles,Essendon Bombers,2023-05-27,11,8.333333333333334,0.3333333333333333,30.666666666666668,1.6666666666666667,2.333333333333333,8.4,0.2,33.4,2.0,1.8,9.8,0.4,38.3,2.5,2.7,17,11.117647058823527,1
45218,Western Bulldogs,Fremantle Dockers,2025-08-24,24,10.333333333333334,1.6666666666666667,52.66666666666666,2.0,10.333333333333334,12.2,2.4,69.8,2.8,15.2,13.0,1.7,64.2,3.0,11.0,64,12.1875,1
45219,Brisbane Lions,Fremantle Dockers,2016-06-11,12,7.333333333333333,0.0,38.0,1.3333333333333333,0.0,7.8,0.4,52.8,1.8,2.4,9.5,0.5,61.4,2.0,3.0,51,8.96078431372549,1
45220,Carlton Blues,Gold Coast Suns,2016-04-09,3,16.0,0.0,59.333333333333336,3.333333333333333,0.3333333333333333,15.2,0.2,62.4,3.8,1.6,13.4,0.2,58.4,4.3,1.4,18,11.833333333333334,0
45221,Hawthorn Hawks,Essendon Bombers,2018-08-04,20,17.333333333333332,0.3333333333333333,72.0,2.333333333333333,2.6666666666666665,15.6,0.2,66.2,3.0,1.8,15.9,0.4,68.7,2.8,2.8,82,16.21951219512195,1
45222,St Kilda Saints,Gold Coast Suns,2019-06-15,13,11.666666666666666,0.0,44.66666666666666,1.6666666666666667,0.0,12.4,0.0,50.6,3.0,0.0,12.6,0.1,49.2,1.9,0.6,10,12.6,0
45223,Port Adelaide Power,North Melbourne Kangaroos,2008-08-30,22,11.666666666666666,1.0,45.66666666666666,1.3333333333333333,6.333333333333333,11.8,0.6,46.0,1.4,3.8,11.8,0.6,54.1,1.3,4.1,44,11.0,0
45224,Collingwood Magpies,St Kilda Saints,2017-04-16,4,14.666666666666666,1.3333333333333333,73.66666666666667,2.0,9.333333333333334,14.4,1.8,82.0,2.2,12.6,12.9,1.4,69.9,2.3,9.7,96,10.208333333333334,1
45225,North Melbourne Kangaroos,West Coast Eagles,2010-08-22,21,11.0,0.0,57.0,4.0,0.0,11.0,0.0,57.0,4.0,0.0,11.0,0.0,57.0,4.0,0.0,1,11.0,0
45226,Port Adelaide Power,St Kilda Saints,2017-07-29,19,11.666666666666666,0.3333333333333333,41.66666666666666,2.333333333333333,2.0,14.6,0.4,60.6,2.4,3.2,13.5,0.7,61.7,2.9,5.0,127,12.606299212598426,1
45227,Melbourne Demons,Sydney Swans,2017-06-30,15,14.666666666666666,0.0,55.66666666666666,2.333333333333333,0.0,14.666666666666666,0.0,55.66666666666666,2.333333333333333,0.0,14.666666666666666,0.0,55.66666666666666,2.333333333333333,0.0,3,14.666666666666666,1
45228,Carlton Blues,Geelong Cats,2017-07-29,19,14.0,0.0,58.66666666666666,2.0,0.0,13.8,0.0,57.8,2.0,0.0,13.9,0.0,58.9,2.3,0.1,67,12.373134328358208,1
45229,St Kilda Saints,Adelaide Crows,2014-08-31,23,6.0,3.0,44.0,1.0,18.0,6.0,3.0,44.0,1.0,18.0,6.0,3.0,44.0,1.0,18.0,1,6.0,0
45230,Greater Western Sydney Giants,St Kilda Saints,2025-08-24,24,27.666666666666668,0.0,104.0,2.0,0.3333333333333333,27.8,0.0,106.0,2.2,0.2,26.0,0.0,98.9,2.3,0.2,190,24.626315789473683,1
45231,North Melbourne Kangaroos,Brisbane Lions,2007-08-04,18,6.5,2.0,40.5,1.5,13.0,6.5,2.0,40.5,1.5,13.0,6.5,2.0,40.5,1.5,13.0,2,6.5,0
45232,Geelong Cats,Carlton Blues,2023-03-23,2,,,,,,,,,,,,,,,,0,,0
45233,Carlton Blues,Melbourne Demons,2009-08-22,21,14.0,0.0,51.66666666666666,3.0,0.0,14.2,0.0,61.8,3.6,0.2,14.9,0.4,69.4,2.9,3.0,94,10.436170212765957,1
45234,Sydney Swans,West Coast Eagles,2025-08-23,24,16.0,0.0,57.66666666666666,2.0,0.0,15.6,0.0,61.6,2.8,0.2,14.1,0.0,55.1,2.4,0.2,69,10.91304347826087,0
45235,Western Bulldogs,Melbourne Demons,2008-07-13,15,10.666666666666666,0.3333333333333333,53.66666666666666,2.6666666666666665,2.0,10.6,0.6,51.2,2.4,4.0,8.3,0.5,41.9,2.1,3.3,23,7.478260869565218,1
45236,St Kilda Saints,Greater Western Sydney Giants,2025-08-24,24,18.666666666666668,0.0,84.66666666666667,1.0,0.0,17.0,0.0,76.0,1.6,0.0,17.4,0.0,77.0,1.4,0.0,118,16.677966101694917,0
45237,Gold Coast Suns,Greater Western Sydney Giants,2013-09-01,23,11.333333333333334,0.0,34.666666666666664,1.6666666666666667,0.0,11.0,0.0,32.8,1.4,0.0,9.7,0.0,36.5,2.5,0.0,19,10.578947368421051,1
45238,Carlton Blues,Richmond Tigers,2022-03-17,1,11.666666666666666,0.0,48.333333333333336,1.3333333333333333,0.0,12.2,0.4,55.0,2.2,2.6,11.2,0.2,45.8,1.4,1.5,34,11.441176470588236,1
45239,Western Bulldogs,Fremantle Dockers,2025-08-24,24,18.33333333333333,0.3333333333333333,77.0,2.333333333333333,3.0,19.8,0.2,78.6,2.0,1.8,20.1,0.1,83.7,2.1,0.9,130,16.915384615384614,1
45240,West Coast Eagles,Sydney Swans,2025-08-23,24,8.333333333333334,0.0,45.0,2.333333333333333,0.3333333333333333,8.8,0.4,47.0,1.8,2.6,8.7,0.8,50.0,1.7,5.2,87,10.344827586206897,1
45241,Port Adelaide Power,Geelong Cats,2025-08-03,21,7.666666666666667,0.0,31.0,0.3333333333333333,0.0,9.8,0.0,40.0,0.4,0.0,11.3,0.0,43.2,0.3,0.0,18,13.055555555555555,0
45242,West Coast Eagles,Richmond Tigers,2025-07-19,19,6.333333333333333,1.0,35.666666666666664,1.0,7.0,7.8,1.2,46.6,1.2,8.2,8.4,1.4,49.3,1.6,9.2,34,7.529411764705882,1
45244,North Melbourne Kangaroos,Collingwood Magpies,2017-08-05,20,14.0,1.0,65.0,3.0,6.0,14.0,1.0,65.0,3.0,6.0,14.0,1.0,65.0,3.0,6.0,1,14.0,1
45245,Essendon Bombers,West Coast Eagles,2010-04-16,4,8.333333333333334,1.3333333333333333,37.0,0.6666666666666666,8.0,8.6,1.4,41.6,1.0,8.6,10.5,1.2,50.3,1.3,7.4,88,8.522727272727273,0
45246,North Melbourne Kangaroos,Port Adelaide Power,2020-09-05,16,13.0,0.0,53.0,1.0,0.0,11.2,0.0,43.4,1.0,0.2,14.2,0.0,48.9,1.3,0.1,108,16.814814814814813,1
45247,Port Adelaide Power,Collingwood Magpies,2008-08-15,20,,,,,,,,,,,,,,,,0,,1
45248,Western Bulldogs,Brisbane Lions,2014-06-07,12,11.333333333333334,0.3333333333333333,47.0,0.3333333333333333,2.333333333333333,10.6,0.4,45.4,1.0,2.6,11.1,0.5,49.1,1.1,3.4,66,11.090909090909092,1
45249,Carlton Blues,Essendon Bombers,2025-08-21,24,18.33333333333333,1.0,66.66666666666667,2.0,6.0,17.8,0.6,62.2,2.0,3.8,16.3,1.0,64.7,2.0,6.6,133,18.67669172932331,0
45250,Brisbane Lions,Essendon Bombers,2016-07-24,18,12.0,0.0,48.5,3.0,0.0,12.0,0.0,48.5,3.0,0.0,12.0,0.0,48.5,3.0,0.0,2,12.0,0
45251,Gold Coast Suns,Carlton Blues,2017-06-17,13,10.666666666666666,0.0,37.333333333333336,2.333333333333333,0.0,10.666666666666666,0.0,37.333333333333336,2.333333333333333,0.0,10.666666666666666,0.0,37.333333333333336,2.333333333333333,0.0,3,10.666666666666666,1
45252,Port Adelaide Power,Fremantle Dockers,2006-09-02,22,9.0,0.0,33.0,0.0,0.5,9.0,0.0,33.0,0.0,0.5,9.0,0.0,33.0,0.0,0.5,2,9.0,0
45253,Hawthorn Hawks,Port Adelaide Power,2017-06-01,11,9.0,0.0,40.0,3.0,0.0,9.0,0.0,40.0,3.0,0.0,9.0,0.0,40.0,3.0,0.0,1,9.0,0
45254,Collingwood Magpies,Melbourne Demons,2020-08-15,12,17.666666666666668,0.0,56.333333333333336,4.0,0.0,17.0,0.0,61.2,4.8,0.0,17.1,0.0,65.0,5.4,0.0,16,17.125,0
45255,Brisbane Lions,Geelong Cats,2025-09-05,QF,25.0,0.6666666666666666,98.33333333333331,1.6666666666666667,4.0,22.8,0.6,90.0,2.0,3.6,21.4,0.4,87.8,2.0,2.4,52,18.903846153846157,0
45256,West Coast Eagles,Gold Coast Suns,2014-08-31,23,15.333333333333334,0.0,59.0,1.6666666666666667,0.0,15.6,0.0,56.8,1.2,0.0,16.5,0.0,62.375,1.0,0.0,8,16.5,0
45257,West Coast Eagles,Geelong Cats,2010-08-28,22,11.0,1.6666666666666667,64.0,1.0,12.0,10.8,1.6,60.8,0.8,11.2,10.5,1.6666666666666667,59.833333333333336,0.8333333333333334,11.5,6,10.5,0
45258,St Kilda Saints,Essendon Bombers,2025-08-15,23,10.0,0.0,48.0,3.333333333333333,0.0,11.2,0.4,49.8,2.6,2.4,13.0,0.6,54.9,2.0,3.6,31,14.35483870967742,0
45259,Fremantle Dockers,Adelaide Crows,2023-04-08,4,17.0,0.0,65.66666666666667,0.3333333333333333,0.0,17.2,0.0,63.8,0.4,0.0,16.5,0.0,60.8,0.7,0.1,127,15.21259842519685,0
45260,Adelaide Crows,Carlton Blues,2019-07-27,19,12.0,0.0,51.0,2.0,0.0,12.0,0.0,51.0,2.0,0.0,12.0,0.0,51.0,2.0,0.0,1,12.0,0
45261,Collingwood Magpies,St Kilda Saints,2023-04-16,5,7.666666666666667,0.6666666666666666,32.333333333333336,0.6666666666666666,4.0,9.2,0.4,34.4,0.8,2.4,10.5,0.3333333333333333,36.66666666666666,0.8333333333333334,2.0,6,10.5,1
45262,West Coast Eagles,Adelaide Crows,2003-08-09,19,5.0,1.0,31.33333333333333,0.6666666666666666,7.333333333333333,6.2,1.8,41.6,0.6,12.4,6.4,1.8,42.4,0.4,12.4,28,7.535714285714286,1
45263,Essendon Bombers,Hawthorn Hawks,2015-06-27,13,14.0,1.3333333333333333,67.0,2.0,8.666666666666666,15.6,1.0,66.6,2.6,6.6,17.3,0.8,74.8,2.5,5.2,96,15.9375,0
45264,West Coast Eagles,Adelaide Crows,2022-06-04,12,7.333333333333333,1.0,33.333333333333336,1.0,6.666666666666667,6.75,1.0,31.5,1.0,6.5,6.75,1.0,31.5,1.0,6.5,4,6.75,0
45265,Melbourne Demons,Western Bulldogs,2025-08-10,22,13.666666666666666,0.0,53.0,3.0,0.6666666666666666,10.4,0.0,42.2,2.4,0.4,11.7,0.1,46.7,2.1,0.9,23,13.173913043478262,1
45266,St Kilda Saints,Greater Western Sydney Giants,2025-08-24,24,26.0,0.0,96.0,3.333333333333333,0.0,24.4,0.0,92.0,3.6,0.0,23.7,0.2,87.6,3.3,1.2,74,17.2027027027027,0
45267,Hawthorn Hawks,Western Bulldogs,2023-08-13,22,23.0,1.6666666666666667,96.33333333333331,3.0,10.333333333333334,20.6,1.4,86.0,2.6,9.0,16.2,1.0,68.9,2.4,6.7,171,17.83625730994152,1
45268,Port Adelaide Power,Carlton Blues,2025-08-16,23,27.33333333333333,0.0,91.0,4.666666666666667,0.0,26.6,0.0,90.6,4.2,0.0,26.1,0.1,95.4,4.9,0.6,210,25.080952380952382,0
45269,St Kilda Saints,Fremantle Dockers,2011-05-28,10,,,,,,,,,,,,,,,,0,,0
45270,West Coast Eagles,Carlton Blues,2024-08-18,23,18.666666666666668,0.0,66.66666666666667,3.0,0.0,17.2,0.0,63.4,2.4,0.0,15.6,0.0,54.7,1.4,0.0,95,20.105263157894736,1
45271,Gold Coast Suns,Essendon Bombers,2025-08-27,24,12.0,0.3333333333333333,100.33333333333331,3.333333333333333,2.0,12.0,0.2,95.6,3.2,1.2,11.7,0.1,92.2,3.8,0.6,159,12.57861635220126,1
45272,Melbourne Demons,North Melbourne Kangaroos,2025-03-23,2,7.666666666666667,0.3333333333333333,32.0,0.6666666666666666,2.0,7.0,0.2,31.4,1.4,1.2,7.9,0.1,33.9,1.4,0.8,17,7.294117647058823,0
45273,Melbourne Demons,Gold Coast Suns,2011-04-17,4,9.0,1.0,53.333333333333336,3.333333333333333,8.0,9.4,1.0,57.0,4.2,7.4,9.7,0.9,56.4,3.8,6.4,19,9.894736842105264,0
45274,Port Adelaide Power,Greater Western Sydney Giants,2021-08-01,20,9.0,0.6666666666666666,42.0,2.0,4.666666666666667,10.6,0.6,48.0,2.2,4.0,10.77777777777778,0.6666666666666666,47.55555555555556,2.0,4.555555555555555,9,10.77777777777778,0
45275,Fremantle Dockers,Richmond Tigers,2005-04-17,4,7.666666666666667,0.6666666666666666,36.333333333333336,1.3333333333333333,4.0,9.4,0.4,38.4,1.0,2.4,11.3,0.3,47.4,1.4,1.8,47,11.829787234042554,0
45276,Hawthorn Hawks,Western Bulldogs,2014-08-03,19,3.0,0.0,8.0,0.0,0.0,3.0,0.0,8.0,0.0,0.0,3.0,0.0,8.0,0.0,0.0,1,3.0,1
45277,Western Bulldogs,Port Adelaide Power,2021-08-20,23,13.333333333333334,0.3333333333333333,54.333333333333336,2.0,2.0,12.2,0.4,55.4,2.2,2.4,11.6,0.2,51.6,2.0,1.2,144,13.791666666666666,1
45278,Carlton Blues,Hawthorn Hawks,2015-09-05,23,4.666666666666667,0.0,26.666666666666668,1.0,0.0,8.6,0.0,47.6,1.6,0.2,9.3,0.4,53.3,1.5,2.5,71,10.070422535211268,0
45279,St Kilda Saints,Greater Western Sydney Giants,2025-08-24,24,14.0,1.0,71.66666666666667,1.0,7.0,13.8,1.2,68.6,1.4,8.0,15.3,1.0,71.2,1.7,7.0,155,15.432258064516128,0
45280,Fremantle Dockers,Western Bulldogs,2025-08-24,24,14.333333333333334,0.0,61.0,3.6666666666666665,0.6666666666666666,14.2,0.0,57.6,3.0,0.6,14.4,0.0,56.7,2.5,0.4,26,12.692307692307692,0
45281,Hawthorn Hawks,Brisbane Lions,2025-08-24,24,20.33333333333333,0.3333333333333333,61.0,2.333333333333333,2.0,20.8,0.2,73.8,4.6,1.2,20.1,0.2,73.0,4.8,1.4,109,22.55963302752293,0
45282,Adelaide Crows,North Melbourne Kangaroos,2025-08-23,24,20.666666666666668,0.0,83.33333333333333,2.0,0.0,21.2,0.0,82.0,1.8,0.0,20.4,0.0,79.2,1.3,0.0,41,17.609756097560975,0
45283,Carlton Blues,Adelaide Crows,2018-08-25,23,12.0,1.6666666666666667,60.66666666666666,1.0,10.666666666666666,13.6,1.4,67.0,2.2,9.2,12.4,1.0,60.9,2.0,6.7,120,16.808333333333334,1
45284,St Kilda Saints,Port Adelaide Power,2018-07-07,16,9.333333333333334,0.6666666666666666,44.66666666666666,3.333333333333333,4.666666666666667,8.8,0.8,42.6,3.0,5.4,9.4,0.6,46.9,3.5,4.2,29,10.517241379310343,0
45285,Essendon Bombers,Gold Coast Suns,2025-08-27,24,10.666666666666666,1.0,63.333333333333336,2.0,6.666666666666667,11.2,1.4,70.0,1.8,9.6,10.1,1.4,66.5,2.0,9.4,124,11.483870967741936,0
45286,North Melbourne Kangaroos,Port Adelaide Power,2019-04-26,6,22.0,0.0,76.0,2.0,0.0,19.8,0.0,71.4,2.0,0.0,19.6,0.0,71.3,1.4,0.0,101,15.92079207920792,0
45287,Brisbane Lions,Richmond Tigers,2012-08-04,19,8.0,0.0,33.0,3.0,0.0,8.0,0.0,33.0,3.0,0.0,8.0,0.0,33.0,3.0,0.0,1,8.0,1
45288,St Kilda Saints,West Coast Eagles,2003-08-03,18,10.333333333333334,0.6666666666666666,36.0,0.0,4.666666666666667,10.6,0.6,42.6,0.2,4.2,10.0,0.9,42.7,0.4,6.2,25,10.2,1
45289,North Melbourne Kangaroos,Adelaide Crows,2025-08-23,24,13.333333333333334,0.0,102.0,10.333333333333334,0.0,15.0,0.0,99.0,7.8,0.0,15.0,0.1,101.1,7.5,0.6,62,13.0,1
45290,Collingwood Magpies,Hawthorn Hawks,2012-03-30,1,,,,,,,,,,,,,,,,0,,0
45291,Carlton Blues,Greater Western Sydney Giants,2015-08-29,22,15.666666666666666,0.0,78.66666666666667,4.333333333333333,0.3333333333333333,18.2,0.2,81.8,3.2,1.4,17.2,0.2,71.9,2.5,1.4,93,15.32258064516129,0
45292,Fremantle Dockers,Western Bulldogs,2016-08-28,23,13.666666666666666,2.0,67.33333333333333,1.6666666666666667,13.333333333333334,11.8,1.8,60.8,2.0,11.8,11.8,1.8,60.8,2.0,11.8,5,11.8,1
45293,West Coast Eagles,Geelong Cats,2024-08-24,24,23.666666666666668,0.6666666666666666,93.0,6.0,4.333333333333333,23.2,0.6,92.2,5.6,3.8,21.4,0.5,92.8,7.3,3.4,167,19.508982035928145,0
45294,Gold Coast Suns,Greater Western Sydney Giants,2019-08-24,23,12.666666666666666,0.6666666666666666,53.0,2.6666666666666665,4.333333333333333,12.6,0.4,54.0,3.8,2.6,14.2,1.0,65.2,3.8,6.5,84,12.69047619047619,1
45295,Collingwood Magpies,Brisbane Lions,2014-08-16,21,13.333333333333334,0.6666666666666666,61.0,2.0,5.0,15.0,1.0,69.0,2.8,6.6,17.5,0.5,79.3,3.6,3.4,110,16.054545454545455,1
45296,Fremantle Dockers,Western Bulldogs,2025-08-24,24,17.333333333333332,1.6666666666666667,75.66666666666667,2.6666666666666665,10.0,18.0,1.0,73.0,3.0,6.4,20.4,0.8,80.6,4.2,5.4,67,20.64179104477612,0
45297,Carlton Blues,Port Adelaide Power,2025-08-16,23,10.666666666666666,0.0,37.333333333333336,1.0,0.0,9.6,0.4,44.4,1.6,2.6,11.7,0.3,52.1,1.3,1.9,57,12.666666666666666,1
45298,North Melbourne Kangaroos,West Coast Eagles,2023-07-30,20,13.333333333333334,0.0,50.66666666666666,2.0,0.3333333333333333,16.8,0.0,63.0,1.6,0.2,15.4,0.1,68.1,3.2,0.7,33,12.87878787878788,0
45299,St Kilda Saints,Port Adelaide Power,2019-06-02,11,5.0,0.0,18.0,0.0,0.0,5.0,0.0,18.0,0.0,0.0,5.0,0.0,18.0,0.0,0.0,1,5.0,1
45300,Carlton Blues,Sydney Swans,2007-07-15,15,12.333333333333334,0.6666666666666666,60.0,4.0,4.333333333333333,12.333333333333334,0.6666666666666666,60.0,4.0,4.333333333333333,12.333333333333334,0.6666666666666666,60.0,4.0,4.333333333333333,3,12.333333333333334,0
45301,Western Bulldogs,Greater Western Sydney Giants,2014-08-31,23,12.0,0.3333333333333333,44.333333333333336,1.0,2.0,13.6,0.2,51.0,1.6,1.4,14.3,0.3,54.8,2.0,2.0,24,13.916666666666666,1
45302,Richmond Tigers,Geelong Cats,2025-08-23,24,13.666666666666666,0.0,57.66666666666666,1.0,0.0,12.6,0.0,52.4,0.6,0.0,11.7,0.0,50.1,0.8,0.0,28,9.75,1
45303,Adelaide Crows,Collingwood Magpies,2010-08-21,21,10.0,0.0,36.0,0.0,0.0,10.0,0.0,36.0,0.0,0.0,10.0,0.0,36.0,0.0,0.0,1,10.0,0
45304,Essendon Bombers,Greater Western Sydney Giants,2021-07-25,19,9.666666666666666,0.0,37.0,1.3333333333333333,0.0,11.0,0.2,44.8,2.0,1.4,10.1,0.6,42.7,1.9,3.7,180,21.13888888888889,1
45305,Port Adelaide Power,Gold Coast Suns,2025-08-22,24,10.333333333333334,0.0,46.333333333333336,1.6666666666666667,0.0,11.4,0.0,47.0,1.8,0.0,10.5,0.0,46.2,1.8,0.0,87,11.183908045977011,1
45306,North Melbourne Kangaroos,Richmond Tigers,2023-08-19,23,22.33333333333333,0.0,88.0,2.333333333333333,0.0,17.4,0.2,70.8,2.2,1.4,18.4,0.1,73.9,1.6,0.8,222,19.0990990990991,0
45307,Brisbane Lions,Geelong Cats,2025-09-05,QF,25.666666666666668,0.0,99.66666666666669,1.3333333333333333,0.3333333333333333,22.6,0.0,86.8,2.0,0.2,24.8,0.0,95.8,2.1,0.3,224,22.013392857142858,0
45308,North Melbourne Kangaroos,Greater Western Sydney Giants,2025-08-10,22,10.666666666666666,1.6666666666666667,61.333333333333336,1.6666666666666667,11.666666666666666,11.0,2.0,62.2,1.8,13.6,9.9,1.8,57.8,2.3,11.9,105,12.238095238095235,0
45309,Richmond Tigers,West Coast Eagles,2009-08-28,22,16.0,0.3333333333333333,59.333333333333336,1.6666666666666667,2.333333333333333,17.4,1.0,67.6,1.8,6.4,19.2,1.0,77.8,2.0,6.7,171,17.801169590643276,0
45310,North Melbourne Kangaroos,Geelong Cats,2025-07-26,20,6.333333333333333,0.0,43.66666666666666,3.333333333333333,0.0,5.6,0.0,35.6,2.4,0.0,6.285714285714286,0.0,35.857142857142854,2.142857142857143,0.0,7,6.285714285714286,1
45311,North Melbourne Kangaroos,Essendon Bombers,2001-03-30,1,9.333333333333334,1.0,42.66666666666666,1.6666666666666667,6.666666666666667,9.4,1.0,41.8,1.4,6.6,10.5,1.3,48.7,1.8,8.4,83,12.156626506024097,1
45312,West Coast Eagles,Brisbane Lions,2005-07-16,16,11.666666666666666,0.6666666666666666,57.333333333333336,3.0,4.333333333333333,11.4,1.0,58.4,3.4,6.6,11.5,1.0,57.6,2.6,6.7,45,11.77777777777778,1
45313,West Coast Eagles,North Melbourne Kangaroos,2021-07-12,17,7.333333333333333,0.0,23.666666666666668,1.3333333333333333,0.3333333333333333,9.6,0.0,32.6,1.4,0.4,9.7,0.2,39.4,1.6,1.5,38,13.421052631578949,1
45314,Brisbane Lions,Geelong Cats,2025-09-05,QF,16.0,0.6666666666666666,73.33333333333333,0.6666666666666666,5.666666666666667,14.2,0.6,64.2,0.8,4.8,14.3,0.5,66.2,1.6,4.4,114,12.307017543859647,0
45315,Sydney Swans,St Kilda Saints,2001-05-05,6,10.0,1.6666666666666667,42.0,1.0,10.333333333333334,10.0,2.0,48.2,0.8,13.2,12.2,2.0,60.3,1.6,13.4,54,9.425925925925926,0
45316,Western Bulldogs,Essendon Bombers,2010-05-28,10,21.33333333333333,0.0,84.33333333333333,3.333333333333333,0.6666666666666666,21.2,0.6,90.4,3.6,4.6,20.9,1.2,93.2,4.2,8.4,244,17.971311475409838,0
45317,Essendon Bombers,Richmond Tigers,2003-08-17,20,9.0,1.0,52.333333333333336,0.3333333333333333,6.333333333333333,9.6,0.6,51.0,0.6,3.8,8.9,0.8,49.0,0.8,5.1,135,11.066666666666666,0
45318,Collingwood Magpies,Adelaide Crows,2025-08-16,23,14.666666666666666,0.3333333333333333,54.333333333333336,2.0,3.0,14.4,0.2,53.8,1.8,1.8,15.0,0.1,56.1,2.5,0.9,14,14.142857142857142,0
45319,Essendon Bombers,Melbourne Demons,2005-03-26,1,6.0,0.0,33.0,1.0,0.0,8.6,0.0,38.6,0.6,0.0,10.4,0.1,50.0,0.5,0.6,126,11.992063492063492,0
45320,Sydney Swans,Essendon Bombers,2000-06-11,14,5.666666666666667,0.6666666666666666,24.33333333333333,0.6666666666666666,4.666666666666667,8.6,1.6,41.4,0.6,10.6,9.7,1.2,42.7,0.5,7.9,187,12.379679144385026,1
45321,Essendon Bombers,West Coast Eagles,2005-06-10,12,12.333333333333334,0.0,54.333333333333336,2.0,0.0,10.4,0.0,44.2,1.6,0.0,11.0,0.3,47.2,1.2,1.8,46,13.826086956521738,0
45322,North Melbourne Kangaroos,Collingwood Magpies,2000-04-15,6,4.666666666666667,0.0,13.333333333333334,0.3333333333333333,0.0,4.2,0.2,11.8,0.2,1.2,5.0,0.1,15.8,0.5,0.8,17,7.235294117647059,0
45323,North Melbourne Kangaroos,Port Adelaide Power,2007-09-22,PF,14.333333333333334,0.0,60.66666666666666,1.6666666666666667,0.0,15.6,0.2,66.0,1.8,1.2,16.2,0.4,71.7,2.3,2.7,238,13.063025210084032,0
45324,Geelong Cats,Essendon Bombers,2000-05-20,11,11.666666666666666,1.0,54.66666666666666,1.0,6.0,12.6,1.0,58.6,1.2,6.2,20.7,0.6,82.6,1.9,4.2,45,13.933333333333334,0
45325,Brisbane Lions,Collingwood Magpies,2003-09-27,GF,11.0,0.0,40.333333333333336,1.3333333333333333,0.0,12.6,0.0,45.8,1.2,0.0,13.6,0.0,49.0,1.3,0.1,264,18.704545454545453,1
45326,Carlton Blues,Adelaide Crows,2001-04-21,4,8.333333333333334,1.0,32.666666666666664,0.0,6.333333333333333,10.0,1.2,43.4,0.6,7.6,9.5,0.7,37.1,0.6,4.7,13,9.615384615384617,1
45327,St Kilda Saints,Geelong Cats,2011-06-18,13,9.0,0.3333333333333333,45.66666666666666,2.333333333333333,2.0,9.2,0.2,43.4,2.0,1.4,15.4,0.1,68.3,3.0,0.7,152,13.335526315789474,1
45328,Geelong Cats,Sydney Swans,2000-08-05,22,3.0,3.0,36.0,0.0,18.0,3.0,3.0,36.0,0.0,18.0,3.0,3.0,36.0,0.0,18.0,1,3.0,1
45329,Sydney Swans,Hawthorn Hawks,2005-08-27,22,7.333333333333333,0.3333333333333333,47.66666666666666,1.0,2.0,10.4,0.2,62.4,1.6,1.2,10.7,0.1,57.6,1.0,0.6,146,12.342465753424657,0
45330,Western Bulldogs,Adelaide Crows,2005-07-17,16,9.0,0.3333333333333333,53.66666666666666,0.6666666666666666,2.333333333333333,9.4,0.2,50.4,1.0,1.8,10.5,0.7,56.5,1.2,4.5,120,13.708333333333334,0
45331,West Coast Eagles,Sydney Swans,2006-09-30,GF,16.666666666666668,0.3333333333333333,68.33333333333333,1.6666666666666667,2.0,18.0,0.2,71.8,2.0,1.2,15.3,0.2,60.3,1.8,1.2,264,15.609848484848484,0
45332,Hawthorn Hawks,Geelong Cats,2006-09-03,22,5.0,0.6666666666666666,26.33333333333333,1.0,4.0,6.6,0.6,33.8,1.0,4.0,8.3,0.8,40.2,0.5,5.1,129,11.27906976744186,1
45333,Hawthorn Hawks,Brisbane Lions,2004-08-14,20,14.666666666666666,0.3333333333333333,67.33333333333333,2.333333333333333,2.333333333333333,13.0,0.2,57.6,2.2,1.4,13.9,0.2,60.6,1.8,1.3,83,14.240963855421686,1
45334,Essendon Bombers,Adelaide Crows,2003-07-11,15,8.0,0.3333333333333333,36.333333333333336,1.0,2.0,11.6,0.2,44.2,0.8,1.2,11.5,0.7,48.3,1.4,4.5,118,12.889830508474576,0
45335,Essendon Bombers,Hawthorn Hawks,2001-09-22,PF,11.333333333333334,0.3333333333333333,50.66666666666666,2.0,2.0,9.6,0.2,44.4,1.6,1.2,10.7,0.2,52.5,1.4,1.2,158,13.5126582278481,1
45336,Sydney Swans,Brisbane Lions,2009-08-29,22,10.666666666666666,0.0,43.0,2.0,0.0,12.0,0.0,43.4,1.8,0.0,12.9,0.0,50.8,1.9,0.0,180,12.916666666666666,1
45337,Western Bulldogs,Carlton Blues,2002-05-04,6,10.666666666666666,0.3333333333333333,51.0,2.0,2.333333333333333,8.0,0.2,35.2,1.4,1.6,6.0,0.5,27.2,1.1,3.5,61,7.016393442622951,1
45338,Adelaide Crows,Western Bulldogs,2008-08-30,22,18.33333333333333,0.0,76.66666666666667,2.333333333333333,0.0,18.6,0.0,74.0,1.8,0.0,18.2,0.0,70.0,1.7,0.0,161,13.180124223602483,1
45339,Western Bulldogs,Essendon Bombers,2004-08-29,22,8.333333333333334,0.0,31.0,1.6666666666666667,0.0,11.4,0.2,45.4,2.0,1.2,9.8,0.1,41.2,2.6,0.6,26,9.76923076923077,0
45340,Hawthorn Hawks,Geelong Cats,2012-04-09,2,10.333333333333334,0.0,37.66666666666666,1.0,0.3333333333333333,11.8,0.2,43.8,0.8,1.4,12.4,0.4,51.1,2.1,2.6,134,17.0,0
45341,Melbourne Demons,Adelaide Crows,2001-07-28,17,8.666666666666666,1.0,39.333333333333336,0.3333333333333333,7.0,7.0,0.8,32.2,0.4,5.6,7.3,0.6,31.5,0.5,4.2,17,8.117647058823529,1
45342,Hawthorn Hawks,Geelong Cats,2005-07-03,14,8.666666666666666,0.3333333333333333,37.333333333333336,0.3333333333333333,2.333333333333333,10.8,0.4,49.4,1.4,2.8,11.9,0.5,53.9,1.7,3.6,142,14.788732394366198,0
45343,St Kilda Saints,Carlton Blues,2002-07-21,16,10.333333333333334,0.0,38.0,1.0,0.3333333333333333,12.8,0.0,47.6,1.2,0.4,14.2,0.1,50.3,0.9,1.0,28,13.214285714285714,1
45344,Adelaide Crows,Melbourne Demons,2005-05-06,7,7.0,0.6666666666666666,25.666666666666668,1.0,4.0,5.6,0.4,21.6,1.2,2.4,8.3,0.2,33.9,1.5,1.2,60,11.8,0
45345,Adelaide Crows,Richmond Tigers,2002-08-25,21,7.333333333333333,0.6666666666666666,36.0,1.0,4.666666666666667,7.4,0.8,35.6,0.6,5.2,7.2,1.0,35.9,0.8,6.7,30,7.766666666666667,1
45346,Fremantle Dockers,Essendon Bombers,2008-06-29,14,19.0,0.3333333333333333,71.0,3.0,2.0,21.8,0.2,80.2,2.6,1.4,21.7,0.5,76.9,2.1,3.4,220,22.80454545454545,1
45347,West Coast Eagles,Adelaide Crows,2000-07-14,19,8.666666666666666,0.0,39.66666666666666,0.6666666666666666,0.0,7.8,0.0,36.4,0.6,0.0,7.2,0.0,34.8,1.4,0.2,19,8.157894736842104,0
45348,Sydney Swans,North Melbourne Kangaroos,2002-08-10,19,10.0,0.6666666666666666,49.0,0.6666666666666666,4.333333333333333,9.0,0.4,39.2,0.6,2.6,7.6,0.3,34.6,1.0,1.9,27,7.518518518518518,1
45349,Essendon Bombers,Richmond Tigers,1999-05-01,6,11.333333333333334,0.3333333333333333,41.66666666666666,0.3333333333333333,2.0,10.6,0.4,41.6,0.4,2.4,9.9,0.3,38.0,0.5,1.8,42,10.023809523809524,0
45350,Collingwood Magpies,Geelong Cats,2003-08-02,18,11.333333333333334,0.3333333333333333,44.333333333333336,2.6666666666666665,2.0,12.6,1.0,54.0,2.4,6.0,10.7,0.8,47.2,1.8,4.8,66,14.606060606060606,1
45351,St Kilda Saints,West Coast Eagles,1999-08-28,22,18.33333333333333,0.3333333333333333,61.0,1.0,2.0,14.4,0.2,48.8,1.2,1.2,12.2,0.7,49.7,1.2,4.4,98,12.551020408163266,0
45352,Essendon Bombers,Melbourne Demons,2000-09-02,GF,11.666666666666666,0.6666666666666666,49.333333333333336,0.6666666666666666,5.0,12.6,0.4,51.4,1.4,3.2,12.9,0.4,50.4,1.3,3.1,189,17.693121693121693,1
45353,Adelaide Crows,Port Adelaide Power,2003-08-31,22,11.666666666666666,0.0,55.333333333333336,3.0,0.0,13.4,0.0,55.4,2.2,0.0,14.8,0.1,61.4,3.1,0.7,217,20.22119815668203,0
45354,Richmond Tigers,Geelong Cats,2003-07-12,15,7.666666666666667,0.0,30.33333333333333,0.0,0.0,7.0,0.0,30.4,0.4,0.0,9.2,0.0,35.2,0.9,0.0,59,10.64406779661017,0
45355,Adelaide Crows,Fremantle Dockers,2006-09-09,QF,10.0,0.6666666666666666,65.33333333333333,3.333333333333333,4.333333333333333,10.0,0.4,58.6,2.8,2.8,9.7,0.8,59.5,2.1,5.2,105,7.761904761904762,1
45356,Port Adelaide Power,Fremantle Dockers,2006-09-02,22,11.333333333333334,0.0,43.0,0.3333333333333333,0.0,10.0,0.0,40.0,0.6,0.0,10.6,0.0,43.5,0.6,0.0,115,10.08695652173913,0
45357,Melbourne Demons,Carlton Blues,2007-09-02,22,13.333333333333334,0.0,67.33333333333333,2.333333333333333,0.0,13.4,0.0,58.4,1.6,0.0,14.0,0.0,55.8,1.5,0.1,159,13.226415094339623,1
45358,Fremantle Dockers,Brisbane Lions,2008-06-08,11,13.0,0.3333333333333333,52.66666666666666,2.333333333333333,2.333333333333333,18.8,0.6,72.6,2.4,3.8,19.1,0.6,77.3,3.0,3.9,154,19.5,0
45359,Brisbane Lions,Hawthorn Hawks,2013-06-30,14,26.33333333333333,0.0,90.33333333333331,4.666666666666667,1.0,25.0,0.0,85.6,3.8,1.0,24.4,0.1,79.6,3.5,1.3,243,23.679012345679013,0
45360,St Kilda Saints,Sydney Swans,2013-08-18,21,12.0,0.0,48.0,2.333333333333333,0.0,11.4,0.0,46.4,2.0,0.0,12.0,0.1,55.6,3.1,0.7,169,12.887573964497042,0
45361,North Melbourne Kangaroos,West Coast Eagles,2002-09-01,22,11.333333333333334,1.0,42.0,0.6666666666666666,6.0,9.6,0.6,34.8,0.6,3.6,8.0,0.3,29.2,0.6,1.8,274,15.507299270072991,0
45362,Richmond Tigers,Geelong Cats,2025-07-05,17,9.666666666666666,0.6666666666666666,48.0,1.0,4.0,10.6,0.6,56.2,1.6,3.8,11.0,0.4285714285714285,52.142857142857146,1.5714285714285714,2.7142857142857144,7,11.0,0
45363,Richmond Tigers,Sydney Swans,2004-08-28,22,7.333333333333333,0.3333333333333333,33.0,1.3333333333333333,2.0,7.4,0.4,32.8,0.8,2.4,8.9,0.2,37.6,1.3,1.3,112,14.714285714285714,1
45364,Richmond Tigers,Essendon Bombers,1999-05-01,6,13.333333333333334,1.3333333333333333,55.66666666666666,1.0,9.0,13.8,1.2,58.2,0.8,8.0,11.1,0.6,42.8,0.6,4.1,17,10.058823529411764,1
45365,Adelaide Crows,Port Adelaide Power,2006-08-27,21,12.666666666666666,2.333333333333333,80.33333333333333,6.666666666666667,15.333333333333334,13.4,1.8,72.0,5.4,12.2,12.9,1.4,67.8,5.4,9.7,82,13.658536585365852,0
45366,Sydney Swans,West Coast Eagles,2010-04-24,5,10.0,0.0,35.333333333333336,2.0,0.0,11.8,0.0,38.0,1.6,0.0,13.1,0.0,47.0,1.5,0.0,146,13.513698630136986,1
45367,Sydney Swans,Hawthorn Hawks,2013-08-30,23,12.666666666666666,1.6666666666666667,64.33333333333333,2.6666666666666665,10.666666666666666,14.0,1.4,65.4,3.0,8.8,13.9,1.0,61.9,3.5,6.4,248,18.330645161290324,1
45368,Essendon Bombers,West Coast Eagles,2007-09-01,22,7.333333333333333,0.3333333333333333,35.666666666666664,2.0,2.0,7.0,0.6,41.8,2.4,3.6,6.6,0.5,36.5,1.8,3.1,99,10.232323232323232,0
45369,Sydney Swans,Fremantle Dockers,2000-06-18,15,11.666666666666666,0.0,43.0,1.6666666666666667,0.0,11.4,0.0,41.2,1.2,0.2,10.6,0.2,39.5,1.0,1.4,25,13.4,0
45370,Fremantle Dockers,Sydney Swans,1999-08-21,21,12.0,0.0,39.66666666666666,2.0,0.0,10.6,0.0,33.2,1.6,0.0,11.4,0.0,35.4,1.2,0.0,158,14.10759493670886,1
45371,Adelaide Crows,Collingwood Magpies,2025-09-04,QF,7.0,0.0,25.666666666666668,3.0,0.0,8.4,0.0,31.8,3.6,0.0,8.4,0.0,34.4,3.5,0.0,11,8.181818181818182,1
45372,Port Adelaide Power,North Melbourne Kangaroos,2000-05-28,12,14.666666666666666,0.0,55.333333333333336,1.6666666666666667,0.0,14.4,0.0,52.4,1.4,0.0,15.2,0.2,58.6,1.4,1.3,74,13.72972972972973,0
45373,Adelaide Crows,Port Adelaide Power,1999-08-22,21,14.333333333333334,0.0,47.66666666666666,1.0,0.0,11.8,0.4,43.6,0.8,2.8,9.7,1.0,39.2,0.4,6.6,70,12.242857142857142,0
45374,Fremantle Dockers,Richmond Tigers,2001-06-03,10,17.666666666666668,0.3333333333333333,75.0,3.0,3.333333333333333,18.6,0.2,73.6,2.4,2.0,18.9,0.4,75.9,1.8,3.0,16,16.625,1
45375,Richmond Tigers,Carlton Blues,2001-09-15,SF,6.333333333333333,0.0,25.33333333333333,1.0,0.3333333333333333,6.8,0.2,29.4,1.0,1.6,7.1,0.4,33.2,1.5,3.0,69,8.347826086956522,1
45376,Carlton Blues,Geelong Cats,1999-04-24,5,2.333333333333333,0.0,10.0,0.0,0.0,2.333333333333333,0.0,10.0,0.0,0.0,2.333333333333333,0.0,10.0,0.0,0.0,3,2.333333333333333,1
45377,Richmond Tigers,Collingwood Magpies,2009-08-15,20,24.0,0.6666666666666666,95.0,1.3333333333333333,4.0,27.6,0.4,105.8,1.4,2.4,26.8,0.7,110.3,1.7,4.4,207,22.10144927536232,1
45378,Carlton Blues,Fremantle Dockers,2005-07-17,16,12.0,0.0,41.66666666666666,1.0,0.0,9.2,0.0,34.8,1.0,0.0,8.6,0.0,31.8,1.0,0.1,42,13.023809523809524,1
45379,Brisbane Lions,Melbourne Demons,1999-05-01,6,20.0,0.3333333333333333,79.66666666666667,3.333333333333333,2.6666666666666665,21.4,1.0,85.4,2.2,6.8,21.9,0.6,81.1,1.7,4.3,67,20.98507462686567,1
45380,Carlton Blues,Port Adelaide Power,2002-08-10,19,23.666666666666668,0.6666666666666666,91.33333333333331,2.333333333333333,4.0,18.8,0.4,68.4,1.6,2.6,19.1,0.3,67.8,2.1,2.2,294,23.22108843537415,1
45381,Sydney Swans,Geelong Cats,2010-05-09,7,13.666666666666666,5.333333333333333,102.0,0.6666666666666666,34.0,12.2,4.4,85.4,0.6,28.0,12.3,3.9,84.3,0.6,25.1,177,9.96045197740113,0
45382,West Coast Eagles,Hawthorn Hawks,2008-08-24,21,15.666666666666666,0.3333333333333333,57.66666666666666,2.333333333333333,2.0,17.6,0.2,67.2,3.2,1.2,17.9,0.2,68.1,3.4,1.3,177,18.34463276836158,1
45383,Port Adelaide Power,North Melbourne Kangaroos,1999-09-04,QF,10.666666666666666,0.3333333333333333,40.66666666666666,1.6666666666666667,2.6666666666666665,11.0,0.2,44.4,1.8,2.0,11.5,0.2,43.7,1.1,2.1,123,14.260162601626016,0
45384,Richmond Tigers,Essendon Bombers,2001-09-07,QF,14.666666666666666,2.6666666666666665,73.66666666666667,2.333333333333333,16.666666666666668,14.8,1.6,63.0,1.8,10.0,13.4,0.8,55.7,1.7,5.1,219,20.529680365296805,0
45385,Carlton Blues,Richmond Tigers,2000-08-06,22,17.666666666666668,1.0,69.0,3.0,6.333333333333333,17.6,0.6,59.8,2.2,4.0,19.7,0.4,68.6,2.1,3.2,138,20.58695652173913,0
45386,Collingwood Magpies,Essendon Bombers,2000-08-05,22,12.333333333333334,0.6666666666666666,50.66666666666666,0.6666666666666666,5.0,10.6,0.6,44.6,0.6,4.2,9.8,0.8,45.6,0.9,5.3,208,17.884615384615383,1
45387,Brisbane Lions,Greater Western Sydney Giants,2014-06-14,13,12.666666666666666,2.6666666666666665,78.0,3.333333333333333,16.666666666666668,11.0,2.0,62.4,2.4,12.6,10.7,2.1,60.8,1.4,13.3,189,14.708994708994709,1
45388,Collingwood Magpies,Geelong Cats,2011-09-02,24,15.666666666666666,0.6666666666666666,71.33333333333333,3.0,4.0,15.2,1.0,74.0,2.6,6.6,14.3,1.2,74.9,3.4,8.2,191,11.109947643979057,1
45389,St Kilda Saints,Brisbane Lions,2000-07-29,21,12.0,1.0,54.333333333333336,1.0,6.0,11.6,1.0,52.0,1.0,6.4,11.4,0.6,50.1,0.7,4.0,84,14.154761904761903,0
45390,Hawthorn Hawks,West Coast Eagles,2012-04-21,4,19.33333333333333,0.0,70.33333333333333,2.333333333333333,0.3333333333333333,18.6,0.0,73.0,3.0,0.4,20.7,0.1,80.7,3.6,1.1,189,19.33333333333333,0
45391,Collingwood Magpies,Adelaide Crows,2007-08-31,22,19.666666666666668,1.0,89.66666666666667,3.333333333333333,6.333333333333333,19.4,1.0,88.6,2.6,7.2,20.9,1.1,94.4,3.1,7.5,223,24.605381165919283,1
45392,Port Adelaide Power,Carlton Blues,2009-08-16,20,23.0,0.0,62.333333333333336,1.3333333333333333,0.0,23.8,0.0,69.4,1.6,0.2,26.3,0.3,83.8,2.3,2.0,179,20.18435754189944,1
45393,St Kilda Saints,Richmond Tigers,2003-08-09,19,7.666666666666667,0.0,33.0,2.0,0.3333333333333333,9.8,0.0,39.0,1.8,0.2,12.3,0.2,49.7,2.2,1.4,260,21.54615384615385,1
45394,Adelaide Crows,Geelong Cats,2004-05-02,6,5.0,0.3333333333333333,19.666666666666668,1.0,2.6666666666666665,5.4,0.8,24.4,1.0,5.4,7.1,1.0,33.8,1.5,6.7,124,11.185483870967742,0
45395,Collingwood Magpies,Port Adelaide Power,2008-08-15,20,22.666666666666668,0.0,78.0,3.333333333333333,0.0,22.4,0.0,76.4,3.0,0.2,22.2,0.3,85.5,3.4,2.1,200,18.75,0
45396,Adelaide Crows,Richmond Tigers,2010-05-09,7,14.666666666666666,1.0,73.66666666666667,2.333333333333333,7.333333333333333,14.6,1.4,76.4,2.6,9.6,11.5,1.8,62.8,2.0,11.7,176,15.454545454545457,1
45397,North Melbourne Kangaroos,Carlton Blues,2003-08-31,22,5.0,0.0,31.0,1.3333333333333333,0.0,4.0,0.0,25.8,0.8,0.2,5.6,0.1,37.8,0.9,0.8,113,10.061946902654867,1
45398,Adelaide Crows,Fremantle Dockers,2001-09-01,22,7.0,0.3333333333333333,25.33333333333333,1.0,2.0,8.6,0.4,34.2,1.0,2.4,7.5,0.2,27.7,0.9,1.3,20,9.7,0
45399,Essendon Bombers,Western Bulldogs,2025-07-25,20,10.333333333333334,1.6666666666666667,59.66666666666666,1.0,11.0,10.0,1.0,49.6,1.0,6.8,9.5,1.0,47.1,1.0,6.9,20,10.2,1
45400,St Kilda Saints,Port Adelaide Power,2002-08-03,18,3.333333333333333,0.0,16.333333333333332,1.3333333333333333,0.3333333333333333,5.0,0.0,19.0,1.0,0.2,10.6,0.4,46.0,1.6,3.0,106,17.10377358490566,0
45401,Richmond Tigers,Hawthorn Hawks,2003-08-31,22,11.666666666666666,0.0,42.333333333333336,0.0,0.3333333333333333,9.8,0.0,35.4,0.0,0.2,12.1,0.5,52.5,0.6,3.3,205,17.517073170731706,1
45402,St Kilda Saints,Western Bulldogs,1999-08-08,19,9.333333333333334,0.0,39.0,2.333333333333333,0.6666666666666666,8.6,0.2,38.8,2.6,1.6,9.9,0.2,38.9,1.8,1.4,16,9.875,0
45403,Richmond Tigers,Geelong Cats,2005-08-28,22,15.666666666666666,0.3333333333333333,53.333333333333336,1.0,2.6666666666666665,17.8,0.4,59.6,1.0,2.8,18.1,0.4,64.2,1.4,2.8,238,23.07563025210084,0
45404,Essendon Bombers,Richmond Tigers,2007-08-26,21,22.666666666666668,0.0,75.33333333333333,1.3333333333333333,0.6666666666666666,21.0,0.6,73.2,1.6,4.0,22.5,0.3,84.3,3.1,2.1,202,20.97524752475248,1
45405,St Kilda Saints,Adelaide Crows,2003-04-05,2,13.333333333333334,0.3333333333333333,65.33333333333333,1.0,2.0,13.6,0.6,63.6,0.8,3.6,11.7,0.9,63.9,0.6,5.4,73,8.63013698630137,1
45406,Collingwood Magpies,Brisbane Lions,2006-06-03,10,16.333333333333332,0.3333333333333333,73.0,2.333333333333333,2.0,14.4,0.6,64.6,1.6,3.8,11.5,0.7,52.9,1.1,4.8,143,16.475524475524477,1
45407,Brisbane Lions,Carlton Blues,2000-03-13,1,6.333333333333333,0.0,23.33333333333333,0.0,0.0,8.8,0.0,36.0,0.6,0.0,9.8,0.0,39.7,0.6,0.2,36,10.444444444444445,0
45408,Adelaide Crows,West Coast Eagles,2004-06-12,12,9.0,3.0,58.333333333333336,1.6666666666666667,18.666666666666668,9.4,2.6,54.8,1.4,16.4,10.0,2.0,56.1,1.3,13.5,212,16.43867924528302,0
45409,Port Adelaide Power,Adelaide Crows,2010-07-25,17,11.666666666666666,0.3333333333333333,46.0,2.0,2.333333333333333,14.2,0.2,59.2,3.0,1.4,13.7,0.3,54.8,2.7,2.0,206,17.815533980582526,1
45410,Fremantle Dockers,Adelaide Crows,2008-04-19,5,13.666666666666666,0.3333333333333333,54.0,1.6666666666666667,2.0,13.6,0.4,55.4,2.0,2.4,14.3,0.3,60.3,3.1,2.0,123,16.0,0
45411,Port Adelaide Power,Carlton Blues,1998-08-30,22,4.666666666666667,0.0,18.0,0.3333333333333333,0.0,4.666666666666667,0.0,18.0,0.3333333333333333,0.0,4.666666666666667,0.0,18.0,0.3333333333333333,0.0,3,4.666666666666667,1
45412,West Coast Eagles,North Melbourne Kangaroos,2004-06-20,13,11.333333333333334,0.0,40.0,0.3333333333333333,0.0,10.8,0.0,40.4,1.2,0.0,9.2,0.1,34.3,1.1,0.6,65,8.553846153846154,0
45413,Adelaide Crows,Port Adelaide Power,2000-08-06,22,12.333333333333334,0.3333333333333333,45.333333333333336,1.3333333333333333,2.6666666666666665,9.8,0.2,34.8,1.6,1.6,9.6,0.1,35.8,1.3,0.8,108,11.342592592592592,1
45414,Richmond Tigers,West Coast Eagles,2006-09-02,22,15.666666666666666,0.0,63.0,1.0,0.3333333333333333,14.4,0.0,59.8,1.8,0.2,13.6,0.1,59.4,2.4,0.8,138,15.557971014492754,1
45415,Port Adelaide Power,Western Bulldogs,1999-08-28,22,4.0,0.0,16.0,0.3333333333333333,0.0,7.6,0.6,33.8,0.6,3.6,5.9,0.4,31.6,0.6,2.8,62,5.951612903225806,0
45416,Carlton Blues,Sydney Swans,2006-04-15,3,10.666666666666666,0.3333333333333333,45.0,0.6666666666666666,2.6666666666666665,10.4,0.2,47.6,1.8,2.0,9.1,0.3,41.6,1.5,2.4,54,11.87037037037037,1
45417,Brisbane Lions,Carlton Blues,2000-06-25,16,13.0,0.0,52.66666666666666,2.0,0.0,13.0,0.2,52.4,2.0,1.6,11.3,0.7,48.3,1.6,4.8,149,14.295302013422818,1
45418,North Melbourne Kangaroos,St Kilda Saints,2000-08-05,22,2.6666666666666665,0.0,14.0,2.0,0.0,5.0,0.0,22.8,2.2,0.0,5.8,0.1,29.2,2.7,0.9,61,12.065573770491802,0
45419,Hawthorn Hawks,St Kilda Saints,2000-06-11,14,9.666666666666666,0.3333333333333333,43.333333333333336,3.0,2.333333333333333,8.0,0.2,31.8,2.0,1.4,6.8,0.2,28.6,1.6,1.6,65,10.046153846153846,1
45420,Essendon Bombers,Richmond Tigers,2015-08-29,22,8.666666666666666,1.0,43.66666666666666,2.6666666666666665,6.0,12.0,1.0,57.0,3.2,6.2,15.3,0.8,68.1,3.4,5.1,199,19.959798994974875,1
45421,Sydney Swans,Adelaide Crows,1999-04-25,5,9.333333333333334,0.6666666666666666,40.0,1.6666666666666667,4.666666666666667,10.6,0.8,44.2,1.2,5.8,8.8,0.7,38.3,1.5,4.7,39,10.025641025641026,0
45422,West Coast Eagles,Collingwood Magpies,2007-09-14,SF,11.666666666666666,0.6666666666666666,44.333333333333336,2.333333333333333,4.0,14.2,0.6,53.4,2.4,4.0,13.1,0.4,50.7,2.9,2.7,250,12.388,1
45423,Melbourne Demons,Richmond Tigers,2000-03-08,1,10.666666666666666,1.6666666666666667,40.66666666666666,0.6666666666666666,10.0,11.4,1.2,45.8,1.8,7.6,15.6,0.7,57.4,2.1,4.4,70,16.014285714285716,0
45424,Carlton Blues,Essendon Bombers,2002-09-01,22,10.0,0.0,36.66666666666666,1.0,0.0,11.8,0.0,41.0,0.8,0.0,13.2,0.0,47.3,1.1,0.1,112,14.767857142857142,0
45425,Carlton Blues,Sydney Swans,2005-06-04,11,7.333333333333333,0.0,30.666666666666668,1.3333333333333333,0.0,8.2,0.2,33.6,1.6,1.4,9.3,0.2,35.9,1.8,1.3,81,14.938271604938272,1
45426,St Kilda Saints,West Coast Eagles,2007-08-24,21,5.333333333333333,0.0,34.666666666666664,1.6666666666666667,0.0,6.0,0.0,35.8,1.2,0.0,9.0,0.1,46.9,1.3,0.6,200,8.845,1
45427,Brisbane Lions,Western Bulldogs,2001-04-21,4,9.0,0.6666666666666666,34.666666666666664,1.0,4.666666666666667,10.4,0.8,46.2,1.4,5.2,10.4,0.8,46.2,1.4,5.2,5,10.4,0
45428,North Melbourne Kangaroos,Sydney Swans,2004-08-07,19,9.333333333333334,0.0,34.333333333333336,0.3333333333333333,0.0,10.8,0.0,41.4,0.2,0.0,12.9,0.1,47.7,0.4,0.7,94,12.202127659574469,0
45429,Sydney Swans,Geelong Cats,2025-08-17,23,6.333333333333333,0.0,29.0,1.6666666666666667,0.3333333333333333,9.2,0.0,34.8,2.0,0.8,12.0,0.1,51.1,3.1,1.5,12,10.416666666666666,1
45430,Collingwood Magpies,Adelaide Crows,2007-08-31,22,13.0,0.3333333333333333,58.66666666666666,2.0,2.0,13.8,0.2,59.6,1.8,1.2,15.1,0.2,66.6,2.1,1.2,191,13.638743455497382,1
45431,Fremantle Dockers,Geelong Cats,1999-08-29,22,8.666666666666666,0.3333333333333333,42.333333333333336,2.0,2.0,6.4,0.2,28.4,1.2,1.2,6.222222222222222,0.1111111111111111,26.0,1.2222222222222223,0.6666666666666666,9,6.222222222222222,0
45432,Port Adelaide Power,Adelaide Crows,2005-08-13,20,10.666666666666666,0.0,41.66666666666666,2.0,0.0,9.4,0.0,36.0,1.6,0.0,10.5,0.1,45.4,2.1,0.7,83,8.855421686746988,1
45433,Port Adelaide Power,Adelaide Crows,2003-08-31,22,8.333333333333334,1.3333333333333333,41.66666666666666,1.0,8.666666666666666,8.6,1.2,41.2,1.2,7.8,8.4,1.1,39.1,0.8,7.0,129,13.186046511627907,1
45434,North Melbourne Kangaroos,Carlton Blues,2005-08-28,22,14.0,0.0,64.33333333333333,1.6666666666666667,0.0,17.2,0.0,70.8,1.2,0.0,17.3,0.0,68.6,1.0,0.0,164,14.420731707317072,0
45435,West Coast Eagles,Melbourne Demons,2003-08-24,21,8.666666666666666,0.0,42.333333333333336,3.6666666666666665,0.0,8.8,0.0,40.4,3.2,0.0,8.7,0.1,43.6,3.0,0.7,79,10.113924050632912,1
45436,Melbourne Demons,Collingwood Magpies,2001-06-11,11,9.0,0.0,28.0,0.0,0.0,11.8,0.2,40.6,0.6,1.2,12.4,0.1,41.2,0.8,0.6,37,9.486486486486486,1
45437,Adelaide Crows,Hawthorn Hawks,2000-07-29,21,20.666666666666668,0.3333333333333333,89.33333333333333,1.6666666666666667,2.333333333333333,22.4,0.2,92.2,1.4,1.4,19.1,0.2,76.2,1.0,1.4,73,18.73972602739726,0
45438,Western Bulldogs,Essendon Bombers,2001-07-06,14,14.666666666666666,0.3333333333333333,59.0,2.0,2.6666666666666665,13.8,0.2,57.8,2.2,1.8,14.6,0.1,57.3,2.4,0.9,32,12.90625,1
45439,St Kilda Saints,Melbourne Demons,1998-09-12,SF,8.666666666666666,1.0,48.0,0.6666666666666666,6.333333333333333,7.4,0.6,44.0,0.8,3.8,6.1,0.3,36.1,1.0,2.1,36,7.194444444444445,0
45440,Melbourne Demons,North Melbourne Kangaroos,2000-03-17,2,3.6666666666666665,0.6666666666666666,18.33333333333333,0.3333333333333333,5.0,3.8,0.8,19.0,0.2,5.6,6.0,1.8,35.5,0.5,11.7,60,6.316666666666666,1
45441,Fremantle Dockers,Melbourne Demons,2007-08-25,21,8.333333333333334,0.3333333333333333,44.333333333333336,4.0,3.0,8.4,1.0,49.8,4.0,6.8,10.7,0.7,55.8,4.2,4.8,157,16.32484076433121,1
45442,Geelong Cats,Brisbane Lions,2013-08-31,23,23.666666666666668,0.0,93.66666666666669,6.0,0.3333333333333333,20.6,0.0,80.8,5.2,0.2,22.0,0.1,81.9,4.6,0.8,204,22.40196078431373,1
45443,Greater Western Sydney Giants,North Melbourne Kangaroos,2012-09-01,23,20.666666666666668,1.3333333333333333,88.66666666666667,1.3333333333333333,8.666666666666666,22.2,0.8,88.6,1.2,5.2,21.3,0.4,83.9,2.3,2.7,199,18.5427135678392,1
45444,Geelong Cats,Essendon Bombers,2000-05-20,11,11.0,0.0,45.0,1.3333333333333333,0.0,10.6,0.0,42.0,1.2,0.0,13.5,0.0,54.1,2.0,0.0,39,12.384615384615383,0
45445,Richmond Tigers,St Kilda Saints,2010-08-21,21,25.666666666666668,1.3333333333333333,91.0,1.6666666666666667,8.333333333333334,25.6,1.0,89.8,2.0,6.4,24.2,0.6,87.1,3.0,4.0,207,22.806763285024157,0
45446,Hawthorn Hawks,Geelong Cats,2004-08-29,22,13.0,1.0,56.333333333333336,2.6666666666666665,6.0,12.2,0.6,52.6,2.0,3.6,10.4,0.4,43.6,1.7,2.6,41,11.195121951219512,0
45447,Hawthorn Hawks,West Coast Eagles,2003-07-25,17,14.333333333333334,0.0,46.66666666666666,0.6666666666666666,0.3333333333333333,16.4,0.2,56.0,1.2,1.4,14.7,0.1,50.7,0.9,0.9,70,14.1,0
45448,Port Adelaide Power,West Coast Eagles,2002-08-24,21,5.666666666666667,0.0,19.33333333333333,0.6666666666666666,0.0,6.2,0.2,22.6,0.6,1.4,8.1,0.2,28.2,1.0,1.4,18,8.333333333333334,0
45449,Carlton Blues,Essendon Bombers,2002-09-01,22,18.33333333333333,0.6666666666666666,77.33333333333333,3.6666666666666665,4.666666666666667,17.8,0.4,74.8,3.8,2.8,12.4,0.3,53.7,3.0,2.1,15,11.2,0
45450,Hawthorn Hawks,West Coast Eagles,2008-08-24,21,21.33333333333333,0.3333333333333333,82.66666666666667,3.333333333333333,2.6666666666666665,19.6,0.4,73.8,2.6,2.8,22.9,0.3,84.1,3.5,2.2,244,22.64754098360656,0
45451,Sydney Swans,Melbourne Demons,2003-08-30,22,17.0,1.3333333333333333,68.0,1.0,8.333333333333334,19.4,1.8,82.6,1.8,11.4,20.9,1.3,85.5,2.0,8.1,195,23.343589743589742,0
45452,St Kilda Saints,Melbourne Demons,2002-08-31,22,12.333333333333334,0.0,37.0,0.3333333333333333,0.3333333333333333,11.8,0.0,41.4,1.2,0.2,11.6,0.1,41.8,1.2,0.7,50,13.72,1
45453,Hawthorn Hawks,Western Bulldogs,2008-09-05,QF,10.666666666666666,0.0,38.0,1.0,0.0,10.8,0.0,38.4,1.2,0.0,11.3,0.0,41.1,0.9,0.0,176,12.227272727272728,1
45454,Western Bulldogs,North Melbourne Kangaroos,2004-08-21,21,9.333333333333334,1.0,44.66666666666666,2.0,6.0,7.4,1.0,37.4,1.2,6.0,8.2,1.0,41.4,1.1,6.2,151,10.258278145695364,1
45455,Collingwood Magpies,Essendon Bombers,2000-08-05,22,10.333333333333334,0.0,36.66666666666666,1.6666666666666667,0.0,10.2,0.0,33.4,1.0,0.0,13.3,0.0,43.8,0.9,0.2,202,16.31188118811881,1
45456,Sydney Swans,Brisbane Lions,2009-08-29,22,9.666666666666666,0.0,35.666666666666664,1.6666666666666667,0.0,10.4,0.2,43.8,2.6,1.4,10.9,0.2,46.6,3.0,1.3,173,12.479768786127169,1
45457,Collingwood Magpies,Brisbane Lions,1999-08-28,22,11.0,0.6666666666666666,40.66666666666666,0.6666666666666666,4.666666666666667,13.2,0.8,50.8,0.6,5.2,14.7,0.8,56.3,0.6,5.3,62,15.403225806451612,1
45458,Adelaide Crows,Sydney Swans,2003-04-13,3,8.666666666666666,1.3333333333333333,50.333333333333336,2.333333333333333,8.333333333333334,10.0,0.8,48.6,1.8,5.0,10.5,0.4,44.9,1.7,2.5,36,8.25,0
45459,Carlton Blues,St Kilda Saints,2001-04-28,5,8.333333333333334,0.0,25.666666666666668,0.0,0.0,8.8,0.0,26.6,0.2,0.0,8.7,0.4,29.3,0.6,2.4,12,8.166666666666666,1
45460,Collingwood Magpies,North Melbourne Kangaroos,2002-06-29,13,3.333333333333333,1.6666666666666667,24.33333333333333,0.0,10.666666666666666,4.0,1.6,28.8,1.0,10.0,3.9,1.6,27.7,1.0,10.2,100,7.3,0
45461,Fremantle Dockers,Port Adelaide Power,2004-06-19,13,10.0,0.6666666666666666,42.333333333333336,1.3333333333333333,5.0,9.8,0.4,40.4,1.0,3.8,11.5,0.5,46.0,1.3,3.8,32,12.3125,1
45462,Essendon Bombers,Geelong Cats,2005-07-29,18,10.0,0.3333333333333333,50.333333333333336,3.333333333333333,2.0,10.2,0.8,51.0,2.6,5.4,9.2,0.8,45.6,1.9,5.4,40,9.925,1
45463,Western Bulldogs,Melbourne Demons,2001-09-02,22,11.0,0.0,43.333333333333336,1.3333333333333333,0.0,14.2,0.6,64.0,1.8,3.8,12.6,0.6,57.7,1.6,3.7,90,12.822222222222225,1
45464,Sydney Swans,Carlton Blues,2002-04-06,2,10.666666666666666,0.0,38.0,1.3333333333333333,0.3333333333333333,10.8,0.0,38.6,1.0,0.2,15.0,0.6,57.6,1.3,4.2,131,17.52671755725191,0
45465,North Melbourne Kangaroos,Greater Western Sydney Giants,2016-08-27,23,27.666666666666668,0.6666666666666666,90.66666666666669,1.3333333333333333,4.0,27.6,0.4,94.6,2.4,2.6,25.2,0.3,92.1,4.1,1.9,237,22.565400843881857,1
45466,Port Adelaide Power,Adelaide Crows,2000-08-06,22,2.0,0.0,12.333333333333334,1.0,0.0,1.6,0.0,9.8,0.6,0.0,3.5,0.0,14.5,0.6,0.0,44,5.5227272727272725,0
45467,Western Bulldogs,North Melbourne Kangaroos,2007-09-02,22,7.666666666666667,1.6666666666666667,45.66666666666666,2.333333333333333,10.0,7.6,1.0,47.2,2.0,6.0,11.3,0.7,59.4,2.2,4.5,183,14.53551912568306,1
45468,St Kilda Saints,Hawthorn Hawks,2002-06-30,13,5.666666666666667,0.0,27.666666666666668,1.3333333333333333,0.0,7.4,0.0,31.2,1.2,0.0,7.2,0.3,34.1,1.6,2.0,23,8.652173913043478,1
45469,Collingwood Magpies,West Coast Eagles,2011-09-10,QF,26.666666666666668,0.6666666666666666,104.0,3.333333333333333,4.0,27.6,0.4,104.8,3.0,2.4,23.8,0.5,98.3,4.0,3.6,170,13.494117647058824,1
45470,Sydney Swans,North Melbourne Kangaroos,2008-04-27,6,10.666666666666666,2.333333333333333,55.333333333333336,0.3333333333333333,15.0,12.0,1.8,55.4,0.8,11.6,13.4,1.8,63.4,0.9,11.9,125,12.664,0
45471,Greater Western Sydney Giants,North Melbourne Kangaroos,2022-06-12,13,13.333333333333334,0.6666666666666666,48.0,1.6666666666666667,4.666666666666667,13.0,0.8,53.8,2.0,5.2,13.1,0.6,54.4,2.3,3.9,152,14.664473684210526,0
45472,Collingwood Magpies,Adelaide Crows,2025-09-04,QF,17.333333333333332,0.6666666666666666,54.66666666666666,1.0,4.666666666666667,15.6,0.8,55.4,1.6,5.4,15.3,1.0,60.6,2.1,6.8,119,18.41176470588235,0
45473,Carlton Blues,St Kilda Saints,1999-08-21,21,11.666666666666666,0.3333333333333333,47.0,1.0,2.6666666666666665,9.4,0.2,36.0,0.8,1.6,9.0,0.1,31.9,0.6,0.9,80,11.4,1
45474,Geelong Cats,Brisbane Lions,2025-09-27,GF,12.666666666666666,0.3333333333333333,64.0,2.333333333333333,2.0,12.0,0.2,55.2,1.8,1.2,11.3,0.1,47.2,1.0,0.6,84,13.083333333333334,1
45475,Carlton Blues,Essendon Bombers,2025-08-21,24,14.666666666666666,0.3333333333333333,73.66666666666667,2.333333333333333,2.0,14.2,0.2,65.8,1.6,1.2,15.0,0.3,72.4,2.1,2.1,71,12.915492957746478,0
45476,Carlton Blues,Sydney Swans,2006-09-03,22,9.333333333333334,0.6666666666666666,56.0,2.333333333333333,5.0,10.2,1.4,65.6,2.0,9.4,10.2,0.8,57.2,1.3,5.3,36,8.777777777777779,0
45477,St Kilda Saints,Carlton Blues,2001-08-19,20,15.333333333333334,0.0,66.33333333333333,2.0,0.0,15.4,0.0,64.2,1.8,0.0,16.1,0.0,66.0,2.1,0.0,64,15.109375,1
45478,Essendon Bombers,Collingwood Magpies,2000-08-05,22,13.333333333333334,0.0,46.0,2.0,0.3333333333333333,14.2,0.0,47.6,1.8,0.2,14.5,0.0,49.6,2.0,0.2,153,19.65359477124183,0
45479,Hawthorn Hawks,Port Adelaide Power,1999-06-26,13,4.666666666666667,0.0,20.666666666666668,0.3333333333333333,0.3333333333333333,4.5,0.0,17.75,0.25,0.25,4.5,0.0,17.75,0.25,0.25,4,4.5,0
45480,Hawthorn Hawks,Adelaide Crows,2001-08-26,21,14.0,0.0,59.66666666666666,0.6666666666666666,0.0,15.6,0.0,61.2,0.8,0.0,12.1,0.1,47.3,0.6,0.6,95,14.68421052631579,0
45481,Hawthorn Hawks,Brisbane Lions,2009-06-14,12,15.333333333333334,1.0,69.66666666666667,2.6666666666666665,6.0,15.6,0.8,68.0,2.8,5.4,15.5,0.8,66.7,3.0,5.5,158,13.316455696202532,1
45482,North Melbourne Kangaroos,Carlton Blues,2000-05-20,11,8.333333333333334,1.3333333333333333,42.333333333333336,2.0,8.666666666666666,6.8,1.4,35.4,1.4,8.8,7.0,1.3,35.6,1.0,8.4,55,10.236363636363636,0
45483,Brisbane Lions,Adelaide Crows,1999-08-08,19,7.666666666666667,0.0,34.0,1.0,0.0,9.0,0.0,38.0,1.0,0.2,10.2,0.0,41.3,0.6,0.1,52,10.057692307692308,0
45484,Port Adelaide Power,Fremantle Dockers,2000-07-01,17,8.0,0.0,30.33333333333333,1.0,0.3333333333333333,12.0,0.2,48.2,1.2,1.6,16.1,0.2,60.1,1.3,1.7,46,18.217391304347824,0
45485,Collingwood Magpies,West Coast Eagles,2002-07-27,17,8.333333333333334,0.0,29.33333333333333,1.0,0.0,11.8,0.0,46.4,1.8,0.0,10.9,0.0,48.0,2.8,0.3,25,11.88,0
45486,Western Bulldogs,St Kilda Saints,2003-08-24,21,15.666666666666666,0.3333333333333333,62.0,3.0,2.333333333333333,17.8,0.2,65.8,3.0,1.4,16.0,0.1,59.6,2.3,0.7,115,15.756521739130434,0
45487,Hawthorn Hawks,North Melbourne Kangaroos,2007-09-15,SF,8.0,1.6666666666666667,47.0,1.0,10.333333333333334,8.2,2.2,51.2,1.0,13.8,6.9,1.7,40.5,0.8,10.6,202,10.5,0
45488,Fremantle Dockers,Richmond Tigers,2001-06-03,10,10.0,1.3333333333333333,48.333333333333336,1.3333333333333333,8.666666666666666,11.4,1.0,50.8,1.6,6.4,14.5,0.7,57.8,1.7,4.4,41,15.390243902439025,1
45489,West Coast Eagles,Melbourne Demons,2000-08-06,22,9.333333333333334,1.3333333333333333,47.0,0.6666666666666666,8.333333333333334,15.8,1.0,67.4,0.4,6.2,16.1,0.7,66.4,1.0,4.4,53,13.30188679245283,1
45490,Essendon Bombers,Brisbane Lions,1999-06-19,12,10.666666666666666,0.0,31.0,0.3333333333333333,0.3333333333333333,10.2,0.0,31.6,0.4,0.2,11.9,0.0,38.8,0.9,0.1,74,15.81081081081081,0
45491,Western Bulldogs,St Kilda Saints,2001-07-21,16,3.6666666666666665,0.0,17.666666666666668,0.3333333333333333,0.0,4.6,0.0,22.0,0.4,0.0,4.1,0.2,20.4,0.3,1.2,10,4.1,0
45492,Adelaide Crows,Gold Coast Suns,2012-09-01,23,16.0,0.0,63.66666666666666,3.333333333333333,0.0,16.0,0.0,67.6,4.0,0.0,13.9,0.0,57.6,3.2,0.0,180,17.155555555555555,1
45493,Adelaide Crows,North Melbourne Kangaroos,2025-08-23,24,16.0,0.0,67.0,1.6666666666666667,0.3333333333333333,17.4,0.4,71.2,2.2,2.6,17.0,0.4444444444444444,68.11111111111111,1.8888888888888888,2.7777777777777777,9,17.0,0
45494,Adelaide Crows,Geelong Cats,1999-07-04,14,5.666666666666667,0.3333333333333333,33.0,1.3333333333333333,2.0,5.2,0.2,25.6,0.8,1.6,5.4,0.5,28.0,1.1,3.5,29,6.896551724137931,1
45495,Sydney Swans,Carlton Blues,2006-09-03,22,5.666666666666667,0.3333333333333333,36.0,1.3333333333333333,2.0,6.2,0.4,42.0,1.2,2.4,5.5,0.4,39.2,1.3,2.5,33,5.424242424242424,1
45496,Richmond Tigers,Collingwood Magpies,2004-07-31,18,4.666666666666667,0.0,19.0,1.0,0.3333333333333333,5.4,0.2,21.6,1.0,1.4,7.2,0.4,28.3,1.0,2.8,40,8.225,0
45497,Sydney Swans,Richmond Tigers,2002-08-31,22,7.333333333333333,0.0,23.666666666666668,0.3333333333333333,0.0,7.4,0.0,33.2,1.6,0.0,8.0,0.0,33.8,1.6,0.0,174,10.43103448275862,1
45498,Western Bulldogs,Essendon Bombers,2010-08-28,22,21.666666666666668,0.6666666666666666,90.0,2.333333333333333,5.0,19.8,0.8,87.6,3.0,5.8,18.6,0.5,79.2,2.2,3.5,213,16.164319248826292,1
45499,Fremantle Dockers,Adelaide Crows,2001-09-01,22,9.0,0.0,49.333333333333336,1.3333333333333333,0.3333333333333333,8.8,0.0,46.4,1.0,0.2,7.3,0.1,38.9,1.1,0.7,21,9.285714285714286,1
45500,Carlton Blues,Sydney Swans,2003-07-19,16,13.666666666666666,0.0,54.333333333333336,2.6666666666666665,0.0,13.6,0.4,56.0,2.0,2.6,12.3,0.2,53.1,2.2,1.5,52,11.865384615384617,1
45501,Adelaide Crows,Port Adelaide Power,2010-05-01,6,25.0,0.0,92.0,3.6666666666666665,0.3333333333333333,23.2,0.0,89.4,3.4,0.2,23.4,0.0,85.7,3.2,0.4,252,18.91269841269841,1
45502,Adelaide Crows,West Coast Eagles,2000-04-01,4,8.333333333333334,0.0,35.666666666666664,0.3333333333333333,1.0,6.8,0.0,29.6,0.4,0.8,6.3,0.1,26.5,0.5,1.0,56,9.517857142857142,0
45503,St Kilda Saints,Western Bulldogs,2001-07-21,16,6.333333333333333,0.0,28.33333333333333,1.6666666666666667,0.0,6.8,0.0,31.0,1.6,0.0,8.1,0.3,36.5,1.2,1.8,38,8.421052631578947,1
45504,Melbourne Demons,Western Bulldogs,2002-08-18,20,15.666666666666666,0.0,67.0,1.6666666666666667,0.0,14.6,0.0,60.0,1.2,0.0,15.0,0.1,62.2,1.6,0.7,96,10.885416666666666,1
45505,West Coast Eagles,Adelaide Crows,2013-08-31,23,12.333333333333334,0.6666666666666666,56.66666666666666,3.6666666666666665,4.0,12.6,0.6,57.2,3.0,3.6,13.1,0.7,55.4,1.9,4.4,191,18.157068062827225,1
45506,Richmond Tigers,Melbourne Demons,2000-06-24,16,5.666666666666667,0.6666666666666666,27.33333333333333,1.0,4.333333333333333,5.8,1.2,29.2,0.8,7.4,6.6,0.8,29.7,1.1,4.9,23,9.782608695652174,0
45507,Port Adelaide Power,Adelaide Crows,2025-07-26,20,12.333333333333334,0.0,49.66666666666666,2.6666666666666665,0.0,12.6,0.0,47.8,2.0,0.0,14.5,0.1,55.7,1.5,0.6,19,14.842105263157896,0
45508,Sydney Swans,Brisbane Lions,2008-08-30,22,8.333333333333334,0.0,45.0,1.0,0.3333333333333333,8.8,0.0,48.0,0.8,0.4,9.4,0.0,48.5,0.9,0.4,228,12.644736842105264,1
45509,Fremantle Dockers,Collingwood Magpies,2008-08-29,22,20.33333333333333,0.3333333333333333,77.33333333333333,2.0,3.0,16.2,0.2,61.8,2.0,1.8,16.9,0.7,67.2,1.6,4.9,196,11.418367346938776,1
45510,Sydney Swans,North Melbourne Kangaroos,2001-08-04,18,4.666666666666667,0.0,17.666666666666668,0.3333333333333333,0.0,5.4,0.4,28.2,0.4,2.6,5.1,0.3,27.2,0.6,2.0,11,6.0,1
45511,Melbourne Demons,Carlton Blues,2000-06-03,13,22.0,0.3333333333333333,74.33333333333333,1.3333333333333333,2.6666666666666665,23.8,0.4,86.8,1.6,2.8,21.5,0.4,76.5,2.0,2.7,113,19.58407079646018,1
45512,Melbourne Demons,Western Bulldogs,2001-09-02,22,22.33333333333333,0.6666666666666666,77.0,2.0,4.0,25.0,1.0,89.2,2.6,6.2,22.8,0.7,83.8,2.4,4.3,209,17.311004784688997,0
45513,Brisbane Lions,Melbourne Demons,2010-07-31,18,7.333333333333333,2.0,44.66666666666666,2.0,12.333333333333334,7.0,1.8,42.8,1.6,11.2,7.2,2.7,48.1,1.3,16.9,203,10.80295566502463,1
45514,Fremantle Dockers,North Melbourne Kangaroos,2002-07-13,15,11.0,0.0,49.0,1.3333333333333333,0.6666666666666666,10.6,0.0,44.4,1.2,1.0,10.0,0.3,42.3,1.1,2.5,54,10.37037037037037,0
45515,Port Adelaide Power,Geelong Cats,1999-04-18,4,7.333333333333333,0.6666666666666666,32.333333333333336,0.3333333333333333,4.333333333333333,5.4,0.6,24.6,0.4,3.8,8.0,0.3,33.7,0.7,2.1,15,7.733333333333333,1
45516,Sydney Swans,Richmond Tigers,2000-04-16,6,12.666666666666666,0.0,42.333333333333336,0.6666666666666666,0.3333333333333333,14.4,0.2,51.6,0.8,1.4,15.2,0.1,53.7,0.7,0.9,64,14.796875,1
45517,Geelong Cats,Hawthorn Hawks,1999-08-21,21,5.666666666666667,0.3333333333333333,18.666666666666668,0.0,2.0,8.4,0.2,26.4,0.2,1.2,9.0,0.1428571428571428,26.857142857142858,0.2857142857142857,1.1428571428571428,7,9.0,0
45518,St Kilda Saints,Collingwood Magpies,2008-08-09,19,15.0,0.6666666666666666,69.33333333333333,2.333333333333333,4.333333333333333,13.6,0.4,57.2,1.8,2.8,14.3,0.4,62.6,1.9,3.5,105,11.361904761904762,0
45519,Brisbane Lions,Fremantle Dockers,2007-05-06,6,11.333333333333334,0.3333333333333333,60.333333333333336,6.0,2.0,13.8,0.2,67.4,5.4,1.4,10.9,0.2,53.8,4.4,1.3,44,9.136363636363637,1
45520,Fremantle Dockers,Adelaide Crows,2001-09-01,22,23.33333333333333,0.3333333333333333,84.33333333333333,2.6666666666666665,2.333333333333333,22.8,0.2,83.2,3.2,1.6,20.9,0.1,74.2,2.6,0.9,186,22.91935483870968,1
45521,West Coast Eagles,Richmond Tigers,2009-08-28,22,20.666666666666668,0.0,68.66666666666667,2.0,0.6666666666666666,20.8,0.2,72.2,1.6,1.6,21.3,0.1,70.5,1.8,0.8,133,21.774436090225564,1
45522,Essendon Bombers,Richmond Tigers,2015-05-30,9,19.0,0.3333333333333333,79.66666666666667,1.3333333333333333,2.0,17.8,0.2,70.4,1.0,1.2,16.5,0.1,65.0,1.0,0.6,302,14.966887417218542,0
45523,Richmond Tigers,Carlton Blues,2004-06-19,13,9.0,0.0,40.66666666666666,2.0,0.3333333333333333,9.8,0.0,39.0,1.2,0.2,11.1,0.1,45.4,1.8,0.7,66,13.62121212121212,1
45524,Greater Western Sydney Giants,St Kilda Saints,2025-08-24,24,9.0,0.0,41.333333333333336,3.0,0.0,10.6,0.0,44.2,2.2,0.0,10.8,0.0,45.2,2.7,0.0,17,10.882352941176473,1
45525,Sydney Swans,Hawthorn Hawks,2007-09-02,22,16.666666666666668,0.6666666666666666,69.0,3.6666666666666665,4.0,17.8,0.4,74.4,3.2,2.4,19.3,0.4,80.3,4.1,2.5,124,14.92741935483871,1
45526,Geelong Cats,St Kilda Saints,2002-08-11,19,7.666666666666667,0.0,33.666666666666664,1.3333333333333333,0.0,6.6,0.0,29.4,1.4,0.0,8.1,0.0,35.4,1.6,0.0,16,6.6875,0
45527,Carlton Blues,North Melbourne Kangaroos,2003-08-31,22,7.666666666666667,0.0,29.666666666666668,2.333333333333333,0.3333333333333333,6.8,0.0,29.8,2.8,0.2,7.5,0.1,32.1,2.9,0.7,82,10.475609756097562,0
45528,Port Adelaide Power,Hawthorn Hawks,2001-09-15,SF,16.333333333333332,1.0,62.66666666666666,1.0,7.333333333333333,15.0,1.4,61.8,0.8,9.8,15.7,1.2,63.6,1.2,8.1,91,15.32967032967033,0
45529,Port Adelaide Power,Adelaide Crows,2005-09-10,SF,21.33333333333333,0.3333333333333333,74.66666666666667,3.0,2.6666666666666665,19.0,0.2,70.2,2.8,2.2,19.8,0.6,76.6,3.7,4.3,128,19.3828125,0
45530,Gold Coast Suns,Brisbane Lions,2012-04-21,4,15.333333333333334,0.6666666666666666,73.0,2.6666666666666665,5.0,15.4,0.8,68.4,1.8,5.6,15.1,0.7,72.1,1.8,5.1,179,14.17877094972067,0
45531,Essendon Bombers,Richmond Tigers,2000-07-01,17,7.666666666666667,0.3333333333333333,26.0,1.0,2.0,12.0,0.6,41.4,1.2,3.8,13.4,0.5,49.0,1.8,3.2,91,13.31868131868132,0
45532,Collingwood Magpies,Essendon Bombers,2003-04-25,5,13.0,0.3333333333333333,53.333333333333336,1.6666666666666667,2.333333333333333,12.4,0.4,54.8,2.2,2.8,12.2,0.4,49.4,2.0,2.6,105,12.98095238095238,1
45533,Carlton Blues,Western Bulldogs,2002-05-04,6,14.333333333333334,0.3333333333333333,59.66666666666666,2.6666666666666665,2.0,11.8,0.2,48.0,2.8,1.2,10.5,0.2,43.2,2.5,1.2,31,11.225806451612904,0
45534,Carlton Blues,Sydney Swans,2006-09-03,22,10.333333333333334,0.6666666666666666,71.33333333333333,2.0,4.666666666666667,9.2,0.4,68.0,2.6,2.8,8.9,0.5,64.8,2.9,3.2,104,8.10576923076923,0
45535,Collingwood Magpies,Geelong Cats,1999-07-10,15,8.333333333333334,0.0,30.0,0.6666666666666666,0.3333333333333333,7.0,0.4,28.8,0.8,2.8,6.5,0.4,24.8,0.8,2.7,15,5.8,0
45536,Melbourne Demons,Sydney Swans,2002-08-24,21,6.0,0.6666666666666666,24.666666666666668,0.6666666666666666,4.0,6.6,0.6,30.4,1.6,3.8,8.8,0.4,37.8,1.0,2.5,30,7.4,1
45537,Richmond Tigers,Essendon Bombers,2001-09-07,QF,12.666666666666666,0.0,63.333333333333336,2.0,0.0,13.2,0.2,61.8,1.4,1.2,12.9,0.1,63.8,1.3,0.6,202,13.049504950495049,0
45538,St Kilda Saints,Brisbane Lions,2001-07-07,14,15.666666666666666,0.0,62.333333333333336,2.333333333333333,0.0,15.2,0.6,58.2,1.8,3.6,10.5,0.3,38.3,1.0,1.9,68,15.573529411764708,0
45539,Carlton Blues,Adelaide Crows,2002-05-26,9,10.0,0.0,35.0,0.6666666666666666,0.0,12.2,0.2,43.6,1.2,1.2,9.3,0.1,31.2,0.8,0.7,32,8.96875,1
45540,St Kilda Saints,Carlton Blues,2011-09-03,24,10.666666666666666,0.3333333333333333,67.0,1.6666666666666667,2.6666666666666665,10.8,0.2,67.2,1.6,1.6,11.9,0.3,69.0,1.2,2.2,135,11.318518518518518,0
45541,Collingwood Magpies,North Melbourne Kangaroos,1999-05-02,6,5.0,0.0,21.666666666666668,0.0,0.0,5.25,0.25,24.0,0.0,1.5,5.25,0.25,24.0,0.0,1.5,4,5.25,1
45542,Western Bulldogs,North Melbourne Kangaroos,2004-08-21,21,7.666666666666667,0.6666666666666666,36.66666666666666,2.0,4.0,8.2,0.6,38.0,2.2,3.6,8.3,0.3,38.8,1.9,2.0,138,13.681159420289855,1
45543,Richmond Tigers,Western Bulldogs,2007-04-20,4,14.666666666666666,0.0,58.66666666666666,2.333333333333333,0.0,11.8,0.0,46.6,2.0,0.0,10.1,0.0,42.6,2.4,0.0,188,11.27659574468085,1
45544,St Kilda Saints,Geelong Cats,2008-04-12,4,11.0,4.666666666666667,80.33333333333333,0.6666666666666666,29.666666666666668,7.4,3.2,53.2,0.6,20.2,9.3,3.4,64.3,0.6,21.6,198,12.070707070707073,1
45545,West Coast Eagles,Collingwood Magpies,2014-05-24,10,14.666666666666666,0.0,57.0,1.3333333333333333,0.0,13.6,0.0,54.2,2.2,0.0,15.0,0.0,64.5,2.2,0.0,199,10.537688442211056,0
45546,Collingwood Magpies,Carlton Blues,1999-07-25,17,14.333333333333334,0.0,55.0,1.3333333333333333,0.0,15.2,0.0,55.6,1.2,0.0,15.0,0.0,53.4,1.1,0.0,25,12.16,1
45547,Melbourne Demons,Sydney Swans,2007-08-05,18,13.333333333333334,0.3333333333333333,51.0,3.0,2.0,13.2,0.6,51.4,2.6,3.8,12.7,0.4,50.4,2.4,2.5,81,12.592592592592592,1
45548,Sydney Swans,Greater Western Sydney Giants,2015-08-22,21,16.333333333333332,1.0,77.0,2.6666666666666665,6.666666666666667,15.4,1.2,76.0,2.8,8.0,15.4,1.1,75.1,2.3,7.2,283,17.113074204946997,0
45549,Adelaide Crows,Geelong Cats,2010-07-16,16,22.33333333333333,0.3333333333333333,77.33333333333333,3.333333333333333,2.0,21.0,0.2,75.0,3.8,1.2,24.8,0.2,84.4,3.1,1.2,208,20.66346153846154,1
45550,Brisbane Lions,North Melbourne Kangaroos,1998-08-07,19,13.333333333333334,0.0,56.66666666666666,1.0,0.0,13.4,0.2,56.6,1.0,1.2,12.9,0.2,51.8,1.1,1.4,113,13.991150442477876,1
45551,Geelong Cats,Hawthorn Hawks,2004-08-29,22,10.666666666666666,1.3333333333333333,63.333333333333336,2.6666666666666665,8.333333333333334,11.2,1.8,67.6,1.8,12.4,12.1,1.6,70.7,2.0,10.9,168,12.24404761904762,1
45552,Richmond Tigers,Hawthorn Hawks,2005-08-21,21,13.333333333333334,0.0,51.0,0.6666666666666666,0.0,12.4,0.0,49.2,1.6,0.0,11.0,0.0,43.3,1.0,0.0,240,14.541666666666666,1
45553,Western Bulldogs,North Melbourne Kangaroos,2007-09-02,22,12.666666666666666,0.6666666666666666,57.333333333333336,1.3333333333333333,4.0,10.2,0.6,47.8,1.6,4.0,12.4,0.8,60.9,1.8,5.5,264,14.587121212121213,1
45554,North Melbourne Kangaroos,Port Adelaide Power,2008-08-30,22,14.666666666666666,2.0,74.66666666666667,1.3333333333333333,12.333333333333334,14.2,1.2,68.6,1.4,7.6,14.7,1.1,66.9,1.1,7.1,234,18.252136752136757,1
45555,Melbourne Demons,Adelaide Crows,2012-08-26,22,10.0,2.333333333333333,68.0,2.0,16.0,11.2,2.4,76.8,2.8,16.4,11.0,1.8,67.2,2.3,12.3,199,16.366834170854272,1
45556,North Melbourne Kangaroos,Port Adelaide Power,2007-09-22,PF,13.666666666666666,0.0,58.0,2.333333333333333,0.6666666666666666,16.8,0.2,67.4,3.6,1.6,14.7,0.1,56.2,2.6,0.9,77,12.03896103896104,0
45557,Richmond Tigers,North Melbourne Kangaroos,2025-08-17,23,5.0,0.6666666666666666,25.666666666666668,1.6666666666666667,4.333333333333333,5.4,0.6,25.6,1.8,3.8,6.6,0.7,31.0,1.7,4.7,19,8.0,0
45558,Geelong Cats,Brisbane Lions,2003-05-04,6,10.0,0.6666666666666666,49.0,1.0,4.333333333333333,8.4,0.4,38.8,0.6,2.6,9.8,0.3,42.2,0.9,2.0,67,10.522388059701491,1
45559,Fremantle Dockers,Western Bulldogs,2012-07-08,15,12.333333333333334,0.0,42.66666666666666,1.0,0.0,13.0,0.2,51.2,2.0,1.2,12.3,0.2,48.5,1.7,1.2,165,12.909090909090908,1
45560,Greater Western Sydney Giants,St Kilda Saints,2025-08-24,24,8.0,1.6666666666666667,46.0,1.0,11.0,5.2,1.0,28.0,0.8,6.6,4.222222222222222,0.8888888888888888,23.11111111111111,0.5555555555555556,5.666666666666667,9,4.222222222222222,1
45561,Hawthorn Hawks,St Kilda Saints,2013-08-09,20,16.0,0.3333333333333333,64.0,2.333333333333333,2.0,18.0,0.2,63.4,1.6,1.2,17.7,0.2,63.0,1.6,1.3,180,14.811111111111112,0
45562,Western Bulldogs,Essendon Bombers,2010-08-28,22,12.0,0.3333333333333333,52.0,2.0,2.0,14.6,0.2,63.2,2.4,1.8,16.3,0.8,73.2,2.7,5.8,137,13.05109489051095,1
45563,Western Bulldogs,Fremantle Dockers,2011-09-03,24,13.333333333333334,5.333333333333333,95.0,0.6666666666666666,34.0,12.8,5.2,91.0,0.6,33.0,10.3,3.8,69.6,0.7,24.1,217,11.847926267281109,1
45564,West Coast Eagles,Sydney Swans,2025-08-23,24,15.333333333333334,0.0,47.0,2.0,0.3333333333333333,15.8,0.2,53.4,2.4,1.6,16.1,0.1,55.5,2.7,0.8,15,14.733333333333333,1
45565,Geelong Cats,St Kilda Saints,2000-06-30,17,8.666666666666666,1.3333333333333333,45.333333333333336,0.3333333333333333,8.333333333333334,10.0,0.8,50.8,1.0,5.2,11.1,0.7,52.2,0.8,4.6,74,14.31081081081081,0
45566,Richmond Tigers,Essendon Bombers,2006-08-26,21,11.666666666666666,0.0,55.66666666666666,3.0,0.0,13.0,0.0,59.8,3.2,0.0,13.5,0.0,58.5,2.2,0.0,76,10.328947368421051,1
45567,St Kilda Saints,Brisbane Lions,2006-09-02,22,10.0,0.6666666666666666,56.333333333333336,5.0,4.0,10.8,0.4,58.8,4.4,2.6,12.8,1.0,64.4,3.7,6.2,149,14.248322147651006,0
45568,West Coast Eagles,Port Adelaide Power,2001-09-02,22,7.0,0.0,18.0,0.3333333333333333,0.0,10.8,0.0,36.8,0.8,0.0,11.7,0.1,44.2,0.8,0.6,62,14.596774193548388,0
45569,Port Adelaide Power,Geelong Cats,2004-09-05,QF,13.0,0.3333333333333333,53.66666666666666,2.6666666666666665,2.0,11.8,0.2,44.8,2.0,1.2,12.1,0.1,44.7,2.1,0.6,160,16.70625,1
45570,Carlton Blues,Collingwood Magpies,2004-08-27,22,10.333333333333334,0.6666666666666666,50.66666666666666,2.6666666666666665,5.0,7.8,0.4,36.2,1.8,3.0,10.0,0.4,47.7,2.9,3.0,129,17.666666666666668,0
45571,Fremantle Dockers,Carlton Blues,1999-04-17,4,1.3333333333333333,0.0,8.333333333333334,0.6666666666666666,0.6666666666666666,3.6,0.6,21.4,0.4,4.0,5.4,1.1,32.3,0.4,7.8,34,7.764705882352941,0
45572,Geelong Cats,Fremantle Dockers,2009-08-29,22,12.666666666666666,0.3333333333333333,47.66666666666666,1.0,2.0,12.8,0.2,51.4,1.2,1.2,14.4,0.1,53.7,1.0,0.6,152,12.519736842105264,1
45573,Western Bulldogs,St Kilda Saints,2005-07-03,14,9.0,0.3333333333333333,32.666666666666664,0.3333333333333333,2.0,11.2,0.4,44.4,0.2,2.4,13.1,0.6,53.7,0.9,3.7,136,13.698529411764708,1
45574,Adelaide Crows,Port Adelaide Power,2006-08-27,21,11.333333333333334,0.0,39.0,0.6666666666666666,0.0,10.6,0.0,40.2,0.6,0.0,15.9,0.0,64.0,1.0,0.0,244,13.663934426229508,0
45575,Brisbane Lions,North Melbourne Kangaroos,2004-08-28,22,14.333333333333334,0.6666666666666666,61.0,3.333333333333333,4.0,15.0,0.6,58.4,2.8,4.0,14.8,0.6,58.4,2.7,3.9,213,16.450704225352112,1
45576,North Melbourne Kangaroos,Greater Western Sydney Giants,2016-08-27,23,25.33333333333333,1.3333333333333333,102.33333333333331,3.333333333333333,9.0,26.0,1.6,99.4,2.8,10.6,21.6,1.8,90.8,3.0,11.8,330,21.272727272727277,1
45577,St Kilda Saints,Essendon Bombers,2008-08-31,22,23.33333333333333,0.6666666666666666,88.33333333333333,2.6666666666666665,4.0,22.6,0.6,79.8,2.0,3.6,21.7,0.4,80.3,1.9,2.5,296,25.388513513513512,0
45578,Port Adelaide Power,St Kilda Saints,2001-08-11,19,4.333333333333333,0.0,25.0,2.6666666666666665,0.0,5.2,0.2,29.2,1.6,1.8,6.7,1.0,39.0,1.3,6.7,29,6.137931034482759,0
45579,Fremantle Dockers,Carlton Blues,2010-08-27,22,16.666666666666668,2.333333333333333,79.0,2.6666666666666665,14.666666666666666,15.6,1.8,75.6,3.2,11.4,15.9,1.3,73.7,3.5,8.6,164,21.652439024390244,1
45580,Hawthorn Hawks,Sydney Swans,1999-08-29,22,12.333333333333334,0.3333333333333333,36.333333333333336,1.0,2.0,12.8,0.2,39.4,0.6,1.2,11.0,0.1,35.6,1.0,0.6,76,13.789473684210526,1
45581,North Melbourne Kangaroos,St Kilda Saints,2006-05-28,9,10.666666666666666,0.0,52.0,1.3333333333333333,0.0,10.2,0.0,44.8,0.8,0.0,11.4,0.0,47.2,1.1,0.0,123,11.032520325203253,0
45582,St Kilda Saints,Adelaide Crows,2014-08-31,23,21.666666666666668,0.0,93.0,6.0,0.3333333333333333,21.0,0.4,91.2,5.4,2.6,23.8,0.3,98.5,6.2,2.1,228,22.17105263157895,0
45583,Essendon Bombers,Brisbane Lions,2005-04-30,6,11.333333333333334,0.0,46.66666666666666,1.0,0.6666666666666666,13.6,0.4,57.2,1.4,3.0,14.4,0.4,61.3,1.4,2.8,19,11.68421052631579,1
45584,Geelong Cats,St Kilda Saints,2005-08-05,19,12.0,0.6666666666666666,56.0,1.0,5.333333333333333,9.4,0.6,45.0,1.2,4.4,11.0,0.8,55.1,1.8,5.7,46,9.956521739130435,0
45585,Fremantle Dockers,Geelong Cats,2010-09-10,SF,10.0,1.3333333333333333,50.333333333333336,1.3333333333333333,8.333333333333334,10.2,1.6,55.0,2.0,10.0,13.9,1.4,70.6,2.4,9.1,129,15.124031007751938,0
45586,West Coast Eagles,Fremantle Dockers,1999-03-28,1,11.666666666666666,1.6666666666666667,56.333333333333336,1.6666666666666667,11.0,10.0,1.4,48.2,1.8,9.0,13.4,1.5,62.3,1.9,10.0,127,14.984251968503935,0
45587,St Kilda Saints,Brisbane Lions,1999-07-17,16,11.0,0.3333333333333333,39.0,1.0,2.333333333333333,8.8,0.6,31.6,0.6,3.8,8.5,0.6,36.8,1.3,3.7,28,8.821428571428571,1
45588,St Kilda Saints,North Melbourne Kangaroos,2000-08-05,22,7.333333333333333,1.6666666666666667,43.333333333333336,0.6666666666666666,11.0,8.0,2.2,51.6,0.6,15.0,7.8,2.1,46.6,0.7,13.9,49,9.081632653061224,1
45589,Essendon Bombers,West Coast Eagles,2007-09-01,22,9.666666666666666,0.3333333333333333,43.66666666666666,3.333333333333333,2.0,10.8,0.2,49.4,4.2,1.2,13.2,0.2,55.8,3.5,1.2,130,13.576923076923077,0
45590,Essendon Bombers,Melbourne Demons,2005-08-28,22,6.0,0.0,31.0,2.0,0.3333333333333333,6.0,0.0,37.0,2.2,0.2,6.4,0.3,40.3,2.2,2.0,48,6.354166666666667,1
45591,Brisbane Lions,St Kilda Saints,2000-07-29,21,18.666666666666668,0.0,76.33333333333333,0.3333333333333333,0.3333333333333333,19.6,0.2,78.8,0.8,1.4,18.1,0.1,70.8,0.6,0.7,124,16.629032258064516,1
45592,Adelaide Crows,Fremantle Dockers,2002-09-01,22,11.333333333333334,0.0,53.66666666666666,2.0,0.0,10.0,0.0,47.0,2.0,0.0,7.6,0.3,37.9,1.3,2.3,42,6.357142857142857,0
45593,Carlton Blues,Sydney Swans,2003-07-19,16,8.666666666666666,0.3333333333333333,32.333333333333336,0.6666666666666666,2.0,10.2,0.2,38.2,1.8,1.2,12.2,1.3,53.9,1.5,8.3,140,15.692857142857145,1
45594,Richmond Tigers,Geelong Cats,2005-08-28,22,15.0,0.3333333333333333,65.0,2.6666666666666665,2.0,14.0,0.4,62.4,2.2,2.4,11.1,0.8,56.2,2.1,5.1,68,13.264705882352942,0
45595,Essendon Bombers,West Coast Eagles,2007-09-01,22,16.333333333333332,1.0,66.33333333333333,1.0,6.0,17.2,0.8,69.4,1.8,5.2,20.4,0.4,81.9,2.2,2.7,204,19.857843137254903,0
45596,Geelong Cats,Carlton Blues,2001-09-01,22,16.0,0.3333333333333333,56.66666666666666,3.0,2.6666666666666665,15.2,0.2,59.6,4.4,1.6,16.5,0.6,63.4,3.6,3.9,222,22.62162162162162,0
45597,Carlton Blues,North Melbourne Kangaroos,1999-09-25,GF,4.666666666666667,0.0,21.666666666666668,1.3333333333333333,0.0,4.8,0.2,19.8,0.8,1.6,7.5,0.3,34.0,1.2,2.2,138,12.289855072463768,0
45598,Melbourne Demons,Richmond Tigers,2008-08-31,22,15.0,2.6666666666666665,86.0,2.0,17.333333333333332,14.4,2.2,76.6,1.6,14.2,13.6,1.1,63.2,1.5,7.2,157,10.796178343949045,1
45599,Collingwood Magpies,Hawthorn Hawks,2007-07-01,13,19.0,0.0,74.66666666666667,1.0,0.0,19.6,0.6,79.4,1.2,3.8,17.9,0.4,75.3,2.1,2.6,127,15.755905511811024,1
45600,Hawthorn Hawks,Western Bulldogs,2005-06-05,11,9.333333333333334,0.6666666666666666,45.0,1.0,4.666666666666667,9.4,0.8,45.8,1.2,5.4,10.4,0.5,53.1,1.2,3.5,144,13.875,0
45601,West Coast Eagles,Brisbane Lions,1999-07-25,17,4.666666666666667,0.0,13.0,0.0,0.0,5.75,0.0,15.75,0.0,0.0,5.75,0.0,15.75,0.0,0.0,4,5.75,0
45602,Melbourne Demons,Geelong Cats,2000-07-30,21,10.666666666666666,0.0,33.0,0.6666666666666666,1.0,15.2,0.0,48.2,0.8,0.6,14.6,0.0,46.0,1.3,0.3,93,13.698924731182796,1
45603,Carlton Blues,Essendon Bombers,2002-09-01,22,11.333333333333334,1.0,56.66666666666666,2.0,6.333333333333333,11.6,0.6,54.0,1.6,3.8,10.8,0.4,50.8,2.0,2.5,63,10.634920634920634,0
45604,Richmond Tigers,Adelaide Crows,2004-08-15,20,8.666666666666666,1.0,46.0,1.0,6.666666666666667,8.2,1.6,47.4,0.8,10.0,7.8,0.8,41.2,1.2,5.3,93,12.10752688172043,0
45605,Carlton Blues,North Melbourne Kangaroos,2011-07-29,19,11.666666666666666,0.0,46.0,3.333333333333333,0.3333333333333333,13.0,0.2,52.8,3.0,1.8,15.4,0.7,62.8,2.7,4.6,161,16.888198757763973,0
45606,St Kilda Saints,Essendon Bombers,2009-08-16,20,15.666666666666666,0.0,64.0,1.6666666666666667,0.0,12.6,0.0,48.4,1.2,0.0,11.9,0.0,49.0,1.0,0.0,187,9.946524064171124,0
45607,Richmond Tigers,Geelong Cats,2002-06-29,13,4.666666666666667,0.6666666666666666,26.666666666666668,1.0,4.333333333333333,6.0,0.8,29.0,0.6,5.6,8.1,0.9,39.0,0.5,7.1,192,13.078125,1
45608,Carlton Blues,Essendon Bombers,2004-04-16,4,12.333333333333334,0.3333333333333333,43.66666666666666,1.0,2.0,14.2,0.2,58.8,2.4,1.8,14.5,0.1,56.9,2.8,1.1,80,13.575,1
45609,Geelong Cats,Brisbane Lions,2025-09-05,QF,11.0,0.0,50.0,2.333333333333333,0.3333333333333333,13.0,0.2,58.4,2.2,1.4,14.0,0.2,61.4,1.9,1.3,25,16.36,1
45610,West Coast Eagles,Geelong Cats,2009-06-07,11,14.333333333333334,1.6666666666666667,60.0,0.6666666666666666,11.0,11.8,1.4,53.8,0.8,9.6,12.0,1.3,59.0,1.3,8.9,120,13.766666666666667,1
45611,Hawthorn Hawks,West Coast Eagles,2003-07-25,17,6.666666666666667,0.3333333333333333,27.666666666666668,0.0,2.0,9.8,0.2,38.2,0.2,1.2,10.3,0.3,44.3,0.7,1.9,86,9.953488372093023,0
45612,West Coast Eagles,Richmond Tigers,2025-07-19,19,16.666666666666668,0.3333333333333333,76.0,3.0,2.333333333333333,13.8,0.2,63.8,2.8,2.0,13.2,0.1,57.4,2.4,1.1,17,11.411764705882351,1
45613,Melbourne Demons,Fremantle Dockers,2001-05-05,6,7.666666666666667,0.0,25.33333333333333,0.3333333333333333,0.0,9.2,0.0,33.2,0.6,0.0,7.9,0.0,28.8,0.4,0.0,120,8.383333333333333,0
45614,Hawthorn Hawks,Adelaide Crows,2007-07-07,14,14.0,0.0,61.333333333333336,1.6666666666666667,0.0,16.0,0.0,74.2,2.2,0.0,17.4,0.0,77.6,1.8,0.0,93,13.870967741935484,0
45615,Collingwood Magpies,Melbourne Demons,2000-06-10,14,13.666666666666666,0.0,55.0,0.3333333333333333,0.0,10.8,0.0,42.2,0.6,0.2,10.2,0.3,41.1,0.8,2.0,11,10.272727272727272,0
45616,West Coast Eagles,Fremantle Dockers,2004-05-01,6,12.333333333333334,0.6666666666666666,56.0,0.6666666666666666,5.333333333333333,13.2,0.6,57.6,0.6,4.8,13.7,0.7,61.0,1.3,4.9,210,17.442857142857143,1
45617,Western Bulldogs,Adelaide Crows,2002-03-31,1,4.333333333333333,0.6666666666666666,23.33333333333333,0.6666666666666666,4.333333333333333,5.6,0.8,27.0,0.6,5.2,5.6,0.9,30.2,0.9,5.7,53,8.924528301886792,1
45618,Adelaide Crows,Port Adelaide Power,2000-08-06,22,12.0,0.0,42.0,1.0,0.0,9.4,0.0,32.6,0.6,0.0,14.3,0.3,45.7,0.5,1.8,95,15.157894736842104,1
45619,Sydney Swans,Brisbane Lions,2004-07-31,18,3.6666666666666665,0.3333333333333333,17.333333333333332,0.6666666666666666,2.0,9.0,0.2,33.4,0.6,1.2,7.1,0.1,29.3,0.8,0.6,12,7.25,1
45620,Port Adelaide Power,North Melbourne Kangaroos,2005-07-31,18,13.0,0.0,47.333333333333336,1.3333333333333333,0.0,11.6,0.0,38.6,0.8,0.2,13.4,0.2,51.1,2.1,1.4,119,17.210084033613445,0
45621,Adelaide Crows,North Melbourne Kangaroos,1999-08-29,22,6.333333333333333,0.3333333333333333,22.666666666666668,1.0,2.0,8.0,0.2,31.0,1.0,1.4,12.4,0.3,46.4,0.8,2.0,121,13.96694214876033,1
45622,Adelaide Crows,Fremantle Dockers,2001-09-01,22,9.0,2.333333333333333,40.66666666666666,0.3333333333333333,14.333333333333334,9.2,2.8,48.6,0.4,17.8,9.2,3.2,56.3,0.7,20.5,181,19.13812154696133,0
45623,Collingwood Magpies,Hawthorn Hawks,2013-04-14,3,18.33333333333333,0.0,57.66666666666666,1.0,0.0,17.2,0.0,57.0,1.2,0.2,20.5,0.0,66.3,1.4,0.2,176,17.34090909090909,1
45624,Western Bulldogs,Sydney Swans,2010-08-21,21,15.333333333333334,0.6666666666666666,71.0,0.0,5.0,16.0,1.0,73.8,0.6,6.6,17.4,0.9,76.8,1.0,6.0,289,19.557093425605537,0
45625,Carlton Blues,Fremantle Dockers,2005-07-17,16,14.333333333333334,0.6666666666666666,59.0,2.0,4.333333333333333,14.2,0.6,58.2,2.8,4.2,13.3,0.6,53.4,2.4,4.0,51,12.745098039215684,1
45626,Essendon Bombers,St Kilda Saints,2008-08-31,22,23.0,0.3333333333333333,82.0,2.333333333333333,2.0,21.8,0.2,82.6,2.8,1.6,21.3,0.2,85.4,3.0,1.5,141,21.127659574468087,1
45627,Richmond Tigers,Melbourne Demons,2008-08-31,22,25.666666666666668,0.0,103.66666666666669,2.6666666666666665,0.0,25.4,0.0,101.6,2.0,0.0,22.3,0.3,90.3,2.2,2.0,171,19.339181286549707,0
45628,Fremantle Dockers,Collingwood Magpies,2008-08-29,22,10.0,1.0,51.333333333333336,2.333333333333333,6.333333333333333,11.0,1.4,55.6,2.8,8.8,11.0,0.7,49.2,2.5,4.4,164,15.798780487804878,1
45629,Brisbane Lions,Adelaide Crows,2010-08-15,20,19.0,0.0,74.0,2.333333333333333,0.0,19.8,0.0,75.4,2.8,0.0,22.6,0.0,87.2,2.4,0.0,161,17.81366459627329,1
45630,Fremantle Dockers,Adelaide Crows,2003-03-30,1,13.333333333333334,0.0,55.333333333333336,1.6666666666666667,0.0,10.4,0.0,42.0,1.0,0.0,8.6,0.0,36.2,1.0,0.0,80,11.0875,0
45631,St Kilda Saints,Brisbane Lions,2005-08-27,22,18.666666666666668,0.3333333333333333,77.0,2.6666666666666665,2.333333333333333,17.2,0.4,67.8,2.2,2.6,13.7,0.3,54.5,1.9,1.9,177,16.406779661016948,1
45632,West Coast Eagles,Essendon Bombers,2007-09-01,22,18.666666666666668,0.3333333333333333,71.33333333333333,2.333333333333333,2.333333333333333,18.4,0.4,69.0,2.2,2.8,17.5,0.4,67.4,2.2,2.7,119,15.008403361344538,1
45633,Brisbane Lions,St Kilda Saints,2006-09-02,22,8.0,0.0,38.0,0.0,0.3333333333333333,8.2,0.2,39.8,0.6,1.4,8.0,0.2,44.2,1.1,1.5,107,7.691588785046729,1
45634,Richmond Tigers,Sydney Swans,2006-07-22,16,17.666666666666668,0.3333333333333333,100.33333333333331,3.6666666666666665,2.0,17.4,0.4,90.8,3.2,2.6,16.1,0.4,80.0,2.5,2.5,140,14.721428571428572,0
45635,Richmond Tigers,Fremantle Dockers,2004-06-13,12,10.333333333333334,0.0,49.0,4.0,0.0,10.0,0.0,46.4,3.6,0.0,8.9,0.0,41.4,3.1,0.0,145,14.310344827586206,1
45636,Sydney Swans,Richmond Tigers,2002-08-31,22,21.0,1.6666666666666667,98.33333333333331,5.333333333333333,10.333333333333334,20.2,1.6,96.0,5.4,10.0,20.1,1.1,85.7,4.3,7.1,194,20.371134020618555,1
45637,West Coast Eagles,Collingwood Magpies,2001-06-22,12,6.0,0.0,23.0,1.0,0.0,10.4,0.0,41.4,1.8,0.0,16.8,0.1,61.8,1.8,0.7,191,20.115183246073297,0
45638,Melbourne Demons,Sydney Swans,2019-08-16,22,17.666666666666668,0.0,75.33333333333333,4.0,0.3333333333333333,16.6,0.2,69.6,3.6,1.6,17.3,0.1,71.0,4.5,1.0,26,11.846153846153848,1
45639,Fremantle Dockers,Port Adelaide Power,2002-07-06,14,8.0,0.3333333333333333,28.0,0.0,2.0,12.0,0.2,42.4,0.8,1.2,12.9,0.2,52.0,1.6,1.2,142,16.161971830985916,1
45640,Geelong Cats,Fremantle Dockers,2002-08-17,20,8.0,0.0,28.666666666666668,1.3333333333333333,0.0,7.2,0.0,25.2,1.0,0.0,9.6,0.0,38.8,2.0,0.0,123,16.59349593495935,0
45641,Richmond Tigers,Fremantle Dockers,2003-08-02,18,6.0,0.0,20.33333333333333,0.6666666666666666,0.0,6.6,0.0,21.4,0.8,0.2,6.9,0.0,22.9,0.8,0.1,69,15.08695652173913,0
45642,St Kilda Saints,Western Bulldogs,2010-04-30,6,9.0,0.0,44.333333333333336,1.6666666666666667,0.0,7.8,0.0,43.4,2.2,0.0,8.8,0.0,51.5,2.4,0.1,187,12.72192513368984,0
45643,Port Adelaide Power,Fremantle Dockers,2006-09-02,22,15.666666666666666,0.0,57.66666666666666,1.3333333333333333,0.3333333333333333,15.0,0.0,56.2,1.8,0.2,16.7,0.5,63.1,1.2,3.3,167,17.17365269461078,0
45644,Richmond Tigers,Brisbane Lions,2007-06-02,10,7.666666666666667,0.3333333333333333,31.33333333333333,1.0,2.6666666666666665,7.6,0.2,33.2,1.0,2.2,10.0,1.6,56.7,0.9,10.9,100,9.93,1
45645,Collingwood Magpies,Port Adelaide Power,2004-05-02,6,10.333333333333334,0.3333333333333333,51.0,2.333333333333333,2.0,9.8,0.4,49.2,1.6,2.6,10.8,0.6,49.9,1.5,3.7,39,9.564102564102564,0
45646,Sydney Swans,Brisbane Lions,2010-08-28,22,20.0,0.6666666666666666,71.0,2.333333333333333,4.333333333333333,16.0,0.6,61.8,3.4,3.8,17.0,0.6,69.3,4.0,3.8,185,18.572972972972973,0
45647,Richmond Tigers,Essendon Bombers,2002-07-26,17,15.0,0.0,47.0,2.333333333333333,0.0,16.2,0.2,53.8,3.0,1.2,16.3,0.4,57.6,2.3,2.6,221,21.27601809954751,1
45648,Richmond Tigers,Fremantle Dockers,2006-06-03,10,6.0,0.0,32.0,1.0,0.0,7.8,0.2,52.8,2.6,1.2,8.6,0.2,49.9,1.9,1.3,59,6.135593220338983,0
45649,St Kilda Saints,Sydney Swans,2001-08-26,21,8.333333333333334,0.0,28.0,1.0,0.0,10.2,0.0,34.8,1.4,0.0,13.2,0.0,47.3,1.3,0.0,34,14.352941176470589,0
45650,Western Bulldogs,Hawthorn Hawks,2000-08-04,22,6.0,1.3333333333333333,36.0,1.0,8.666666666666666,6.8,1.0,38.0,1.0,6.8,7.9,1.3,41.8,1.0,8.8,145,14.110344827586207,1
45651,Western Bulldogs,Collingwood Magpies,2004-07-24,17,12.333333333333334,0.0,54.66666666666666,2.6666666666666665,0.0,13.0,0.0,53.0,2.2,0.0,10.1,0.0,43.1,2.4,0.0,72,10.34722222222222,1
45652,Adelaide Crows,Port Adelaide Power,2000-08-06,22,11.333333333333334,0.3333333333333333,42.333333333333336,2.333333333333333,2.6666666666666665,7.6,0.2,28.4,1.4,1.6,11.0,0.2,34.8,1.2,1.5,102,14.019607843137257,1
45653,Geelong Cats,Melbourne Demons,2005-08-13,20,16.333333333333332,0.3333333333333333,66.66666666666667,3.0,3.0,17.6,0.2,71.6,3.0,1.8,19.2,0.4,73.9,1.9,3.3,15,15.533333333333331,1
45654,Carlton Blues,St Kilda Saints,2007-07-28,17,16.0,0.6666666666666666,65.33333333333333,3.6666666666666665,4.0,16.8,0.4,64.0,3.4,2.6,20.1,0.4,76.4,3.9,2.6,220,19.418181818181814,1
45655,Melbourne Demons,Port Adelaide Power,1999-08-14,20,13.666666666666666,0.6666666666666666,44.333333333333336,1.0,4.0,13.6,0.8,45.0,1.0,5.2,8.8,0.5,30.4,0.8,3.4,87,11.344827586206897,0
45656,Western Bulldogs,Brisbane Lions,2003-08-30,22,6.0,0.0,23.666666666666668,2.0,0.0,8.8,0.0,34.8,1.6,0.0,9.3,0.0,36.8,1.8,0.0,168,10.797619047619047,1
45657,Hawthorn Hawks,Essendon Bombers,2000-04-01,4,8.666666666666666,0.3333333333333333,39.333333333333336,1.6666666666666667,2.333333333333333,7.6,0.2,35.6,1.6,1.4,10.3,0.7,48.3,2.1,5.1,62,10.951612903225806,1
45658,Port Adelaide Power,North Melbourne Kangaroos,2009-08-29,22,13.666666666666666,1.0,86.0,1.6666666666666667,6.666666666666667,11.8,0.6,73.0,1.4,4.4,10.8,0.6,68.3,1.3,4.1,183,11.174863387978142,1
45659,Essendon Bombers,Sydney Swans,2001-08-12,19,10.666666666666666,0.3333333333333333,57.66666666666666,1.6666666666666667,2.333333333333333,8.2,0.4,46.8,1.6,2.6,6.6,0.3,36.7,1.5,2.1,16,7.3125,1
45660,Melbourne Demons,Adelaide Crows,2003-06-15,12,6.0,0.0,21.0,1.3333333333333333,0.3333333333333333,7.0,0.0,25.0,1.0,0.2,7.6,0.1,28.0,0.9,0.7,18,5.833333333333333,0
45661,Brisbane Lions,Hawthorn Hawks,2000-07-09,18,12.666666666666666,0.0,34.666666666666664,1.3333333333333333,0.3333333333333333,14.8,0.2,38.6,1.0,1.6,14.7,0.1,40.7,1.3,0.8,174,22.942528735632184,1
45662,Collingwood Magpies,North Melbourne Kangaroos,2001-09-02,22,17.333333333333332,0.3333333333333333,66.33333333333333,1.0,2.0,16.4,0.4,63.6,1.2,2.4,13.5,0.4,54.7,1.3,2.7,56,12.392857142857142,1
45663,North Melbourne Kangaroos,St Kilda Saints,2000-08-05,22,9.333333333333334,1.0,53.333333333333336,2.0,7.0,7.0,1.0,40.2,1.2,6.8,7.1,1.0,38.9,1.3,6.7,19,6.631578947368421,0
45664,Carlton Blues,Essendon Bombers,2007-08-18,20,13.333333333333334,1.3333333333333333,67.66666666666667,1.0,8.0,12.6,1.0,61.4,1.4,6.4,12.8,1.2,61.4,1.3,7.7,195,16.466666666666665,0
45665,Brisbane Lions,Port Adelaide Power,2008-04-12,4,19.0,0.0,78.33333333333333,5.333333333333333,0.3333333333333333,21.6,0.0,88.6,5.2,0.2,25.2,0.0,95.8,4.6,0.4,212,20.88679245283019,0
45666,St Kilda Saints,North Melbourne Kangaroos,2003-07-20,16,17.333333333333332,0.0,68.33333333333333,1.0,0.0,17.2,0.2,71.6,1.6,1.4,16.0,0.6,67.7,1.3,3.8,99,14.04040404040404,1
45667,Hawthorn Hawks,Sydney Swans,2005-08-27,22,15.333333333333334,1.0,74.0,5.0,6.0,16.0,1.0,74.4,3.8,6.0,14.7,0.8,66.6,3.0,4.8,136,17.066176470588236,1
45668,Melbourne Demons,Hawthorn Hawks,2003-07-19,16,9.0,0.0,42.333333333333336,3.0,0.0,14.4,0.0,63.2,3.2,0.2,17.1,0.0,67.9,2.6,0.2,114,17.894736842105264,0
45669,Brisbane Lions,Sydney Swans,2006-05-07,6,15.0,0.3333333333333333,60.0,0.6666666666666666,2.0,17.0,0.2,67.6,0.8,1.2,15.8,0.1,67.3,2.1,0.6,226,12.238938053097344,1
45670,West Coast Eagles,Geelong Cats,2000-04-09,5,9.333333333333334,1.0,41.333333333333336,1.3333333333333333,6.0,9.6,1.2,45.0,1.4,8.0,9.8,1.1,44.2,1.4,7.5,171,16.327485380116958,0
45671,Sydney Swans,Brisbane Lions,2001-09-01,22,7.0,0.6666666666666666,32.666666666666664,0.0,4.0,11.6,0.6,55.8,0.4,4.4,13.9,0.6,63.6,0.9,4.3,150,17.346666666666668,0
45672,Western Bulldogs,North Melbourne Kangaroos,2002-07-28,17,6.333333333333333,0.0,36.66666666666666,5.333333333333333,0.0,9.4,0.0,45.2,4.8,0.2,9.7,0.0,41.8,3.7,0.1,220,20.14090909090909,1
45673,Collingwood Magpies,Brisbane Lions,2007-07-28,17,19.666666666666668,0.6666666666666666,74.0,3.0,4.333333333333333,17.6,0.4,67.6,2.8,2.6,20.4,0.4,79.1,3.0,2.9,152,21.18421052631579,1
45674,Geelong Cats,Collingwood Magpies,2011-09-02,24,21.33333333333333,1.3333333333333333,89.0,5.333333333333333,8.0,21.8,1.0,88.8,4.6,6.2,23.2,1.0,92.0,4.4,6.2,181,21.519337016574585,0
45675,Adelaide Crows,North Melbourne Kangaroos,1999-08-29,22,15.0,1.3333333333333333,71.66666666666667,1.6666666666666667,8.333333333333334,11.6,0.8,56.8,2.2,5.0,17.1,1.1,72.5,1.4,7.3,92,18.22826086956522,1
45676,Hawthorn Hawks,Adelaide Crows,1999-07-25,17,10.0,0.0,32.666666666666664,0.6666666666666666,0.0,9.0,0.2,32.8,1.4,1.2,10.25,0.375,41.125,2.0,2.375,8,10.25,0
45677,Essendon Bombers,Hawthorn Hawks,2009-08-29,22,12.333333333333334,2.6666666666666665,74.0,1.6666666666666667,17.666666666666668,12.0,2.2,67.4,1.4,14.8,11.2,1.5,58.6,1.4,10.7,211,13.18009478672986,0
45678,Carlton Blues,Adelaide Crows,1999-07-10,15,10.0,0.0,26.666666666666668,0.0,0.0,8.0,0.0,22.8,0.0,0.0,8.5,0.0,27.3,0.4,0.0,12,9.75,1
45679,Sydney Swans,Geelong Cats,2002-06-15,12,3.333333333333333,2.0,23.666666666666668,0.3333333333333333,12.333333333333334,7.4,3.8,56.4,0.6,24.0,7.6,3.6,59.3,0.9,23.2,225,10.017777777777775,1
45680,Port Adelaide Power,Essendon Bombers,2001-07-29,17,4.0,0.3333333333333333,15.0,0.3333333333333333,2.0,7.0,1.2,36.4,0.6,7.6,5.9,1.1,33.7,0.8,7.3,41,7.804878048780488,1
45681,Collingwood Magpies,Essendon Bombers,2010-08-13,20,15.333333333333334,0.3333333333333333,71.33333333333333,4.333333333333333,2.333333333333333,15.4,0.4,80.0,5.4,2.8,16.3,0.6,78.7,4.2,4.1,181,18.39779005524862,0
45682,St Kilda Saints,Melbourne Demons,2002-08-31,22,14.666666666666666,1.0,77.0,1.3333333333333333,6.333333333333333,14.2,1.2,77.8,1.6,7.4,11.8,0.8,64.3,1.8,5.0,316,15.177215189873415,1
45683,Essendon Bombers,Richmond Tigers,2001-09-07,QF,12.0,0.3333333333333333,47.333333333333336,1.6666666666666667,2.6666666666666665,12.8,0.2,47.6,1.6,2.4,14.7,0.3,57.5,1.9,2.6,148,18.236486486486488,1
45684,North Melbourne Kangaroos,Carlton Blues,1999-09-25,GF,5.333333333333333,0.0,21.0,0.3333333333333333,0.0,8.0,0.0,32.6,0.6,0.0,9.8,0.0,43.4,0.8,0.1,167,10.81437125748503,1
45685,Fremantle Dockers,West Coast Eagles,2007-04-14,3,12.333333333333334,0.6666666666666666,58.333333333333336,1.6666666666666667,5.0,12.4,1.0,58.8,1.4,7.0,12.3,1.2,64.5,1.5,8.3,112,11.491071428571429,1
45686,Carlton Blues,Port Adelaide Power,2006-06-04,10,5.0,1.0,30.0,0.6666666666666666,6.333333333333333,6.2,1.2,36.0,1.4,7.8,5.2,0.9,32.1,1.7,6.0,64,10.125,1
45687,Geelong Cats,St Kilda Saints,2003-08-30,22,8.0,1.0,39.66666666666666,1.3333333333333333,6.0,7.6,0.8,37.0,1.4,4.8,8.7,1.0,36.6,1.2,6.2,128,13.5390625,1
45688,Carlton Blues,Port Adelaide Power,2025-08-16,23,18.0,0.0,79.66666666666667,8.0,0.0,15.0,0.0,68.0,6.2,0.0,15.1,0.0,63.8,4.8,0.0,19,14.947368421052632,1
45689,Port Adelaide Power,Carlton Blues,2025-08-16,23,15.666666666666666,0.6666666666666666,64.66666666666667,2.333333333333333,4.333333333333333,12.6,0.4,49.8,2.0,2.6,11.166666666666666,0.3333333333333333,45.66666666666666,2.0,2.1666666666666665,6,11.166666666666666,0
45690,Melbourne Demons,Geelong Cats,1999-04-10,3,13.666666666666666,0.0,41.333333333333336,1.0,0.0,15.8,0.0,49.2,1.2,0.0,18.8,0.1,61.2,1.2,0.7,105,20.33333333333333,0
45691,Geelong Cats,Brisbane Lions,2001-05-05,6,10.666666666666666,0.3333333333333333,42.0,2.0,2.0,10.8,0.2,39.8,1.8,1.2,9.0,0.2,33.9,1.2,1.2,25,9.0,0
45692,Essendon Bombers,West Coast Eagles,2009-08-02,18,13.333333333333334,1.6666666666666667,69.66666666666667,1.3333333333333333,10.333333333333334,14.8,2.2,77.6,1.4,14.0,15.4,1.8,82.2,2.3,11.8,215,14.716279069767442,0
45693,Sydney Swans,St Kilda Saints,2001-08-26,21,7.0,0.0,23.33333333333333,0.3333333333333333,0.0,11.8,0.2,46.8,0.8,1.6,11.0,0.4,43.0,0.6,2.7,126,13.571428571428571,1
45694,Port Adelaide Power,Western Bulldogs,2001-08-25,21,11.333333333333334,0.0,38.333333333333336,0.6666666666666666,0.3333333333333333,11.6,0.0,40.4,1.0,0.2,13.0,0.0,49.3,1.4,0.2,91,18.46153846153846,0
45695,Brisbane Lions,Port Adelaide Power,2004-09-25,GF,7.666666666666667,3.0,54.0,0.0,20.0,8.0,3.0,51.8,0.0,19.6,7.5,2.9,48.6,0.1,18.9,304,10.789473684210526,0
45696,Geelong Cats,Brisbane Lions,2000-06-17,15,9.0,1.3333333333333333,41.66666666666666,0.6666666666666666,10.333333333333334,9.6,1.2,43.8,0.4,8.8,9.1,1.7,45.5,0.2,11.7,46,12.891304347826088,1
45697,Geelong Cats,Essendon Bombers,2000-05-20,11,13.666666666666666,0.0,61.0,1.6666666666666667,0.0,10.6,0.0,47.8,1.4,0.0,12.2,0.4,53.8,1.3,2.4,54,13.72222222222222,0
45698,Melbourne Demons,Collingwood Magpies,1999-06-14,11,7.666666666666667,1.3333333333333333,36.66666666666666,0.6666666666666666,8.333333333333334,9.6,2.8,53.8,0.8,18.0,9.2,2.2,53.4,1.1,14.2,187,15.70053475935829,0
45699,Western Bulldogs,Collingwood Magpies,2000-04-07,5,6.333333333333333,1.0,30.666666666666668,0.6666666666666666,6.666666666666667,6.333333333333333,1.0,30.666666666666668,0.6666666666666666,6.666666666666667,6.333333333333333,1.0,30.666666666666668,0.6666666666666666,6.666666666666667,3,6.333333333333333,1
45700,Fremantle Dockers,Brisbane Lions,1999-08-15,20,6.333333333333333,1.3333333333333333,37.0,0.3333333333333333,8.333333333333334,8.0,1.25,45.25,0.25,7.75,8.0,1.25,45.25,0.25,7.75,4,8.0,0
45701,Port Adelaide Power,Western Bulldogs,2007-07-07,14,10.333333333333334,0.0,45.333333333333336,2.6666666666666665,0.3333333333333333,13.8,0.4,56.8,2.4,3.4,11.9,0.7,54.0,2.2,4.9,80,11.2625,0
45702,West Coast Eagles,Brisbane Lions,1999-07-25,17,16.0,0.3333333333333333,56.333333333333336,0.3333333333333333,2.333333333333333,10.8,0.2,37.4,0.2,1.4,13.3,0.2,51.2,1.6,1.4,166,21.76506024096385,0
45703,North Melbourne Kangaroos,Adelaide Crows,2006-07-21,16,20.0,0.6666666666666666,86.66666666666667,2.6666666666666665,4.333333333333333,18.6,0.4,81.4,2.2,2.6,17.8,0.2,75.8,2.6,1.3,111,14.0,0
45704,Fremantle Dockers,Brisbane Lions,1999-08-15,20,9.666666666666666,0.0,34.333333333333336,0.6666666666666666,0.0,9.8,0.0,33.2,0.4,0.0,10.2,0.1,36.3,0.7,0.6,95,13.294736842105262,0
45705,Carlton Blues,Essendon Bombers,2002-09-01,22,4.333333333333333,1.0,25.666666666666668,0.3333333333333333,6.333333333333333,6.4,1.0,35.6,0.8,6.4,8.9,0.5,41.8,1.3,3.4,188,14.138297872340424,0
45706,Carlton Blues,North Melbourne Kangaroos,2003-08-31,22,8.666666666666666,0.0,33.666666666666664,0.0,0.0,6.6,0.0,28.0,0.4,0.0,6.6,0.0,27.0,0.6,0.0,141,9.95744680851064,0
45707,Richmond Tigers,Sydney Swans,2004-08-28,22,5.333333333333333,0.3333333333333333,31.666666666666668,0.6666666666666666,2.0,6.2,0.2,34.4,0.6,1.2,4.8,0.1,27.0,0.7,0.7,44,6.318181818181818,1
45708,Brisbane Lions,Richmond Tigers,2000-05-27,12,10.666666666666666,0.0,41.333333333333336,1.6666666666666667,0.0,11.8,0.0,50.2,1.8,0.2,13.6,0.0,52.1,1.5,0.1,56,10.267857142857142,1
45709,Carlton Blues,Essendon Bombers,2003-08-02,18,7.0,0.0,25.33333333333333,0.6666666666666666,0.0,7.0,0.0,25.2,0.6,0.0,6.9,0.0,23.6,0.4,0.0,229,11.052401746724891,0
45710,Adelaide Crows,Western Bulldogs,2008-08-30,22,19.33333333333333,0.3333333333333333,66.0,1.0,2.0,21.4,0.2,80.2,1.6,1.2,19.0,0.2,72.6,1.7,1.2,101,12.584158415841584,1
45711,West Coast Eagles,North Melbourne Kangaroos,2002-09-01,22,16.333333333333332,0.6666666666666666,75.66666666666667,4.666666666666667,4.0,14.4,0.4,62.6,3.8,2.6,16.7,0.6,68.9,3.1,3.9,206,18.800970873786408,1
45712,West Coast Eagles,Adelaide Crows,2005-08-27,22,5.333333333333333,1.3333333333333333,36.66666666666666,1.3333333333333333,10.333333333333334,8.2,2.0,47.6,1.0,14.2,10.0,3.1,61.1,1.1,20.6,138,10.53623188405797,1
45713,Sydney Swans,Adelaide Crows,2008-07-26,17,12.333333333333334,0.6666666666666666,57.0,3.0,4.0,13.6,0.6,66.6,4.0,3.6,13.0,0.5,57.8,3.4,3.2,150,15.913333333333334,1
45714,Sydney Swans,West Coast Eagles,2005-04-30,6,11.0,0.0,39.66666666666666,2.333333333333333,0.0,12.0,0.0,47.4,2.4,0.0,13.4,0.3,54.3,2.8,2.0,223,14.434977578475335,0
45715,Essendon Bombers,Melbourne Demons,2002-06-28,13,6.0,0.0,22.33333333333333,0.3333333333333333,0.3333333333333333,8.2,0.0,28.0,1.0,0.2,8.2,0.0,28.0,1.0,0.2,5,8.2,1
45716,Hawthorn Hawks,Richmond Tigers,2004-04-30,6,7.333333333333333,0.0,35.666666666666664,1.0,0.0,10.4,0.0,42.8,1.2,0.0,14.3,0.0,54.0,1.3,0.1,112,13.732142857142858,0
45717,North Melbourne Kangaroos,Richmond Tigers,2003-06-06,11,6.0,0.3333333333333333,24.0,0.0,2.6666666666666665,8.2,0.6,35.8,0.6,4.6,7.4,0.5,33.1,0.5,3.9,146,10.595890410958903,1
45718,Collingwood Magpies,Richmond Tigers,1999-04-17,4,18.0,0.0,59.0,1.0,0.0,13.6,0.2,48.2,1.4,1.2,12.0,0.3,44.8,1.8,1.8,89,13.247191011235955,1
45719,Melbourne Demons,West Coast Eagles,2002-08-11,19,8.333333333333334,0.3333333333333333,38.0,2.0,2.0,8.8,0.4,42.4,2.4,2.6,10.1,0.2,43.5,2.6,1.4,79,15.645569620253164,0
45720,Brisbane Lions,Fremantle Dockers,2007-05-06,6,6.666666666666667,0.0,45.66666666666666,1.3333333333333333,0.0,5.6,0.0,41.0,2.0,0.0,5.4,0.1,37.8,1.3,0.6,66,6.46969696969697,1
45721,Greater Western Sydney Giants,North Melbourne Kangaroos,2012-09-01,23,10.0,0.3333333333333333,40.333333333333336,2.333333333333333,2.0,12.4,0.2,53.6,3.8,1.2,15.1,0.3,65.3,4.9,2.1,263,17.76045627376426,1
45722,Geelong Cats,Adelaide Crows,2002-04-06,2,12.666666666666666,0.3333333333333333,50.0,1.3333333333333333,2.0,14.2,0.2,59.6,1.8,1.2,14.5,0.1,51.1,1.0,0.6,180,15.633333333333333,0
45723,Adelaide Crows,Richmond Tigers,2008-06-07,11,8.333333333333334,0.3333333333333333,44.333333333333336,1.3333333333333333,3.0,7.6,0.4,40.2,1.0,3.4,8.0,0.9,41.1,0.8,6.0,124,10.96774193548387,0
45724,West Coast Eagles,Adelaide Crows,2003-09-06,EF,11.333333333333334,0.0,42.333333333333336,1.0,0.0,8.6,0.0,33.6,1.6,0.0,9.0,0.0,32.1,1.1,0.0,193,10.207253886010363,0
45725,Carlton Blues,North Melbourne Kangaroos,2003-08-31,22,13.333333333333334,0.0,40.66666666666666,1.3333333333333333,0.0,15.0,0.0,54.0,2.2,0.2,14.6,0.0,53.9,2.4,0.2,194,16.067010309278352,0
45726,Geelong Cats,Western Bulldogs,2000-06-04,13,4.0,0.0,17.0,0.6666666666666666,0.0,4.0,0.0,17.0,0.6666666666666666,0.0,4.0,0.0,17.0,0.6666666666666666,0.0,3,4.0,0
45727,Collingwood Magpies,Essendon Bombers,2004-08-13,20,7.0,0.0,34.333333333333336,0.3333333333333333,1.0,7.4,0.0,40.2,1.0,0.6,6.7,0.2,38.8,1.4,1.5,67,9.64179104477612,0
45728,West Coast Eagles,Melbourne Demons,2000-08-06,22,13.666666666666666,0.0,57.0,2.333333333333333,0.0,14.0,0.0,55.4,1.8,0.0,13.5,0.0,50.6,1.5,0.0,213,16.995305164319248,1
45729,North Melbourne Kangaroos,Brisbane Lions,2004-08-28,22,10.666666666666666,1.3333333333333333,71.66666666666667,2.0,9.0,9.2,1.4,61.8,1.2,9.2,8.6,1.4,59.0,1.5,9.2,184,12.271739130434783,0
45730,Brisbane Lions,Hawthorn Hawks,2000-07-09,18,11.333333333333334,1.3333333333333333,53.0,1.3333333333333333,9.666666666666666,10.8,1.2,51.6,0.8,8.4,9.9,1.0,46.2,0.8,6.8,70,12.128571428571428,1
45731,North Melbourne Kangaroos,Collingwood Magpies,2001-09-02,22,6.666666666666667,0.0,33.666666666666664,1.3333333333333333,1.0,7.6,0.0,33.6,0.8,0.8,7.6,0.4,34.5,0.5,3.1,55,13.090909090909092,0
45732,St Kilda Saints,West Coast Eagles,2025-05-18,10,12.5,0.0,54.0,1.0,0.0,12.5,0.0,54.0,1.0,0.0,12.5,0.0,54.0,1.0,0.0,2,12.5,0
45733,Adelaide Crows,Geelong Cats,2010-07-16,16,15.666666666666666,1.3333333333333333,67.66666666666667,3.6666666666666665,9.0,19.4,0.8,69.6,2.6,5.4,20.7,0.7,75.2,3.0,4.6,258,19.8953488372093,1
45734,Fremantle Dockers,West Coast Eagles,2008-08-03,18,12.333333333333334,0.6666666666666666,56.0,2.6666666666666665,4.666666666666667,12.6,0.4,52.4,2.8,3.0,12.0,0.4,53.1,3.3,3.0,227,16.594713656387665,1
45735,Fremantle Dockers,North Melbourne Kangaroos,2015-08-23,21,16.0,0.0,66.66666666666667,1.6666666666666667,0.0,15.8,0.0,65.2,1.2,0.0,14.9,0.0,59.9,1.2,0.0,192,14.213541666666666,0
45736,Sydney Swans,Hawthorn Hawks,2003-04-19,4,12.666666666666666,1.0,62.333333333333336,3.333333333333333,6.666666666666667,13.4,0.6,57.6,2.8,4.2,13.0,0.5,52.8,2.0,3.5,81,13.876543209876544,0
45737,Brisbane Lions,Geelong Cats,2004-09-18,PF,11.666666666666666,1.0,53.66666666666666,1.6666666666666667,7.0,11.2,1.0,49.8,1.8,6.8,10.4,1.1,51.3,2.1,7.3,148,13.094594594594597,1
45738,Essendon Bombers,Port Adelaide Power,2012-04-07,2,14.666666666666666,0.6666666666666666,64.0,1.6666666666666667,4.0,13.6,0.4,56.2,2.0,2.4,13.1,0.4,51.3,2.6,2.5,175,14.234285714285717,1
45739,Port Adelaide Power,Brisbane Lions,2002-08-31,22,7.333333333333333,0.0,30.0,0.6666666666666666,0.0,10.6,0.0,42.8,1.4,0.0,10.1,0.0,45.2,1.6,0.0,89,11.741573033707866,1
45740,North Melbourne Kangaroos,St Kilda Saints,1999-04-24,5,4.666666666666667,0.3333333333333333,24.33333333333333,1.6666666666666667,2.333333333333333,5.0,0.4,27.6,1.6,2.6,4.6,0.3,23.0,0.9,2.1,39,6.6923076923076925,1
45741,Geelong Cats,North Melbourne Kangaroos,2002-04-13,3,7.0,0.0,28.33333333333333,1.3333333333333333,0.0,8.6,0.2,37.4,1.6,1.4,9.7,0.5,46.5,1.5,3.5,121,12.1900826446281,0
45742,Essendon Bombers,Western Bulldogs,2004-08-29,22,5.0,0.0,21.0,2.0,0.0,8.0,0.0,34.4,2.6,0.0,10.5,0.3,46.2,2.0,2.1,163,18.42944785276073,1
45743,West Coast Eagles,Geelong Cats,2002-07-06,14,10.333333333333334,1.3333333333333333,46.66666666666666,1.3333333333333333,9.0,10.2,1.0,44.6,1.6,7.4,13.5,1.1,61.2,2.1,8.5,80,11.5875,0
45744,Carlton Blues,Essendon Bombers,2003-04-11,3,6.333333333333333,0.3333333333333333,30.0,1.3333333333333333,2.6666666666666665,8.0,0.4,41.0,2.0,2.8,9.3,0.8,48.4,2.0,5.2,15,8.333333333333334,1
45745,Fremantle Dockers,Hawthorn Hawks,2001-08-04,18,9.666666666666666,0.6666666666666666,42.0,0.3333333333333333,4.0,10.8,0.4,43.0,0.4,2.4,10.7,0.2,39.6,0.5,1.2,92,10.923913043478262,1
45746,Fremantle Dockers,Brisbane Lions,2000-08-05,22,15.0,0.0,56.66666666666666,1.0,0.3333333333333333,12.8,0.2,51.8,1.2,1.4,12.5,0.1,53.4,1.1,0.7,36,10.805555555555555,0
45747,Essendon Bombers,St Kilda Saints,2008-08-31,22,11.0,0.6666666666666666,43.333333333333336,1.3333333333333333,4.333333333333333,10.4,0.4,40.2,1.4,2.6,10.9,0.3,41.3,1.4,1.9,233,9.798283261802576,1
45748,Geelong Cats,Melbourne Demons,2011-07-30,19,16.666666666666668,0.0,62.333333333333336,1.6666666666666667,0.0,17.2,0.0,64.0,1.4,0.0,19.3,0.1,74.6,1.9,0.6,229,18.83406113537118,1
45749,Richmond Tigers,Hawthorn Hawks,2003-08-31,22,4.333333333333333,0.3333333333333333,16.666666666666668,0.0,2.6666666666666665,4.4,0.4,18.0,0.2,2.8,4.3,0.3,18.3,0.2,2.0,10,4.3,1
45750,Essendon Bombers,Carlton Blues,2004-08-07,19,18.33333333333333,0.0,60.0,1.3333333333333333,0.0,19.2,0.4,65.8,1.8,2.4,14.8,0.3,53.1,1.9,1.9,182,21.736263736263737,1
45751,St Kilda Saints,Richmond Tigers,2000-07-23,20,6.0,0.6666666666666666,26.0,1.3333333333333333,4.333333333333333,7.4,0.4,29.8,1.8,2.6,10.1,1.3,46.9,1.9,8.6,72,13.59722222222222,0
45752,Fremantle Dockers,Western Bulldogs,2001-07-14,15,9.333333333333334,3.333333333333333,63.0,1.3333333333333333,21.0,8.8,2.6,55.6,1.0,16.8,7.0,2.2,43.7,0.6,14.3,131,8.65648854961832,0
45753,Carlton Blues,Essendon Bombers,2025-08-21,24,9.333333333333334,1.0,45.66666666666666,2.0,7.0,9.4,1.4,46.4,1.4,9.0,7.333333333333333,1.1111111111111112,38.0,1.2222222222222223,7.111111111111111,9,7.333333333333333,0
45754,Collingwood Magpies,Sydney Swans,2003-08-23,21,7.333333333333333,0.6666666666666666,35.333333333333336,0.6666666666666666,5.0,7.8,0.4,34.8,1.2,3.4,9.0,0.7,44.3,1.6,5.3,135,11.607407407407408,0
45755,St Kilda Saints,Collingwood Magpies,2000-06-16,15,10.0,0.0,39.0,0.0,0.0,8.2,0.0,32.0,0.0,0.0,9.5,0.0,39.3,0.3,0.0,183,13.103825136612022,0
45756,Western Bulldogs,Geelong Cats,2007-04-01,1,10.666666666666666,2.6666666666666665,65.0,1.6666666666666667,16.666666666666668,8.8,1.6,47.4,1.2,10.0,12.3,1.1,58.3,1.5,7.2,158,15.70253164556962,1
45757,Geelong Cats,Adelaide Crows,2011-08-14,21,16.333333333333332,2.6666666666666665,90.33333333333331,3.0,18.0,15.2,1.6,74.6,2.2,11.0,13.9,1.5,68.9,1.6,10.4,170,12.347058823529412,0
45758,Geelong Cats,Brisbane Lions,2001-05-05,6,10.0,0.6666666666666666,40.333333333333336,1.0,4.666666666666667,10.8,1.0,49.0,1.2,6.6,10.6,1.0,49.5,0.8,6.3,102,10.911764705882351,0
45759,Melbourne Demons,West Coast Eagles,2003-05-03,6,13.666666666666666,2.0,61.333333333333336,1.0,13.333333333333334,12.6,1.6,57.0,0.8,10.4,10.5,0.8,45.1,0.9,5.3,72,11.11111111111111,1
45760,Richmond Tigers,Carlton Blues,1999-08-27,22,8.0,0.3333333333333333,35.0,1.3333333333333333,3.6666666666666665,6.4,0.2,27.4,1.4,2.4,6.6,0.2,26.2,1.2,1.9,23,6.652173913043479,1
45761,Collingwood Magpies,West Coast Eagles,2006-07-22,16,18.33333333333333,0.0,74.66666666666667,1.6666666666666667,0.0,18.4,0.0,70.6,1.4,0.0,17.4,0.0,64.6,1.7,0.3,135,17.392592592592592,1
45762,Port Adelaide Power,Geelong Cats,2000-05-13,10,9.666666666666666,1.6666666666666667,36.333333333333336,0.6666666666666666,10.0,14.4,1.4,53.2,1.0,8.6,16.7,1.3,66.8,2.2,8.6,37,12.567567567567568,1
45763,Melbourne Demons,Adelaide Crows,2006-09-02,22,12.666666666666666,0.0,48.66666666666666,2.333333333333333,0.3333333333333333,13.6,0.2,51.6,2.0,1.6,12.8,0.7,53.5,1.9,4.6,51,9.862745098039216,0
45764,St Kilda Saints,Adelaide Crows,2004-04-17,4,8.0,0.0,26.0,1.0,0.0,9.2,0.0,36.2,1.2,0.0,11.7,0.1,46.9,1.6,0.7,40,14.975,0
45765,West Coast Eagles,Adelaide Crows,2003-08-09,19,9.0,0.6666666666666666,39.333333333333336,0.6666666666666666,4.0,8.0,0.6,37.0,1.0,3.6,6.9,0.4,28.4,0.7,2.4,13,7.230769230769231,1
45766,Essendon Bombers,Sydney Swans,2005-08-06,19,17.0,0.0,66.0,0.6666666666666666,0.0,21.0,0.4,81.4,0.6,2.4,19.3,0.3,78.9,1.1,2.2,147,17.462585034013607,1
45767,Western Bulldogs,Brisbane Lions,2017-08-05,20,20.0,0.6666666666666666,66.0,0.6666666666666666,4.333333333333333,20.2,0.6,72.2,1.4,4.0,23.3,0.3,82.8,1.5,2.1,234,17.77777777777778,0
45768,Port Adelaide Power,Melbourne Demons,2002-04-07,2,10.0,0.0,47.0,2.0,0.6666666666666666,9.8,0.2,47.0,2.0,1.8,9.0,0.1,43.8,2.0,1.1,21,9.38095238095238,0
45769,Port Adelaide Power,North Melbourne Kangaroos,1998-08-01,18,9.0,0.6666666666666666,35.333333333333336,0.3333333333333333,4.666666666666667,8.8,1.2,37.4,0.6,8.2,12.6,1.0,47.8,0.8,7.0,128,14.796875,0
45770,Melbourne Demons,North Melbourne Kangaroos,2008-04-12,4,9.666666666666666,1.0,53.333333333333336,1.3333333333333333,7.666666666666667,10.2,1.6,57.6,1.0,11.4,9.7,1.4,52.6,1.0,9.7,251,10.9003984063745,0
45771,Adelaide Crows,Western Bulldogs,2002-07-21,16,3.333333333333333,0.0,19.0,2.333333333333333,0.0,3.8,0.0,22.6,3.0,0.0,3.7,0.0,18.1,1.9,0.0,39,9.128205128205128,1
45772,Melbourne Demons,Western Bulldogs,2005-08-20,21,5.333333333333333,0.0,21.666666666666668,1.3333333333333333,0.0,4.8,0.0,18.8,1.0,0.0,6.3,0.0,23.8,1.1,0.0,87,7.632183908045977,1
45773,Sydney Swans,Carlton Blues,2005-06-04,11,10.0,0.3333333333333333,46.66666666666666,2.333333333333333,2.0,9.2,0.2,44.6,2.8,1.2,9.6,0.2,47.8,3.0,1.4,172,13.686046511627907,0
45774,Fremantle Dockers,Adelaide Crows,2002-09-01,22,14.666666666666666,0.0,59.333333333333336,2.0,0.0,14.2,0.0,52.4,1.4,0.0,13.2,0.1,51.8,1.9,0.6,122,15.90983606557377,1
45775,Brisbane Lions,Western Bulldogs,2009-08-15,20,13.0,0.3333333333333333,55.66666666666666,3.0,2.0,14.2,0.8,66.6,2.8,4.8,13.0,0.6,57.7,2.3,3.7,161,14.428571428571429,1
45776,Collingwood Magpies,Melbourne Demons,2000-06-10,14,8.0,0.5,31.0,0.5,4.0,8.0,0.5,31.0,0.5,4.0,8.0,0.5,31.0,0.5,4.0,2,8.0,0
45777,Collingwood Magpies,Brisbane Lions,2010-05-29,10,12.333333333333334,0.3333333333333333,54.0,4.666666666666667,2.0,14.6,0.2,59.2,4.6,1.6,18.4,0.3,69.0,4.4,2.2,183,19.016393442622952,0
45778,Sydney Swans,Collingwood Magpies,2000-04-01,4,7.666666666666667,1.0,31.666666666666668,0.0,7.0,9.4,0.6,40.8,0.8,4.2,9.7,0.8,42.9,0.8,5.6,90,12.177777777777775,1
45779,Hawthorn Hawks,St Kilda Saints,2001-09-01,22,13.666666666666666,0.0,49.66666666666666,1.6666666666666667,0.0,12.6,0.0,41.0,1.0,0.0,10.0,0.0,34.8,1.1,0.1,13,9.846153846153848,1
45780,Sydney Swans,West Coast Eagles,2000-07-02,17,10.666666666666666,0.3333333333333333,57.333333333333336,1.6666666666666667,2.0,10.8,0.2,50.0,1.2,1.2,10.1,0.2,46.9,1.6,1.2,70,9.728571428571428,1
45781,Hawthorn Hawks,St Kilda Saints,2001-09-01,22,5.666666666666667,0.0,23.33333333333333,0.6666666666666666,0.0,9.4,0.8,48.6,0.6,4.8,6.7,0.5,35.4,0.5,3.1,17,8.235294117647058,1
45782,Sydney Swans,North Melbourne Kangaroos,2014-04-13,4,17.666666666666668,0.0,74.0,5.333333333333333,0.0,14.8,0.0,67.4,5.4,0.4,19.8,0.2,82.7,5.6,1.7,217,17.953917050691246,1
45783,Sydney Swans,Brisbane Lions,2009-08-29,22,14.0,1.6666666666666667,72.33333333333333,1.6666666666666667,10.333333333333334,11.4,1.2,58.4,2.0,7.8,12.0,1.2,62.8,2.2,8.0,236,13.936440677966102,1
45784,Adelaide Crows,North Melbourne Kangaroos,2001-04-28,5,7.333333333333333,0.0,22.33333333333333,0.0,0.3333333333333333,7.2,0.2,25.2,0.8,1.4,7.5,0.1666666666666666,24.666666666666668,0.6666666666666666,1.1666666666666667,6,7.5,1
45785,Collingwood Magpies,Western Bulldogs,2000-07-22,20,11.333333333333334,0.0,44.333333333333336,1.6666666666666667,0.3333333333333333,9.6,0.4,38.6,1.2,2.6,12.5,0.4,51.5,1.9,2.6,70,13.542857142857144,0
45786,Carlton Blues,Port Adelaide Power,2000-07-30,21,8.333333333333334,0.0,39.333333333333336,1.0,0.0,8.8,0.0,38.2,1.0,0.2,8.9,0.1,39.6,0.8,0.7,141,10.23404255319149,0
45787,Adelaide Crows,North Melbourne Kangaroos,1999-08-29,22,3.333333333333333,0.0,15.666666666666666,0.3333333333333333,0.0,5.2,0.0,24.0,1.2,0.0,5.7,0.0,24.2,1.2,0.0,37,6.108108108108108,1
45788,Geelong Cats,Collingwood Magpies,2011-09-02,24,12.333333333333334,0.6666666666666666,84.66666666666667,4.333333333333333,5.0,12.6,0.8,85.6,4.0,5.4,14.0,1.1,88.4,3.5,6.9,190,12.452631578947368,0
45789,Fremantle Dockers,Hawthorn Hawks,1999-04-10,3,7.666666666666667,0.0,34.666666666666664,2.0,0.0,6.2,0.0,27.6,1.6,0.0,5.5,0.1,25.2,1.2,0.6,21,5.809523809523809,1
45790,Fremantle Dockers,Sydney Swans,2007-07-08,14,10.333333333333334,0.3333333333333333,39.0,1.6666666666666667,2.0,10.0,0.2,40.4,1.8,1.2,12.2,0.1,49.8,2.0,0.7,191,12.649214659685864,0
45791,Collingwood Magpies,Adelaide Crows,2025-09-04,QF,7.333333333333333,0.0,31.666666666666668,1.3333333333333333,0.0,9.8,0.2,42.0,2.0,1.2,8.0,0.125,34.625,2.0,0.75,8,8.0,0
45792,Collingwood Magpies,West Coast Eagles,2000-05-21,11,6.0,0.3333333333333333,22.666666666666668,0.3333333333333333,2.0,10.4,0.4,36.4,0.6,2.6,13.0,0.7,48.0,0.8,4.5,77,13.12987012987013,0
45793,Fremantle Dockers,Western Bulldogs,2016-08-28,23,13.666666666666666,2.0,77.33333333333333,3.333333333333333,12.333333333333334,14.4,2.2,76.0,2.4,13.8,13.6,1.8,72.6,3.5,12.1,273,17.52747252747253,1
45794,Port Adelaide Power,Essendon Bombers,2003-09-13,SF,11.333333333333334,0.3333333333333333,58.333333333333336,1.0,2.0,13.2,0.2,53.2,0.8,1.2,10.2,0.2,40.8,0.4,1.2,185,10.16216216216216,1
45795,Carlton Blues,St Kilda Saints,1999-08-21,21,6.0,1.6666666666666667,40.66666666666666,0.6666666666666666,10.666666666666666,7.0,1.0,36.0,0.6,7.0,6.3,1.3,35.5,0.5,8.6,63,8.825396825396826,1
45796,St Kilda Saints,Western Bulldogs,2006-08-25,21,15.0,0.3333333333333333,62.66666666666666,1.0,2.333333333333333,17.8,0.2,78.2,1.4,1.4,13.9,0.1,59.6,1.8,0.7,195,13.871794871794872,0
45797,St Kilda Saints,Fremantle Dockers,2005-08-19,21,4.666666666666667,0.0,25.33333333333333,1.3333333333333333,0.0,5.8,0.2,30.2,1.2,1.2,6.9,0.2,32.2,1.1,1.2,62,8.338709677419354,0
45798,Adelaide Crows,Geelong Cats,2007-08-12,19,10.666666666666666,0.3333333333333333,55.0,1.3333333333333333,2.0,9.8,1.0,57.6,1.6,6.2,10.5,1.5,61.8,1.6,9.7,86,11.209302325581396,0
45799,North Melbourne Kangaroos,Port Adelaide Power,2005-09-04,EF,11.0,0.3333333333333333,40.0,2.0,2.0,10.2,0.2,40.4,1.6,1.2,11.9,0.1,47.0,1.6,0.7,75,12.453333333333331,1
45800,Brisbane Lions,Geelong Cats,2001-05-05,6,10.666666666666666,0.3333333333333333,48.66666666666666,2.333333333333333,2.333333333333333,9.0,0.4,44.0,2.0,2.8,7.4,0.3,35.3,1.3,2.5,16,7.375,1
45801,Geelong Cats,Carlton Blues,1999-08-15,20,15.666666666666666,0.3333333333333333,61.0,1.6666666666666667,2.0,15.6,0.4,58.2,1.4,2.6,13.9,0.4,50.5,0.8,2.6,95,18.77894736842105,1
45802,Melbourne Demons,Carlton Blues,2007-09-02,22,10.0,1.6666666666666667,65.0,5.333333333333333,10.0,9.6,1.0,55.0,4.0,6.0,8.9,0.7,46.6,3.0,4.3,160,12.7375,1
45803,Brisbane Lions,West Coast Eagles,2005-04-24,5,12.0,0.0,44.333333333333336,1.6666666666666667,1.0,13.6,0.8,61.0,2.6,5.8,15.5,0.8,65.9,2.1,5.6,185,14.594594594594597,1
45804,Melbourne Demons,Brisbane Lions,2001-06-17,12,3.0,0.6666666666666666,18.0,1.0,4.0,5.8,0.8,29.4,1.6,5.0,9.1,1.5,45.0,1.2,9.5,13,8.615384615384615,0
45805,Adelaide Crows,Sydney Swans,1999-08-15,20,8.333333333333334,0.0,45.66666666666666,0.3333333333333333,0.0,7.8,0.0,47.4,0.2,0.0,11.6,0.4,61.6,0.3,2.8,103,10.388349514563108,0
45806,St Kilda Saints,Hawthorn Hawks,2001-09-01,22,12.333333333333334,0.6666666666666666,58.66666666666666,1.0,5.0,12.0,0.6,56.2,0.8,4.2,12.6,0.3,52.3,0.7,2.1,35,9.82857142857143,0
45807,Carlton Blues,Hawthorn Hawks,2003-08-22,21,4.0,0.0,14.333333333333334,1.0,0.0,5.8,0.0,18.4,0.8,0.0,9.2,0.3,36.2,1.8,2.2,40,12.875,0
45808,Port Adelaide Power,Geelong Cats,1999-04-18,4,7.333333333333333,0.0,27.666666666666668,1.0,0.6666666666666666,8.8,0.4,37.2,1.8,3.0,10.2,0.3,38.6,1.5,2.2,18,10.333333333333334,1
45809,North Melbourne Kangaroos,Adelaide Crows,2004-07-30,18,5.0,0.0,31.0,2.6666666666666665,0.0,7.0,0.0,34.6,1.8,0.0,6.0,0.0,34.0,1.4,0.1,83,6.879518072289157,0
45810,Port Adelaide Power,Adelaide Crows,2005-04-10,3,6.666666666666667,0.3333333333333333,27.0,0.6666666666666666,2.333333333333333,7.8,0.4,30.6,0.6,2.6,9.2,0.4,39.2,1.5,2.5,68,11.058823529411764,0
45811,St Kilda Saints,Sydney Swans,2001-08-26,21,10.666666666666666,0.3333333333333333,37.66666666666666,0.6666666666666666,2.6666666666666665,10.6,0.8,39.8,1.0,5.4,10.7,0.6,41.6,0.9,4.0,56,14.517857142857142,0
45812,St Kilda Saints,Melbourne Demons,2006-09-08,EF,18.33333333333333,0.0,69.33333333333333,3.6666666666666665,0.0,14.6,0.0,56.2,3.0,0.4,13.0,0.0,54.0,3.5,0.3,141,18.602836879432623,1
45813,Greater Western Sydney Giants,North Melbourne Kangaroos,2012-09-01,23,22.33333333333333,0.0,84.66666666666667,4.666666666666667,0.0,23.2,0.0,86.2,3.2,0.0,20.7,0.0,76.6,3.1,0.1,226,20.938053097345133,1
45814,Richmond Tigers,Hawthorn Hawks,2002-04-27,5,11.333333333333334,2.0,52.333333333333336,0.3333333333333333,12.0,7.2,1.2,33.2,0.2,7.2,7.2,1.2,33.2,0.2,7.2,5,7.2,0
45815,Fremantle Dockers,Port Adelaide Power,2001-07-08,14,9.333333333333334,0.0,38.66666666666666,2.333333333333333,0.0,10.6,0.0,40.0,1.6,0.0,11.0,0.0,43.6,1.7,0.1,100,13.23,1
45816,Collingwood Magpies,Essendon Bombers,2010-08-13,20,4.333333333333333,0.0,14.333333333333334,0.3333333333333333,0.0,4.4,0.0,19.0,1.4,0.0,5.6,0.0,24.5,1.7,0.0,190,7.278947368421052,0
45817,Port Adelaide Power,Fremantle Dockers,2005-08-27,22,6.333333333333333,0.0,51.0,1.6666666666666667,1.0,8.0,0.6,56.2,1.6,4.6,9.3,0.8,59.9,1.7,5.6,126,12.72222222222222,1
45818,West Coast Eagles,Melbourne Demons,2002-08-11,19,18.0,0.0,61.0,0.6666666666666666,0.0,16.4,0.0,56.0,0.6,0.0,15.1,0.1,50.3,0.5,0.6,67,14.71641791044776,1
45819,Richmond Tigers,Fremantle Dockers,2000-07-16,19,6.0,0.6666666666666666,31.666666666666668,1.3333333333333333,4.0,5.8,0.4,28.0,1.6,2.6,6.0,0.3,26.9,1.5,1.9,15,6.466666666666667,0
45820,Geelong Cats,Western Bulldogs,2005-07-23,17,16.333333333333332,0.0,65.0,2.333333333333333,0.3333333333333333,14.0,0.0,59.0,2.6,0.2,13.8,0.0,58.6,2.7,0.1,72,12.88888888888889,0
45821,Essendon Bombers,St Kilda Saints,2008-08-31,22,14.0,0.3333333333333333,52.0,2.0,2.0,12.4,0.2,50.6,2.2,1.2,11.6,0.4,49.9,1.8,2.4,109,14.706422018348624,1
45822,Collingwood Magpies,West Coast Eagles,1999-07-31,18,10.333333333333334,0.0,34.666666666666664,0.3333333333333333,0.0,8.6,0.0,28.6,0.2,0.0,7.5,0.0,27.0,0.9,0.3,16,8.0,0
45823,Carlton Blues,Fremantle Dockers,2003-05-31,10,21.0,0.0,79.66666666666667,4.0,1.0,19.0,0.0,73.0,4.2,0.8,21.8,0.6,86.0,4.7,4.2,199,22.452261306532662,0
45824,North Melbourne Kangaroos,Richmond Tigers,2011-09-04,24,16.333333333333332,0.6666666666666666,67.33333333333333,3.0,4.333333333333333,15.0,0.4,56.4,2.6,2.6,19.9,0.2,70.6,2.5,1.3,196,17.53061224489796,0
45825,North Melbourne Kangaroos,Hawthorn Hawks,2006-08-26,21,13.0,0.6666666666666666,64.33333333333333,0.3333333333333333,4.333333333333333,12.2,0.4,60.2,0.8,2.6,12.0,0.4,58.4,1.0,2.8,146,12.972602739726028,0
45826,Melbourne Demons,Fremantle Dockers,2006-07-23,16,12.333333333333334,0.3333333333333333,58.333333333333336,3.0,2.0,9.8,0.2,47.2,3.2,1.2,12.3,0.2,55.9,4.2,1.4,89,13.47191011235955,0
45827,Hawthorn Hawks,Geelong Cats,2002-08-30,22,8.333333333333334,0.3333333333333333,54.333333333333336,3.6666666666666665,2.0,7.6,0.2,45.6,2.6,1.2,9.0,0.1,52.5,2.2,0.7,132,14.772727272727272,1
45828,Fremantle Dockers,Geelong Cats,2025-03-15,1,5.0,0.0,51.5,3.5,0.0,5.0,0.0,51.5,3.5,0.0,5.0,0.0,51.5,3.5,0.0,2,5.0,0
45829,Geelong Cats,St Kilda Saints,2006-08-13,19,14.0,1.0,60.0,1.6666666666666667,6.0,12.6,0.8,55.4,2.0,5.0,12.8,0.7,60.6,3.0,4.5,229,16.921397379912662,1
45830,Adelaide Crows,Hawthorn Hawks,2007-09-08,EF,12.0,3.0,76.0,1.0,19.666666666666668,12.4,2.0,63.2,1.4,13.0,13.1,1.7,61.8,1.2,11.1,247,20.668016194331983,0
45831,Carlton Blues,St Kilda Saints,2001-08-19,20,6.666666666666667,0.0,24.666666666666668,0.3333333333333333,0.3333333333333333,7.0,0.0,25.2,0.4,0.4,8.3,0.0,29.8,0.6,0.3,188,14.313829787234043,0
45832,Collingwood Magpies,Western Bulldogs,2002-08-31,22,4.333333333333333,0.0,22.33333333333333,1.0,0.3333333333333333,6.4,0.0,29.0,0.8,0.2,9.0,0.0,35.5,0.5,0.1,111,11.468468468468467,1
45833,Richmond Tigers,Sydney Swans,2009-05-03,6,15.333333333333334,1.6666666666666667,85.0,0.6666666666666666,12.666666666666666,19.8,1.6,99.0,0.6,12.0,18.1,1.4,91.0,0.5,10.6,233,14.081545064377682,0
45834,Melbourne Demons,Essendon Bombers,2005-08-28,22,15.0,0.3333333333333333,66.0,2.6666666666666665,2.333333333333333,14.2,0.8,60.4,1.6,5.0,13.0,0.5,55.2,1.6,3.2,82,18.29268292682927,0
45835,Collingwood Magpies,Carlton Blues,2002-04-12,3,17.0,0.3333333333333333,68.0,0.6666666666666666,2.6666666666666665,14.0,0.2,57.0,0.6,1.8,11.1,0.2,45.5,0.7,1.6,62,13.451612903225806,1
45836,Essendon Bombers,Richmond Tigers,2006-08-26,21,7.0,0.3333333333333333,31.0,0.3333333333333333,2.333333333333333,9.0,0.2,37.2,0.8,1.4,11.3,0.2,46.2,1.0,1.7,72,13.375,0
45837,North Melbourne Kangaroos,Carlton Blues,2003-08-31,22,12.333333333333334,0.3333333333333333,50.66666666666666,2.333333333333333,2.333333333333333,13.2,0.6,51.6,2.2,3.8,16.0,0.4,63.8,3.5,2.7,75,15.4,1
45838,Western Bulldogs,North Melbourne Kangaroos,2007-09-02,22,7.333333333333333,1.3333333333333333,48.66666666666666,3.0,8.333333333333334,7.6,1.6,49.4,2.4,10.4,7.3,1.5,42.4,1.7,9.8,144,10.78472222222222,1
45839,Essendon Bombers,Gold Coast Suns,2025-08-27,24,29.33333333333333,0.0,94.66666666666669,1.3333333333333333,0.0,27.0,0.0,85.8,1.6,0.2,25.5,0.1,88.3,2.3,0.7,22,23.90909090909091,0
45840,North Melbourne Kangaroos,West Coast Eagles,1999-06-14,11,12.666666666666666,0.3333333333333333,44.66666666666666,0.3333333333333333,2.333333333333333,16.6,1.2,65.0,0.6,8.2,16.0,0.8,62.0,0.6,5.8,156,13.461538461538462,1
45841,Melbourne Demons,St Kilda Saints,2009-08-30,22,10.0,2.6666666666666665,67.0,0.6666666666666666,17.666666666666668,9.8,2.8,64.2,0.8,18.4,8.6,2.2,58.3,1.3,14.9,176,11.710227272727272,1
45842,Essendon Bombers,St Kilda Saints,2001-06-08,11,9.333333333333334,0.0,41.333333333333336,1.0,0.3333333333333333,13.4,0.2,52.8,0.8,1.4,12.4,0.1,53.1,1.1,0.8,67,10.25373134328358,0
45843,Adelaide Crows,St Kilda Saints,2001-07-13,15,3.0,0.0,10.0,0.3333333333333333,0.0,8.0,0.0,28.2,0.4,0.2,10.7,0.3,45.5,0.7,2.3,109,12.229357798165138,0
45844,Collingwood Magpies,Essendon Bombers,2009-04-25,5,8.0,0.6666666666666666,35.666666666666664,0.6666666666666666,5.666666666666667,7.8,1.0,38.0,1.0,7.6,8.6,2.0,53.7,1.9,13.5,188,10.79255319148936,0
45845,North Melbourne Kangaroos,Collingwood Magpies,2006-09-03,22,11.333333333333334,2.6666666666666665,77.66666666666667,0.6666666666666666,18.0,10.4,2.0,69.0,0.6,13.8,9.0,2.6,62.0,0.3,16.9,218,9.307339449541283,0
45846,Hawthorn Hawks,St Kilda Saints,2001-09-01,22,13.333333333333334,0.0,57.0,3.0,0.3333333333333333,9.8,0.0,42.8,2.4,0.2,11.1,0.2,47.5,1.8,1.4,177,16.858757062146893,1
45847,Richmond Tigers,Essendon Bombers,2004-07-10,15,7.666666666666667,0.3333333333333333,31.33333333333333,1.0,2.0,9.4,0.4,40.4,0.6,3.0,12.0,0.2,47.8,0.8,1.6,154,14.428571428571429,1
45848,Richmond Tigers,Essendon Bombers,2000-03-16,2,13.0,0.0,37.0,1.0,0.3333333333333333,11.8,0.0,34.6,0.6,0.2,7.8,0.1,24.0,0.5,0.7,41,10.804878048780488,1
45849,Western Bulldogs,St Kilda Saints,2001-07-21,16,14.666666666666666,0.3333333333333333,57.333333333333336,1.3333333333333333,3.0,13.0,0.4,51.6,1.4,3.0,21.5,0.2,79.9,1.8,1.7,172,18.052325581395348,0
45850,St Kilda Saints,Adelaide Crows,2001-07-13,15,13.666666666666666,0.0,55.0,1.3333333333333333,0.3333333333333333,12.2,0.2,49.6,1.2,1.4,10.0,0.1,40.5,1.3,0.7,50,8.6,1
45851,Carlton Blues,North Melbourne Kangaroos,2008-08-17,20,9.333333333333334,0.3333333333333333,45.333333333333336,1.3333333333333333,2.0,12.8,0.6,59.4,0.8,3.6,12.5,0.4,53.9,0.9,2.4,161,13.279503105590065,1
45852,Essendon Bombers,Carlton Blues,2002-09-01,22,9.666666666666666,1.0,49.0,1.0,6.0,10.0,1.0,50.8,0.6,6.0,11.1,0.7,59.8,0.8,4.3,258,13.949612403100776,1
45853,Richmond Tigers,Essendon Bombers,2000-07-01,17,4.666666666666667,0.0,16.0,0.6666666666666666,0.6666666666666666,5.8,0.2,19.8,0.6,1.8,7.2,0.4,29.2,0.8,2.9,53,8.20754716981132,1
45854,Geelong Cats,Richmond Tigers,2005-08-28,22,17.666666666666668,0.0,67.66666666666667,1.0,0.0,17.2,0.0,67.8,1.2,0.0,16.2,0.2,63.4,1.5,1.2,164,14.939024390243905,1
45855,Geelong Cats,Sydney Swans,2012-09-01,23,12.666666666666666,0.0,50.333333333333336,1.6666666666666667,0.0,13.4,0.0,55.0,1.8,0.0,15.5,0.0,66.0,2.4,0.0,215,14.776744186046512,1
45856,Sydney Swans,Carlton Blues,2005-06-04,11,9.666666666666666,0.0,45.333333333333336,1.3333333333333333,0.0,10.0,0.0,41.6,1.2,0.0,8.3,0.0,36.9,1.1,0.0,128,10.640625,0
45857,Adelaide Crows,Sydney Swans,2003-04-13,3,5.333333333333333,1.6666666666666667,35.666666666666664,0.3333333333333333,10.666666666666666,3.4,1.0,23.4,0.4,6.4,5.1,1.3,36.0,0.9,8.7,20,4.35,0
45858,St Kilda Saints,Melbourne Demons,2025-07-27,20,14.333333333333334,0.0,55.0,1.0,0.0,15.2,0.0,58.2,0.8,0.0,15.2,0.0,58.2,0.8,0.0,5,15.2,1
45859,Fremantle Dockers,St Kilda Saints,2005-08-19,21,11.666666666666666,0.3333333333333333,42.333333333333336,1.3333333333333333,2.0,13.8,0.4,52.8,1.2,2.4,13.5,0.3,53.7,1.4,1.8,156,16.237179487179485,1
45860,Melbourne Demons,Essendon Bombers,2002-06-28,13,10.333333333333334,0.3333333333333333,55.66666666666666,3.0,3.0,9.8,0.8,54.0,2.4,5.6,12.6,0.8,59.3,2.1,5.7,132,14.325757575757576,0
45861,St Kilda Saints,Hawthorn Hawks,2006-07-01,13,8.333333333333334,0.6666666666666666,41.0,1.3333333333333333,4.333333333333333,8.0,0.6,40.8,1.4,4.0,8.5,0.9,46.0,1.5,5.9,55,8.418181818181818,1
45862,Sydney Swans,Essendon Bombers,2002-05-25,9,16.333333333333332,0.0,50.66666666666666,1.6666666666666667,0.3333333333333333,14.6,0.4,52.2,2.4,2.8,17.8,0.5,64.1,2.1,3.4,219,21.33333333333333,1
45863,Carlton Blues,West Coast Eagles,2014-04-26,6,19.33333333333333,0.6666666666666666,80.33333333333333,2.0,4.333333333333333,22.2,0.4,83.0,1.8,3.0,22.0,0.2,84.1,2.0,1.6,214,21.565420560747665,1
45864,Brisbane Lions,St Kilda Saints,2006-09-02,22,18.0,0.0,73.33333333333333,2.6666666666666665,0.0,16.4,0.0,69.0,3.2,0.0,14.0,0.1,57.5,2.3,0.7,167,15.610778443113771,1
45865,Brisbane Lions,Geelong Cats,2007-09-01,22,11.0,0.0,54.0,3.333333333333333,0.0,11.0,0.0,53.2,2.8,0.0,11.8,0.8,61.3,2.4,5.2,171,16.27485380116959,1
45866,Brisbane Lions,Port Adelaide Power,1999-04-10,3,5.0,0.6666666666666666,23.33333333333333,0.3333333333333333,4.333333333333333,5.0,0.4,23.4,0.4,2.6,7.6,0.7,36.2,0.5,4.6,62,7.758064516129032,1
45867,North Melbourne Kangaroos,West Coast Eagles,2000-03-10,1,1.0,0.3333333333333333,4.333333333333333,0.3333333333333333,2.0,6.4,0.6,24.8,0.6,3.8,5.9,0.4,23.4,0.9,2.7,193,15.041450777202073,1
45868,Melbourne Demons,Geelong Cats,2000-04-16,6,9.333333333333334,0.3333333333333333,35.0,0.6666666666666666,2.0,8.4,0.2,31.2,0.4,1.2,8.0,0.1,29.0,0.6,0.6,112,12.151785714285714,0
45869,Carlton Blues,West Coast Eagles,2000-05-28,12,9.666666666666666,0.0,37.333333333333336,1.3333333333333333,0.3333333333333333,11.6,0.0,41.2,0.8,0.6,13.0,0.1,46.8,0.5,1.1,161,14.683229813664596,0
45870,Sydney Swans,Melbourne Demons,2003-08-30,22,14.0,0.6666666666666666,61.66666666666666,2.6666666666666665,5.333333333333333,14.0,0.6,58.2,2.4,4.4,12.8,0.3,50.2,2.1,2.2,105,12.18095238095238,0
45871,Melbourne Demons,Essendon Bombers,1999-08-28,22,4.666666666666667,0.0,15.0,0.6666666666666666,0.0,5.6,0.0,24.8,0.6,0.0,6.3,0.0,24.4,0.5,0.0,133,8.142857142857142,0
45872,Port Adelaide Power,Adelaide Crows,2006-05-06,6,10.666666666666666,0.0,40.333333333333336,2.0,0.0,11.0,0.0,37.6,1.6,0.0,11.3,0.1,41.5,1.3,0.7,50,9.4,0
45873,Sydney Swans,Gold Coast Suns,2015-09-05,23,18.666666666666668,0.0,71.0,3.0,0.0,19.0,0.0,68.6,2.6,0.0,18.2,0.1,65.7,2.3,0.7,172,17.703488372093023,1
45874,Fremantle Dockers,Essendon Bombers,2002-08-25,21,10.666666666666666,0.3333333333333333,46.333333333333336,1.0,2.0,10.2,0.2,49.2,2.6,1.4,11.8,0.3,50.3,1.8,2.1,24,11.125,0
45875,Adelaide Crows,West Coast Eagles,2009-08-22,21,15.333333333333334,0.3333333333333333,59.66666666666666,4.666666666666667,2.0,15.2,0.2,64.0,5.2,1.2,14.9,0.1,59.4,4.9,0.6,121,13.388429752066116,1
45876,Geelong Cats,St Kilda Saints,2002-08-11,19,14.0,0.0,46.333333333333336,1.3333333333333333,0.3333333333333333,12.4,0.0,39.8,1.0,0.2,13.4,0.2,46.8,1.2,1.3,139,17.805755395683452,0
45877,North Melbourne Kangaroos,Melbourne Demons,2000-08-25,PF,5.0,0.0,24.33333333333333,1.3333333333333333,1.0,6.4,0.6,38.0,1.4,5.0,7.3,0.7,35.2,1.2,5.2,231,14.229437229437227,0
45878,West Coast Eagles,Adelaide Crows,2003-09-06,EF,8.666666666666666,0.0,43.66666666666666,0.3333333333333333,0.3333333333333333,10.6,0.4,50.8,0.2,2.6,10.6,0.6,51.9,0.3,4.0,84,10.797619047619047,0
45879,Carlton Blues,Geelong Cats,2001-09-01,22,11.666666666666666,0.3333333333333333,64.33333333333333,1.3333333333333333,2.333333333333333,15.2,1.0,73.8,1.2,6.6,15.7,0.8,74.5,1.6,5.7,241,12.858921161825728,1
45880,Richmond Tigers,St Kilda Saints,2010-06-04,11,12.333333333333334,0.0,57.66666666666666,2.333333333333333,0.3333333333333333,11.4,0.2,52.8,1.8,1.4,12.1,0.2,59.9,2.2,1.4,161,12.298136645962732,1
45881,North Melbourne Kangaroos,Carlton Blues,2009-07-31,18,24.0,0.3333333333333333,86.0,2.0,2.333333333333333,23.4,0.2,89.6,3.2,1.6,25.9,0.2,96.3,3.8,1.5,238,20.69747899159664,1
45882,Geelong Cats,North Melbourne Kangaroos,2000-07-14,19,10.333333333333334,0.0,44.333333333333336,2.0,0.3333333333333333,10.0,0.0,43.0,1.6,0.4,9.0,0.0,35.5,1.2,0.2,16,8.5625,0
45883,North Melbourne Kangaroos,Geelong Cats,2008-08-24,21,16.333333333333332,0.3333333333333333,61.333333333333336,2.6666666666666665,2.0,15.8,0.2,57.6,2.4,1.2,18.2,0.2,67.1,2.8,1.4,154,16.974025974025974,0
45884,Adelaide Crows,Western Bulldogs,2004-06-20,13,9.333333333333334,0.6666666666666666,40.66666666666666,1.6666666666666667,4.333333333333333,8.8,0.4,39.6,1.8,2.6,10.8,0.2,44.5,1.8,1.3,221,14.452488687782806,1
45885,Brisbane Lions,Sydney Swans,2025-08-09,22,8.333333333333334,1.0,51.333333333333336,3.0,6.0,7.2,0.6,43.2,2.8,3.6,7.2,0.6,43.2,2.8,3.6,5,7.2,1
45886,Richmond Tigers,Western Bulldogs,2025-06-22,15,10.0,0.0,44.0,1.6666666666666667,0.0,9.6,0.0,39.0,1.0,0.0,8.777777777777779,0.1111111111111111,35.55555555555556,0.6666666666666666,0.6666666666666666,9,8.777777777777779,0
45887,Western Bulldogs,Collingwood Magpies,2006-09-10,EF,12.666666666666666,1.3333333333333333,73.66666666666667,2.0,9.0,13.4,1.2,71.4,2.0,8.0,14.7,1.3,70.9,1.4,8.7,240,17.1,0
45888,Melbourne Demons,Carlton Blues,1998-08-08,19,5.333333333333333,0.3333333333333333,18.666666666666668,0.3333333333333333,2.0,5.4,0.6,26.2,1.0,4.0,7.4,1.1,34.7,0.6,7.3,12,7.0,1
45889,Geelong Cats,Melbourne Demons,2001-04-16,3,18.666666666666668,1.3333333333333333,85.0,4.0,8.333333333333334,18.0,0.8,74.6,2.6,5.4,16.0,0.6,69.9,2.5,4.2,54,11.537037037037036,0
45890,Fremantle Dockers,Melbourne Demons,2009-08-16,20,16.666666666666668,0.0,54.333333333333336,3.0,0.0,16.2,0.0,61.8,4.6,0.0,15.3,0.1,65.5,5.5,0.8,208,14.139423076923077,0
45891,Essendon Bombers,Melbourne Demons,1999-08-28,22,8.333333333333334,0.0,54.66666666666666,1.0,0.0,7.2,0.2,47.6,1.0,1.2,7.9,0.1,46.1,0.8,0.6,129,10.37984496124031,1
45892,Western Bulldogs,Essendon Bombers,2000-04-14,6,9.0,0.0,30.666666666666668,1.0,0.0,8.0,0.0,29.6,1.2,0.0,8.5,0.1,30.2,0.9,0.6,86,10.593023255813954,1
45893,North Melbourne Kangaroos,Collingwood Magpies,2001-09-02,22,2.6666666666666665,0.6666666666666666,18.666666666666668,1.3333333333333333,4.0,4.6,0.8,29.4,2.0,4.8,4.285714285714286,0.7142857142857143,26.571428571428573,2.0,4.285714285714286,7,4.285714285714286,0
45894,Sydney Swans,West Coast Eagles,2005-04-30,6,12.0,0.0,44.0,2.333333333333333,0.3333333333333333,10.8,0.0,42.2,2.2,0.2,11.3,0.2,48.3,2.2,1.7,54,12.87037037037037,0
45895,Richmond Tigers,West Coast Eagles,2006-09-02,22,9.333333333333334,2.333333333333333,61.0,0.6666666666666666,14.0,9.2,1.4,57.2,1.4,8.6,8.1,1.1,49.6,1.2,7.0,166,10.795180722891564,1
45896,Port Adelaide Power,Brisbane Lions,2001-07-21,16,5.333333333333333,0.0,20.33333333333333,1.0,0.0,5.4,0.0,18.2,0.6,0.0,6.0,0.0,20.7,0.4,0.0,17,5.882352941176471,0
45897,Collingwood Magpies,Port Adelaide Power,2002-09-06,QF,7.666666666666667,0.0,44.66666666666666,4.666666666666667,0.0,9.0,0.2,50.6,3.4,1.4,7.7,0.1,40.5,2.7,0.8,70,12.4,1
45898,West Coast Eagles,St Kilda Saints,2009-07-12,15,16.0,0.3333333333333333,61.0,3.6666666666666665,2.333333333333333,16.6,0.2,59.4,3.6,1.4,15.2,0.2,60.4,3.9,1.3,156,15.455128205128204,1
45899,North Melbourne Kangaroos,Brisbane Lions,2004-08-28,22,12.0,0.0,45.0,2.6666666666666665,0.0,13.4,0.0,47.2,2.0,0.0,17.1,0.1,63.9,2.4,0.6,235,20.676595744680853,0
45900,North Melbourne Kangaroos,Adelaide Crows,1999-08-29,22,9.666666666666666,1.0,40.66666666666666,0.3333333333333333,7.333333333333333,9.8,1.0,41.8,0.4,7.4,7.333333333333333,0.7777777777777778,32.55555555555556,0.6666666666666666,5.555555555555555,9,7.333333333333333,0
45901,Sydney Swans,Geelong Cats,2001-07-01,13,9.333333333333334,1.0,43.333333333333336,1.0,6.333333333333333,10.2,0.8,45.4,1.4,5.0,9.6,0.7,41.0,1.1,4.4,63,12.19047619047619,1
45902,Adelaide Crows,West Coast Eagles,2005-03-27,1,10.0,2.6666666666666665,62.0,2.333333333333333,17.333333333333332,7.6,2.4,49.0,1.8,15.4,9.9,2.1,57.2,1.6,13.4,94,11.372340425531917,1
45903,North Melbourne Kangaroos,Port Adelaide Power,2005-09-04,EF,11.0,0.0,45.0,2.0,0.3333333333333333,11.6,0.2,46.8,1.8,1.6,12.1,0.1,47.2,1.4,0.8,60,9.466666666666669,1
45904,Carlton Blues,Adelaide Crows,2009-08-29,22,24.666666666666668,1.3333333333333333,101.33333333333331,2.333333333333333,8.333333333333334,22.8,0.8,88.0,2.6,5.4,22.2,0.5,81.9,2.6,3.3,183,21.661202185792348,1
45905,West Coast Eagles,Port Adelaide Power,2000-06-10,14,5.0,0.0,22.33333333333333,1.6666666666666667,0.0,3.2,0.0,14.0,1.2,0.0,6.7,0.0,28.9,1.5,0.1,27,8.851851851851851,1
45906,Geelong Cats,West Coast Eagles,2000-07-22,20,6.666666666666667,0.3333333333333333,26.33333333333333,0.3333333333333333,3.333333333333333,8.6,0.4,39.6,1.0,3.8,8.7,0.9,43.4,0.9,6.4,187,13.192513368983958,0
45907,West Coast Eagles,Melbourne Demons,2000-08-06,22,5.333333333333333,0.0,24.666666666666668,1.3333333333333333,0.0,6.4,0.2,31.2,1.2,1.4,6.2,0.1,28.4,1.1,1.1,77,13.493506493506494,1
45908,Essendon Bombers,Melbourne Demons,1999-08-28,22,9.333333333333334,0.0,40.333333333333336,2.333333333333333,0.0,8.2,0.0,36.2,2.0,0.0,8.5,0.1,34.1,1.3,0.6,88,12.511363636363637,1
45909,Richmond Tigers,Brisbane Lions,2002-07-13,15,10.666666666666666,0.0,50.0,4.0,0.6666666666666666,12.2,0.0,49.8,3.6,0.6,11.2,0.1,47.1,3.1,1.0,121,13.892561983471074,0
45910,Hawthorn Hawks,Richmond Tigers,2004-08-22,21,11.0,0.3333333333333333,47.0,1.6666666666666667,2.0,11.6,0.2,52.0,1.8,1.4,12.3,0.3,52.2,1.7,2.0,126,13.246031746031743,1
45911,Collingwood Magpies,North Melbourne Kangaroos,1999-08-22,21,12.666666666666666,0.0,50.0,1.0,0.0,9.6,0.0,38.2,1.0,0.0,13.9,0.0,53.5,1.0,0.3,72,12.88888888888889,0
45912,Collingwood Magpies,West Coast Eagles,2012-09-15,SF,11.333333333333334,0.3333333333333333,54.333333333333336,2.0,2.0,11.6,0.4,56.0,1.4,3.0,9.5,0.5,49.2,1.6,3.5,201,12.223880597014926,1
45913,Fremantle Dockers,Brisbane Lions,2000-08-05,22,8.333333333333334,1.0,41.0,1.3333333333333333,7.0,6.6,0.6,33.6,1.0,4.2,8.2,1.2,40.2,0.7,7.8,11,7.818181818181818,0
45914,West Coast Eagles,Western Bulldogs,2002-08-04,18,12.0,0.0,38.333333333333336,2.0,0.0,13.0,0.0,43.8,2.0,0.0,14.2,0.3,48.7,1.7,1.9,109,17.587155963302752,0
45915,Adelaide Crows,North Melbourne Kangaroos,2025-08-23,24,11.333333333333334,0.3333333333333333,49.0,4.333333333333333,2.333333333333333,10.0,0.4,45.8,3.2,2.6,9.3,0.6,42.2,2.4,3.9,16,10.0625,0
45916,Adelaide Crows,Hawthorn Hawks,2000-07-29,21,11.333333333333334,0.3333333333333333,49.0,2.0,2.6666666666666665,10.8,0.8,51.8,1.6,5.6,11.4,0.8,48.7,1.2,5.4,49,13.63265306122449,0
45917,St Kilda Saints,Richmond Tigers,2007-09-01,22,6.0,0.0,22.666666666666668,1.3333333333333333,0.0,8.0,0.0,31.8,2.4,0.0,11.1,0.0,40.8,2.6,0.0,179,17.71508379888268,0
45918,St Kilda Saints,Western Bulldogs,1999-08-08,19,14.0,0.0,56.66666666666666,1.0,0.3333333333333333,10.8,0.2,45.6,0.6,1.4,10.5,0.1,40.5,0.6,0.9,10,10.5,0
45919,North Melbourne Kangaroos,Western Bulldogs,2008-08-10,19,8.0,0.6666666666666666,44.333333333333336,2.333333333333333,4.666666666666667,7.8,0.8,45.6,2.0,5.6,8.2,1.8,51.7,1.5,11.6,143,10.517482517482517,1
45920,Melbourne Demons,Brisbane Lions,1999-05-01,6,18.33333333333333,1.6666666666666667,76.0,2.333333333333333,10.666666666666666,17.6,1.2,67.2,1.6,8.0,18.5,0.9,68.6,1.3,6.3,134,17.94776119402985,0
45921,Richmond Tigers,Melbourne Demons,2008-08-31,22,13.333333333333334,0.0,49.66666666666666,2.333333333333333,0.3333333333333333,13.2,0.2,58.4,2.8,1.8,16.1,0.3,65.9,3.0,2.1,147,16.163265306122447,0
45922,Fremantle Dockers,Western Bulldogs,2002-06-09,11,7.0,0.3333333333333333,28.666666666666668,1.0,2.0,9.8,0.4,45.2,1.4,2.4,8.7,0.2,38.1,1.4,1.4,41,14.292682926829269,0
45923,Adelaide Crows,Brisbane Lions,2007-08-25,21,17.0,0.6666666666666666,80.0,1.6666666666666667,4.0,15.4,0.8,72.8,2.0,4.8,15.7,0.5,73.4,3.3,3.1,157,12.522292993630574,1
45924,St Kilda Saints,Sydney Swans,2001-08-26,21,14.666666666666666,0.3333333333333333,53.333333333333336,0.6666666666666666,2.333333333333333,12.6,0.2,45.6,0.6,2.0,13.3,0.5,51.5,0.5,3.8,51,11.745098039215684,0
45925,Port Adelaide Power,Essendon Bombers,2010-05-08,7,12.333333333333334,1.3333333333333333,61.333333333333336,1.3333333333333333,8.666666666666666,13.0,2.0,71.2,1.8,12.8,12.7,1.8,69.5,1.8,11.8,194,14.108247422680412,0
45926,Hawthorn Hawks,Adelaide Crows,2000-07-29,21,21.666666666666668,0.6666666666666666,79.33333333333333,1.6666666666666667,4.333333333333333,21.6,0.4,74.0,1.2,2.8,18.8,0.2,63.5,0.9,1.8,63,18.349206349206348,1
45927,West Coast Eagles,Collingwood Magpies,2002-04-06,2,4.666666666666667,0.3333333333333333,21.33333333333333,0.3333333333333333,2.0,5.6,0.6,25.6,0.2,4.0,6.6,0.6,33.4,0.3,4.4,16,6.25,0
45928,West Coast Eagles,Adelaide Crows,2001-07-07,14,10.333333333333334,0.0,60.0,1.3333333333333333,0.0,12.6,0.6,71.2,1.2,3.8,13.3,0.8,72.5,0.7,5.1,104,9.692307692307692,0
45929,Richmond Tigers,Carlton Blues,1999-08-27,22,9.333333333333334,0.0,36.333333333333336,0.3333333333333333,0.0,9.6,0.0,38.2,0.6,0.0,9.8,0.1,39.6,0.7,0.6,141,10.28368794326241,1
45930,Hawthorn Hawks,Melbourne Demons,1999-08-08,19,9.666666666666666,0.0,36.333333333333336,1.3333333333333333,0.0,8.8,0.0,32.8,1.2,0.0,6.333333333333333,0.0,24.444444444444443,1.1111111111111112,0.0,9,6.333333333333333,1
45931,Collingwood Magpies,North Melbourne Kangaroos,2001-09-02,22,4.0,0.3333333333333333,21.33333333333333,0.3333333333333333,2.333333333333333,6.6,0.8,33.8,0.8,5.6,7.7,0.5,34.4,0.5,3.5,28,8.928571428571429,1
45932,Fremantle Dockers,Melbourne Demons,2011-06-19,13,12.666666666666666,0.0,51.0,4.333333333333333,0.0,13.0,0.0,51.2,4.0,0.0,12.4,0.1,50.4,3.7,0.7,23,10.695652173913045,0
45933,Adelaide Crows,Greater Western Sydney Giants,2016-05-28,10,19.0,0.0,78.33333333333333,2.333333333333333,0.3333333333333333,17.0,0.2,72.2,2.6,1.4,15.0,0.3,67.4,3.4,2.0,153,18.18954248366013,1
45934,Melbourne Demons,Collingwood Magpies,2025-08-22,24,11.333333333333334,1.0,67.33333333333333,2.6666666666666665,7.0,12.2,1.0,64.6,2.2,7.0,10.3,1.0,55.1,2.5,6.5,41,9.951219512195122,0
45935,Carlton Blues,Essendon Bombers,2001-04-12,3,2.6666666666666665,0.3333333333333333,11.666666666666666,1.0,2.0,4.25,0.25,18.25,0.75,1.5,4.25,0.25,18.25,0.75,1.5,4,4.25,1
45936,Hawthorn Hawks,Sydney Swans,2007-09-02,22,12.666666666666666,0.3333333333333333,43.0,1.0,2.333333333333333,14.0,0.4,46.0,0.8,2.6,15.0,0.6,56.8,1.9,3.8,111,15.54954954954955,0
45937,Melbourne Demons,Richmond Tigers,2004-07-25,17,9.333333333333334,1.0,45.0,0.6666666666666666,8.0,9.6,1.4,45.4,1.0,10.6,9.6,1.0,45.1,1.3,7.2,102,11.245098039215684,0
45938,Richmond Tigers,Sydney Swans,2003-05-31,10,4.0,0.0,21.33333333333333,1.6666666666666667,0.3333333333333333,5.2,0.0,25.4,1.6,0.2,4.9,0.0,22.5,1.2,0.1,24,6.041666666666667,1
45939,Melbourne Demons,Essendon Bombers,1999-08-28,22,12.333333333333334,1.0,53.333333333333336,1.6666666666666667,7.333333333333333,15.8,1.2,59.8,1.6,8.2,17.1,0.6,58.1,1.5,4.2,187,20.219251336898395,0
45940,St Kilda Saints,West Coast Eagles,2007-08-24,21,8.0,0.6666666666666666,37.66666666666666,1.3333333333333333,5.0,8.8,0.4,44.8,1.6,3.2,12.2,0.8,58.6,1.8,5.3,133,11.977443609022556,1
45941,Brisbane Lions,St Kilda Saints,2006-09-02,22,20.33333333333333,0.3333333333333333,68.0,3.0,2.0,21.6,0.2,73.2,2.6,1.6,22.5,0.2,75.8,2.6,1.5,231,21.285714285714285,1
45942,Port Adelaide Power,Geelong Cats,2007-09-29,GF,14.0,0.0,67.33333333333333,1.6666666666666667,0.0,12.4,0.0,56.8,1.6,0.0,10.9,0.0,48.4,1.4,0.0,258,9.205426356589149,0
45943,Collingwood Magpies,Sydney Swans,2008-08-23,21,10.333333333333334,0.0,43.333333333333336,1.0,0.3333333333333333,10.2,0.0,39.6,0.6,0.2,12.1,0.0,50.8,0.9,0.1,199,9.77889447236181,1
45944,Fremantle Dockers,North Melbourne Kangaroos,2007-07-15,15,17.666666666666668,0.0,68.66666666666667,2.333333333333333,0.0,18.8,0.0,74.2,2.0,0.0,16.9,0.0,68.4,1.9,0.3,125,14.344,1
45945,Essendon Bombers,Sydney Swans,2001-04-20,4,5.0,0.3333333333333333,27.33333333333333,1.3333333333333333,2.0,5.8,0.2,31.8,2.0,1.2,7.6,0.3,32.1,1.4,1.9,106,9.047169811320757,0
45946,Port Adelaide Power,Richmond Tigers,2006-07-08,14,22.33333333333333,0.3333333333333333,92.0,2.6666666666666665,2.333333333333333,20.2,0.2,82.4,2.6,1.4,18.8,0.1,67.7,1.6,0.7,109,15.174311926605505,1
45947,St Kilda Saints,Brisbane Lions,2000-07-29,21,5.666666666666667,0.3333333333333333,24.33333333333333,0.3333333333333333,2.6666666666666665,9.6,0.6,39.4,0.6,4.0,9.4,0.7,38.3,0.7,4.7,19,9.842105263157896,0
45948,Port Adelaide Power,North Melbourne Kangaroos,2006-04-01,1,14.333333333333334,0.3333333333333333,47.333333333333336,1.0,2.6666666666666665,14.6,0.2,44.8,1.0,1.6,14.1,0.4,47.4,1.1,2.9,233,16.815450643776824,1
45949,Melbourne Demons,Carlton Blues,2007-09-02,22,17.666666666666668,0.0,67.33333333333333,1.6666666666666667,0.0,19.4,0.0,72.8,1.4,0.0,18.8,0.2,72.5,2.2,1.2,109,16.220183486238533,1
45950,Sydney Swans,Hawthorn Hawks,2004-05-23,9,6.0,0.0,20.33333333333333,0.6666666666666666,0.0,6.0,0.0,23.0,1.0,0.0,5.5,0.0,20.2,0.9,0.0,87,11.172413793103448,1
45951,Collingwood Magpies,Carlton Blues,2000-07-09,18,11.333333333333334,0.0,43.333333333333336,1.3333333333333333,0.3333333333333333,11.6,0.2,43.6,1.0,1.8,11.0,0.1,41.6,1.1,1.0,20,10.15,0
45952,Fremantle Dockers,Essendon Bombers,2004-05-28,10,6.333333333333333,0.6666666666666666,30.666666666666668,0.0,5.0,8.6,1.0,40.8,0.4,7.0,8.3,0.8,40.2,0.3,5.8,83,11.036144578313252,0
45953,Collingwood Magpies,Adelaide Crows,2000-07-02,17,16.0,1.0,78.0,1.3333333333333333,7.0,13.4,0.6,63.2,1.4,4.2,14.3,0.6,62.8,1.1,4.0,115,13.869565217391305,0
45954,North Melbourne Kangaroos,Collingwood Magpies,2009-05-01,6,12.0,0.0,51.0,0.6666666666666666,0.0,11.6,0.0,52.4,1.4,0.0,11.4,0.0,49.4,1.5,0.1,119,9.319327731092438,1
45955,Essendon Bombers,Geelong Cats,2004-09-11,SF,14.0,0.0,61.0,2.0,0.0,13.2,0.0,55.8,1.4,0.0,13.1,0.0,55.7,1.5,0.0,210,14.209523809523809,0
45956,Western Bulldogs,Collingwood Magpies,2009-08-30,22,8.666666666666666,1.3333333333333333,44.0,0.6666666666666666,9.333333333333334,8.4,1.4,45.6,1.2,9.4,9.3,1.4,50.8,1.3,9.4,150,9.64,0
45957,Western Bulldogs,West Coast Eagles,2008-04-26,6,21.666666666666668,0.0,75.66666666666667,3.333333333333333,0.3333333333333333,25.2,0.0,93.0,4.4,0.2,24.4,0.1,88.6,3.8,0.8,257,25.35019455252918,1
45958,Melbourne Demons,St Kilda Saints,2009-08-30,22,19.0,0.0,74.0,3.333333333333333,0.0,24.8,0.0,94.0,3.2,0.4,25.8,0.0,95.9,3.0,0.3,110,15.60909090909091,1
45959,Melbourne Demons,St Kilda Saints,2009-08-30,22,9.0,0.3333333333333333,33.333333333333336,1.6666666666666667,2.0,10.0,0.2,41.4,2.4,1.2,14.6,0.2,58.1,2.9,1.2,122,14.10655737704918,1
45960,Carlton Blues,Port Adelaide Power,2000-07-30,21,3.0,0.0,11.0,0.3333333333333333,0.0,3.4,0.0,12.0,0.2,0.0,6.4,0.3,26.7,0.5,1.9,34,9.529411764705882,0
45961,Brisbane Lions,St Kilda Saints,2005-08-27,22,9.333333333333334,0.6666666666666666,46.66666666666666,1.3333333333333333,4.333333333333333,8.6,0.6,44.2,1.4,3.8,12.2,0.3,52.0,1.6,1.9,208,13.014423076923077,0
45962,Melbourne Demons,Richmond Tigers,2008-08-31,22,15.333333333333334,0.0,71.0,1.3333333333333333,0.6666666666666666,16.4,0.2,79.0,1.6,1.6,18.6,0.2,87.0,1.5,1.4,218,14.5,1
45963,Geelong Cats,Collingwood Magpies,2003-04-12,3,13.666666666666666,1.0,65.33333333333333,2.333333333333333,6.0,11.4,0.8,54.4,2.4,5.2,10.4,0.7,46.6,2.2,4.6,139,13.194244604316546,0
45964,Carlton Blues,North Melbourne Kangaroos,1999-06-26,13,13.333333333333334,1.0,52.0,1.0,7.666666666666667,12.8,1.8,57.2,0.8,12.2,13.8,1.0,52.9,1.0,6.8,49,11.489795918367347,0
45965,Carlton Blues,Melbourne Demons,2007-09-02,22,14.333333333333334,1.3333333333333333,77.0,1.0,9.666666666666666,14.0,1.4,73.8,1.4,9.6,14.4,1.4,74.8,1.1,9.3,173,14.410404624277456,0
45966,Western Bulldogs,Brisbane Lions,2003-08-30,22,4.0,1.3333333333333333,23.33333333333333,0.3333333333333333,8.0,3.0,0.8,15.4,0.2,4.8,2.2222222222222223,0.4444444444444444,11.11111111111111,0.3333333333333333,2.6666666666666665,9,2.2222222222222223,1
45967,Collingwood Magpies,Carlton Blues,1999-07-25,17,12.333333333333334,0.3333333333333333,40.66666666666666,0.6666666666666666,2.6666666666666665,16.4,0.2,52.0,1.0,2.0,16.1,0.5,59.2,2.0,3.5,60,12.4,1
45968,Collingwood Magpies,Essendon Bombers,2005-04-25,5,6.666666666666667,1.0,36.0,1.0,6.333333333333333,8.4,1.0,41.2,0.6,6.2,7.9,0.6,37.2,0.9,4.1,114,11.385964912280702,0
45969,Melbourne Demons,Sydney Swans,2005-07-16,16,4.0,0.6666666666666666,22.0,1.0,4.0,6.6,0.6,32.4,1.0,3.6,9.1,0.4,37.4,1.3,2.4,40,9.625,1
45970,Sydney Swans,Adelaide Crows,2006-07-09,14,11.666666666666666,0.3333333333333333,57.333333333333336,2.6666666666666665,2.333333333333333,12.2,0.4,56.6,2.2,2.6,14.0,0.2,55.3,1.9,1.7,248,18.06451612903226,1
45971,Western Bulldogs,Port Adelaide Power,2000-07-09,18,6.333333333333333,1.0,34.333333333333336,1.3333333333333333,6.0,4.8,0.6,26.2,1.2,3.6,8.3,0.7,38.7,1.2,4.6,121,12.31404958677686,0
45972,Port Adelaide Power,Richmond Tigers,2008-06-21,13,14.0,0.0,51.66666666666666,1.3333333333333333,0.0,14.4,0.0,63.8,3.0,0.0,13.9,0.1,58.0,2.7,0.6,149,14.825503355704695,1
45973,Fremantle Dockers,Adelaide Crows,2001-09-01,22,13.666666666666666,0.6666666666666666,63.333333333333336,0.6666666666666666,4.333333333333333,12.6,0.4,54.4,0.6,2.6,10.6,0.3,47.0,0.7,2.0,82,13.51219512195122,1
45974,West Coast Eagles,Adelaide Crows,2009-08-22,21,15.0,2.0,80.0,3.0,12.0,18.0,1.2,81.0,2.4,7.2,18.3,0.9,74.4,2.1,5.5,168,16.821428571428573,0
45975,Collingwood Magpies,Western Bulldogs,2005-08-26,22,18.33333333333333,0.0,77.66666666666667,3.0,0.0,16.2,0.2,66.6,2.6,1.4,17.4,0.2,69.3,2.6,1.7,149,17.610738255033556,0
45976,Geelong Cats,West Coast Eagles,2012-08-10,20,14.666666666666666,0.0,62.66666666666666,3.333333333333333,0.3333333333333333,15.0,0.4,63.2,3.6,2.8,16.4,0.5,64.5,2.8,3.4,157,13.751592356687896,0
45977,West Coast Eagles,Brisbane Lions,2006-04-29,5,19.666666666666668,1.0,88.33333333333333,5.0,6.666666666666667,19.6,0.6,82.0,3.4,4.4,16.8,0.4,71.8,3.1,2.9,71,13.450704225352112,1
45978,Hawthorn Hawks,Fremantle Dockers,2002-04-14,3,17.0,0.0,68.0,3.0,0.6666666666666666,16.0,0.0,66.4,3.4,0.6,18.3,0.1,73.2,2.8,1.0,139,16.309352517985612,1
45979,Geelong Cats,Brisbane Lions,2002-08-24,21,8.0,0.0,39.0,1.0,0.0,8.0,0.0,39.0,1.0,0.0,8.0,0.0,39.0,1.0,0.0,2,8.0,1
45980,Western Bulldogs,Hawthorn Hawks,2000-08-04,22,13.666666666666666,0.0,79.0,2.333333333333333,0.0,13.4,0.2,77.0,2.0,1.2,10.0,0.1,56.9,1.9,0.7,183,13.42622950819672,1
45981,Hawthorn Hawks,North Melbourne Kangaroos,2000-08-18,SF,18.666666666666668,0.0,67.33333333333333,1.6666666666666667,0.0,15.6,0.0,55.0,1.2,0.0,16.7,0.0,61.0,1.7,0.1,139,14.366906474820144,0
45982,St Kilda Saints,Hawthorn Hawks,2001-09-01,22,8.666666666666666,0.3333333333333333,33.666666666666664,0.3333333333333333,2.0,10.2,0.2,39.2,1.2,1.2,12.0,0.1,43.2,1.1,0.7,88,15.909090909090908,0
45983,Melbourne Demons,Richmond Tigers,2008-08-31,22,19.33333333333333,0.6666666666666666,82.33333333333333,1.3333333333333333,6.0,17.4,1.0,76.6,1.0,7.6,17.6,0.6,69.7,1.4,4.6,218,18.13302752293578,1
45984,Essendon Bombers,West Coast Eagles,2005-06-10,12,12.333333333333334,0.0,49.0,0.6666666666666666,0.0,13.2,0.0,52.8,0.6,0.0,12.7,0.4,51.0,0.8,2.6,64,11.28125,0
45985,St Kilda Saints,Carlton Blues,2019-08-17,22,8.0,0.0,41.0,2.6666666666666665,0.0,8.0,0.0,36.0,2.2,0.0,7.7,0.0,34.9,2.0,0.0,130,8.915384615384616,0
45986,Brisbane Lions,Geelong Cats,2007-09-01,22,11.0,0.6666666666666666,42.66666666666666,0.6666666666666666,4.333333333333333,9.8,0.8,46.2,1.6,5.6,11.2,0.9,55.5,1.6,5.9,206,13.74271844660194,1
45987,Brisbane Lions,Geelong Cats,2001-08-26,21,7.333333333333333,0.0,30.33333333333333,0.6666666666666666,0.0,7.8,0.0,31.8,0.8,0.0,6.9,0.0,27.8,1.0,0.0,149,11.738255033557047,0
45988,Melbourne Demons,Collingwood Magpies,2023-09-07,QF,6.333333333333333,1.0,42.333333333333336,3.6666666666666665,6.0,5.8,0.6,35.6,2.6,3.6,5.5,0.6,32.9,2.2,3.9,27,7.851851851851852,0
45994,Greater Western Sydney Giants,Richmond Tigers,2025-05-31,12,12.333333333333334,0.0,40.66666666666666,1.0,0.3333333333333333,12.333333333333334,0.0,40.66666666666666,1.0,0.3333333333333333,12.333333333333334,0.0,40.66666666666666,1.0,0.3333333333333333,3,12.333333333333334,1
45999,Brisbane Lions,Geelong Cats,2025-09-27,GF,16.666666666666668,0.3333333333333333,57.333333333333336,0.6666666666666666,2.333333333333333,16.666666666666668,0.3333333333333333,57.333333333333336,0.6666666666666666,2.333333333333333,16.666666666666668,0.3333333333333333,57.333333333333336,0.6666666666666666,2.333333333333333,3,16.666666666666668,0
46005,Port Adelaide Power,West Coast Eagles,2018-05-05,7,7.0,0.0,20.0,1.0,0.0,7.0,0.0,20.0,1.0,0.0,7.0,0.0,20.0,1.0,0.0,1,7.0,0
46007,Brisbane Lions,Hawthorn Hawks,2015-08-29,22,10.333333333333334,0.0,45.333333333333336,3.333333333333333,0.0,10.0,0.0,42.2,2.8,0.0,10.0,0.0,42.2,2.8,0.0,5,10.0,0
46014,Port Adelaide Power,Adelaide Crows,2025-07-26,20,,,,,,,,,,,,,,,,0,,0
46017,Essendon Bombers,Gold Coast Suns,2025-08-27,24,,,,,,,,,,,,,,,,0,,0
46019,Adelaide Crows,Richmond Tigers,2001-05-18,8,,,,,,,,,,,,,,,,0,,0
46020,St Kilda Saints,Greater Western Sydney Giants,2025-08-24,24,14.0,0.3333333333333333,68.33333333333333,5.666666666666667,2.6666666666666665,14.4,0.2,64.2,4.8,1.6,12.77777777777778,0.2222222222222222,55.77777777777778,4.222222222222222,1.5555555555555556,9,12.77777777777778,0
46026,Sydney Swans,North Melbourne Kangaroos,2002-08-10,19,5.5,0.0,30.5,1.5,0.0,5.5,0.0,30.5,1.5,0.0,5.5,0.0,30.5,1.5,0.0,2,5.5,1
46033,Hawthorn Hawks,Fremantle Dockers,2022-06-11,13,8.0,0.0,34.5,1.5,0.5,8.0,0.0,34.5,1.5,0.5,8.0,0.0,34.5,1.5,0.5,2,8.0,0
46034,Essendon Bombers,Western Bulldogs,1998-08-21,21,18.0,0.6666666666666666,65.66666666666667,0.6666666666666666,5.0,18.8,0.4,63.2,1.0,3.4,17.5,0.3333333333333333,56.5,0.8333333333333334,3.0,6,17.5,1
46035,St Kilda Saints,Melbourne Demons,2000-04-02,4,,,,,,,,,,,,,,,,0,,0
46040,Melbourne Demons,North Melbourne Kangaroos,1997-07-20,16,14.0,0.0,43.5,1.0,1.0,14.0,0.0,43.5,1.0,1.0,14.0,0.0,43.5,1.0,1.0,2,14.0,1
46041,Carlton Blues,Western Bulldogs,2000-07-15,19,,,,,,,,,,,,,,,,0,,1
46046,Western Bulldogs,Hawthorn Hawks,2024-05-05,8,,,,,,,,,,,,,,,,0,,1
46050,Melbourne Demons,North Melbourne Kangaroos,2013-07-27,18,15.0,0.0,56.0,2.0,0.0,15.0,0.0,56.0,2.0,0.0,15.0,0.0,56.0,2.0,0.0,1,15.0,1
46053,West Coast Eagles,Fremantle Dockers,2009-05-02,6,,,,,,,,,,,,,,,,0,,1
46059,Melbourne Demons,Greater Western Sydney Giants,2012-08-18,21,12.5,0.0,58.5,7.0,0.0,12.5,0.0,58.5,7.0,0.0,12.5,0.0,58.5,7.0,0.0,2,12.5,0
46061,Gold Coast Suns,Collingwood Magpies,2018-06-30,15,8.0,0.0,44.0,1.0,0.0,8.0,0.0,44.0,1.0,0.0,8.0,0.0,44.0,1.0,0.0,1,8.0,1
46063,Carlton Blues,Western Bulldogs,2012-07-21,17,,,,,,,,,,,,,,,,0,,0
46072,Gold Coast Suns,Adelaide Crows,2011-08-20,22,8.666666666666666,0.3333333333333333,41.66666666666666,2.6666666666666665,2.6666666666666665,8.666666666666666,0.3333333333333333,41.66666666666666,2.6666666666666665,2.6666666666666665,8.666666666666666,0.3333333333333333,41.66666666666666,2.6666666666666665,2.6666666666666665,3,8.666666666666666,1
46075,Carlton Blues,Greater Western Sydney Giants,2015-05-16,7,,,,,,,,,,,,,,,,0,,1
46080,Adelaide Crows,North Melbourne Kangaroos,2025-08-23,24,6.5,0.5,23.0,1.5,3.0,6.5,0.5,23.0,1.5,3.0,6.5,0.5,23.0,1.5,3.0,2,6.5,0
46081,Fremantle Dockers,St Kilda Saints,2025-06-29,16,,,,,,,,,,,,,,,,0,,1
46085,Port Adelaide Power,West Coast Eagles,2005-05-29,10,9.0,0.0,32.666666666666664,0.3333333333333333,1.0,9.0,0.0,32.666666666666664,0.3333333333333333,1.0,9.0,0.0,32.666666666666664,0.3333333333333333,1.0,3,9.0,0
46090,Essendon Bombers,Western Bulldogs,2025-07-25,20,10.333333333333334,0.3333333333333333,36.66666666666666,0.0,2.0,10.333333333333334,0.3333333333333333,36.66666666666666,0.0,2.0,10.333333333333334,0.3333333333333333,36.66666666666666,0.0,2.0,3,10.333333333333334,1
46092,Greater Western Sydney Giants,North Melbourne Kangaroos,2023-06-11,13,,,,,,,,,,,,,,,,0,,0
46093,Richmond Tigers,Essendon Bombers,2025-07-12,18,7.0,0.0,38.0,2.0,1.0,7.0,0.0,38.0,2.0,1.0,7.0,0.0,38.0,2.0,1.0,1,7.0,1
46097,Adelaide Crows,Port Adelaide Power,2002-04-27,5,2.0,2.0,22.0,0.0,12.0,2.0,2.0,22.0,0.0,12.0,2.0,2.0,22.0,0.0,12.0,1,2.0,1
46098,Gold Coast Suns,Adelaide Crows,2012-09-01,23,7.5,0.0,32.5,2.5,0.0,7.5,0.0,32.5,2.5,0.0,7.5,0.0,32.5,2.5,0.0,2,7.5,0
46101,Greater Western Sydney Giants,North Melbourne Kangaroos,2012-04-08,2,,,,,,,,,,,,,,,,0,,0
46105,Brisbane Lions,Geelong Cats,2025-09-27,GF,8.0,0.0,30.0,2.0,0.0,8.0,0.0,30.0,2.0,0.0,8.0,0.0,30.0,2.0,0.0,1,8.0,0
46109,Collingwood Magpies,Port Adelaide Power,2016-06-05,11,,,,,,,,,,,,,,,,0,,1
46111,Richmond Tigers,Greater Western Sydney Giants,2025-05-31,12,11.0,0.0,54.0,2.0,0.0,11.0,0.0,54.0,2.0,0.0,11.0,0.0,54.0,2.0,0.0,1,11.0,0
46112,Hawthorn Hawks,Greater Western Sydney Giants,2023-04-16,5,,,,,,,,,,,,,,,,0,,0
46113,West Coast Eagles,Sydney Swans,2025-08-23,24,,,,,,,,,,,,,,,,0,,1
46121,Brisbane Lions,West Coast Eagles,2007-07-07,14,,,,,,,,,,,,,,,,0,,0
46124,Essendon Bombers,Sydney Swans,2025-05-10,9,,,,,,,,,,,,,,,,0,,1
46127,Port Adelaide Power,Gold Coast Suns,2013-08-17,21,10.0,0.0,38.0,2.0,0.0,10.0,0.0,38.0,2.0,0.0,10.0,0.0,38.0,2.0,0.0,2,10.0,1
46132,North Melbourne Kangaroos,West Coast Eagles,2017-03-26,1,,,,,,,,,,,,,,,,0,,1
46137,Sydney Swans,Richmond Tigers,2016-05-14,8,,,,,,,,,,,,,,,,0,,0
46139,Richmond Tigers,North Melbourne Kangaroos,2025-08-17,23,,,,,,,,,,,,,,,,0,,0
46143,St Kilda Saints,Melbourne Demons,2021-03-27,2,,,,,,,,,,,,,,,,0,,1
46146,Port Adelaide Power,Geelong Cats,2011-04-10,3,,,,,,,,,,,,,,,,0,,0
46150,Melbourne Demons,Carlton Blues,2025-07-19,19,6.666666666666667,0.3333333333333333,37.66666666666666,2.0,3.333333333333333,4.8,0.2,25.8,1.2,2.0,4.833333333333333,0.5,27.0,1.3333333333333333,3.6666666666666665,6,4.833333333333333,0
46153,Melbourne Demons,Brisbane Lions,2025-05-18,10,,,,,,,,,,,,,,,,0,,0
46155,Essendon Bombers,Carlton Blues,2025-06-08,13,11.0,0.0,34.0,1.0,0.0,11.0,0.0,34.0,1.0,0.0,11.0,0.0,34.0,1.0,0.0,1,11.0,0
46163,Hawthorn Hawks,Essendon Bombers,2010-05-01,6,21.5,0.5,83.0,2.0,4.0,21.5,0.5,83.0,2.0,4.0,21.5,0.5,83.0,2.0,4.0,2,21.5,0
46168,Collingwood Magpies,Port Adelaide Power,2004-08-20,21,,,,,,,,,,,,,,,,0,,1
46170,North Melbourne Kangaroos,Greater Western Sydney Giants,2025-08-10,22,,,,,,,,,,,,,,,,0,,0
46172,Richmond Tigers,North Melbourne Kangaroos,2025-05-18,10,,,,,,,,,,,,,,,,0,,1
46174,Melbourne Demons,Western Bulldogs,2025-08-10,22,19.0,0.0,55.0,0.0,0.0,19.0,0.0,55.0,0.0,0.0,19.0,0.0,55.0,0.0,0.0,1,19.0,1
46175,St Kilda Saints,Melbourne Demons,2019-07-27,19,,,,,,,,,,,,,,,,0,,1
46176,Greater Western Sydney Giants,West Coast Eagles,2025-07-04,17,7.0,0.5,28.0,1.0,3.5,7.0,0.5,28.0,1.0,3.5,7.0,0.5,28.0,1.0,3.5,2,7.0,0
46180,Gold Coast Suns,Collingwood Magpies,2011-07-23,18,,,,,,,,,,,,,,,,0,,1
46181,Melbourne Demons,Collingwood Magpies,2025-06-09,13,20.0,0.0,88.0,2.0,0.5,20.0,0.0,88.0,2.0,0.5,20.0,0.0,88.0,2.0,0.5,2,20.0,1
46184,Gold Coast Suns,Geelong Cats,2025-06-07,13,,,,,,,,,,,,,,,,0,,0
46186,Hawthorn Hawks,Greater Western Sydney Giants,2016-04-30,6,,,,,,,,,,,,,,,,0,,0
46189,Geelong Cats,Melbourne Demons,2015-06-21,12,5.0,0.0,18.0,1.0,0.0,5.0,0.0,18.0,1.0,0.0,5.0,0.0,18.0,1.0,0.0,1,5.0,1
46198,Brisbane Lions,Geelong Cats,2025-09-05,QF,,,,,,,,,,,,,,,,0,,0
46201,Sydney Swans,Carlton Blues,2023-05-26,11,,,,,,,,,,,,,,,,0,,1
46202,Adelaide Crows,Western Bulldogs,2020-08-16,12,6.666666666666667,0.0,27.33333333333333,0.3333333333333333,0.0,7.8,0.0,29.2,0.4,0.2,6.777777777777778,0.0,28.11111111111111,1.0,0.1111111111111111,9,6.777777777777778,0
46206,North Melbourne Kangaroos,West Coast Eagles,2006-08-12,19,,,,,,,,,,,,,,,,0,,0
46209,Richmond Tigers,Western Bulldogs,2003-07-26,17,,,,,,,,,,,,,,,,0,,0
46210,Adelaide Crows,Port Adelaide Power,2012-07-07,15,,,,,,,,,,,,,,,,0,,0
46211,Brisbane Lions,West Coast Eagles,2025-03-23,2,,,,,,,,,,,,,,,,0,,1
46215,Essendon Bombers,Adelaide Crows,2016-07-31,19,7.333333333333333,0.0,50.333333333333336,3.0,0.0,6.5,0.0,40.75,2.5,0.0,6.5,0.0,40.75,2.5,0.0,4,6.5,0
46220,Port Adelaide Power,North Melbourne Kangaroos,2025-04-26,7,,,,,,,,,,,,,,,,0,,1
46223,Sydney Swans,North Melbourne Kangaroos,2002-04-20,4,,,,,,,,,,,,,,,,0,,1
46224,North Melbourne Kangaroos,Gold Coast Suns,2017-07-01,15,11.0,0.0,44.0,3.0,0.0,11.0,0.0,44.0,3.0,0.0,11.0,0.0,44.0,3.0,0.0,1,11.0,0
46228,West Coast Eagles,Essendon Bombers,2017-05-21,9,10.666666666666666,0.3333333333333333,48.66666666666666,2.6666666666666665,2.6666666666666665,10.666666666666666,0.3333333333333333,48.66666666666666,2.6666666666666665,2.6666666666666665,10.666666666666666,0.3333333333333333,48.66666666666666,2.6666666666666665,2.6666666666666665,3,10.666666666666666,0
46231,Essendon Bombers,Gold Coast Suns,2025-08-27,24,,,,,,,,,,,,,,,,0,,0
46237,Geelong Cats,Fremantle Dockers,2000-06-24,16,,,,,,,,,,,,,,,,0,,1
46241,Carlton Blues,Fremantle Dockers,2025-08-03,21,9.666666666666666,0.0,40.66666666666666,1.6666666666666667,0.3333333333333333,9.5,0.0,39.75,1.5,0.25,9.5,0.0,39.75,1.5,0.25,4,9.5,0
46244,Collingwood Magpies,North Melbourne Kangaroos,1999-08-22,21,17.0,0.3333333333333333,58.0,0.6666666666666666,2.333333333333333,17.0,0.3333333333333333,58.0,0.6666666666666666,2.333333333333333,17.0,0.3333333333333333,58.0,0.6666666666666666,2.333333333333333,3,17.0,0
46246,North Melbourne Kangaroos,Collingwood Magpies,2025-05-24,11,13.0,0.0,44.333333333333336,1.3333333333333333,0.0,13.0,0.0,44.333333333333336,1.3333333333333333,0.0,13.0,0.0,44.333333333333336,1.3333333333333333,0.0,3,13.0,1
46248,Port Adelaide Power,Gold Coast Suns,2016-08-27,23,,,,,,,,,,,,,,,,0,,0
46250,Brisbane Lions,Western Bulldogs,2006-06-17,12,,,,,,,,,,,,,,,,0,,1
46251,North Melbourne Kangaroos,Richmond Tigers,2025-08-17,23,,,,,,,,,,,,,,,,0,,1
46254,North Melbourne Kangaroos,Brisbane Lions,2006-07-15,15,12.333333333333334,0.0,42.0,0.6666666666666666,0.0,11.6,0.0,42.0,0.6,0.0,12.142857142857142,0.0,42.0,0.7142857142857143,0.0,7,12.142857142857142,1
46255,Hawthorn Hawks,Melbourne Demons,2010-03-27,1,,,,,,,,,,,,,,,,0,,0
46256,Carlton Blues,Hawthorn Hawks,2008-08-30,22,,,,,,,,,,,,,,,,0,,1
46267,Fremantle Dockers,Gold Coast Suns,2025-09-06,EF,15.333333333333334,1.3333333333333333,54.0,1.0,9.333333333333334,15.8,1.2,56.2,1.2,8.2,14.9,0.9,55.8,1.8,6.2,22,14.590909090909092,1
46269,Brisbane Lions,Sydney Swans,2011-09-03,24,6.0,0.0,34.0,3.0,0.0,6.0,0.0,34.0,3.0,0.0,6.0,0.0,34.0,3.0,0.0,1,6.0,0
46271,Collingwood Magpies,Geelong Cats,2024-07-12,18,,,,,,,,,,,,,,,,0,,1
46272,Adelaide Crows,Richmond Tigers,2001-05-18,8,,,,,,,,,,,,,,,,0,,0
46273,North Melbourne Kangaroos,Brisbane Lions,2011-07-23,18,,,,,,,,,,,,,,,,0,,1
46280,Brisbane Lions,Hawthorn Hawks,2024-05-26,11,8.5,2.0,57.0,1.5,12.5,8.5,2.0,57.0,1.5,12.5,8.5,2.0,57.0,1.5,12.5,2,8.5,0
46285,Western Bulldogs,Adelaide Crows,2011-06-17,13,,,,,,,,,,,,,,,,0,,1
46288,North Melbourne Kangaroos,West Coast Eagles,2006-08-12,19,,,,,,,,,,,,,,,,0,,0
46291,West Coast Eagles,Sydney Swans,2025-08-23,24,,,,,,,,,,,,,,,,0,,1
46293,Fremantle Dockers,Western Bulldogs,2011-09-03,24,,,,,,,,,,,,,,,,0,,0
46297,Richmond Tigers,West Coast Eagles,2025-05-11,9,,,,,,,,,,,,,,,,0,,1
46302,Carlton Blues,Hawthorn Hawks,2015-09-05,23,,,,,,,,,,,,,,,,0,,0
46304,Carlton Blues,Western Bulldogs,2002-08-24,21,,,,,,,,,,,,,,,,0,,0
46306,Geelong Cats,Fremantle Dockers,2006-06-17,12,5.0,0.0,12.0,0.0,0.0,5.0,0.0,12.0,0.0,0.0,5.0,0.0,12.0,0.0,0.0,1,5.0,0
46310,Geelong Cats,St Kilda Saints,2022-05-14,9,,,,,,,,,,,,,,,,0,,0
46316,St Kilda Saints,North Melbourne Kangaroos,2025-08-03,21,9.0,0.5,45.0,2.5,3.5,9.0,0.5,45.0,2.5,3.5,9.0,0.5,45.0,2.5,3.5,2,9.0,1
46319,Sydney Swans,North Melbourne Kangaroos,2004-08-07,19,5.0,0.0,17.0,0.0,0.0,5.0,0.0,17.0,0.0,0.0,5.0,0.0,17.0,0.0,0.0,1,5.0,1
46322,Sydney Swans,Brisbane Lions,2009-08-29,22,,,,,,,,,,,,,,,,0,,1
46325,Richmond Tigers,Hawthorn Hawks,2025-05-04,8,12.666666666666666,0.0,51.333333333333336,0.6666666666666666,0.0,12.666666666666666,0.0,51.333333333333336,0.6666666666666666,0.0,12.666666666666666,0.0,51.333333333333336,0.6666666666666666,0.0,3,12.666666666666666,0
46326,St Kilda Saints,Port Adelaide Power,2025-04-06,4,,,,,,,,,,,,,,,,0,,0
46329,Melbourne Demons,Brisbane Lions,2012-03-31,1,,,,,,,,,,,,,,,,0,,1
46330,Fremantle Dockers,Collingwood Magpies,2001-07-28,17,,,,,,,,,,,,,,,,0,,1
46332,Essendon Bombers,Gold Coast Suns,2025-08-27,24,7.5,0.5,36.5,1.0,3.5,7.5,0.5,36.5,1.0,3.5,7.5,0.5,36.5,1.0,3.5,2,7.5,0
46335,Carlton Blues,Hawthorn Hawks,2015-07-24,17,,,,,,,,,,,,,,,,0,,1
46339,Essendon Bombers,Brisbane Lions,2022-03-26,2,,,,,,,,,,,,,,,,0,,1
46341,North Melbourne Kangaroos,Brisbane Lions,2014-06-28,15,,,,,,,,,,,,,,,,0,,0
46344,Adelaide Crows,Brisbane Lions,2004-07-24,17,,,,,,,,,,,,,,,,0,,0
46345,West Coast Eagles,Essendon Bombers,2011-05-08,7,,,,,,,,,,,,,,,,0,,0
46347,Brisbane Lions,West Coast Eagles,2003-06-15,12,,,,,,,,,,,,,,,,0,,1
46350,Richmond Tigers,Western Bulldogs,2000-06-12,14,,,,,,,,,,,,,,,,0,,1
46356,North Melbourne Kangaroos,Brisbane Lions,2007-08-04,18,,,,,,,,,,,,,,,,0,,0
46358,Brisbane Lions,Essendon Bombers,2016-07-24,18,12.0,0.0,48.5,3.0,0.0,12.0,0.0,48.5,3.0,0.0,12.0,0.0,48.5,3.0,0.0,2,12.0,0
46366,St Kilda Saints,Melbourne Demons,2011-05-21,9,,,,,,,,,,,,,,,,0,,1
46371,Carlton Blues,Essendon Bombers,2025-08-21,24,12.0,0.6666666666666666,49.66666666666666,2.333333333333333,4.0,10.8,0.6,47.6,2.4,4.0,9.285714285714286,0.4285714285714285,39.285714285714285,1.7142857142857142,2.857142857142857,7,9.285714285714286,0
