match_id,season,round,match_date,venue,home_team,away_team,home_score,away_score,crowd,margin,result,home_win
19830326_MelbourneDemons,1983,1,1983-03-26,Melbourne Cricket Ground,Melbourne Demons,Collingwood Magpies,125,135,72274.0,-10,A,0.0
19830326_CarltonBlues,1983,1,1983-03-26,Princes Park,Carlton Blues,Richmond Tigers,136,76,28498.0,60,H,1.0
19830326_FitzroyLions,1983,1,1983-03-26,Junction Oval,Fitzroy Lions,Hawthorn Hawks,112,131,15626.0,-19,A,0.0
19830326_NorthMelbourneKangaroos,1983,1,1983-03-26,Aegis Park,North Melbourne Kangaroos,St Kilda Saints,100,87,18496.0,13,H,1.0
19830326_GeelongCats,1983,1,1983-03-26,Waverley Park,Geelong Cats,Western Bulldogs,106,75,18377.0,31,H,1.0
19830327_SydneySwans,1983,1,1983-03-27,Sydney Cricket Ground,Sydney Swans,Essendon Bombers,111,110,11916.0,1,H,1.0
19830402_RichmondTigers,1983,2,1983-04-02,Melbourne Cricket Ground,Richmond Tigers,Melbourne Demons,100,119,41889.0,-19,A,0.0
19830402_CollingwoodMagpies,1983,2,1983-04-02,Victoria Park,Collingwood Magpies,Geelong Cats,96,101,34751.0,-5,A,0.0
19830402_WesternBulldogs,1983,2,1983-04-02,Western Oval,Western Bulldogs,Carlton Blues,99,82,20414.0,17,H,1.0
19830404_EssendonBombers,1983,2,1983-04-04,Windy Hill,Essendon Bombers,St Kilda Saints,131,70,28071.0,61,H,1.0
19830404_NorthMelbourneKangaroos,1983,2,1983-04-04,Waverley Park,North Melbourne Kangaroos,Fitzroy Lions,43,88,23788.0,-45,A,0.0
19830404_HawthornHawks,1983,2,1983-04-04,Princes Park,Hawthorn Hawks,Sydney Swans,70,45,16295.0,25,H,1.0
19830409_StKildaSaints,1983,3,1983-04-09,Moorabbin Oval,St Kilda Saints,Hawthorn Hawks,42,171,19227.0,-129,A,0.0
19830409_WesternBulldogs,1983,3,1983-04-09,Western Oval,Western Bulldogs,Melbourne Demons,111,79,20485.0,32,H,1.0
19830409_CarltonBlues,1983,3,1983-04-09,Waverley Park,Carlton Blues,Collingwood Magpies,97,87,69596.0,10,H,1.0
19830409_FitzroyLions,1983,3,1983-04-09,Junction Oval,Fitzroy Lions,Essendon Bombers,97,56,21478.0,41,H,1.0
19830409_GeelongCats,1983,3,1983-04-09,GMHBA Stadium,Geelong Cats,Richmond Tigers,94,46,21269.0,48,H,1.0
19830410_SydneySwans,1983,3,1983-04-10,Sydney Cricket Ground,Sydney Swans,North Melbourne Kangaroos,45,185,11831.0,-140,A,0.0
19830416_MelbourneDemons,1983,4,1983-04-16,Melbourne Cricket Ground,Melbourne Demons,Carlton Blues,90,99,38544.0,-9,A,0.0
19830416_HawthornHawks,1983,4,1983-04-16,Princes Park,Hawthorn Hawks,Western Bulldogs,97,118,16504.0,-21,A,0.0
19830416_EssendonBombers,1983,4,1983-04-16,Windy Hill,Essendon Bombers,Collingwood Magpies,141,117,28250.0,24,H,1.0
19830416_NorthMelbourneKangaroos,1983,4,1983-04-16,Aegis Park,North Melbourne Kangaroos,Richmond Tigers,127,103,14970.0,24,H,1.0
19830416_FitzroyLions,1983,4,1983-04-16,Junction Oval,Fitzroy Lions,Sydney Swans,125,52,10738.0,73,H,1.0
19830416_StKildaSaints,1983,4,1983-04-16,Waverley Park,St Kilda Saints,Geelong Cats,79,90,20826.0,-11,A,0.0
19830423_CollingwoodMagpies,1983,5,1983-04-23,Victoria Park,Collingwood Magpies,Hawthorn Hawks,73,95,28506.0,-22,A,0.0
19830423_CarltonBlues,1983,5,1983-04-23,Princes Park,Carlton Blues,Fitzroy Lions,65,125,25789.0,-60,A,0.0
19830424_SydneySwans,1983,5,1983-04-24,Sydney Cricket Ground,Sydney Swans,St Kilda Saints,160,137,11276.0,23,H,1.0
19830425_RichmondTigers,1983,5,1983-04-25,Melbourne Cricket Ground,Richmond Tigers,Western Bulldogs,114,116,51651.0,-2,A,0.0
19830425_GeelongCats,1983,5,1983-04-25,GMHBA Stadium,Geelong Cats,Melbourne Demons,110,121,28591.0,-11,A,0.0
19830425_EssendonBombers,1983,5,1983-04-25,Waverley Park,Essendon Bombers,North Melbourne Kangaroos,128,123,47722.0,5,H,1.0
19830430_CollingwoodMagpies,1983,6,1983-04-30,Victoria Park,Collingwood Magpies,North Melbourne Kangaroos,130,108,28315.0,22,H,1.0
19830430_CarltonBlues,1983,6,1983-04-30,Princes Park,Carlton Blues,Geelong Cats,85,95,25480.0,-10,A,0.0
19830430_MelbourneDemons,1983,6,1983-04-30,Melbourne Cricket Ground,Melbourne Demons,Sydney Swans,126,93,22590.0,33,H,1.0
19830430_HawthornHawks,1983,6,1983-04-30,Waverley Park,Hawthorn Hawks,Richmond Tigers,88,106,33096.0,-18,A,0.0
19830430_EssendonBombers,1983,6,1983-04-30,Windy Hill,Essendon Bombers,Western Bulldogs,181,49,26387.0,132,H,1.0
19830430_StKildaSaints,1983,6,1983-04-30,Moorabbin Oval,St Kilda Saints,Fitzroy Lions,102,143,16154.0,-41,A,0.0
19830507_FitzroyLions,1983,7,1983-05-07,Junction Oval,Fitzroy Lions,Geelong Cats,76,67,18770.0,9,H,1.0
19830507_HawthornHawks,1983,7,1983-05-07,Princes Park,Hawthorn Hawks,North Melbourne Kangaroos,91,142,13958.0,-51,A,0.0
19830507_WesternBulldogs,1983,7,1983-05-07,Western Oval,Western Bulldogs,Collingwood Magpies,82,88,31479.0,-6,A,0.0
19830507_RichmondTigers,1983,7,1983-05-07,Melbourne Cricket Ground,Richmond Tigers,Essendon Bombers,112,137,49707.0,-25,A,0.0
19830507_MelbourneDemons,1983,7,1983-05-07,Waverley Park,Melbourne Demons,St Kilda Saints,108,75,25192.0,33,H,1.0
19830508_SydneySwans,1983,7,1983-05-08,Sydney Cricket Ground,Sydney Swans,Carlton Blues,118,149,15432.0,-31,A,0.0
19830514_MelbourneDemons,1983,8,1983-05-14,Melbourne Cricket Ground,Melbourne Demons,Fitzroy Lions,87,126,33758.0,-39,A,0.0
19830514_CollingwoodMagpies,1983,8,1983-05-14,Waverley Park,Collingwood Magpies,Richmond Tigers,107,59,58780.0,48,H,1.0
19830514_HawthornHawks,1983,8,1983-05-14,Princes Park,Hawthorn Hawks,Essendon Bombers,137,95,21835.0,42,H,1.0
19830514_GeelongCats,1983,8,1983-05-14,GMHBA Stadium,Geelong Cats,Sydney Swans,84,110,17650.0,-26,A,0.0
19830514_StKildaSaints,1983,8,1983-05-14,Moorabbin Oval,St Kilda Saints,Carlton Blues,89,145,19016.0,-56,A,0.0
19830514_NorthMelbourneKangaroos,1983,8,1983-05-14,Aegis Park,North Melbourne Kangaroos,Western Bulldogs,189,74,15556.0,115,H,1.0
19830521_FitzroyLions,1983,9,1983-05-21,Waverley Park,Fitzroy Lions,Western Bulldogs,99,145,22336.0,-46,A,0.0
19830521_GeelongCats,1983,9,1983-05-21,GMHBA Stadium,Geelong Cats,North Melbourne Kangaroos,84,124,21802.0,-40,A,0.0
19830521_EssendonBombers,1983,9,1983-05-21,Windy Hill,Essendon Bombers,Melbourne Demons,149,115,19955.0,34,H,1.0
19830521_CarltonBlues,1983,9,1983-05-21,Princes Park,Carlton Blues,Hawthorn Hawks,104,96,30660.0,8,H,1.0
19830521_StKildaSaints,1983,9,1983-05-21,Moorabbin Oval,St Kilda Saints,Richmond Tigers,108,93,20686.0,15,H,1.0
19830522_SydneySwans,1983,9,1983-05-22,Sydney Cricket Ground,Sydney Swans,Collingwood Magpies,121,100,15305.0,21,H,1.0
19830528_CollingwoodMagpies,1983,10,1983-05-28,Victoria Park,Collingwood Magpies,Fitzroy Lions,77,93,32820.0,-16,A,0.0
19830528_WesternBulldogs,1983,10,1983-05-28,Western Oval,Western Bulldogs,St Kilda Saints,128,82,19247.0,46,H,1.0
19830528_NorthMelbourneKangaroos,1983,10,1983-05-28,Aegis Park,North Melbourne Kangaroos,Carlton Blues,193,82,23425.0,111,H,1.0
19830528_RichmondTigers,1983,10,1983-05-28,Melbourne Cricket Ground,Richmond Tigers,Sydney Swans,106,94,21047.0,12,H,1.0
19830528_MelbourneDemons,1983,10,1983-05-28,Waverley Park,Melbourne Demons,Hawthorn Hawks,109,171,23989.0,-62,A,0.0
19830528_EssendonBombers,1983,10,1983-05-28,Windy Hill,Essendon Bombers,Geelong Cats,109,97,20793.0,12,H,1.0
19830604_CarltonBlues,1983,11,1983-06-04,Waverley Park,Carlton Blues,Essendon Bombers,101,126,60619.0,-25,A,0.0
19830604_MelbourneDemons,1983,11,1983-06-04,Melbourne Cricket Ground,Melbourne Demons,North Melbourne Kangaroos,125,139,25249.0,-14,A,0.0
19830604_StKildaSaints,1983,11,1983-06-04,Moorabbin Oval,St Kilda Saints,Collingwood Magpies,144,160,25153.0,-16,A,0.0
19830604_FitzroyLions,1983,11,1983-06-04,Junction Oval,Fitzroy Lions,Richmond Tigers,136,114,16153.0,22,H,1.0
19830604_HawthornHawks,1983,11,1983-06-04,Princes Park,Hawthorn Hawks,Geelong Cats,88,95,13482.0,-7,A,0.0
19830605_SydneySwans,1983,11,1983-06-05,Sydney Cricket Ground,Sydney Swans,Western Bulldogs,121,102,10710.0,19,H,1.0
19830611_StKildaSaints,1983,12,1983-06-11,Moorabbin Oval,St Kilda Saints,North Melbourne Kangaroos,104,135,16467.0,-31,A,0.0
19830611_HawthornHawks,1983,12,1983-06-11,Princes Park,Hawthorn Hawks,Fitzroy Lions,167,134,20708.0,33,H,1.0
19830611_EssendonBombers,1983,12,1983-06-11,Windy Hill,Essendon Bombers,Sydney Swans,156,83,20012.0,73,H,1.0
19830613_CollingwoodMagpies,1983,12,1983-06-13,Waverley Park,Collingwood Magpies,Melbourne Demons,87,68,55380.0,19,H,1.0
19830613_WesternBulldogs,1983,12,1983-06-13,Western Oval,Western Bulldogs,Geelong Cats,102,91,25382.0,11,H,1.0
19830613_RichmondTigers,1983,12,1983-06-13,Melbourne Cricket Ground,Richmond Tigers,Carlton Blues,141,91,48243.0,50,H,1.0
19830618_MelbourneDemons,1983,13,1983-06-18,Melbourne Cricket Ground,Melbourne Demons,Richmond Tigers,123,109,28468.0,14,H,1.0
19830618_StKildaSaints,1983,13,1983-06-18,Waverley Park,St Kilda Saints,Essendon Bombers,91,138,30616.0,-47,A,0.0
19830618_GeelongCats,1983,13,1983-06-18,GMHBA Stadium,Geelong Cats,Collingwood Magpies,101,85,25808.0,16,H,1.0
19830618_FitzroyLions,1983,13,1983-06-18,Junction Oval,Fitzroy Lions,North Melbourne Kangaroos,220,70,19770.0,150,H,1.0
19830618_CarltonBlues,1983,13,1983-06-18,Princes Park,Carlton Blues,Western Bulldogs,171,82,23701.0,89,H,1.0
19830619_SydneySwans,1983,13,1983-06-19,Sydney Cricket Ground,Sydney Swans,Hawthorn Hawks,78,110,10084.0,-32,A,0.0
19830625_MelbourneDemons,1983,14,1983-06-25,Melbourne Cricket Ground,Melbourne Demons,Western Bulldogs,99,85,19306.0,14,H,1.0
19830625_RichmondTigers,1983,14,1983-06-25,Waverley Park,Richmond Tigers,Geelong Cats,70,69,17339.0,1,H,1.0
19830625_NorthMelbourneKangaroos,1983,14,1983-06-25,Aegis Park,North Melbourne Kangaroos,Sydney Swans,82,50,7404.0,32,H,1.0
19830625_CollingwoodMagpies,1983,14,1983-06-25,Victoria Park,Collingwood Magpies,Carlton Blues,100,45,27788.0,55,H,1.0
19830625_EssendonBombers,1983,14,1983-06-25,Windy Hill,Essendon Bombers,Fitzroy Lions,58,65,22947.0,-7,A,0.0
19830625_HawthornHawks,1983,14,1983-06-25,Princes Park,Hawthorn Hawks,St Kilda Saints,143,74,8188.0,69,H,1.0
19830702_CollingwoodMagpies,1983,15,1983-07-02,Victoria Park,Collingwood Magpies,Essendon Bombers,104,87,33611.0,17,H,1.0
19830702_GeelongCats,1983,15,1983-07-02,GMHBA Stadium,Geelong Cats,St Kilda Saints,68,120,11501.0,-52,A,0.0
19830702_CarltonBlues,1983,15,1983-07-02,Princes Park,Carlton Blues,Melbourne Demons,67,106,19301.0,-39,A,0.0
19830702_WesternBulldogs,1983,15,1983-07-02,Waverley Park,Western Bulldogs,Hawthorn Hawks,60,89,15750.0,-29,A,0.0
19830702_RichmondTigers,1983,15,1983-07-02,Melbourne Cricket Ground,Richmond Tigers,North Melbourne Kangaroos,114,138,23622.0,-24,A,0.0
19830703_SydneySwans,1983,15,1983-07-03,Sydney Cricket Ground,Sydney Swans,Fitzroy Lions,147,117,10315.0,30,H,1.0
19830709_WesternBulldogs,1983,16,1983-07-09,Western Oval,Western Bulldogs,Richmond Tigers,84,104,15006.0,-20,A,0.0
19830709_NorthMelbourneKangaroos,1983,16,1983-07-09,Aegis Park,North Melbourne Kangaroos,Essendon Bombers,128,107,22345.0,21,H,1.0
19830709_FitzroyLions,1983,16,1983-07-09,Waverley Park,Fitzroy Lions,Carlton Blues,89,124,31757.0,-35,A,0.0
19830716_HawthornHawks,1983,16,1983-07-16,Princes Park,Hawthorn Hawks,Collingwood Magpies,137,100,28484.0,37,H,1.0
19830716_StKildaSaints,1983,16,1983-07-16,Moorabbin Oval,St Kilda Saints,Sydney Swans,129,100,17861.0,29,H,1.0
19830716_MelbourneDemons,1983,16,1983-07-16,Melbourne Cricket Ground,Melbourne Demons,Geelong Cats,79,73,34155.0,6,H,1.0
19830723_GeelongCats,1983,17,1983-07-23,GMHBA Stadium,Geelong Cats,Carlton Blues,73,108,17657.0,-35,A,0.0
19830723_WesternBulldogs,1983,17,1983-07-23,Western Oval,Western Bulldogs,Essendon Bombers,107,125,20708.0,-18,A,0.0
19830723_FitzroyLions,1983,17,1983-07-23,Junction Oval,Fitzroy Lions,St Kilda Saints,138,149,15335.0,-11,A,0.0
19830723_RichmondTigers,1983,17,1983-07-23,Melbourne Cricket Ground,Richmond Tigers,Hawthorn Hawks,82,146,31084.0,-64,A,0.0
19830723_NorthMelbourneKangaroos,1983,17,1983-07-23,Waverley Park,North Melbourne Kangaroos,Collingwood Magpies,152,98,41098.0,54,H,1.0
19830724_SydneySwans,1983,17,1983-07-24,Sydney Cricket Ground,Sydney Swans,Melbourne Demons,125,112,11094.0,13,H,1.0
19830730_CarltonBlues,1983,18,1983-07-30,Princes Park,Carlton Blues,Sydney Swans,119,75,17891.0,44,H,1.0
19830730_EssendonBombers,1983,18,1983-07-30,Windy Hill,Essendon Bombers,Richmond Tigers,50,124,18067.0,-74,A,0.0
19830730_CollingwoodMagpies,1983,18,1983-07-30,Victoria Park,Collingwood Magpies,Western Bulldogs,82,73,20743.0,9,H,1.0
19830730_StKildaSaints,1983,18,1983-07-30,Moorabbin Oval,St Kilda Saints,Melbourne Demons,81,98,20218.0,-17,A,0.0
19830730_GeelongCats,1983,18,1983-07-30,Waverley Park,Geelong Cats,Fitzroy Lions,49,111,14718.0,-62,A,0.0
19830730_NorthMelbourneKangaroos,1983,18,1983-07-30,Aegis Park,North Melbourne Kangaroos,Hawthorn Hawks,90,97,17720.0,-7,A,0.0
19830805_SydneySwans,1983,19,1983-08-05,Sydney Cricket Ground,Sydney Swans,Geelong Cats,75,141,12732.0,-66,A,0.0
19830806_CarltonBlues,1983,19,1983-08-06,Princes Park,Carlton Blues,St Kilda Saints,168,61,19217.0,107,H,1.0
19830806_FitzroyLions,1983,19,1983-08-06,Junction Oval,Fitzroy Lions,Melbourne Demons,161,75,13870.0,86,H,1.0
19830806_EssendonBombers,1983,19,1983-08-06,Windy Hill,Essendon Bombers,Hawthorn Hawks,156,110,19237.0,46,H,1.0
19830806_WesternBulldogs,1983,19,1983-08-06,Waverley Park,Western Bulldogs,North Melbourne Kangaroos,71,164,12028.0,-93,A,0.0
19830806_RichmondTigers,1983,19,1983-08-06,Melbourne Cricket Ground,Richmond Tigers,Collingwood Magpies,79,89,81966.0,-10,A,0.0
19830813_MelbourneDemons,1983,20,1983-08-13,Melbourne Cricket Ground,Melbourne Demons,Essendon Bombers,124,141,38620.0,-17,A,0.0
19830813_HawthornHawks,1983,20,1983-08-13,Princes Park,Hawthorn Hawks,Carlton Blues,112,129,28476.0,-17,A,0.0
19830813_RichmondTigers,1983,20,1983-08-13,Waverley Park,Richmond Tigers,St Kilda Saints,65,140,21811.0,-75,A,0.0
19830813_WesternBulldogs,1983,20,1983-08-13,Western Oval,Western Bulldogs,Fitzroy Lions,125,99,14688.0,26,H,1.0
19830813_CollingwoodMagpies,1983,20,1983-08-13,Victoria Park,Collingwood Magpies,Sydney Swans,182,120,18772.0,62,H,1.0
19830813_NorthMelbourneKangaroos,1983,20,1983-08-13,Aegis Park,North Melbourne Kangaroos,Geelong Cats,116,84,11943.0,32,H,1.0
19830820_HawthornHawks,1983,21,1983-08-20,Waverley Park,Hawthorn Hawks,Melbourne Demons,172,57,21192.0,115,H,1.0
19830820_FitzroyLions,1983,21,1983-08-20,Junction Oval,Fitzroy Lions,Collingwood Magpies,127,63,24284.0,64,H,1.0
19830820_GeelongCats,1983,21,1983-08-20,GMHBA Stadium,Geelong Cats,Essendon Bombers,83,165,20110.0,-82,A,0.0
19830820_StKildaSaints,1983,21,1983-08-20,Moorabbin Oval,St Kilda Saints,Western Bulldogs,94,100,15860.0,-6,A,0.0
19830820_CarltonBlues,1983,21,1983-08-20,Princes Park,Carlton Blues,North Melbourne Kangaroos,126,93,32610.0,33,H,1.0
19830821_SydneySwans,1983,21,1983-08-21,Sydney Cricket Ground,Sydney Swans,Richmond Tigers,73,114,11475.0,-41,A,0.0
19830827_NorthMelbourneKangaroos,1983,22,1983-08-27,Aegis Park,North Melbourne Kangaroos,Melbourne Demons,148,75,10609.0,73,H,1.0
19830827_CollingwoodMagpies,1983,22,1983-08-27,Victoria Park,Collingwood Magpies,St Kilda Saints,155,92,19016.0,63,H,1.0
19830827_EssendonBombers,1983,22,1983-08-27,Waverley Park,Essendon Bombers,Carlton Blues,118,67,64232.0,51,H,1.0
19830827_GeelongCats,1983,22,1983-08-27,GMHBA Stadium,Geelong Cats,Hawthorn Hawks,77,157,12245.0,-80,A,0.0
19830827_WesternBulldogs,1983,22,1983-08-27,Western Oval,Western Bulldogs,Sydney Swans,114,72,13389.0,42,H,1.0
19830827_RichmondTigers,1983,22,1983-08-27,Melbourne Cricket Ground,Richmond Tigers,Fitzroy Lions,93,127,27310.0,-34,A,0.0
19830903_EssendonBombers,1983,EF,1983-09-03,Waverley Park,Essendon Bombers,Carlton Blues,114,81,65881.0,33,H,1.0
19830903_HawthornHawks,1983,QF,1983-09-03,Melbourne Cricket Ground,Hawthorn Hawks,Fitzroy Lions,127,123,58288.0,4,H,1.0
19830910_EssendonBombers,1983,SF,1983-09-10,Melbourne Cricket Ground,Essendon Bombers,Fitzroy Lions,109,86,81090.0,23,H,1.0
19830910_HawthornHawks,1983,SF,1983-09-10,Waverley Park,Hawthorn Hawks,North Melbourne Kangaroos,88,48,41063.0,40,H,1.0
19830917_EssendonBombers,1983,PF,1983-09-17,Waverley Park,Essendon Bombers,North Melbourne Kangaroos,164,78,63785.0,86,H,1.0
19830924_HawthornHawks,1983,GF,1983-09-24,Melbourne Cricket Ground,Hawthorn Hawks,Essendon Bombers,140,57,110332.0,83,H,1.0
19840331_HawthornHawks,1984,1,1984-03-31,Princes Park,Hawthorn Hawks,Sydney Swans,124,89,14369.0,35,H,1.0
19840331_WesternBulldogs,1984,1,1984-03-31,Western Oval,Western Bulldogs,Richmond Tigers,122,83,25270.0,39,H,1.0
19840331_CollingwoodMagpies,1984,1,1984-03-31,Victoria Park,Collingwood Magpies,Melbourne Demons,120,107,32741.0,13,H,1.0
19840331_NorthMelbourneKangaroos,1984,1,1984-03-31,Waverley Park,North Melbourne Kangaroos,Carlton Blues,62,199,36504.0,-137,A,0.0
19840331_GeelongCats,1984,1,1984-03-31,GMHBA Stadium,Geelong Cats,Fitzroy Lions,148,99,22260.0,49,H,1.0
19840331_StKildaSaints,1984,1,1984-03-31,Moorabbin Oval,St Kilda Saints,Essendon Bombers,97,134,26019.0,-37,A,0.0
19840407_GeelongCats,1984,2,1984-04-07,Waverley Park,Geelong Cats,Western Bulldogs,105,65,24114.0,40,H,1.0
19840407_EssendonBombers,1984,2,1984-04-07,Windy Hill,Essendon Bombers,Hawthorn Hawks,110,116,22841.0,-6,A,0.0
19840407_FitzroyLions,1984,2,1984-04-07,Junction Oval,Fitzroy Lions,Carlton Blues,111,121,22240.0,-10,A,0.0
19840407_CollingwoodMagpies,1984,2,1984-04-07,Victoria Park,Collingwood Magpies,St Kilda Saints,149,56,26647.0,93,H,1.0
19840407_RichmondTigers,1984,2,1984-04-07,Melbourne Cricket Ground,Richmond Tigers,North Melbourne Kangaroos,107,93,25711.0,14,H,1.0
19840408_SydneySwans,1984,2,1984-04-08,Sydney Cricket Ground,Sydney Swans,Melbourne Demons,112,98,8131.0,14,H,1.0
19840414_EssendonBombers,1984,3,1984-04-14,Windy Hill,Essendon Bombers,Collingwood Magpies,169,106,28120.0,63,H,1.0
19840414_CarltonBlues,1984,3,1984-04-14,Princes Park,Carlton Blues,Geelong Cats,97,126,28784.0,-29,A,0.0
19840414_NorthMelbourneKangaroos,1984,3,1984-04-14,Aegis Park,North Melbourne Kangaroos,Western Bulldogs,101,164,14174.0,-63,A,0.0
19840414_StKildaSaints,1984,3,1984-04-14,Moorabbin Oval,St Kilda Saints,Sydney Swans,116,145,15127.0,-29,A,0.0
19840414_MelbourneDemons,1984,3,1984-04-14,Melbourne Cricket Ground,Melbourne Demons,Hawthorn Hawks,132,138,25557.0,-6,A,0.0
19840414_FitzroyLions,1984,3,1984-04-14,Waverley Park,Fitzroy Lions,Richmond Tigers,105,151,25888.0,-46,A,0.0
19840421_CollingwoodMagpies,1984,4,1984-04-21,Victoria Park,Collingwood Magpies,Sydney Swans,103,106,22519.0,-3,A,0.0
19840421_MelbourneDemons,1984,4,1984-04-21,Waverley Park,Melbourne Demons,Essendon Bombers,91,126,31535.0,-35,A,0.0
19840421_RichmondTigers,1984,4,1984-04-21,Melbourne Cricket Ground,Richmond Tigers,Carlton Blues,97,151,45810.0,-54,A,0.0
19840423_HawthornHawks,1984,4,1984-04-23,Princes Park,Hawthorn Hawks,St Kilda Saints,159,99,14125.0,60,H,1.0
19840423_FitzroyLions,1984,4,1984-04-23,Junction Oval,Fitzroy Lions,Western Bulldogs,140,70,20281.0,70,H,1.0
19840423_GeelongCats,1984,4,1984-04-23,GMHBA Stadium,Geelong Cats,North Melbourne Kangaroos,65,79,26340.0,-14,A,0.0
19840425_RichmondTigers,1984,5,1984-04-25,Melbourne Cricket Ground,Richmond Tigers,Essendon Bombers,86,135,55141.0,-49,A,0.0
19840425_CarltonBlues,1984,5,1984-04-25,Waverley Park,Carlton Blues,Collingwood Magpies,71,76,68082.0,-5,A,0.0
19840428_WesternBulldogs,1984,5,1984-04-28,Western Oval,Western Bulldogs,Hawthorn Hawks,94,141,19988.0,-47,A,0.0
19840428_NorthMelbourneKangaroos,1984,5,1984-04-28,Melbourne Cricket Ground,North Melbourne Kangaroos,Melbourne Demons,113,98,23292.0,15,H,1.0
19840428_StKildaSaints,1984,5,1984-04-28,Moorabbin Oval,St Kilda Saints,Geelong Cats,71,102,16892.0,-31,A,0.0
19840429_SydneySwans,1984,5,1984-04-29,Sydney Cricket Ground,Sydney Swans,Fitzroy Lions,119,104,10947.0,15,H,1.0
19840505_WesternBulldogs,1984,6,1984-05-05,Western Oval,Western Bulldogs,Sydney Swans,84,77,15236.0,7,H,1.0
19840505_MelbourneDemons,1984,6,1984-05-05,Melbourne Cricket Ground,Melbourne Demons,Geelong Cats,148,85,27605.0,63,H,1.0
19840505_CollingwoodMagpies,1984,6,1984-05-05,Victoria Park,Collingwood Magpies,North Melbourne Kangaroos,108,87,26531.0,21,H,1.0
19840505_CarltonBlues,1984,6,1984-05-05,Princes Park,Carlton Blues,St Kilda Saints,104,90,18398.0,14,H,1.0
19840505_FitzroyLions,1984,6,1984-05-05,Junction Oval,Fitzroy Lions,Essendon Bombers,93,144,20274.0,-51,A,0.0
19840505_HawthornHawks,1984,6,1984-05-05,Waverley Park,Hawthorn Hawks,Richmond Tigers,81,120,31259.0,-39,A,0.0
19840512_GeelongCats,1984,7,1984-05-12,GMHBA Stadium,Geelong Cats,Collingwood Magpies,83,128,26766.0,-45,A,0.0
19840512_HawthornHawks,1984,7,1984-05-12,Princes Park,Hawthorn Hawks,Fitzroy Lions,135,104,14134.0,31,H,1.0
19840512_NorthMelbourneKangaroos,1984,7,1984-05-12,Waverley Park,North Melbourne Kangaroos,St Kilda Saints,101,148,18066.0,-47,A,0.0
19840512_EssendonBombers,1984,7,1984-05-12,Windy Hill,Essendon Bombers,Western Bulldogs,82,104,21196.0,-22,A,0.0
19840512_MelbourneDemons,1984,7,1984-05-12,Melbourne Cricket Ground,Melbourne Demons,Carlton Blues,105,122,41079.0,-17,A,0.0
19840513_SydneySwans,1984,7,1984-05-13,Sydney Cricket Ground,Sydney Swans,Richmond Tigers,122,129,14794.0,-7,A,0.0
19840519_EssendonBombers,1984,8,1984-05-19,Waverley Park,Essendon Bombers,Geelong Cats,133,90,39926.0,43,H,1.0
19840519_FitzroyLions,1984,8,1984-05-19,Junction Oval,Fitzroy Lions,Melbourne Demons,81,92,12712.0,-11,A,0.0
19840519_RichmondTigers,1984,8,1984-05-19,Melbourne Cricket Ground,Richmond Tigers,Collingwood Magpies,109,95,70899.0,14,H,1.0
19840519_NorthMelbourneKangaroos,1984,8,1984-05-19,Aegis Park,North Melbourne Kangaroos,Sydney Swans,127,134,10759.0,-7,A,0.0
19840519_CarltonBlues,1984,8,1984-05-19,Princes Park,Carlton Blues,Hawthorn Hawks,83,151,31944.0,-68,A,0.0
19840519_StKildaSaints,1984,8,1984-05-19,Moorabbin Oval,St Kilda Saints,Western Bulldogs,89,71,19100.0,18,H,1.0
19840526_CollingwoodMagpies,1984,9,1984-05-26,Victoria Park,Collingwood Magpies,Fitzroy Lions,109,82,25578.0,27,H,1.0
19840526_WesternBulldogs,1984,9,1984-05-26,Waverley Park,Western Bulldogs,Melbourne Demons,81,159,20056.0,-78,A,0.0
19840526_HawthornHawks,1984,9,1984-05-26,Princes Park,Hawthorn Hawks,North Melbourne Kangaroos,143,86,12975.0,57,H,1.0
19840526_EssendonBombers,1984,9,1984-05-26,Windy Hill,Essendon Bombers,Carlton Blues,113,66,27346.0,47,H,1.0
19840526_RichmondTigers,1984,9,1984-05-26,Melbourne Cricket Ground,Richmond Tigers,St Kilda Saints,152,88,30402.0,64,H,1.0
19840527_SydneySwans,1984,9,1984-05-27,Sydney Cricket Ground,Sydney Swans,Geelong Cats,111,69,13572.0,42,H,1.0
19840602_NorthMelbourneKangaroos,1984,10,1984-06-02,Aegis Park,North Melbourne Kangaroos,Essendon Bombers,106,108,17290.0,-2,A,0.0
19840602_WesternBulldogs,1984,10,1984-06-02,Western Oval,Western Bulldogs,Collingwood Magpies,100,95,25618.0,5,H,1.0
19840602_MelbourneDemons,1984,10,1984-06-02,Melbourne Cricket Ground,Melbourne Demons,Richmond Tigers,103,76,43912.0,27,H,1.0
19840602_GeelongCats,1984,10,1984-06-02,GMHBA Stadium,Geelong Cats,Hawthorn Hawks,113,85,14290.0,28,H,1.0
19840602_StKildaSaints,1984,10,1984-06-02,Waverley Park,St Kilda Saints,Fitzroy Lions,83,147,20618.0,-64,A,0.0
19840603_SydneySwans,1984,10,1984-06-03,Sydney Cricket Ground,Sydney Swans,Carlton Blues,87,139,25062.0,-52,A,0.0
19840609_EssendonBombers,1984,11,1984-06-09,Windy Hill,Essendon Bombers,Sydney Swans,135,94,21740.0,41,H,1.0
19840609_RichmondTigers,1984,11,1984-06-09,Melbourne Cricket Ground,Richmond Tigers,Geelong Cats,111,123,38183.0,-12,A,0.0
19840609_StKildaSaints,1984,11,1984-06-09,Moorabbin Oval,St Kilda Saints,Melbourne Demons,91,127,20080.0,-36,A,0.0
19840611_FitzroyLions,1984,11,1984-06-11,Junction Oval,Fitzroy Lions,North Melbourne Kangaroos,166,152,14607.0,14,H,1.0
19840611_CollingwoodMagpies,1984,11,1984-06-11,Waverley Park,Collingwood Magpies,Hawthorn Hawks,92,124,62339.0,-32,A,0.0
19840611_CarltonBlues,1984,11,1984-06-11,Princes Park,Carlton Blues,Western Bulldogs,143,109,29982.0,34,H,1.0
19840616_StKildaSaints,1984,12,1984-06-16,Moorabbin Oval,St Kilda Saints,Collingwood Magpies,72,78,17648.0,-6,A,0.0
19840616_NorthMelbourneKangaroos,1984,12,1984-06-16,Aegis Park,North Melbourne Kangaroos,Richmond Tigers,94,110,10242.0,-16,A,0.0
19840616_WesternBulldogs,1984,12,1984-06-16,Western Oval,Western Bulldogs,Geelong Cats,89,73,16619.0,16,H,1.0
19840616_MelbourneDemons,1984,12,1984-06-16,Melbourne Cricket Ground,Melbourne Demons,Sydney Swans,143,46,24873.0,97,H,1.0
19840616_HawthornHawks,1984,12,1984-06-16,Princes Park,Hawthorn Hawks,Essendon Bombers,93,46,25726.0,47,H,1.0
19840616_CarltonBlues,1984,12,1984-06-16,Waverley Park,Carlton Blues,Fitzroy Lions,67,72,24639.0,-5,A,0.0
19840623_CollingwoodMagpies,1984,13,1984-06-23,Victoria Park,Collingwood Magpies,Essendon Bombers,89,123,32701.0,-34,A,0.0
19840623_GeelongCats,1984,13,1984-06-23,GMHBA Stadium,Geelong Cats,Carlton Blues,41,78,21769.0,-37,A,0.0
19840623_WesternBulldogs,1984,13,1984-06-23,Waverley Park,Western Bulldogs,North Melbourne Kangaroos,77,62,12945.0,15,H,1.0
19840623_RichmondTigers,1984,13,1984-06-23,Melbourne Cricket Ground,Richmond Tigers,Fitzroy Lions,81,98,26772.0,-17,A,0.0
19840623_HawthornHawks,1984,13,1984-06-23,Princes Park,Hawthorn Hawks,Melbourne Demons,90,107,20422.0,-17,A,0.0
19840624_SydneySwans,1984,13,1984-06-24,Sydney Cricket Ground,Sydney Swans,St Kilda Saints,101,126,10392.0,-25,A,0.0
19840630_NorthMelbourneKangaroos,1984,14,1984-06-30,Melbourne Cricket Ground,North Melbourne Kangaroos,Geelong Cats,107,125,11050.0,-18,A,0.0
19840630_StKildaSaints,1984,14,1984-06-30,Moorabbin Oval,St Kilda Saints,Hawthorn Hawks,30,134,12523.0,-104,A,0.0
19840630_WesternBulldogs,1984,14,1984-06-30,Western Oval,Western Bulldogs,Fitzroy Lions,91,77,14463.0,14,H,1.0
19840630_CarltonBlues,1984,14,1984-06-30,Princes Park,Carlton Blues,Richmond Tigers,152,37,21653.0,115,H,1.0
19840630_EssendonBombers,1984,14,1984-06-30,Waverley Park,Essendon Bombers,Melbourne Demons,99,56,46753.0,43,H,1.0
19840701_SydneySwans,1984,14,1984-07-01,Sydney Cricket Ground,Sydney Swans,Collingwood Magpies,100,131,14917.0,-31,A,0.0
19840707_HawthornHawks,1984,15,1984-07-07,Princes Park,Hawthorn Hawks,Western Bulldogs,110,76,11178.0,34,H,1.0
19840707_EssendonBombers,1984,15,1984-07-07,Windy Hill,Essendon Bombers,Richmond Tigers,94,61,16934.0,33,H,1.0
19840707_CollingwoodMagpies,1984,15,1984-07-07,Waverley Park,Collingwood Magpies,Carlton Blues,70,97,48218.0,-27,A,0.0
19840707_GeelongCats,1984,15,1984-07-07,GMHBA Stadium,Geelong Cats,St Kilda Saints,102,89,10861.0,13,H,1.0
19840707_MelbourneDemons,1984,15,1984-07-07,Melbourne Cricket Ground,Melbourne Demons,North Melbourne Kangaroos,117,74,17204.0,43,H,1.0
19840707_FitzroyLions,1984,15,1984-07-07,Junction Oval,Fitzroy Lions,Sydney Swans,68,96,8368.0,-28,A,0.0
19840714_EssendonBombers,1984,16,1984-07-14,Windy Hill,Essendon Bombers,Fitzroy Lions,127,66,17749.0,61,H,1.0
19840714_RichmondTigers,1984,16,1984-07-14,Waverley Park,Richmond Tigers,Hawthorn Hawks,97,185,27274.0,-88,A,0.0
19840715_SydneySwans,1984,16,1984-07-15,Sydney Cricket Ground,Sydney Swans,Western Bulldogs,113,87,10644.0,26,H,1.0
19840721_StKildaSaints,1984,16,1984-07-21,Moorabbin Oval,St Kilda Saints,Carlton Blues,105,84,17182.0,21,H,1.0
19840721_GeelongCats,1984,16,1984-07-21,GMHBA Stadium,Geelong Cats,Melbourne Demons,130,108,21448.0,22,H,1.0
19840721_NorthMelbourneKangaroos,1984,16,1984-07-21,Melbourne Cricket Ground,North Melbourne Kangaroos,Collingwood Magpies,101,146,27165.0,-45,A,0.0
19840728_WesternBulldogs,1984,17,1984-07-28,Western Oval,Western Bulldogs,Essendon Bombers,32,34,16771.0,-2,A,0.0
19840728_FitzroyLions,1984,17,1984-07-28,Junction Oval,Fitzroy Lions,Hawthorn Hawks,77,67,6920.0,10,H,1.0
19840728_RichmondTigers,1984,17,1984-07-28,Melbourne Cricket Ground,Richmond Tigers,Sydney Swans,91,28,13041.0,63,H,1.0
19840728_CollingwoodMagpies,1984,17,1984-07-28,Victoria Park,Collingwood Magpies,Geelong Cats,55,29,22306.0,26,H,1.0
19840728_StKildaSaints,1984,17,1984-07-28,Waverley Park,St Kilda Saints,North Melbourne Kangaroos,42,44,12643.0,-2,A,0.0
19840728_CarltonBlues,1984,17,1984-07-28,Princes Park,Carlton Blues,Melbourne Demons,52,26,17917.0,26,H,1.0
19840804_MelbourneDemons,1984,18,1984-08-04,Melbourne Cricket Ground,Melbourne Demons,Fitzroy Lions,120,152,20236.0,-32,A,0.0
19840804_GeelongCats,1984,18,1984-08-04,Waverley Park,Geelong Cats,Essendon Bombers,89,136,31675.0,-47,A,0.0
19840804_CollingwoodMagpies,1984,18,1984-08-04,Victoria Park,Collingwood Magpies,Richmond Tigers,128,92,24067.0,36,H,1.0
19840804_HawthornHawks,1984,18,1984-08-04,Princes Park,Hawthorn Hawks,Carlton Blues,140,108,23368.0,32,H,1.0
19840804_WesternBulldogs,1984,18,1984-08-04,Western Oval,Western Bulldogs,St Kilda Saints,112,79,13356.0,33,H,1.0
19840805_SydneySwans,1984,18,1984-08-05,Sydney Cricket Ground,Sydney Swans,North Melbourne Kangaroos,108,123,8538.0,-15,A,0.0
19840811_NorthMelbourneKangaroos,1984,19,1984-08-11,Aegis Park,North Melbourne Kangaroos,Hawthorn Hawks,122,51,8274.0,71,H,1.0
19840811_CarltonBlues,1984,19,1984-08-11,Princes Park,Carlton Blues,Essendon Bombers,90,102,26876.0,-12,A,0.0
19840811_FitzroyLions,1984,19,1984-08-11,Waverley Park,Fitzroy Lions,Collingwood Magpies,103,61,25656.0,42,H,1.0
19840811_MelbourneDemons,1984,19,1984-08-11,Melbourne Cricket Ground,Melbourne Demons,Western Bulldogs,103,135,18091.0,-32,A,0.0
19840811_GeelongCats,1984,19,1984-08-11,GMHBA Stadium,Geelong Cats,Sydney Swans,113,92,10897.0,21,H,1.0
19840811_StKildaSaints,1984,19,1984-08-11,Moorabbin Oval,St Kilda Saints,Richmond Tigers,81,74,11205.0,7,H,1.0
19840818_FitzroyLions,1984,20,1984-08-18,Junction Oval,Fitzroy Lions,Geelong Cats,131,93,9518.0,38,H,1.0
19840818_MelbourneDemons,1984,20,1984-08-18,Melbourne Cricket Ground,Melbourne Demons,Collingwood Magpies,71,103,31847.0,-32,A,0.0
19840818_CarltonBlues,1984,20,1984-08-18,Princes Park,Carlton Blues,North Melbourne Kangaroos,111,98,15450.0,13,H,1.0
19840818_RichmondTigers,1984,20,1984-08-18,Waverley Park,Richmond Tigers,Western Bulldogs,85,65,13013.0,20,H,1.0
19840818_EssendonBombers,1984,20,1984-08-18,Windy Hill,Essendon Bombers,St Kilda Saints,138,83,13842.0,55,H,1.0
19840819_SydneySwans,1984,20,1984-08-19,Sydney Cricket Ground,Sydney Swans,Hawthorn Hawks,85,174,8276.0,-89,A,0.0
19840825_GeelongCats,1984,21,1984-08-25,GMHBA Stadium,Geelong Cats,Richmond Tigers,113,63,15926.0,50,H,1.0
19840825_NorthMelbourneKangaroos,1984,21,1984-08-25,Melbourne Cricket Ground,North Melbourne Kangaroos,Fitzroy Lions,111,165,18094.0,-54,A,0.0
19840825_HawthornHawks,1984,21,1984-08-25,Princes Park,Hawthorn Hawks,Collingwood Magpies,119,104,22173.0,15,H,1.0
19840825_MelbourneDemons,1984,21,1984-08-25,Waverley Park,Melbourne Demons,St Kilda Saints,100,62,14079.0,38,H,1.0
19840825_WesternBulldogs,1984,21,1984-08-25,Western Oval,Western Bulldogs,Carlton Blues,93,58,20890.0,35,H,1.0
19840826_SydneySwans,1984,21,1984-08-26,Sydney Cricket Ground,Sydney Swans,Essendon Bombers,155,99,12173.0,56,H,1.0
19840901_CarltonBlues,1984,22,1984-09-01,Princes Park,Carlton Blues,Sydney Swans,139,103,20309.0,36,H,1.0
19840901_RichmondTigers,1984,22,1984-09-01,Melbourne Cricket Ground,Richmond Tigers,Melbourne Demons,145,117,21565.0,28,H,1.0
19840901_CollingwoodMagpies,1984,22,1984-09-01,Victoria Park,Collingwood Magpies,Western Bulldogs,114,71,30379.0,43,H,1.0
19840901_HawthornHawks,1984,22,1984-09-01,Waverley Park,Hawthorn Hawks,Geelong Cats,164,95,31609.0,69,H,1.0
19840901_FitzroyLions,1984,22,1984-09-01,Junction Oval,Fitzroy Lions,St Kilda Saints,164,107,15156.0,57,H,1.0
19840901_EssendonBombers,1984,22,1984-09-01,Windy Hill,Essendon Bombers,North Melbourne Kangaroos,169,131,21002.0,38,H,1.0
19840908_HawthornHawks,1984,QF,1984-09-08,Waverley Park,Hawthorn Hawks,Carlton Blues,122,92,55947.0,30,H,1.0
19840909_CollingwoodMagpies,1984,EF,1984-09-09,Melbourne Cricket Ground,Collingwood Magpies,Fitzroy Lions,153,107,73994.0,46,H,1.0
19840915_CollingwoodMagpies,1984,SF,1984-09-15,Waverley Park,Collingwood Magpies,Carlton Blues,118,93,70634.0,25,H,1.0
19840916_HawthornHawks,1984,SF,1984-09-16,Melbourne Cricket Ground,Hawthorn Hawks,Essendon Bombers,113,105,76514.0,8,H,1.0
19840922_EssendonBombers,1984,PF,1984-09-22,Waverley Park,Essendon Bombers,Collingwood Magpies,174,41,73550.0,133,H,1.0
19840929_EssendonBombers,1984,GF,1984-09-29,Melbourne Cricket Ground,Essendon Bombers,Hawthorn Hawks,105,81,92685.0,24,H,1.0
19850329_NorthMelbourneKangaroos,1985,1,1985-03-29,Melbourne Cricket Ground,North Melbourne Kangaroos,Collingwood Magpies,103,141,65628.0,-38,A,0.0
19850330_CarltonBlues,1985,1,1985-03-30,Princes Park,Carlton Blues,Western Bulldogs,112,142,27059.0,-30,A,0.0
19850330_EssendonBombers,1985,1,1985-03-30,Windy Hill,Essendon Bombers,Richmond Tigers,137,120,22838.0,17,H,1.0
19850330_GeelongCats,1985,1,1985-03-30,Waverley Park,Geelong Cats,Hawthorn Hawks,128,100,20776.0,28,H,1.0
19850330_MelbourneDemons,1985,1,1985-03-30,Melbourne Cricket Ground,Melbourne Demons,Fitzroy Lions,128,102,20923.0,26,H,1.0
19850330_StKildaSaints,1985,1,1985-03-30,Moorabbin Oval,St Kilda Saints,Sydney Swans,66,176,16499.0,-110,A,0.0
19850406_RichmondTigers,1985,2,1985-04-06,Melbourne Cricket Ground,Richmond Tigers,Sydney Swans,88,92,24113.0,-4,A,0.0
19850406_GeelongCats,1985,2,1985-04-06,GMHBA Stadium,Geelong Cats,Collingwood Magpies,96,119,34046.0,-23,A,0.0
19850406_StKildaSaints,1985,2,1985-04-06,Moorabbin Oval,St Kilda Saints,Carlton Blues,29,169,18655.0,-140,A,0.0
19850408_FitzroyLions,1985,2,1985-04-08,Victoria Park,Fitzroy Lions,Essendon Bombers,63,166,17093.0,-103,A,0.0
19850408_WesternBulldogs,1985,2,1985-04-08,Waverley Park,Western Bulldogs,North Melbourne Kangaroos,134,108,24256.0,26,H,1.0
19850408_HawthornHawks,1985,2,1985-04-08,Princes Park,Hawthorn Hawks,Melbourne Demons,170,102,17359.0,68,H,1.0
19850413_WesternBulldogs,1985,3,1985-04-13,Western Oval,Western Bulldogs,Geelong Cats,170,105,23259.0,65,H,1.0
19850413_EssendonBombers,1985,3,1985-04-13,Waverley Park,Essendon Bombers,Hawthorn Hawks,114,100,41694.0,14,H,1.0
19850413_RichmondTigers,1985,3,1985-04-13,Melbourne Cricket Ground,Richmond Tigers,St Kilda Saints,211,98,17753.0,113,H,1.0
19850413_CarltonBlues,1985,3,1985-04-13,Princes Park,Carlton Blues,North Melbourne Kangaroos,145,147,20398.0,-2,A,0.0
19850413_CollingwoodMagpies,1985,3,1985-04-13,Victoria Park,Collingwood Magpies,Melbourne Demons,123,113,24707.0,10,H,1.0
19850414_SydneySwans,1985,3,1985-04-14,Sydney Cricket Ground,Sydney Swans,Fitzroy Lions,120,171,10204.0,-51,A,0.0
19850420_EssendonBombers,1985,4,1985-04-20,Windy Hill,Essendon Bombers,Collingwood Magpies,86,82,26521.0,4,H,1.0
19850420_MelbourneDemons,1985,4,1985-04-20,Waverley Park,Melbourne Demons,Western Bulldogs,102,83,20797.0,19,H,1.0
19850420_CarltonBlues,1985,4,1985-04-20,Princes Park,Carlton Blues,Geelong Cats,161,89,19867.0,72,H,1.0
19850420_FitzroyLions,1985,4,1985-04-20,Victoria Park,Fitzroy Lions,Richmond Tigers,86,103,11090.0,-17,A,0.0
19850420_NorthMelbourneKangaroos,1985,4,1985-04-20,Melbourne Cricket Ground,North Melbourne Kangaroos,St Kilda Saints,111,72,11354.0,39,H,1.0
19850421_SydneySwans,1985,4,1985-04-21,Sydney Cricket Ground,Sydney Swans,Hawthorn Hawks,44,63,7860.0,-19,A,0.0
19850425_MelbourneDemons,1985,5,1985-04-25,Melbourne Cricket Ground,Melbourne Demons,Carlton Blues,121,92,53065.0,29,H,1.0
19850425_StKildaSaints,1985,5,1985-04-25,Waverley Park,St Kilda Saints,Fitzroy Lions,126,122,20480.0,4,H,1.0
19850427_HawthornHawks,1985,5,1985-04-27,Princes Park,Hawthorn Hawks,Richmond Tigers,149,188,17257.0,-39,A,0.0
19850427_CollingwoodMagpies,1985,5,1985-04-27,Victoria Park,Collingwood Magpies,Sydney Swans,105,90,23306.0,15,H,1.0
19850427_WesternBulldogs,1985,5,1985-04-27,Western Oval,Western Bulldogs,Essendon Bombers,125,84,33697.0,41,H,1.0
19850427_GeelongCats,1985,5,1985-04-27,GMHBA Stadium,Geelong Cats,North Melbourne Kangaroos,119,93,16484.0,26,H,1.0
19850504_MelbourneDemons,1985,6,1985-05-04,Melbourne Cricket Ground,Melbourne Demons,North Melbourne Kangaroos,131,132,23815.0,-1,A,0.0
19850504_StKildaSaints,1985,6,1985-05-04,Moorabbin Oval,St Kilda Saints,Geelong Cats,108,111,14665.0,-3,A,0.0
19850504_RichmondTigers,1985,6,1985-05-04,Waverley Park,Richmond Tigers,Collingwood Magpies,106,88,58733.0,18,H,1.0
19850504_EssendonBombers,1985,6,1985-05-04,Windy Hill,Essendon Bombers,Carlton Blues,176,67,22928.0,109,H,1.0
19850504_FitzroyLions,1985,6,1985-05-04,Victoria Park,Fitzroy Lions,Hawthorn Hawks,102,130,9894.0,-28,A,0.0
19850505_SydneySwans,1985,6,1985-05-05,Sydney Cricket Ground,Sydney Swans,Western Bulldogs,161,83,9537.0,78,H,1.0
19850511_HawthornHawks,1985,7,1985-05-11,Princes Park,Hawthorn Hawks,St Kilda Saints,183,57,9762.0,126,H,1.0
19850511_RichmondTigers,1985,7,1985-05-11,Melbourne Cricket Ground,Richmond Tigers,Western Bulldogs,101,151,36260.0,-50,A,0.0
19850511_GeelongCats,1985,7,1985-05-11,GMHBA Stadium,Geelong Cats,Melbourne Demons,85,40,16785.0,45,H,1.0
19850511_CollingwoodMagpies,1985,7,1985-05-11,Victoria Park,Collingwood Magpies,Fitzroy Lions,81,160,22964.0,-79,A,0.0
19850511_NorthMelbourneKangaroos,1985,7,1985-05-11,Waverley Park,North Melbourne Kangaroos,Essendon Bombers,152,93,32125.0,59,H,1.0
19850512_SydneySwans,1985,7,1985-05-12,Sydney Cricket Ground,Sydney Swans,Carlton Blues,83,88,12507.0,-5,A,0.0
19850518_WesternBulldogs,1985,8,1985-05-18,Western Oval,Western Bulldogs,Fitzroy Lions,73,87,16952.0,-14,A,0.0
19850518_MelbourneDemons,1985,8,1985-05-18,Waverley Park,Melbourne Demons,St Kilda Saints,106,54,16282.0,52,H,1.0
19850518_GeelongCats,1985,8,1985-05-18,GMHBA Stadium,Geelong Cats,Essendon Bombers,59,75,23102.0,-16,A,0.0
19850518_CollingwoodMagpies,1985,8,1985-05-18,Victoria Park,Collingwood Magpies,Hawthorn Hawks,57,46,20631.0,11,H,1.0
19850518_CarltonBlues,1985,8,1985-05-18,Princes Park,Carlton Blues,Richmond Tigers,84,67,21053.0,17,H,1.0
19850518_NorthMelbourneKangaroos,1985,8,1985-05-18,Melbourne Cricket Ground,North Melbourne Kangaroos,Sydney Swans,74,46,14572.0,28,H,1.0
19850525_FitzroyLions,1985,9,1985-05-25,Waverley Park,Fitzroy Lions,Carlton Blues,123,124,29455.0,-1,A,0.0
19850525_HawthornHawks,1985,9,1985-05-25,Princes Park,Hawthorn Hawks,Western Bulldogs,126,107,16687.0,19,H,1.0
19850525_EssendonBombers,1985,9,1985-05-25,Windy Hill,Essendon Bombers,Melbourne Demons,153,71,19985.0,82,H,1.0
19850525_StKildaSaints,1985,9,1985-05-25,Moorabbin Oval,St Kilda Saints,Collingwood Magpies,137,162,20348.0,-25,A,0.0
19850525_RichmondTigers,1985,9,1985-05-25,Melbourne Cricket Ground,Richmond Tigers,North Melbourne Kangaroos,111,127,31397.0,-16,A,0.0
19850526_SydneySwans,1985,9,1985-05-26,Sydney Cricket Ground,Sydney Swans,Geelong Cats,89,117,12577.0,-28,A,0.0
19850601_FitzroyLions,1985,10,1985-06-01,Victoria Park,Fitzroy Lions,North Melbourne Kangaroos,117,128,11397.0,-11,A,0.0
19850601_RichmondTigers,1985,10,1985-06-01,Waverley Park,Richmond Tigers,Geelong Cats,70,120,24849.0,-50,A,0.0
19850601_CarltonBlues,1985,10,1985-06-01,Princes Park,Carlton Blues,Hawthorn Hawks,68,147,25394.0,-79,A,0.0
19850601_StKildaSaints,1985,10,1985-06-01,Moorabbin Oval,St Kilda Saints,Essendon Bombers,120,146,16736.0,-26,A,0.0
19850601_MelbourneDemons,1985,10,1985-06-01,Melbourne Cricket Ground,Melbourne Demons,Sydney Swans,109,92,16764.0,17,H,1.0
19850602_WesternBulldogs,1985,10,1985-06-02,Melbourne Cricket Ground,Western Bulldogs,Collingwood Magpies,106,80,45411.0,26,H,1.0
19850608_WesternBulldogs,1985,11,1985-06-08,Western Oval,Western Bulldogs,St Kilda Saints,111,90,17538.0,21,H,1.0
19850608_EssendonBombers,1985,11,1985-06-08,Windy Hill,Essendon Bombers,Sydney Swans,113,71,17652.0,42,H,1.0
19850608_MelbourneDemons,1985,11,1985-06-08,Melbourne Cricket Ground,Melbourne Demons,Richmond Tigers,101,121,31606.0,-20,A,0.0
19850610_CollingwoodMagpies,1985,11,1985-06-10,Waverley Park,Collingwood Magpies,Carlton Blues,87,110,56255.0,-23,A,0.0
19850610_NorthMelbourneKangaroos,1985,11,1985-06-10,Melbourne Cricket Ground,North Melbourne Kangaroos,Hawthorn Hawks,113,113,39084.0,0,D,
19850610_GeelongCats,1985,11,1985-06-10,GMHBA Stadium,Geelong Cats,Fitzroy Lions,110,141,22109.0,-31,A,0.0
19850615_WesternBulldogs,1985,12,1985-06-15,Western Oval,Western Bulldogs,Carlton Blues,86,39,20707.0,47,H,1.0
19850615_CollingwoodMagpies,1985,12,1985-06-15,Victoria Park,Collingwood Magpies,North Melbourne Kangaroos,64,101,19513.0,-37,A,0.0
19850615_HawthornHawks,1985,12,1985-06-15,Princes Park,Hawthorn Hawks,Geelong Cats,117,88,11393.0,29,H,1.0
19850615_RichmondTigers,1985,12,1985-06-15,Melbourne Cricket Ground,Richmond Tigers,Essendon Bombers,69,150,36851.0,-81,A,0.0
19850615_FitzroyLions,1985,12,1985-06-15,Waverley Park,Fitzroy Lions,Melbourne Demons,81,47,14668.0,34,H,1.0
19850616_SydneySwans,1985,12,1985-06-16,Sydney Cricket Ground,Sydney Swans,St Kilda Saints,159,92,7811.0,67,H,1.0
19850622_CarltonBlues,1985,13,1985-06-22,Princes Park,Carlton Blues,St Kilda Saints,139,107,13527.0,32,H,1.0
19850622_EssendonBombers,1985,13,1985-06-22,Windy Hill,Essendon Bombers,Fitzroy Lions,140,113,18353.0,27,H,1.0
19850622_MelbourneDemons,1985,13,1985-06-22,Melbourne Cricket Ground,Melbourne Demons,Hawthorn Hawks,81,97,16406.0,-16,A,0.0
19850622_NorthMelbourneKangaroos,1985,13,1985-06-22,Waverley Park,North Melbourne Kangaroos,Western Bulldogs,75,77,22319.0,-2,A,0.0
19850622_CollingwoodMagpies,1985,13,1985-06-22,Victoria Park,Collingwood Magpies,Geelong Cats,85,91,16852.0,-6,A,0.0
19850623_SydneySwans,1985,13,1985-06-23,Sydney Cricket Ground,Sydney Swans,Richmond Tigers,137,60,9504.0,77,H,1.0
19850628_NorthMelbourneKangaroos,1985,14,1985-06-28,Melbourne Cricket Ground,North Melbourne Kangaroos,Carlton Blues,75,151,32861.0,-76,A,0.0
19850629_GeelongCats,1985,14,1985-06-29,GMHBA Stadium,Geelong Cats,Western Bulldogs,124,146,19616.0,-22,A,0.0
19850629_StKildaSaints,1985,14,1985-06-29,Moorabbin Oval,St Kilda Saints,Richmond Tigers,81,117,14243.0,-36,A,0.0
19850629_MelbourneDemons,1985,14,1985-06-29,Melbourne Cricket Ground,Melbourne Demons,Collingwood Magpies,85,157,29154.0,-72,A,0.0
19850629_FitzroyLions,1985,14,1985-06-29,Victoria Park,Fitzroy Lions,Sydney Swans,95,80,9953.0,15,H,1.0
19850629_HawthornHawks,1985,14,1985-06-29,Waverley Park,Hawthorn Hawks,Essendon Bombers,101,137,48880.0,-36,A,0.0
19850706_StKildaSaints,1985,15,1985-07-06,Waverley Park,St Kilda Saints,North Melbourne Kangaroos,75,139,11829.0,-64,A,0.0
19850706_HawthornHawks,1985,15,1985-07-06,Princes Park,Hawthorn Hawks,Sydney Swans,156,83,8694.0,73,H,1.0
19850706_GeelongCats,1985,15,1985-07-06,GMHBA Stadium,Geelong Cats,Carlton Blues,104,130,19813.0,-26,A,0.0
19850706_CollingwoodMagpies,1985,15,1985-07-06,Victoria Park,Collingwood Magpies,Essendon Bombers,78,89,26014.0,-11,A,0.0
19850706_WesternBulldogs,1985,15,1985-07-06,Western Oval,Western Bulldogs,Melbourne Demons,169,49,15328.0,120,H,1.0
19850706_RichmondTigers,1985,15,1985-07-06,Melbourne Cricket Ground,Richmond Tigers,Fitzroy Lions,142,118,19794.0,24,H,1.0
19850713_RichmondTigers,1985,16,1985-07-13,Melbourne Cricket Ground,Richmond Tigers,Hawthorn Hawks,113,180,23522.0,-67,A,0.0
19850713_FitzroyLions,1985,16,1985-07-13,Victoria Park,Fitzroy Lions,St Kilda Saints,109,118,8735.0,-9,A,0.0
19850720_CarltonBlues,1985,16,1985-07-20,Waverley Park,Carlton Blues,Melbourne Demons,99,39,17920.0,60,H,1.0
19850720_NorthMelbourneKangaroos,1985,16,1985-07-20,Melbourne Cricket Ground,North Melbourne Kangaroos,Geelong Cats,91,131,17686.0,-40,A,0.0
19850720_EssendonBombers,1985,16,1985-07-20,Windy Hill,Essendon Bombers,Western Bulldogs,112,88,28270.0,24,H,1.0
19850721_SydneySwans,1985,16,1985-07-21,Sydney Cricket Ground,Sydney Swans,Collingwood Magpies,123,185,12172.0,-62,A,0.0
19850727_GeelongCats,1985,17,1985-07-27,GMHBA Stadium,Geelong Cats,St Kilda Saints,102,81,12765.0,21,H,1.0
19850727_WesternBulldogs,1985,17,1985-07-27,Western Oval,Western Bulldogs,Sydney Swans,105,79,13026.0,26,H,1.0
19850727_CollingwoodMagpies,1985,17,1985-07-27,Victoria Park,Collingwood Magpies,Richmond Tigers,86,78,20336.0,8,H,1.0
19850727_HawthornHawks,1985,17,1985-07-27,Waverley Park,Hawthorn Hawks,Fitzroy Lions,134,62,13197.0,72,H,1.0
19850727_CarltonBlues,1985,17,1985-07-27,Princes Park,Carlton Blues,Essendon Bombers,120,68,28777.0,52,H,1.0
19850727_NorthMelbourneKangaroos,1985,17,1985-07-27,Melbourne Cricket Ground,North Melbourne Kangaroos,Melbourne Demons,114,110,10787.0,4,H,1.0
19850803_WesternBulldogs,1985,18,1985-08-03,Waverley Park,Western Bulldogs,Richmond Tigers,166,108,16205.0,58,H,1.0
19850803_MelbourneDemons,1985,18,1985-08-03,Melbourne Cricket Ground,Melbourne Demons,Geelong Cats,86,144,16421.0,-58,A,0.0
19850803_FitzroyLions,1985,18,1985-08-03,Victoria Park,Fitzroy Lions,Collingwood Magpies,105,94,16286.0,11,H,1.0
19850803_EssendonBombers,1985,18,1985-08-03,Windy Hill,Essendon Bombers,North Melbourne Kangaroos,166,62,18741.0,104,H,1.0
19850803_CarltonBlues,1985,18,1985-08-03,Princes Park,Carlton Blues,Sydney Swans,127,93,15717.0,34,H,1.0
19850803_StKildaSaints,1985,18,1985-08-03,Moorabbin Oval,St Kilda Saints,Hawthorn Hawks,94,135,10911.0,-41,A,0.0
19850810_RichmondTigers,1985,19,1985-08-10,Melbourne Cricket Ground,Richmond Tigers,Carlton Blues,80,153,24225.0,-73,A,0.0
19850810_EssendonBombers,1985,19,1985-08-10,Waverley Park,Essendon Bombers,Geelong Cats,89,64,34614.0,25,H,1.0
19850810_HawthornHawks,1985,19,1985-08-10,Princes Park,Hawthorn Hawks,Collingwood Magpies,96,64,15822.0,32,H,1.0
19850810_StKildaSaints,1985,19,1985-08-10,Moorabbin Oval,St Kilda Saints,Melbourne Demons,50,59,11779.0,-9,A,0.0
19850810_FitzroyLions,1985,19,1985-08-10,Victoria Park,Fitzroy Lions,Western Bulldogs,72,77,11022.0,-5,A,0.0
19850811_SydneySwans,1985,19,1985-08-11,Sydney Cricket Ground,Sydney Swans,North Melbourne Kangaroos,94,99,9215.0,-5,A,0.0
19850817_CollingwoodMagpies,1985,20,1985-08-17,Waverley Park,Collingwood Magpies,St Kilda Saints,120,69,15709.0,51,H,1.0
19850817_MelbourneDemons,1985,20,1985-08-17,Melbourne Cricket Ground,Melbourne Demons,Essendon Bombers,97,112,22193.0,-15,A,0.0
19850817_CarltonBlues,1985,20,1985-08-17,Princes Park,Carlton Blues,Fitzroy Lions,87,59,16906.0,28,H,1.0
19850817_NorthMelbourneKangaroos,1985,20,1985-08-17,Aegis Park,North Melbourne Kangaroos,Richmond Tigers,116,66,7341.0,50,H,1.0
19850817_WesternBulldogs,1985,20,1985-08-17,Western Oval,Western Bulldogs,Hawthorn Hawks,43,38,21828.0,5,H,1.0
19850817_GeelongCats,1985,20,1985-08-17,GMHBA Stadium,Geelong Cats,Sydney Swans,91,64,12422.0,27,H,1.0
19850824_HawthornHawks,1985,21,1985-08-24,Princes Park,Hawthorn Hawks,Carlton Blues,107,84,31062.0,23,H,1.0
19850824_NorthMelbourneKangaroos,1985,21,1985-08-24,Melbourne Cricket Ground,North Melbourne Kangaroos,Fitzroy Lions,124,116,14581.0,8,H,1.0
19850824_CollingwoodMagpies,1985,21,1985-08-24,Victoria Park,Collingwood Magpies,Western Bulldogs,64,109,21724.0,-45,A,0.0
19850824_GeelongCats,1985,21,1985-08-24,Waverley Park,Geelong Cats,Richmond Tigers,79,111,16174.0,-32,A,0.0
19850824_EssendonBombers,1985,21,1985-08-24,Windy Hill,Essendon Bombers,St Kilda Saints,184,91,14133.0,93,H,1.0
19850825_SydneySwans,1985,21,1985-08-25,Sydney Cricket Ground,Sydney Swans,Melbourne Demons,165,97,7942.0,68,H,1.0
19850831_StKildaSaints,1985,22,1985-08-31,Moorabbin Oval,St Kilda Saints,Western Bulldogs,84,66,14236.0,18,H,1.0
19850831_FitzroyLions,1985,22,1985-08-31,Victoria Park,Fitzroy Lions,Geelong Cats,97,120,9120.0,-23,A,0.0
19850831_HawthornHawks,1985,22,1985-08-31,Princes Park,Hawthorn Hawks,North Melbourne Kangaroos,159,95,16398.0,64,H,1.0
19850831_CarltonBlues,1985,22,1985-08-31,Waverley Park,Carlton Blues,Collingwood Magpies,81,75,37027.0,6,H,1.0
19850831_RichmondTigers,1985,22,1985-08-31,Melbourne Cricket Ground,Richmond Tigers,Melbourne Demons,132,91,17158.0,41,H,1.0
19850901_SydneySwans,1985,22,1985-09-01,Sydney Cricket Ground,Sydney Swans,Essendon Bombers,78,165,12180.0,-87,A,0.0
19850907_NorthMelbourneKangaroos,1985,EF,1985-09-07,Waverley Park,North Melbourne Kangaroos,Carlton Blues,126,107,49126.0,19,H,1.0
19850908_HawthornHawks,1985,QF,1985-09-08,Melbourne Cricket Ground,Hawthorn Hawks,Western Bulldogs,155,62,58367.0,93,H,1.0
19850914_EssendonBombers,1985,SF,1985-09-14,Waverley Park,Essendon Bombers,Hawthorn Hawks,102,62,67063.0,40,H,1.0
19850915_WesternBulldogs,1985,SF,1985-09-15,Melbourne Cricket Ground,Western Bulldogs,North Melbourne Kangaroos,137,107,56112.0,30,H,1.0
19850921_HawthornHawks,1985,PF,1985-09-21,Waverley Park,Hawthorn Hawks,Western Bulldogs,109,99,55246.0,10,H,1.0
19850928_EssendonBombers,1985,GF,1985-09-28,Melbourne Cricket Ground,Essendon Bombers,Hawthorn Hawks,170,92,100042.0,78,H,1.0
19860329_RichmondTigers,1986,1,1986-03-29,Melbourne Cricket Ground,Richmond Tigers,Melbourne Demons,128,138,25219.0,-10,A,0.0
19860329_GeelongCats,1986,1,1986-03-29,GMHBA Stadium,Geelong Cats,Fitzroy Lions,84,112,17478.0,-28,A,0.0
19860329_CollingwoodMagpies,1986,1,1986-03-29,Victoria Park,Collingwood Magpies,Essendon Bombers,68,133,28634.0,-65,A,0.0
19860331_NorthMelbourneKangaroos,1986,1,1986-03-31,Melbourne Cricket Ground,North Melbourne Kangaroos,Sydney Swans,101,126,22579.0,-25,A,0.0
19860331_HawthornHawks,1986,1,1986-03-31,Waverley Park,Hawthorn Hawks,Carlton Blues,113,77,48107.0,36,H,1.0
19860331_WesternBulldogs,1986,1,1986-03-31,Western Oval,Western Bulldogs,St Kilda Saints,107,90,22449.0,17,H,1.0
19860404_NorthMelbourneKangaroos,1986,2,1986-04-04,Melbourne Cricket Ground,North Melbourne Kangaroos,Hawthorn Hawks,108,111,26456.0,-3,A,0.0
19860405_EssendonBombers,1986,2,1986-04-05,Windy Hill,Essendon Bombers,Geelong Cats,148,51,19387.0,97,H,1.0
19860405_FitzroyLions,1986,2,1986-04-05,Waverley Park,Fitzroy Lions,Western Bulldogs,79,69,20439.0,10,H,1.0
19860405_CarltonBlues,1986,2,1986-04-05,Princes Park,Carlton Blues,Richmond Tigers,125,95,20811.0,30,H,1.0
19860405_MelbourneDemons,1986,2,1986-04-05,Melbourne Cricket Ground,Melbourne Demons,St Kilda Saints,136,108,20801.0,28,H,1.0
19860406_SydneySwans,1986,2,1986-04-06,Sydney Cricket Ground,Sydney Swans,Collingwood Magpies,134,100,20243.0,34,H,1.0
19860412_GeelongCats,1986,3,1986-04-12,GMHBA Stadium,Geelong Cats,Sydney Swans,105,132,16865.0,-27,A,0.0
19860412_NorthMelbourneKangaroos,1986,3,1986-04-12,Melbourne Cricket Ground,North Melbourne Kangaroos,Collingwood Magpies,112,69,29842.0,43,H,1.0
19860412_WesternBulldogs,1986,3,1986-04-12,Waverley Park,Western Bulldogs,Essendon Bombers,81,89,33546.0,-8,A,0.0
19860412_StKildaSaints,1986,3,1986-04-12,Moorabbin Oval,St Kilda Saints,Carlton Blues,69,157,19410.0,-88,A,0.0
19860412_FitzroyLions,1986,3,1986-04-12,Victoria Park,Fitzroy Lions,Melbourne Demons,104,88,12599.0,16,H,1.0
19860412_HawthornHawks,1986,3,1986-04-12,Princes Park,Hawthorn Hawks,Richmond Tigers,154,99,11349.0,55,H,1.0
19860419_StKildaSaints,1986,4,1986-04-19,Moorabbin Oval,St Kilda Saints,Hawthorn Hawks,116,128,11670.0,-12,A,0.0
19860419_CollingwoodMagpies,1986,4,1986-04-19,Victoria Park,Collingwood Magpies,Geelong Cats,136,91,19826.0,45,H,1.0
19860419_EssendonBombers,1986,4,1986-04-19,Windy Hill,Essendon Bombers,Melbourne Demons,170,108,18265.0,62,H,1.0
19860419_RichmondTigers,1986,4,1986-04-19,Waverley Park,Richmond Tigers,North Melbourne Kangaroos,113,96,17223.0,17,H,1.0
19860419_CarltonBlues,1986,4,1986-04-19,Princes Park,Carlton Blues,Fitzroy Lions,156,75,28021.0,81,H,1.0
19860420_SydneySwans,1986,4,1986-04-20,Sydney Cricket Ground,Sydney Swans,Western Bulldogs,142,66,18766.0,76,H,1.0
19860425_CarltonBlues,1986,5,1986-04-25,Waverley Park,Carlton Blues,Essendon Bombers,71,55,68151.0,16,H,1.0
19860425_NorthMelbourneKangaroos,1986,5,1986-04-25,Melbourne Cricket Ground,North Melbourne Kangaroos,Geelong Cats,154,92,40117.0,62,H,1.0
19860425_MelbourneDemons,1986,5,1986-04-25,Melbourne Cricket Ground,Melbourne Demons,Sydney Swans,101,110,40117.0,-9,A,0.0
19860426_WesternBulldogs,1986,5,1986-04-26,Western Oval,Western Bulldogs,Collingwood Magpies,80,73,23683.0,7,H,1.0
19860426_FitzroyLions,1986,5,1986-04-26,Victoria Park,Fitzroy Lions,Hawthorn Hawks,104,90,13311.0,14,H,1.0
19860426_RichmondTigers,1986,5,1986-04-26,Melbourne Cricket Ground,Richmond Tigers,St Kilda Saints,135,84,21611.0,51,H,1.0
19860502_NorthMelbourneKangaroos,1986,6,1986-05-02,Melbourne Cricket Ground,North Melbourne Kangaroos,St Kilda Saints,139,103,13522.0,36,H,1.0
19860503_MelbourneDemons,1986,6,1986-05-03,Melbourne Cricket Ground,Melbourne Demons,Collingwood Magpies,83,121,32472.0,-38,A,0.0
19860503_HawthornHawks,1986,6,1986-05-03,Waverley Park,Hawthorn Hawks,Essendon Bombers,126,102,38381.0,24,H,1.0
19860503_FitzroyLions,1986,6,1986-05-03,Princes Park,Fitzroy Lions,Richmond Tigers,121,122,11957.0,-1,A,0.0
19860503_GeelongCats,1986,6,1986-05-03,GMHBA Stadium,Geelong Cats,Western Bulldogs,110,91,16157.0,19,H,1.0
19860504_SydneySwans,1986,6,1986-05-04,Sydney Cricket Ground,Sydney Swans,Carlton Blues,120,98,37873.0,22,H,1.0
19860510_RichmondTigers,1986,7,1986-05-10,Melbourne Cricket Ground,Richmond Tigers,Essendon Bombers,105,145,38456.0,-40,A,0.0
19860510_CollingwoodMagpies,1986,7,1986-05-10,Victoria Park,Collingwood Magpies,Carlton Blues,69,109,27069.0,-40,A,0.0
19860510_HawthornHawks,1986,7,1986-05-10,Princes Park,Hawthorn Hawks,Sydney Swans,133,100,19300.0,33,H,1.0
19860510_WesternBulldogs,1986,7,1986-05-10,Western Oval,Western Bulldogs,North Melbourne Kangaroos,95,77,18196.0,18,H,1.0
19860510_StKildaSaints,1986,7,1986-05-10,Moorabbin Oval,St Kilda Saints,Fitzroy Lions,74,87,11296.0,-13,A,0.0
19860510_GeelongCats,1986,7,1986-05-10,Waverley Park,Geelong Cats,Melbourne Demons,89,58,14504.0,31,H,1.0
19860517_FitzroyLions,1986,8,1986-05-17,Victoria Park,Fitzroy Lions,North Melbourne Kangaroos,97,120,12189.0,-23,A,0.0
19860517_CollingwoodMagpies,1986,8,1986-05-17,Waverley Park,Collingwood Magpies,Hawthorn Hawks,59,104,26032.0,-45,A,0.0
19860517_CarltonBlues,1986,8,1986-05-17,Princes Park,Carlton Blues,Geelong Cats,134,105,21829.0,29,H,1.0
19860517_MelbourneDemons,1986,8,1986-05-17,Melbourne Cricket Ground,Melbourne Demons,Western Bulldogs,132,80,18360.0,52,H,1.0
19860517_EssendonBombers,1986,8,1986-05-17,Windy Hill,Essendon Bombers,St Kilda Saints,146,84,15132.0,62,H,1.0
19860518_SydneySwans,1986,8,1986-05-18,Sydney Cricket Ground,Sydney Swans,Richmond Tigers,111,112,25219.0,-1,A,0.0
19860524_FitzroyLions,1986,9,1986-05-24,Victoria Park,Fitzroy Lions,Essendon Bombers,115,70,14979.0,45,H,1.0
19860524_RichmondTigers,1986,9,1986-05-24,Melbourne Cricket Ground,Richmond Tigers,Collingwood Magpies,76,112,41945.0,-36,A,0.0
19860524_StKildaSaints,1986,9,1986-05-24,Moorabbin Oval,St Kilda Saints,Sydney Swans,38,47,12492.0,-9,A,0.0
19860524_WesternBulldogs,1986,9,1986-05-24,Western Oval,Western Bulldogs,Carlton Blues,50,36,21478.0,14,H,1.0
19860524_NorthMelbourneKangaroos,1986,9,1986-05-24,Waverley Park,North Melbourne Kangaroos,Melbourne Demons,83,48,14478.0,35,H,1.0
19860525_GeelongCats,1986,9,1986-05-25,GMHBA Stadium,Geelong Cats,Hawthorn Hawks,86,119,21646.0,-33,A,0.0
19860530_NorthMelbourneKangaroos,1986,10,1986-05-30,Melbourne Cricket Ground,North Melbourne Kangaroos,Essendon Bombers,137,121,40531.0,16,H,1.0
19860531_GeelongCats,1986,10,1986-05-31,GMHBA Stadium,Geelong Cats,Richmond Tigers,126,110,13746.0,16,H,1.0
19860531_CollingwoodMagpies,1986,10,1986-05-31,Waverley Park,Collingwood Magpies,St Kilda Saints,133,91,24865.0,42,H,1.0
19860531_HawthornHawks,1986,10,1986-05-31,Princes Park,Hawthorn Hawks,Western Bulldogs,79,108,15846.0,-29,A,0.0
19860531_MelbourneDemons,1986,10,1986-05-31,Melbourne Cricket Ground,Melbourne Demons,Carlton Blues,49,165,27440.0,-116,A,0.0
19860601_SydneySwans,1986,10,1986-06-01,Sydney Cricket Ground,Sydney Swans,Fitzroy Lions,126,101,23091.0,25,H,1.0
19860607_CollingwoodMagpies,1986,11,1986-06-07,Victoria Park,Collingwood Magpies,Fitzroy Lions,122,78,27166.0,44,H,1.0
19860607_StKildaSaints,1986,11,1986-06-07,Waverley Park,St Kilda Saints,Geelong Cats,88,126,21805.0,-38,A,0.0
19860607_HawthornHawks,1986,11,1986-06-07,Princes Park,Hawthorn Hawks,Melbourne Demons,145,60,10903.0,85,H,1.0
19860609_CarltonBlues,1986,11,1986-06-09,Princes Park,Carlton Blues,North Melbourne Kangaroos,142,64,32557.0,78,H,1.0
19860609_EssendonBombers,1986,11,1986-06-09,Windy Hill,Essendon Bombers,Sydney Swans,58,78,27267.0,-20,A,0.0
19860609_RichmondTigers,1986,11,1986-06-09,Melbourne Cricket Ground,Richmond Tigers,Western Bulldogs,97,80,35360.0,17,H,1.0
19860613_SydneySwans,1986,12,1986-06-13,Sydney Cricket Ground,Sydney Swans,North Melbourne Kangaroos,91,95,26770.0,-4,A,0.0
19860614_MelbourneDemons,1986,12,1986-06-14,Melbourne Cricket Ground,Melbourne Demons,Richmond Tigers,125,134,19032.0,-9,A,0.0
19860614_EssendonBombers,1986,12,1986-06-14,Waverley Park,Essendon Bombers,Collingwood Magpies,94,120,49022.0,-26,A,0.0
19860614_StKildaSaints,1986,12,1986-06-14,Moorabbin Oval,St Kilda Saints,Western Bulldogs,75,154,12520.0,-79,A,0.0
19860614_FitzroyLions,1986,12,1986-06-14,Victoria Park,Fitzroy Lions,Geelong Cats,145,77,10987.0,68,H,1.0
19860615_CarltonBlues,1986,12,1986-06-15,Melbourne Cricket Ground,Carlton Blues,Hawthorn Hawks,110,133,57634.0,-23,A,0.0
19860621_WesternBulldogs,1986,13,1986-06-21,Western Oval,Western Bulldogs,Fitzroy Lions,143,55,16348.0,88,H,1.0
19860621_CollingwoodMagpies,1986,13,1986-06-21,Victoria Park,Collingwood Magpies,Sydney Swans,95,96,27611.0,-1,A,0.0
19860621_RichmondTigers,1986,13,1986-06-21,Waverley Park,Richmond Tigers,Carlton Blues,73,132,26231.0,-59,A,0.0
19860621_GeelongCats,1986,13,1986-06-21,GMHBA Stadium,Geelong Cats,Essendon Bombers,77,89,17783.0,-12,A,0.0
19860621_StKildaSaints,1986,13,1986-06-21,Moorabbin Oval,St Kilda Saints,Melbourne Demons,101,49,11242.0,52,H,1.0
19860621_HawthornHawks,1986,13,1986-06-21,Princes Park,Hawthorn Hawks,North Melbourne Kangaroos,152,92,14578.0,60,H,1.0
19860628_RichmondTigers,1986,14,1986-06-28,Melbourne Cricket Ground,Richmond Tigers,Hawthorn Hawks,74,175,20264.0,-101,A,0.0
19860628_CollingwoodMagpies,1986,14,1986-06-28,Victoria Park,Collingwood Magpies,North Melbourne Kangaroos,115,68,21351.0,47,H,1.0
19860628_MelbourneDemons,1986,14,1986-06-28,Waverley Park,Melbourne Demons,Fitzroy Lions,115,71,10049.0,44,H,1.0
19860628_CarltonBlues,1986,14,1986-06-28,Princes Park,Carlton Blues,St Kilda Saints,163,76,14718.0,87,H,1.0
19860628_EssendonBombers,1986,14,1986-06-28,Windy Hill,Essendon Bombers,Western Bulldogs,56,85,21312.0,-29,A,0.0
19860629_SydneySwans,1986,14,1986-06-29,Sydney Cricket Ground,Sydney Swans,Geelong Cats,113,91,22106.0,22,H,1.0
19860704_NorthMelbourneKangaroos,1986,15,1986-07-04,Melbourne Cricket Ground,North Melbourne Kangaroos,Richmond Tigers,86,114,16975.0,-28,A,0.0
19860705_FitzroyLions,1986,15,1986-07-05,Waverley Park,Fitzroy Lions,Carlton Blues,59,53,14962.0,6,H,1.0
19860705_WesternBulldogs,1986,15,1986-07-05,Western Oval,Western Bulldogs,Sydney Swans,70,86,21963.0,-16,A,0.0
19860705_HawthornHawks,1986,15,1986-07-05,Princes Park,Hawthorn Hawks,St Kilda Saints,59,38,6979.0,21,H,1.0
19860705_MelbourneDemons,1986,15,1986-07-05,Melbourne Cricket Ground,Melbourne Demons,Essendon Bombers,60,182,21560.0,-122,A,0.0
19860705_GeelongCats,1986,15,1986-07-05,GMHBA Stadium,Geelong Cats,Collingwood Magpies,58,129,17659.0,-71,A,0.0
19860712_NorthMelbourneKangaroos,1986,16,1986-07-12,Melbourne Cricket Ground,North Melbourne Kangaroos,Carlton Blues,92,149,24506.0,-57,A,0.0
19860712_MelbourneDemons,1986,16,1986-07-12,Waverley Park,Melbourne Demons,Hawthorn Hawks,50,117,10272.0,-67,A,0.0
19860712_GeelongCats,1986,16,1986-07-12,GMHBA Stadium,Geelong Cats,St Kilda Saints,112,85,9491.0,27,H,1.0
19860713_SydneySwans,1986,16,1986-07-13,Sydney Cricket Ground,Sydney Swans,Essendon Bombers,162,103,33192.0,59,H,1.0
19860719_WesternBulldogs,1986,16,1986-07-19,Western Oval,Western Bulldogs,Richmond Tigers,122,95,19341.0,27,H,1.0
19860719_FitzroyLions,1986,16,1986-07-19,Waverley Park,Fitzroy Lions,Collingwood Magpies,85,132,34488.0,-47,A,0.0
19860720_EssendonBombers,1986,17,1986-07-20,Melbourne Cricket Ground,Essendon Bombers,Carlton Blues,105,80,51646.0,25,H,1.0
19860726_StKildaSaints,1986,17,1986-07-26,Moorabbin Oval,St Kilda Saints,Richmond Tigers,129,54,11889.0,75,H,1.0
19860726_HawthornHawks,1986,17,1986-07-26,Princes Park,Hawthorn Hawks,Fitzroy Lions,45,96,9886.0,-51,A,0.0
19860726_CollingwoodMagpies,1986,17,1986-07-26,Melbourne Cricket Ground,Collingwood Magpies,Western Bulldogs,76,65,49124.0,11,H,1.0
19860726_GeelongCats,1986,17,1986-07-26,Waverley Park,Geelong Cats,North Melbourne Kangaroos,123,142,10091.0,-19,A,0.0
19860727_SydneySwans,1986,17,1986-07-27,Sydney Cricket Ground,Sydney Swans,Melbourne Demons,189,65,19110.0,124,H,1.0
19860802_CollingwoodMagpies,1986,18,1986-08-02,Victoria Park,Collingwood Magpies,Melbourne Demons,92,105,16943.0,-13,A,0.0
19860802_EssendonBombers,1986,18,1986-08-02,Windy Hill,Essendon Bombers,Hawthorn Hawks,137,50,21223.0,87,H,1.0
19860802_CarltonBlues,1986,18,1986-08-02,Princes Park,Carlton Blues,Sydney Swans,104,87,27343.0,17,H,1.0
19860802_StKildaSaints,1986,18,1986-08-02,Moorabbin Oval,St Kilda Saints,North Melbourne Kangaroos,90,127,11413.0,-37,A,0.0
19860802_WesternBulldogs,1986,18,1986-08-02,Waverley Park,Western Bulldogs,Geelong Cats,79,76,11460.0,3,H,1.0
19860802_RichmondTigers,1986,18,1986-08-02,Melbourne Cricket Ground,Richmond Tigers,Fitzroy Lions,85,94,15200.0,-9,A,0.0
19860809_FitzroyLions,1986,19,1986-08-09,Victoria Park,Fitzroy Lions,St Kilda Saints,160,75,8311.0,85,H,1.0
19860809_EssendonBombers,1986,19,1986-08-09,Waverley Park,Essendon Bombers,Richmond Tigers,154,75,30349.0,79,H,1.0
19860809_NorthMelbourneKangaroos,1986,19,1986-08-09,Melbourne Cricket Ground,North Melbourne Kangaroos,Western Bulldogs,140,83,32635.0,57,H,1.0
19860809_MelbourneDemons,1986,19,1986-08-09,Melbourne Cricket Ground,Melbourne Demons,Geelong Cats,127,120,32635.0,7,H,1.0
19860810_CarltonBlues,1986,19,1986-08-10,Melbourne Cricket Ground,Carlton Blues,Collingwood Magpies,136,87,72505.0,49,H,1.0
19860810_SydneySwans,1986,19,1986-08-10,Sydney Cricket Ground,Sydney Swans,Hawthorn Hawks,73,171,39763.0,-98,A,0.0
19860816_NorthMelbourneKangaroos,1986,20,1986-08-16,Waverley Park,North Melbourne Kangaroos,Fitzroy Lions,93,61,15931.0,32,H,1.0
19860816_RichmondTigers,1986,20,1986-08-16,Melbourne Cricket Ground,Richmond Tigers,Sydney Swans,96,144,16142.0,-48,A,0.0
19860816_GeelongCats,1986,20,1986-08-16,GMHBA Stadium,Geelong Cats,Carlton Blues,108,79,13086.0,29,H,1.0
19860816_HawthornHawks,1986,20,1986-08-16,Princes Park,Hawthorn Hawks,Collingwood Magpies,144,72,16529.0,72,H,1.0
19860816_WesternBulldogs,1986,20,1986-08-16,Western Oval,Western Bulldogs,Melbourne Demons,128,71,11924.0,57,H,1.0
19860816_StKildaSaints,1986,20,1986-08-16,Moorabbin Oval,St Kilda Saints,Essendon Bombers,48,82,13171.0,-34,A,0.0
19860823_MelbourneDemons,1986,21,1986-08-23,Melbourne Cricket Ground,Melbourne Demons,North Melbourne Kangaroos,182,97,15110.0,85,H,1.0
19860823_CarltonBlues,1986,21,1986-08-23,Waverley Park,Carlton Blues,Western Bulldogs,151,72,28697.0,79,H,1.0
19860823_CollingwoodMagpies,1986,21,1986-08-23,Victoria Park,Collingwood Magpies,Richmond Tigers,156,55,17800.0,101,H,1.0
19860823_EssendonBombers,1986,21,1986-08-23,Windy Hill,Essendon Bombers,Fitzroy Lions,61,96,18882.0,-35,A,0.0
19860823_HawthornHawks,1986,21,1986-08-23,Princes Park,Hawthorn Hawks,Geelong Cats,225,90,9659.0,135,H,1.0
19860824_SydneySwans,1986,21,1986-08-24,Sydney Cricket Ground,Sydney Swans,St Kilda Saints,140,111,18179.0,29,H,1.0
19860830_EssendonBombers,1986,22,1986-08-30,Windy Hill,Essendon Bombers,North Melbourne Kangaroos,79,101,17982.0,-22,A,0.0
19860830_RichmondTigers,1986,22,1986-08-30,Melbourne Cricket Ground,Richmond Tigers,Geelong Cats,104,136,13569.0,-32,A,0.0
19860830_WesternBulldogs,1986,22,1986-08-30,Western Oval,Western Bulldogs,Hawthorn Hawks,55,125,15196.0,-70,A,0.0
19860830_StKildaSaints,1986,22,1986-08-30,Waverley Park,St Kilda Saints,Collingwood Magpies,73,125,30442.0,-52,A,0.0
19860830_FitzroyLions,1986,22,1986-08-30,Victoria Park,Fitzroy Lions,Sydney Swans,73,63,17141.0,10,H,1.0
19860830_CarltonBlues,1986,22,1986-08-30,Princes Park,Carlton Blues,Melbourne Demons,139,53,17471.0,86,H,1.0
19860906_FitzroyLions,1986,EF,1986-09-06,Waverley Park,Fitzroy Lions,Essendon Bombers,58,57,59420.0,1,H,1.0
19860907_CarltonBlues,1986,QF,1986-09-07,Melbourne Cricket Ground,Carlton Blues,Sydney Swans,120,104,66016.0,16,H,1.0
19860913_CarltonBlues,1986,SF,1986-09-13,Waverley Park,Carlton Blues,Hawthorn Hawks,112,84,62315.0,28,H,1.0
19860914_FitzroyLions,1986,SF,1986-09-14,Melbourne Cricket Ground,Fitzroy Lions,Sydney Swans,94,89,65763.0,5,H,1.0
19860920_HawthornHawks,1986,PF,1986-09-20,Waverley Park,Hawthorn Hawks,Fitzroy Lions,110,54,68339.0,56,H,1.0
19860927_HawthornHawks,1986,GF,1986-09-27,Melbourne Cricket Ground,Hawthorn Hawks,Carlton Blues,110,68,101861.0,42,H,1.0
19870327_NorthMelbourneKangaroos,1987,1,1987-03-27,Melbourne Cricket Ground,North Melbourne Kangaroos,Brisbane Bears,104,137,14096.0,-33,A,0.0
19870328_WesternBulldogs,1987,1,1987-03-28,Waverley Park,Western Bulldogs,Essendon Bombers,62,121,22550.0,-59,A,0.0
19870328_MelbourneDemons,1987,1,1987-03-28,Melbourne Cricket Ground,Melbourne Demons,Fitzroy Lions,128,89,18012.0,39,H,1.0
19870328_CollingwoodMagpies,1987,1,1987-03-28,Victoria Park,Collingwood Magpies,Sydney Swans,74,165,17129.0,-91,A,0.0
19870328_StKildaSaints,1987,1,1987-03-28,People First Stadium,St Kilda Saints,Geelong Cats,101,102,15867.0,-1,A,0.0
19870328_CarltonBlues,1987,1,1987-03-28,Princes Park,Carlton Blues,Hawthorn Hawks,104,149,19967.0,-45,A,0.0
19870329_WestCoastEagles,1987,1,1987-03-29,Domain Stadium,West Coast Eagles,Richmond Tigers,133,119,23897.0,14,H,1.0
19870403_NorthMelbourneKangaroos,1987,2,1987-04-03,Melbourne Cricket Ground,North Melbourne Kangaroos,Melbourne Demons,92,59,19035.0,33,H,1.0
19870404_CollingwoodMagpies,1987,2,1987-04-04,Waverley Park,Collingwood Magpies,Carlton Blues,107,114,29481.0,-7,A,0.0
19870404_GeelongCats,1987,2,1987-04-04,GMHBA Stadium,Geelong Cats,Brisbane Bears,131,150,15231.0,-19,A,0.0
19870404_EssendonBombers,1987,2,1987-04-04,Windy Hill,Essendon Bombers,West Coast Eagles,119,114,19845.0,5,H,1.0
19870404_FitzroyLions,1987,2,1987-04-04,Princes Park,Fitzroy Lions,St Kilda Saints,159,115,11348.0,44,H,1.0
19870404_RichmondTigers,1987,2,1987-04-04,Melbourne Cricket Ground,Richmond Tigers,Hawthorn Hawks,93,155,17824.0,-62,A,0.0
19870405_SydneySwans,1987,2,1987-04-05,Sydney Cricket Ground,Sydney Swans,Western Bulldogs,187,79,15268.0,108,H,1.0
19870410_FitzroyLions,1987,3,1987-04-10,Waverley Park,Fitzroy Lions,North Melbourne Kangaroos,129,55,10043.0,74,H,1.0
19870411_HawthornHawks,1987,3,1987-04-11,Princes Park,Hawthorn Hawks,Collingwood Magpies,145,68,14058.0,77,H,1.0
19870411_StKildaSaints,1987,3,1987-04-11,People First Stadium,St Kilda Saints,Brisbane Bears,133,83,12717.0,50,H,1.0
19870411_GeelongCats,1987,3,1987-04-11,GMHBA Stadium,Geelong Cats,Melbourne Demons,128,94,15397.0,34,H,1.0
19870411_WesternBulldogs,1987,3,1987-04-11,Western Oval,Western Bulldogs,Carlton Blues,40,127,14492.0,-87,A,0.0
19870411_RichmondTigers,1987,3,1987-04-11,Melbourne Cricket Ground,Richmond Tigers,Essendon Bombers,130,84,27528.0,46,H,1.0
19870412_WestCoastEagles,1987,3,1987-04-12,Domain Stadium,West Coast Eagles,Sydney Swans,97,124,35719.0,-27,A,0.0
19870418_CarltonBlues,1987,4,1987-04-18,Princes Park,Carlton Blues,West Coast Eagles,191,104,20750.0,87,H,1.0
19870418_GeelongCats,1987,4,1987-04-18,GMHBA Stadium,Geelong Cats,North Melbourne Kangaroos,127,136,18628.0,-9,A,0.0
19870418_MelbourneDemons,1987,4,1987-04-18,Melbourne Cricket Ground,Melbourne Demons,St Kilda Saints,139,92,25465.0,47,H,1.0
19870419_BrisbaneBears,1987,4,1987-04-19,People First Stadium,Brisbane Bears,Fitzroy Lions,114,129,17795.0,-15,A,0.0
19870420_CollingwoodMagpies,1987,4,1987-04-20,Waverley Park,Collingwood Magpies,Richmond Tigers,110,100,36749.0,10,H,1.0
19870420_EssendonBombers,1987,4,1987-04-20,Windy Hill,Essendon Bombers,Sydney Swans,113,66,24207.0,47,H,1.0
19870420_WesternBulldogs,1987,4,1987-04-20,Western Oval,Western Bulldogs,Hawthorn Hawks,96,55,10425.0,41,H,1.0
19870424_NorthMelbourneKangaroos,1987,5,1987-04-24,Melbourne Cricket Ground,North Melbourne Kangaroos,St Kilda Saints,127,110,16078.0,17,H,1.0
19870425_CollingwoodMagpies,1987,5,1987-04-25,Victoria Park,Collingwood Magpies,Western Bulldogs,89,85,22059.0,4,H,1.0
19870425_CarltonBlues,1987,5,1987-04-25,Waverley Park,Carlton Blues,Essendon Bombers,116,62,56124.0,54,H,1.0
19870425_GeelongCats,1987,5,1987-04-25,GMHBA Stadium,Geelong Cats,Fitzroy Lions,184,109,18236.0,75,H,1.0
19870425_HawthornHawks,1987,5,1987-04-25,Princes Park,Hawthorn Hawks,West Coast Eagles,92,104,10588.0,-12,A,0.0
19870425_RichmondTigers,1987,5,1987-04-25,Melbourne Cricket Ground,Richmond Tigers,Sydney Swans,126,146,22154.0,-20,A,0.0
19870426_BrisbaneBears,1987,5,1987-04-26,People First Stadium,Brisbane Bears,Melbourne Demons,86,81,7451.0,5,H,1.0
19870501_SydneySwans,1987,6,1987-05-01,Sydney Cricket Ground,Sydney Swans,Carlton Blues,94,87,33659.0,7,H,1.0
19870502_WesternBulldogs,1987,6,1987-05-02,Waverley Park,Western Bulldogs,St Kilda Saints,78,34,12834.0,44,H,1.0
19870502_CollingwoodMagpies,1987,6,1987-05-02,Victoria Park,Collingwood Magpies,Brisbane Bears,105,58,16712.0,47,H,1.0
19870502_MelbourneDemons,1987,6,1987-05-02,Melbourne Cricket Ground,Melbourne Demons,Richmond Tigers,110,69,18482.0,41,H,1.0
19870502_EssendonBombers,1987,6,1987-05-02,Windy Hill,Essendon Bombers,Geelong Cats,96,96,16042.0,0,D,
19870503_WestCoastEagles,1987,6,1987-05-03,Domain Stadium,West Coast Eagles,North Melbourne Kangaroos,162,88,28543.0,74,H,1.0
19870503_FitzroyLions,1987,6,1987-05-03,Melbourne Cricket Ground,Fitzroy Lions,Hawthorn Hawks,104,113,18694.0,-9,A,0.0
19870508_WestCoastEagles,1987,7,1987-05-08,WACA,West Coast Eagles,Brisbane Bears,81,62,25799.0,19,H,1.0
19870509_StKildaSaints,1987,7,1987-05-09,People First Stadium,St Kilda Saints,Richmond Tigers,137,114,14909.0,23,H,1.0
19870509_MelbourneDemons,1987,7,1987-05-09,Melbourne Cricket Ground,Melbourne Demons,Collingwood Magpies,126,80,49215.0,46,H,1.0
19870509_FitzroyLions,1987,7,1987-05-09,Princes Park,Fitzroy Lions,Essendon Bombers,159,134,14103.0,25,H,1.0
19870509_CarltonBlues,1987,7,1987-05-09,Waverley Park,Carlton Blues,Geelong Cats,150,94,31000.0,56,H,1.0
19870509_WesternBulldogs,1987,7,1987-05-09,Western Oval,Western Bulldogs,North Melbourne Kangaroos,88,122,13395.0,-34,A,0.0
19870510_SydneySwans,1987,7,1987-05-10,Sydney Cricket Ground,Sydney Swans,Hawthorn Hawks,122,114,22273.0,8,H,1.0
19870515_SydneySwans,1987,8,1987-05-15,Sydney Cricket Ground,Sydney Swans,Fitzroy Lions,87,116,24358.0,-29,A,0.0
19870516_CollingwoodMagpies,1987,8,1987-05-16,Waverley Park,Collingwood Magpies,Essendon Bombers,68,94,28085.0,-26,A,0.0
19870516_StKildaSaints,1987,8,1987-05-16,People First Stadium,St Kilda Saints,West Coast Eagles,97,49,11537.0,48,H,1.0
19870516_HawthornHawks,1987,8,1987-05-16,Princes Park,Hawthorn Hawks,Geelong Cats,112,65,9382.0,47,H,1.0
19870516_MelbourneDemons,1987,8,1987-05-16,Melbourne Cricket Ground,Melbourne Demons,Western Bulldogs,81,105,16325.0,-24,A,0.0
19870517_NorthMelbourneKangaroos,1987,8,1987-05-17,Melbourne Cricket Ground,North Melbourne Kangaroos,Carlton Blues,71,105,26684.0,-34,A,0.0
19870517_BrisbaneBears,1987,8,1987-05-17,People First Stadium,Brisbane Bears,Richmond Tigers,144,109,7943.0,35,H,1.0
19870522_RichmondTigers,1987,9,1987-05-22,Melbourne Cricket Ground,Richmond Tigers,North Melbourne Kangaroos,94,128,14220.0,-34,A,0.0
19870523_CollingwoodMagpies,1987,9,1987-05-23,Victoria Park,Collingwood Magpies,St Kilda Saints,105,99,20076.0,6,H,1.0
19870523_HawthornHawks,1987,9,1987-05-23,Waverley Park,Hawthorn Hawks,Essendon Bombers,165,51,32634.0,114,H,1.0
19870523_WesternBulldogs,1987,9,1987-05-23,Western Oval,Western Bulldogs,Brisbane Bears,103,71,10873.0,32,H,1.0
19870523_CarltonBlues,1987,9,1987-05-23,Princes Park,Carlton Blues,Fitzroy Lions,92,70,26965.0,22,H,1.0
19870524_WestCoastEagles,1987,9,1987-05-24,Domain Stadium,West Coast Eagles,Melbourne Demons,135,119,23366.0,16,H,1.0
19870524_GeelongCats,1987,9,1987-05-24,GMHBA Stadium,Geelong Cats,Sydney Swans,104,79,24817.0,25,H,1.0
19870530_RichmondTigers,1987,10,1987-05-30,Melbourne Cricket Ground,Richmond Tigers,Geelong Cats,97,118,16854.0,-21,A,0.0
19870530_HawthornHawks,1987,10,1987-05-30,Waverley Park,Hawthorn Hawks,St Kilda Saints,154,98,15535.0,56,H,1.0
19870530_EssendonBombers,1987,10,1987-05-30,Windy Hill,Essendon Bombers,Melbourne Demons,80,102,13796.0,-22,A,0.0
19870530_WesternBulldogs,1987,10,1987-05-30,Western Oval,Western Bulldogs,Fitzroy Lions,79,46,12722.0,33,H,1.0
19870530_CarltonBlues,1987,10,1987-05-30,Princes Park,Carlton Blues,Brisbane Bears,184,81,13541.0,103,H,1.0
19870531_SydneySwans,1987,10,1987-05-31,Sydney Cricket Ground,Sydney Swans,North Melbourne Kangaroos,136,145,20084.0,-9,A,0.0
19870601_WestCoastEagles,1987,10,1987-06-01,Domain Stadium,West Coast Eagles,Collingwood Magpies,137,80,38274.0,57,H,1.0
19870606_NorthMelbourneKangaroos,1987,11,1987-06-06,Waverley Park,North Melbourne Kangaroos,Hawthorn Hawks,91,113,23606.0,-22,A,0.0
19870606_StKildaSaints,1987,11,1987-06-06,People First Stadium,St Kilda Saints,Essendon Bombers,106,121,23725.0,-15,A,0.0
19870606_WesternBulldogs,1987,11,1987-06-06,Western Oval,Western Bulldogs,West Coast Eagles,121,99,15089.0,22,H,1.0
19870607_BrisbaneBears,1987,11,1987-06-07,People First Stadium,Brisbane Bears,Sydney Swans,64,137,12036.0,-73,A,0.0
19870608_GeelongCats,1987,11,1987-06-08,Waverley Park,Geelong Cats,Collingwood Magpies,115,110,33150.0,5,H,1.0
19870608_FitzroyLions,1987,11,1987-06-08,Princes Park,Fitzroy Lions,Richmond Tigers,123,149,12152.0,-26,A,0.0
19870608_MelbourneDemons,1987,11,1987-06-08,Melbourne Cricket Ground,Melbourne Demons,Carlton Blues,90,135,49812.0,-45,A,0.0
19870612_NorthMelbourneKangaroos,1987,12,1987-06-12,Melbourne Cricket Ground,North Melbourne Kangaroos,Essendon Bombers,100,64,23944.0,36,H,1.0
19870613_GeelongCats,1987,12,1987-06-13,GMHBA Stadium,Geelong Cats,West Coast Eagles,91,85,17504.0,6,H,1.0
19870613_CollingwoodMagpies,1987,12,1987-06-13,Victoria Park,Collingwood Magpies,Fitzroy Lions,106,80,17840.0,26,H,1.0
19870613_RichmondTigers,1987,12,1987-06-13,Waverley Park,Richmond Tigers,Western Bulldogs,74,142,16279.0,-68,A,0.0
19870613_CarltonBlues,1987,12,1987-06-13,Princes Park,Carlton Blues,St Kilda Saints,97,96,16238.0,1,H,1.0
19870613_MelbourneDemons,1987,12,1987-06-13,Melbourne Cricket Ground,Melbourne Demons,Sydney Swans,76,112,21696.0,-36,A,0.0
19870614_BrisbaneBears,1987,12,1987-06-14,People First Stadium,Brisbane Bears,Hawthorn Hawks,70,165,7284.0,-95,A,0.0
19870619_WestCoastEagles,1987,13,1987-06-19,WACA,West Coast Eagles,Fitzroy Lions,114,42,13540.0,72,H,1.0
19870620_RichmondTigers,1987,13,1987-06-20,Melbourne Cricket Ground,Richmond Tigers,Carlton Blues,27,43,15916.0,-16,A,0.0
19870620_CollingwoodMagpies,1987,13,1987-06-20,Waverley Park,Collingwood Magpies,North Melbourne Kangaroos,18,72,17613.0,-54,A,0.0
19870620_WesternBulldogs,1987,13,1987-06-20,Western Oval,Western Bulldogs,Geelong Cats,89,50,15749.0,39,H,1.0
19870620_EssendonBombers,1987,13,1987-06-20,Windy Hill,Essendon Bombers,Brisbane Bears,64,27,8724.0,37,H,1.0
19870620_HawthornHawks,1987,13,1987-06-20,Princes Park,Hawthorn Hawks,Melbourne Demons,44,57,7631.0,-13,A,0.0
19870621_SydneySwans,1987,13,1987-06-21,Sydney Cricket Ground,Sydney Swans,St Kilda Saints,134,75,17760.0,59,H,1.0
19870626_SydneySwans,1987,14,1987-06-26,Sydney Cricket Ground,Sydney Swans,Collingwood Magpies,101,74,20133.0,27,H,1.0
19870627_HawthornHawks,1987,14,1987-06-27,Waverley Park,Hawthorn Hawks,Carlton Blues,80,79,44385.0,1,H,1.0
19870627_EssendonBombers,1987,14,1987-06-27,Windy Hill,Essendon Bombers,Western Bulldogs,52,64,17364.0,-12,A,0.0
19870627_RichmondTigers,1987,14,1987-06-27,Melbourne Cricket Ground,Richmond Tigers,West Coast Eagles,73,69,8926.0,4,H,1.0
19870627_GeelongCats,1987,14,1987-06-27,GMHBA Stadium,Geelong Cats,St Kilda Saints,98,27,13661.0,71,H,1.0
19870627_FitzroyLions,1987,14,1987-06-27,Princes Park,Fitzroy Lions,Melbourne Demons,82,34,7544.0,48,H,1.0
19870628_BrisbaneBears,1987,14,1987-06-28,People First Stadium,Brisbane Bears,North Melbourne Kangaroos,113,151,7716.0,-38,A,0.0
19870703_WestCoastEagles,1987,15,1987-07-03,WACA,West Coast Eagles,Essendon Bombers,118,146,15740.0,-28,A,0.0
19870704_MelbourneDemons,1987,15,1987-07-04,Melbourne Cricket Ground,Melbourne Demons,North Melbourne Kangaroos,110,112,17108.0,-2,A,0.0
19870704_StKildaSaints,1987,15,1987-07-04,People First Stadium,St Kilda Saints,Fitzroy Lions,134,100,15201.0,34,H,1.0
19870704_WesternBulldogs,1987,15,1987-07-04,Waverley Park,Western Bulldogs,Sydney Swans,73,106,27075.0,-33,A,0.0
19870704_HawthornHawks,1987,15,1987-07-04,Princes Park,Hawthorn Hawks,Richmond Tigers,134,77,9708.0,57,H,1.0
19870705_BrisbaneBears,1987,15,1987-07-05,People First Stadium,Brisbane Bears,Geelong Cats,119,78,9370.0,41,H,1.0
19870705_CarltonBlues,1987,15,1987-07-05,Melbourne Cricket Ground,Carlton Blues,Collingwood Magpies,136,112,47813.0,24,H,1.0
19870710_WestCoastEagles,1987,17,1987-07-10,WACA,West Coast Eagles,Carlton Blues,107,104,21780.0,3,H,1.0
19870711_NorthMelbourneKangaroos,1987,16,1987-07-11,Melbourne Cricket Ground,North Melbourne Kangaroos,Fitzroy Lions,156,123,15244.0,33,H,1.0
19870711_EssendonBombers,1987,16,1987-07-11,Windy Hill,Essendon Bombers,Richmond Tigers,137,83,13593.0,54,H,1.0
19870711_HawthornHawks,1987,17,1987-07-11,Princes Park,Hawthorn Hawks,Western Bulldogs,162,65,13971.0,97,H,1.0
19870712_BrisbaneBears,1987,16,1987-07-12,People First Stadium,Brisbane Bears,St Kilda Saints,93,121,9106.0,-28,A,0.0
19870718_NorthMelbourneKangaroos,1987,17,1987-07-18,Melbourne Cricket Ground,North Melbourne Kangaroos,Geelong Cats,79,176,20880.0,-97,A,0.0
19870718_CollingwoodMagpies,1987,16,1987-07-18,Victoria Park,Collingwood Magpies,Hawthorn Hawks,43,168,17370.0,-125,A,0.0
19870718_CarltonBlues,1987,16,1987-07-18,Princes Park,Carlton Blues,Western Bulldogs,133,78,21388.0,55,H,1.0
19870718_StKildaSaints,1987,17,1987-07-18,Waverley Park,St Kilda Saints,Melbourne Demons,114,68,20354.0,46,H,1.0
19870719_SydneySwans,1987,16,1987-07-19,Sydney Cricket Ground,Sydney Swans,West Coast Eagles,201,71,24199.0,130,H,1.0
19870725_MelbourneDemons,1987,16,1987-07-25,Waverley Park,Melbourne Demons,Geelong Cats,117,77,15253.0,40,H,1.0
19870725_FitzroyLions,1987,17,1987-07-25,Princes Park,Fitzroy Lions,Brisbane Bears,131,106,5759.0,25,H,1.0
19870725_RichmondTigers,1987,17,1987-07-25,Melbourne Cricket Ground,Richmond Tigers,Collingwood Magpies,128,89,17370.0,39,H,1.0
19870726_SydneySwans,1987,17,1987-07-26,Sydney Cricket Ground,Sydney Swans,Essendon Bombers,236,73,23009.0,163,H,1.0
19870731_SydneySwans,1987,18,1987-07-31,Sydney Cricket Ground,Sydney Swans,Richmond Tigers,198,107,17157.0,91,H,1.0
19870801_FitzroyLions,1987,18,1987-08-01,Princes Park,Fitzroy Lions,Geelong Cats,129,87,8434.0,42,H,1.0
19870801_WesternBulldogs,1987,18,1987-08-01,Western Oval,Western Bulldogs,Collingwood Magpies,65,54,14514.0,11,H,1.0
19870801_StKildaSaints,1987,18,1987-08-01,People First Stadium,St Kilda Saints,North Melbourne Kangaroos,106,81,18968.0,25,H,1.0
19870801_MelbourneDemons,1987,18,1987-08-01,Melbourne Cricket Ground,Melbourne Demons,Brisbane Bears,153,99,10307.0,54,H,1.0
19870801_EssendonBombers,1987,18,1987-08-01,Waverley Park,Essendon Bombers,Carlton Blues,69,70,29761.0,-1,A,0.0
19870802_WestCoastEagles,1987,18,1987-08-02,Domain Stadium,West Coast Eagles,Hawthorn Hawks,115,114,24502.0,1,H,1.0
19870807_NorthMelbourneKangaroos,1987,19,1987-08-07,WACA,North Melbourne Kangaroos,West Coast Eagles,120,109,22540.0,11,H,1.0
19870808_StKildaSaints,1987,19,1987-08-08,People First Stadium,St Kilda Saints,Western Bulldogs,104,101,23080.0,3,H,1.0
19870808_HawthornHawks,1987,19,1987-08-08,Waverley Park,Hawthorn Hawks,Fitzroy Lions,165,105,14692.0,60,H,1.0
19870808_CarltonBlues,1987,19,1987-08-08,Princes Park,Carlton Blues,Sydney Swans,123,55,31639.0,68,H,1.0
19870808_RichmondTigers,1987,19,1987-08-08,Melbourne Cricket Ground,Richmond Tigers,Melbourne Demons,100,119,15899.0,-19,A,0.0
19870808_GeelongCats,1987,19,1987-08-08,GMHBA Stadium,Geelong Cats,Essendon Bombers,92,65,19103.0,27,H,1.0
19870809_BrisbaneBears,1987,19,1987-08-09,People First Stadium,Brisbane Bears,Collingwood Magpies,77,100,9166.0,-23,A,0.0
19870815_HawthornHawks,1987,20,1987-08-15,Princes Park,Hawthorn Hawks,Sydney Swans,142,97,20522.0,45,H,1.0
19870815_RichmondTigers,1987,20,1987-08-15,Waverley Park,Richmond Tigers,St Kilda Saints,133,57,27589.0,76,H,1.0
19870815_NorthMelbourneKangaroos,1987,20,1987-08-15,Melbourne Cricket Ground,North Melbourne Kangaroos,Western Bulldogs,125,125,18921.0,0,D,
19870815_CollingwoodMagpies,1987,20,1987-08-15,Victoria Park,Collingwood Magpies,Melbourne Demons,59,114,16540.0,-55,A,0.0
19870815_GeelongCats,1987,20,1987-08-15,GMHBA Stadium,Geelong Cats,Carlton Blues,88,156,22328.0,-68,A,0.0
19870815_EssendonBombers,1987,20,1987-08-15,Windy Hill,Essendon Bombers,Fitzroy Lions,127,86,12466.0,41,H,1.0
19870816_BrisbaneBears,1987,20,1987-08-16,People First Stadium,Brisbane Bears,West Coast Eagles,119,140,4859.0,-21,A,0.0
19870821_MelbourneDemons,1987,21,1987-08-21,Melbourne Cricket Ground,Melbourne Demons,West Coast Eagles,129,68,21048.0,61,H,1.0
19870822_StKildaSaints,1987,21,1987-08-22,People First Stadium,St Kilda Saints,Collingwood Magpies,107,58,24335.0,49,H,1.0
19870822_FitzroyLions,1987,21,1987-08-22,Princes Park,Fitzroy Lions,Carlton Blues,84,124,15729.0,-40,A,0.0
19870822_EssendonBombers,1987,21,1987-08-22,Waverley Park,Essendon Bombers,Hawthorn Hawks,64,114,27046.0,-50,A,0.0
19870822_NorthMelbourneKangaroos,1987,21,1987-08-22,Melbourne Cricket Ground,North Melbourne Kangaroos,Richmond Tigers,122,84,15073.0,38,H,1.0
19870823_BrisbaneBears,1987,21,1987-08-23,People First Stadium,Brisbane Bears,Western Bulldogs,71,153,5890.0,-82,A,0.0
19870823_SydneySwans,1987,21,1987-08-23,Sydney Cricket Ground,Sydney Swans,Geelong Cats,122,131,23953.0,-9,A,0.0
19870828_RichmondTigers,1987,22,1987-08-28,Melbourne Cricket Ground,Richmond Tigers,Brisbane Bears,113,169,12079.0,-56,A,0.0
19870829_FitzroyLions,1987,22,1987-08-29,Princes Park,Fitzroy Lions,Sydney Swans,133,141,11170.0,-8,A,0.0
19870829_WesternBulldogs,1987,22,1987-08-29,Western Oval,Western Bulldogs,Melbourne Demons,68,83,31249.0,-15,A,0.0
19870829_CarltonBlues,1987,22,1987-08-29,Waverley Park,Carlton Blues,North Melbourne Kangaroos,129,125,30444.0,4,H,1.0
19870829_GeelongCats,1987,22,1987-08-29,GMHBA Stadium,Geelong Cats,Hawthorn Hawks,123,126,27030.0,-3,A,0.0
19870830_WestCoastEagles,1987,22,1987-08-30,Domain Stadium,West Coast Eagles,St Kilda Saints,175,87,17617.0,88,H,1.0
19870830_EssendonBombers,1987,22,1987-08-30,Melbourne Cricket Ground,Essendon Bombers,Collingwood Magpies,139,144,28887.0,-5,A,0.0
19870905_HawthornHawks,1987,QF,1987-09-05,Waverley Park,Hawthorn Hawks,Sydney Swans,156,57,47752.0,99,H,1.0
19870906_MelbourneDemons,1987,EF,1987-09-06,Melbourne Cricket Ground,Melbourne Demons,North Melbourne Kangaroos,158,40,72628.0,118,H,1.0
19870912_CarltonBlues,1987,SF,1987-09-12,Waverley Park,Carlton Blues,Hawthorn Hawks,80,65,64333.0,15,H,1.0
19870913_MelbourneDemons,1987,SF,1987-09-13,Melbourne Cricket Ground,Melbourne Demons,Sydney Swans,149,73,80292.0,76,H,1.0
19870919_HawthornHawks,1987,PF,1987-09-19,Waverley Park,Hawthorn Hawks,Melbourne Demons,80,78,71298.0,2,H,1.0
19870926_CarltonBlues,1987,GF,1987-09-26,Melbourne Cricket Ground,Carlton Blues,Hawthorn Hawks,104,71,92754.0,33,H,1.0
19880402_EssendonBombers,1988,1,1988-04-02,Windy Hill,Essendon Bombers,North Melbourne Kangaroos,164,82,18410.0,82,H,1.0
19880402_GeelongCats,1988,1,1988-04-02,GMHBA Stadium,Geelong Cats,West Coast Eagles,83,104,20781.0,-21,A,0.0
19880402_CarltonBlues,1988,1,1988-04-02,Princes Park,Carlton Blues,Hawthorn Hawks,126,111,27266.0,15,H,1.0
19880403_BrisbaneBears,1988,1,1988-04-03,People First Stadium,Brisbane Bears,Collingwood Magpies,75,83,11306.0,-8,A,0.0
19880404_FitzroyLions,1988,1,1988-04-04,Princes Park,Fitzroy Lions,St Kilda Saints,140,118,17609.0,22,H,1.0
19880404_RichmondTigers,1988,1,1988-04-04,Melbourne Cricket Ground,Richmond Tigers,Melbourne Demons,108,154,34824.0,-46,A,0.0
19880404_WesternBulldogs,1988,1,1988-04-04,Waverley Park,Western Bulldogs,Sydney Swans,102,76,18980.0,26,H,1.0
19880408_WestCoastEagles,1988,2,1988-04-08,WACA,West Coast Eagles,Essendon Bombers,175,76,24886.0,99,H,1.0
19880409_HawthornHawks,1988,2,1988-04-09,Waverley Park,Hawthorn Hawks,Richmond Tigers,171,86,18082.0,85,H,1.0
19880409_CarltonBlues,1988,2,1988-04-09,Princes Park,Carlton Blues,Brisbane Bears,129,61,15805.0,68,H,1.0
19880409_WesternBulldogs,1988,2,1988-04-09,Western Oval,Western Bulldogs,Melbourne Demons,66,86,15693.0,-20,A,0.0
19880409_CollingwoodMagpies,1988,2,1988-04-09,Victoria Park,Collingwood Magpies,Fitzroy Lions,102,70,24314.0,32,H,1.0
19880409_NorthMelbourneKangaroos,1988,2,1988-04-09,Melbourne Cricket Ground,North Melbourne Kangaroos,Geelong Cats,127,142,15233.0,-15,A,0.0
19880410_SydneySwans,1988,2,1988-04-10,Sydney Cricket Ground,Sydney Swans,St Kilda Saints,66,55,9089.0,11,H,1.0
19880416_WesternBulldogs,1988,3,1988-04-16,Western Oval,Western Bulldogs,Fitzroy Lions,108,57,12783.0,51,H,1.0
19880416_MelbourneDemons,1988,3,1988-04-16,Melbourne Cricket Ground,Melbourne Demons,Geelong Cats,72,64,30873.0,8,H,1.0
19880416_RichmondTigers,1988,3,1988-04-16,Waverley Park,Richmond Tigers,Collingwood Magpies,80,150,34444.0,-70,A,0.0
19880416_StKildaSaints,1988,3,1988-04-16,People First Stadium,St Kilda Saints,North Melbourne Kangaroos,108,82,16573.0,26,H,1.0
19880416_HawthornHawks,1988,3,1988-04-16,Princes Park,Hawthorn Hawks,Sydney Swans,114,93,9802.0,21,H,1.0
19880416_EssendonBombers,1988,3,1988-04-16,Windy Hill,Essendon Bombers,Carlton Blues,79,151,21472.0,-72,A,0.0
19880417_BrisbaneBears,1988,3,1988-04-17,WACA,Brisbane Bears,West Coast Eagles,74,192,16354.0,-118,A,0.0
19880422_MelbourneDemons,1988,4,1988-04-22,Melbourne Cricket Ground,Melbourne Demons,Brisbane Bears,96,41,18908.0,55,H,1.0
19880423_HawthornHawks,1988,4,1988-04-23,Princes Park,Hawthorn Hawks,Fitzroy Lions,120,106,13205.0,14,H,1.0
19880423_NorthMelbourneKangaroos,1988,4,1988-04-23,Waverley Park,North Melbourne Kangaroos,Western Bulldogs,125,87,14948.0,38,H,1.0
19880423_CollingwoodMagpies,1988,4,1988-04-23,Victoria Park,Collingwood Magpies,West Coast Eagles,94,55,26276.0,39,H,1.0
19880424_SydneySwans,1988,4,1988-04-24,Sydney Cricket Ground,Sydney Swans,Carlton Blues,80,166,16091.0,-86,A,0.0
19880425_StKildaSaints,1988,4,1988-04-25,People First Stadium,St Kilda Saints,Essendon Bombers,69,91,31679.0,-22,A,0.0
19880425_RichmondTigers,1988,4,1988-04-25,Melbourne Cricket Ground,Richmond Tigers,Geelong Cats,82,161,27417.0,-79,A,0.0
19880429_WestCoastEagles,1988,5,1988-04-29,WACA,West Coast Eagles,Western Bulldogs,100,93,17662.0,7,H,1.0
19880430_GeelongCats,1988,5,1988-04-30,GMHBA Stadium,Geelong Cats,Essendon Bombers,116,92,23840.0,24,H,1.0
19880430_StKildaSaints,1988,5,1988-04-30,People First Stadium,St Kilda Saints,Brisbane Bears,84,93,15260.0,-9,A,0.0
19880430_CarltonBlues,1988,5,1988-04-30,Waverley Park,Carlton Blues,Collingwood Magpies,69,97,76354.0,-28,A,0.0
19880430_NorthMelbourneKangaroos,1988,5,1988-04-30,Melbourne Cricket Ground,North Melbourne Kangaroos,Hawthorn Hawks,128,205,15438.0,-77,A,0.0
19880430_FitzroyLions,1988,5,1988-04-30,Princes Park,Fitzroy Lions,Richmond Tigers,91,153,8808.0,-62,A,0.0
19880501_SydneySwans,1988,5,1988-05-01,Sydney Cricket Ground,Sydney Swans,Melbourne Demons,89,116,9269.0,-27,A,0.0
19880506_NorthMelbourneKangaroos,1988,6,1988-05-06,Melbourne Cricket Ground,North Melbourne Kangaroos,West Coast Eagles,123,110,10133.0,13,H,1.0
19880507_MelbourneDemons,1988,6,1988-05-07,Melbourne Cricket Ground,Melbourne Demons,Essendon Bombers,68,101,34697.0,-33,A,0.0
19880507_CollingwoodMagpies,1988,6,1988-05-07,Waverley Park,Collingwood Magpies,Hawthorn Hawks,91,93,53184.0,-2,A,0.0
19880507_WesternBulldogs,1988,6,1988-05-07,Western Oval,Western Bulldogs,Richmond Tigers,91,46,12374.0,45,H,1.0
19880507_CarltonBlues,1988,6,1988-05-07,Princes Park,Carlton Blues,St Kilda Saints,72,32,15617.0,40,H,1.0
19880508_BrisbaneBears,1988,6,1988-05-08,People First Stadium,Brisbane Bears,Fitzroy Lions,113,111,9981.0,2,H,1.0
19880508_GeelongCats,1988,6,1988-05-08,GMHBA Stadium,Geelong Cats,Sydney Swans,111,114,19132.0,-3,A,0.0
19880513_WestCoastEagles,1988,7,1988-05-13,WACA,West Coast Eagles,St Kilda Saints,112,36,12803.0,76,H,1.0
19880514_EssendonBombers,1988,7,1988-05-14,Windy Hill,Essendon Bombers,Collingwood Magpies,119,75,24224.0,44,H,1.0
19880514_MelbourneDemons,1988,7,1988-05-14,Melbourne Cricket Ground,Melbourne Demons,Hawthorn Hawks,111,90,34773.0,21,H,1.0
19880514_GeelongCats,1988,7,1988-05-14,Waverley Park,Geelong Cats,Carlton Blues,104,93,26372.0,11,H,1.0
19880514_FitzroyLions,1988,7,1988-05-14,Princes Park,Fitzroy Lions,Sydney Swans,106,67,8394.0,39,H,1.0
19880515_RichmondTigers,1988,7,1988-05-15,Melbourne Cricket Ground,Richmond Tigers,North Melbourne Kangaroos,73,150,12880.0,-77,A,0.0
19880515_BrisbaneBears,1988,7,1988-05-15,People First Stadium,Brisbane Bears,Western Bulldogs,72,71,10898.0,1,H,1.0
19880520_SydneySwans,1988,8,1988-05-20,Sydney Cricket Ground,Sydney Swans,Brisbane Bears,87,115,13322.0,-28,A,0.0
19880521_EssendonBombers,1988,8,1988-05-21,Windy Hill,Essendon Bombers,Richmond Tigers,137,89,14568.0,48,H,1.0
19880521_CollingwoodMagpies,1988,8,1988-05-21,Victoria Park,Collingwood Magpies,Western Bulldogs,88,82,22731.0,6,H,1.0
19880521_CarltonBlues,1988,8,1988-05-21,Waverley Park,Carlton Blues,North Melbourne Kangaroos,134,121,22978.0,13,H,1.0
19880521_FitzroyLions,1988,8,1988-05-21,Princes Park,Fitzroy Lions,Melbourne Demons,89,115,12747.0,-26,A,0.0
19880522_GeelongCats,1988,8,1988-05-22,GMHBA Stadium,Geelong Cats,St Kilda Saints,108,114,20366.0,-6,A,0.0
19880522_WestCoastEagles,1988,8,1988-05-22,Domain Stadium,West Coast Eagles,Hawthorn Hawks,63,116,27344.0,-53,A,0.0
19880527_EssendonBombers,1988,9,1988-05-27,Melbourne Cricket Ground,Essendon Bombers,Brisbane Bears,194,54,26653.0,140,H,1.0
19880528_RichmondTigers,1988,9,1988-05-28,Melbourne Cricket Ground,Richmond Tigers,Sydney Swans,73,136,11468.0,-63,A,0.0
19880528_HawthornHawks,1988,9,1988-05-28,Princes Park,Hawthorn Hawks,Western Bulldogs,154,65,12786.0,89,H,1.0
19880528_StKildaSaints,1988,9,1988-05-28,People First Stadium,St Kilda Saints,Melbourne Demons,106,78,21333.0,28,H,1.0
19880528_NorthMelbourneKangaroos,1988,9,1988-05-28,Waverley Park,North Melbourne Kangaroos,Collingwood Magpies,35,83,28849.0,-48,A,0.0
19880528_GeelongCats,1988,9,1988-05-28,GMHBA Stadium,Geelong Cats,Fitzroy Lions,133,100,13968.0,33,H,1.0
19880529_WestCoastEagles,1988,9,1988-05-29,Domain Stadium,West Coast Eagles,Carlton Blues,87,100,27663.0,-13,A,0.0
19880603_SydneySwans,1988,10,1988-06-03,Sydney Cricket Ground,Sydney Swans,Essendon Bombers,77,55,14753.0,22,H,1.0
19880604_StKildaSaints,1988,10,1988-06-04,Melbourne Cricket Ground,St Kilda Saints,Hawthorn Hawks,121,137,25693.0,-16,A,0.0
19880604_CollingwoodMagpies,1988,10,1988-06-04,Waverley Park,Collingwood Magpies,Melbourne Demons,71,84,61163.0,-13,A,0.0
19880604_WesternBulldogs,1988,10,1988-06-04,Western Oval,Western Bulldogs,Carlton Blues,75,96,17515.0,-21,A,0.0
19880604_FitzroyLions,1988,10,1988-06-04,Princes Park,Fitzroy Lions,North Melbourne Kangaroos,157,124,8280.0,33,H,1.0
19880605_RichmondTigers,1988,10,1988-06-05,Melbourne Cricket Ground,Richmond Tigers,West Coast Eagles,116,75,7157.0,41,H,1.0
19880605_BrisbaneBears,1988,10,1988-06-05,People First Stadium,Brisbane Bears,Geelong Cats,109,162,8736.0,-53,A,0.0
19880610_SydneySwans,1988,11,1988-06-10,Sydney Cricket Ground,Sydney Swans,North Melbourne Kangaroos,132,125,11729.0,7,H,1.0
19880611_CarltonBlues,1988,11,1988-06-11,Princes Park,Carlton Blues,Fitzroy Lions,144,101,21501.0,43,H,1.0
19880611_StKildaSaints,1988,11,1988-06-11,Waverley Park,St Kilda Saints,Western Bulldogs,51,78,24149.0,-27,A,0.0
19880612_BrisbaneBears,1988,11,1988-06-12,People First Stadium,Brisbane Bears,Richmond Tigers,151,103,13322.0,48,H,1.0
19880613_GeelongCats,1988,11,1988-06-13,GMHBA Stadium,Geelong Cats,Collingwood Magpies,64,103,35322.0,-39,A,0.0
19880613_HawthornHawks,1988,11,1988-06-13,Princes Park,Hawthorn Hawks,Essendon Bombers,118,68,27642.0,50,H,1.0
19880613_MelbourneDemons,1988,11,1988-06-13,Melbourne Cricket Ground,Melbourne Demons,West Coast Eagles,93,73,28045.0,20,H,1.0
19880617_RichmondTigers,1988,12,1988-06-17,Melbourne Cricket Ground,Richmond Tigers,Carlton Blues,110,93,19458.0,17,H,1.0
19880618_FitzroyLions,1988,12,1988-06-18,Waverley Park,Fitzroy Lions,Essendon Bombers,51,33,18854.0,18,H,1.0
19880618_NorthMelbourneKangaroos,1988,12,1988-06-18,Melbourne Cricket Ground,North Melbourne Kangaroos,Melbourne Demons,74,61,18078.0,13,H,1.0
19880618_WesternBulldogs,1988,12,1988-06-18,Western Oval,Western Bulldogs,Geelong Cats,56,30,13720.0,26,H,1.0
19880618_HawthornHawks,1988,12,1988-06-18,Princes Park,Hawthorn Hawks,Brisbane Bears,80,17,8176.0,63,H,1.0
19880618_StKildaSaints,1988,12,1988-06-18,People First Stadium,St Kilda Saints,Collingwood Magpies,30,51,23880.0,-21,A,0.0
19880619_SydneySwans,1988,12,1988-06-19,Sydney Cricket Ground,Sydney Swans,West Coast Eagles,104,61,12664.0,43,H,1.0
19880625_CollingwoodMagpies,1988,13,1988-06-25,Victoria Park,Collingwood Magpies,Sydney Swans,68,23,23031.0,45,H,1.0
19880625_MelbourneDemons,1988,13,1988-06-25,Waverley Park,Melbourne Demons,Carlton Blues,66,43,37953.0,23,H,1.0
19880625_HawthornHawks,1988,13,1988-06-25,Princes Park,Hawthorn Hawks,Geelong Cats,112,87,13867.0,25,H,1.0
19880625_NorthMelbourneKangaroos,1988,13,1988-06-25,Melbourne Cricket Ground,North Melbourne Kangaroos,Brisbane Bears,151,85,7764.0,66,H,1.0
19880625_EssendonBombers,1988,13,1988-06-25,Windy Hill,Essendon Bombers,Western Bulldogs,75,99,15861.0,-24,A,0.0
19880625_StKildaSaints,1988,13,1988-06-25,People First Stadium,St Kilda Saints,Richmond Tigers,66,41,17770.0,25,H,1.0
19880626_WestCoastEagles,1988,13,1988-06-26,Domain Stadium,West Coast Eagles,Fitzroy Lions,121,87,15028.0,34,H,1.0
19880701_SydneySwans,1988,14,1988-07-01,Sydney Cricket Ground,Sydney Swans,Richmond Tigers,96,131,8008.0,-35,A,0.0
19880702_GeelongCats,1988,14,1988-07-02,GMHBA Stadium,Geelong Cats,Melbourne Demons,56,89,17227.0,-33,A,0.0
19880702_EssendonBombers,1988,14,1988-07-02,Windy Hill,Essendon Bombers,West Coast Eagles,112,85,10298.0,27,H,1.0
19880702_WesternBulldogs,1988,14,1988-07-02,Western Oval,Western Bulldogs,Hawthorn Hawks,77,105,14338.0,-28,A,0.0
19880702_FitzroyLions,1988,14,1988-07-02,Waverley Park,Fitzroy Lions,North Melbourne Kangaroos,71,110,10310.0,-39,A,0.0
19880702_CarltonBlues,1988,14,1988-07-02,Melbourne Cricket Ground,Carlton Blues,Collingwood Magpies,87,110,72906.0,-23,A,0.0
19880703_BrisbaneBears,1988,14,1988-07-03,People First Stadium,Brisbane Bears,St Kilda Saints,99,89,10394.0,10,H,1.0
19880709_MelbourneDemons,1988,15,1988-07-09,Melbourne Cricket Ground,Melbourne Demons,Sydney Swans,57,130,20269.0,-73,A,0.0
19880709_WesternBulldogs,1988,15,1988-07-09,Waverley Park,Western Bulldogs,Richmond Tigers,80,55,14721.0,25,H,1.0
19880709_StKildaSaints,1988,15,1988-07-09,People First Stadium,St Kilda Saints,Carlton Blues,65,69,15416.0,-4,A,0.0
19880709_FitzroyLions,1988,15,1988-07-09,Princes Park,Fitzroy Lions,Collingwood Magpies,142,52,13841.0,90,H,1.0
19880710_WestCoastEagles,1988,15,1988-07-10,Domain Stadium,West Coast Eagles,Geelong Cats,126,106,18537.0,20,H,1.0
19880710_NorthMelbourneKangaroos,1988,15,1988-07-10,Melbourne Cricket Ground,North Melbourne Kangaroos,Essendon Bombers,94,140,26755.0,-46,A,0.0
19880710_BrisbaneBears,1988,15,1988-07-10,People First Stadium,Brisbane Bears,Hawthorn Hawks,91,115,14213.0,-24,A,0.0
19880715_WestCoastEagles,1988,16,1988-07-15,WACA,West Coast Eagles,Brisbane Bears,98,89,16074.0,9,H,1.0
19880716_RichmondTigers,1988,16,1988-07-16,Waverley Park,Richmond Tigers,St Kilda Saints,115,98,20199.0,17,H,1.0
19880716_CarltonBlues,1988,16,1988-07-16,Princes Park,Carlton Blues,Geelong Cats,141,98,17463.0,43,H,1.0
19880716_MelbourneDemons,1988,16,1988-07-16,Melbourne Cricket Ground,Melbourne Demons,Collingwood Magpies,94,48,74964.0,46,H,1.0
19880716_EssendonBombers,1988,16,1988-07-16,Windy Hill,Essendon Bombers,Fitzroy Lions,110,66,14477.0,44,H,1.0
19880717_NorthMelbourneKangaroos,1988,16,1988-07-17,Melbourne Cricket Ground,North Melbourne Kangaroos,Western Bulldogs,86,113,16872.0,-27,A,0.0
19880717_SydneySwans,1988,16,1988-07-17,Sydney Cricket Ground,Sydney Swans,Hawthorn Hawks,163,112,14591.0,51,H,1.0
19880722_FitzroyLions,1988,17,1988-07-22,Melbourne Cricket Ground,Fitzroy Lions,West Coast Eagles,134,64,7611.0,70,H,1.0
19880723_CollingwoodMagpies,1988,17,1988-07-23,Victoria Park,Collingwood Magpies,North Melbourne Kangaroos,92,92,16082.0,0,D,
19880723_MelbourneDemons,1988,17,1988-07-23,Waverley Park,Melbourne Demons,Hawthorn Hawks,68,137,37307.0,-69,A,0.0
19880723_StKildaSaints,1988,17,1988-07-23,People First Stadium,St Kilda Saints,Sydney Swans,92,99,11657.0,-7,A,0.0
19880723_GeelongCats,1988,17,1988-07-23,GMHBA Stadium,Geelong Cats,Western Bulldogs,115,69,13505.0,46,H,1.0
19880723_CarltonBlues,1988,17,1988-07-23,Princes Park,Carlton Blues,Richmond Tigers,100,60,17333.0,40,H,1.0
19880724_BrisbaneBears,1988,17,1988-07-24,People First Stadium,Brisbane Bears,Essendon Bombers,74,103,15950.0,-29,A,0.0
19880729_SydneySwans,1988,18,1988-07-29,Sydney Cricket Ground,Sydney Swans,Geelong Cats,88,151,12228.0,-63,A,0.0
19880730_FitzroyLions,1988,18,1988-07-30,Princes Park,Fitzroy Lions,Carlton Blues,67,143,15430.0,-76,A,0.0
19880730_HawthornHawks,1988,18,1988-07-30,Waverley Park,Hawthorn Hawks,Essendon Bombers,88,62,35662.0,26,H,1.0
19880730_NorthMelbourneKangaroos,1988,18,1988-07-30,Melbourne Cricket Ground,North Melbourne Kangaroos,Richmond Tigers,109,140,11909.0,-31,A,0.0
19880730_CollingwoodMagpies,1988,18,1988-07-30,Victoria Park,Collingwood Magpies,St Kilda Saints,114,80,16408.0,34,H,1.0
19880731_WestCoastEagles,1988,18,1988-07-31,Domain Stadium,West Coast Eagles,Melbourne Demons,122,78,16266.0,44,H,1.0
19880731_WesternBulldogs,1988,18,1988-07-31,Western Oval,Western Bulldogs,Brisbane Bears,84,43,11694.0,41,H,1.0
19880805_CollingwoodMagpies,1988,19,1988-08-05,Melbourne Cricket Ground,Collingwood Magpies,Brisbane Bears,122,76,20575.0,46,H,1.0
19880806_HawthornHawks,1988,19,1988-08-06,Princes Park,Hawthorn Hawks,Fitzroy Lions,178,104,12646.0,74,H,1.0
19880806_CarltonBlues,1988,19,1988-08-06,Waverley Park,Carlton Blues,Sydney Swans,79,107,18355.0,-28,A,0.0
19880806_RichmondTigers,1988,19,1988-08-06,Melbourne Cricket Ground,Richmond Tigers,Melbourne Demons,149,131,20475.0,18,H,1.0
19880806_WesternBulldogs,1988,19,1988-08-06,Western Oval,Western Bulldogs,St Kilda Saints,132,63,10477.0,69,H,1.0
19880806_EssendonBombers,1988,19,1988-08-06,Windy Hill,Essendon Bombers,Geelong Cats,90,157,15636.0,-67,A,0.0
19880807_WestCoastEagles,1988,19,1988-08-07,Domain Stadium,West Coast Eagles,North Melbourne Kangaroos,115,84,18193.0,31,H,1.0
19880812_RichmondTigers,1988,20,1988-08-12,Melbourne Cricket Ground,Richmond Tigers,Brisbane Bears,86,100,15026.0,-14,A,0.0
19880813_CarltonBlues,1988,20,1988-08-13,Princes Park,Carlton Blues,North Melbourne Kangaroos,141,137,16469.0,4,H,1.0
19880813_StKildaSaints,1988,20,1988-08-13,People First Stadium,St Kilda Saints,West Coast Eagles,88,97,11074.0,-9,A,0.0
19880813_CollingwoodMagpies,1988,20,1988-08-13,Waverley Park,Collingwood Magpies,Essendon Bombers,74,73,52719.0,1,H,1.0
19880813_MelbourneDemons,1988,20,1988-08-13,Melbourne Cricket Ground,Melbourne Demons,Western Bulldogs,100,110,27026.0,-10,A,0.0
19880814_GeelongCats,1988,20,1988-08-14,GMHBA Stadium,Geelong Cats,Hawthorn Hawks,68,128,23821.0,-60,A,0.0
19880814_SydneySwans,1988,20,1988-08-14,Sydney Cricket Ground,Sydney Swans,Fitzroy Lions,160,97,13811.0,63,H,1.0
19880819_NorthMelbourneKangaroos,1988,21,1988-08-19,Melbourne Cricket Ground,North Melbourne Kangaroos,Sydney Swans,113,101,14772.0,12,H,1.0
19880820_EssendonBombers,1988,21,1988-08-20,Windy Hill,Essendon Bombers,Melbourne Demons,128,90,19163.0,38,H,1.0
19880820_GeelongCats,1988,21,1988-08-20,GMHBA Stadium,Geelong Cats,Richmond Tigers,146,108,14359.0,38,H,1.0
19880820_HawthornHawks,1988,21,1988-08-20,Waverley Park,Hawthorn Hawks,St Kilda Saints,123,78,19222.0,45,H,1.0
19880820_FitzroyLions,1988,21,1988-08-20,Princes Park,Fitzroy Lions,Western Bulldogs,127,113,12841.0,14,H,1.0
19880821_BrisbaneBears,1988,21,1988-08-21,People First Stadium,Brisbane Bears,Carlton Blues,97,100,16727.0,-3,A,0.0
19880821_WestCoastEagles,1988,21,1988-08-21,Domain Stadium,West Coast Eagles,Collingwood Magpies,111,51,36638.0,60,H,1.0
19880826_RichmondTigers,1988,22,1988-08-26,Melbourne Cricket Ground,Richmond Tigers,Fitzroy Lions,157,54,19496.0,103,H,1.0
19880827_CollingwoodMagpies,1988,22,1988-08-27,Victoria Park,Collingwood Magpies,Geelong Cats,129,94,19771.0,35,H,1.0
19880827_MelbourneDemons,1988,22,1988-08-27,Melbourne Cricket Ground,Melbourne Demons,Carlton Blues,96,66,50178.0,30,H,1.0
19880827_HawthornHawks,1988,22,1988-08-27,Princes Park,Hawthorn Hawks,North Melbourne Kangaroos,184,89,11903.0,95,H,1.0
19880827_EssendonBombers,1988,22,1988-08-27,Waverley Park,Essendon Bombers,St Kilda Saints,84,65,26134.0,19,H,1.0
19880828_BrisbaneBears,1988,22,1988-08-28,People First Stadium,Brisbane Bears,Sydney Swans,77,81,12718.0,-4,A,0.0
19880828_WesternBulldogs,1988,22,1988-08-28,Western Oval,Western Bulldogs,West Coast Eagles,29,53,18456.0,-24,A,0.0
19880903_MelbourneDemons,1988,EF,1988-09-03,Waverley Park,Melbourne Demons,West Coast Eagles,73,71,43438.0,2,H,1.0
19880904_CarltonBlues,1988,QF,1988-09-04,Melbourne Cricket Ground,Carlton Blues,Collingwood Magpies,145,107,83032.0,38,H,1.0
19880910_HawthornHawks,1988,SF,1988-09-10,Waverley Park,Hawthorn Hawks,Carlton Blues,66,45,60052.0,21,H,1.0
19880911_MelbourneDemons,1988,SF,1988-09-11,Melbourne Cricket Ground,Melbourne Demons,Collingwood Magpies,95,82,87407.0,13,H,1.0
19880917_MelbourneDemons,1988,PF,1988-09-17,Waverley Park,Melbourne Demons,Carlton Blues,120,98,68516.0,22,H,1.0
19880924_HawthornHawks,1988,GF,1988-09-24,Melbourne Cricket Ground,Hawthorn Hawks,Melbourne Demons,152,56,93754.0,96,H,1.0
19890331_WestCoastEagles,1989,1,1989-03-31,WACA,West Coast Eagles,Essendon Bombers,96,112,25664.0,-16,A,0.0
19890401_StKildaSaints,1989,1,1989-04-01,People First Stadium,St Kilda Saints,Brisbane Bears,136,97,17236.0,39,H,1.0
19890401_MelbourneDemons,1989,1,1989-04-01,Melbourne Cricket Ground,Melbourne Demons,Fitzroy Lions,116,111,25792.0,5,H,1.0
19890401_CarltonBlues,1989,1,1989-04-01,Princes Park,Carlton Blues,Western Bulldogs,73,132,21294.0,-59,A,0.0
19890401_CollingwoodMagpies,1989,1,1989-04-01,Waverley Park,Collingwood Magpies,Hawthorn Hawks,93,83,50287.0,10,H,1.0
19890402_NorthMelbourneKangaroos,1989,1,1989-04-02,Melbourne Cricket Ground,North Melbourne Kangaroos,Geelong Cats,125,123,24383.0,2,H,1.0
19890402_SydneySwans,1989,1,1989-04-02,Sydney Cricket Ground,Sydney Swans,Richmond Tigers,89,73,8611.0,16,H,1.0
19890408_RichmondTigers,1989,2,1989-04-08,Melbourne Cricket Ground,Richmond Tigers,Western Bulldogs,156,88,22834.0,68,H,1.0
19890408_StKildaSaints,1989,2,1989-04-08,People First Stadium,St Kilda Saints,Carlton Blues,96,92,27796.0,4,H,1.0
19890408_EssendonBombers,1989,2,1989-04-08,Windy Hill,Essendon Bombers,Melbourne Demons,94,68,20431.0,26,H,1.0
19890408_NorthMelbourneKangaroos,1989,2,1989-04-08,Waverley Park,North Melbourne Kangaroos,Hawthorn Hawks,72,141,18939.0,-69,A,0.0
19890408_FitzroyLions,1989,2,1989-04-08,Princes Park,Fitzroy Lions,Collingwood Magpies,132,107,21618.0,25,H,1.0
19890409_GeelongCats,1989,2,1989-04-09,GMHBA Stadium,Geelong Cats,West Coast Eagles,175,80,19939.0,95,H,1.0
19890409_BrisbaneBears,1989,2,1989-04-09,People First Stadium,Brisbane Bears,Sydney Swans,123,65,11405.0,58,H,1.0
19890415_HawthornHawks,1989,3,1989-04-15,Princes Park,Hawthorn Hawks,Essendon Bombers,135,91,23922.0,44,H,1.0
19890415_StKildaSaints,1989,3,1989-04-15,Waverley Park,St Kilda Saints,Fitzroy Lions,122,132,31780.0,-10,A,0.0
19890415_WesternBulldogs,1989,3,1989-04-15,Western Oval,Western Bulldogs,North Melbourne Kangaroos,66,84,14926.0,-18,A,0.0
19890415_RichmondTigers,1989,3,1989-04-15,Melbourne Cricket Ground,Richmond Tigers,Melbourne Demons,61,122,32582.0,-61,A,0.0
19890415_CollingwoodMagpies,1989,3,1989-04-15,Victoria Park,Collingwood Magpies,Brisbane Bears,135,75,18240.0,60,H,1.0
19890416_SydneySwans,1989,3,1989-04-16,Sydney Cricket Ground,Sydney Swans,West Coast Eagles,134,83,11298.0,51,H,1.0
19890416_GeelongCats,1989,3,1989-04-16,GMHBA Stadium,Geelong Cats,Carlton Blues,117,64,27633.0,53,H,1.0
19890421_MelbourneDemons,1989,4,1989-04-21,Melbourne Cricket Ground,Melbourne Demons,Brisbane Bears,79,53,17560.0,26,H,1.0
19890422_CollingwoodMagpies,1989,4,1989-04-22,Victoria Park,Collingwood Magpies,St Kilda Saints,159,95,27331.0,64,H,1.0
19890422_FitzroyLions,1989,4,1989-04-22,Princes Park,Fitzroy Lions,Sydney Swans,79,153,12573.0,-74,A,0.0
19890423_WestCoastEagles,1989,4,1989-04-23,WACA,West Coast Eagles,North Melbourne Kangaroos,72,115,18546.0,-43,A,0.0
19890423_WesternBulldogs,1989,4,1989-04-23,Western Oval,Western Bulldogs,Geelong Cats,87,99,22844.0,-12,A,0.0
19890425_CarltonBlues,1989,4,1989-04-25,Princes Park,Carlton Blues,Essendon Bombers,110,138,33074.0,-28,A,0.0
19890425_RichmondTigers,1989,4,1989-04-25,Waverley Park,Richmond Tigers,Hawthorn Hawks,66,110,41347.0,-44,A,0.0
19890429_MelbourneDemons,1989,5,1989-04-29,Melbourne Cricket Ground,Melbourne Demons,Western Bulldogs,82,71,25273.0,11,H,1.0
19890429_EssendonBombers,1989,5,1989-04-29,Windy Hill,Essendon Bombers,St Kilda Saints,138,84,18542.0,54,H,1.0
19890429_HawthornHawks,1989,5,1989-04-29,Waverley Park,Hawthorn Hawks,Carlton Blues,125,71,31827.0,54,H,1.0
19890429_FitzroyLions,1989,5,1989-04-29,Princes Park,Fitzroy Lions,Geelong Cats,113,112,13102.0,1,H,1.0
19890430_BrisbaneBears,1989,5,1989-04-30,People First Stadium,Brisbane Bears,West Coast Eagles,73,125,9694.0,-52,A,0.0
19890430_NorthMelbourneKangaroos,1989,5,1989-04-30,Melbourne Cricket Ground,North Melbourne Kangaroos,Richmond Tigers,134,171,19691.0,-37,A,0.0
19890430_SydneySwans,1989,5,1989-04-30,Sydney Cricket Ground,Sydney Swans,Collingwood Magpies,77,66,22490.0,11,H,1.0
19890505_WestCoastEagles,1989,6,1989-05-05,WACA,West Coast Eagles,Fitzroy Lions,81,89,21268.0,-8,A,0.0
19890506_HawthornHawks,1989,6,1989-05-06,Princes Park,Hawthorn Hawks,Geelong Cats,171,163,17430.0,8,H,1.0
19890506_StKildaSaints,1989,6,1989-05-06,People First Stadium,St Kilda Saints,Sydney Swans,95,67,20285.0,28,H,1.0
19890506_CarltonBlues,1989,6,1989-05-06,Waverley Park,Carlton Blues,Richmond Tigers,102,66,31287.0,36,H,1.0
19890506_MelbourneDemons,1989,6,1989-05-06,Melbourne Cricket Ground,Melbourne Demons,Collingwood Magpies,64,124,67239.0,-60,A,0.0
19890507_BrisbaneBears,1989,6,1989-05-07,People First Stadium,Brisbane Bears,Western Bulldogs,59,51,5134.0,8,H,1.0
19890507_NorthMelbourneKangaroos,1989,6,1989-05-07,Melbourne Cricket Ground,North Melbourne Kangaroos,Essendon Bombers,121,105,34379.0,16,H,1.0
19890512_SydneySwans,1989,7,1989-05-12,Sydney Cricket Ground,Sydney Swans,North Melbourne Kangaroos,58,67,13875.0,-9,A,0.0
19890513_GeelongCats,1989,7,1989-05-13,GMHBA Stadium,Geelong Cats,St Kilda Saints,228,109,21421.0,119,H,1.0
19890513_RichmondTigers,1989,7,1989-05-13,Waverley Park,Richmond Tigers,West Coast Eagles,92,90,11745.0,2,H,1.0
19890513_MelbourneDemons,1989,7,1989-05-13,Melbourne Cricket Ground,Melbourne Demons,Carlton Blues,86,80,36785.0,6,H,1.0
19890513_CollingwoodMagpies,1989,7,1989-05-13,Victoria Park,Collingwood Magpies,Western Bulldogs,106,78,23533.0,28,H,1.0
19890513_HawthornHawks,1989,7,1989-05-13,Princes Park,Hawthorn Hawks,Fitzroy Lions,165,84,16316.0,81,H,1.0
19890514_BrisbaneBears,1989,7,1989-05-14,People First Stadium,Brisbane Bears,Essendon Bombers,81,112,12034.0,-31,A,0.0
19890520_WesternBulldogs,1989,8,1989-05-20,Western Oval,Western Bulldogs,Fitzroy Lions,64,63,11926.0,1,H,1.0
19890520_HawthornHawks,1989,8,1989-05-20,Princes Park,Hawthorn Hawks,Sydney Swans,157,83,13148.0,74,H,1.0
19890520_GeelongCats,1989,8,1989-05-20,GMHBA Stadium,Geelong Cats,Brisbane Bears,179,50,17265.0,129,H,1.0
19890520_EssendonBombers,1989,8,1989-05-20,Windy Hill,Essendon Bombers,Richmond Tigers,145,87,18030.0,58,H,1.0
19890520_StKildaSaints,1989,8,1989-05-20,People First Stadium,St Kilda Saints,North Melbourne Kangaroos,115,112,19193.0,3,H,1.0
19890520_CarltonBlues,1989,8,1989-05-20,Waverley Park,Carlton Blues,Collingwood Magpies,80,109,61237.0,-29,A,0.0
19890521_WestCoastEagles,1989,8,1989-05-21,Domain Stadium,West Coast Eagles,Melbourne Demons,93,95,16017.0,-2,A,0.0
19890526_NorthMelbourneKangaroos,1989,9,1989-05-26,Melbourne Cricket Ground,North Melbourne Kangaroos,Brisbane Bears,165,71,8634.0,94,H,1.0
19890527_EssendonBombers,1989,9,1989-05-27,Waverley Park,Essendon Bombers,Collingwood Magpies,125,58,71390.0,67,H,1.0
19890527_RichmondTigers,1989,9,1989-05-27,Melbourne Cricket Ground,Richmond Tigers,Geelong Cats,77,211,24321.0,-134,A,0.0
19890527_StKildaSaints,1989,9,1989-05-27,People First Stadium,St Kilda Saints,West Coast Eagles,118,83,15768.0,35,H,1.0
19890527_CarltonBlues,1989,9,1989-05-27,Princes Park,Carlton Blues,Fitzroy Lions,159,122,19307.0,37,H,1.0
19890528_SydneySwans,1989,9,1989-05-28,Sydney Cricket Ground,Sydney Swans,Melbourne Demons,43,52,13475.0,-9,A,0.0
19890528_WesternBulldogs,1989,9,1989-05-28,Western Oval,Western Bulldogs,Hawthorn Hawks,73,117,16437.0,-44,A,0.0
19890602_NorthMelbourneKangaroos,1989,10,1989-06-02,Melbourne Cricket Ground,North Melbourne Kangaroos,Melbourne Demons,83,113,27159.0,-30,A,0.0
19890603_StKildaSaints,1989,10,1989-06-03,Waverley Park,St Kilda Saints,Richmond Tigers,99,92,24839.0,7,H,1.0
19890603_WesternBulldogs,1989,10,1989-06-03,Western Oval,Western Bulldogs,Sydney Swans,98,66,10170.0,32,H,1.0
19890603_CarltonBlues,1989,10,1989-06-03,Princes Park,Carlton Blues,Brisbane Bears,115,118,12099.0,-3,A,0.0
19890603_EssendonBombers,1989,10,1989-06-03,Windy Hill,Essendon Bombers,Fitzroy Lions,122,69,15556.0,53,H,1.0
19890603_CollingwoodMagpies,1989,10,1989-06-03,Melbourne Cricket Ground,Collingwood Magpies,Geelong Cats,88,154,65185.0,-66,A,0.0
19890604_WestCoastEagles,1989,10,1989-06-04,Domain Stadium,West Coast Eagles,Hawthorn Hawks,105,110,20219.0,-5,A,0.0
19890609_SydneySwans,1989,11,1989-06-09,Sydney Cricket Ground,Sydney Swans,Carlton Blues,57,85,13703.0,-28,A,0.0
19890610_WesternBulldogs,1989,11,1989-06-10,Waverley Park,Western Bulldogs,St Kilda Saints,62,54,17060.0,8,H,1.0
19890610_FitzroyLions,1989,11,1989-06-10,Princes Park,Fitzroy Lions,North Melbourne Kangaroos,14,49,7817.0,-35,A,0.0
19890610_RichmondTigers,1989,11,1989-06-10,Melbourne Cricket Ground,Richmond Tigers,Brisbane Bears,45,26,7966.0,19,H,1.0
19890611_WestCoastEagles,1989,11,1989-06-11,Domain Stadium,West Coast Eagles,Collingwood Magpies,81,116,20233.0,-35,A,0.0
19890612_GeelongCats,1989,11,1989-06-12,Melbourne Cricket Ground,Geelong Cats,Essendon Bombers,89,35,87653.0,54,H,1.0
19890612_HawthornHawks,1989,11,1989-06-12,Princes Park,Hawthorn Hawks,Melbourne Demons,54,69,21396.0,-15,A,0.0
19890616_WestCoastEagles,1989,12,1989-06-16,WACA,West Coast Eagles,Western Bulldogs,105,77,13578.0,28,H,1.0
19890617_CollingwoodMagpies,1989,12,1989-06-17,Waverley Park,Collingwood Magpies,Richmond Tigers,123,69,26557.0,54,H,1.0
19890617_EssendonBombers,1989,12,1989-06-17,Windy Hill,Essendon Bombers,Sydney Swans,50,55,13351.0,-5,A,0.0
19890617_StKildaSaints,1989,12,1989-06-17,People First Stadium,St Kilda Saints,Hawthorn Hawks,54,72,18124.0,-18,A,0.0
19890617_CarltonBlues,1989,12,1989-06-17,Princes Park,Carlton Blues,North Melbourne Kangaroos,51,40,15909.0,11,H,1.0
19890617_MelbourneDemons,1989,12,1989-06-17,Melbourne Cricket Ground,Melbourne Demons,Geelong Cats,20,89,38128.0,-69,A,0.0
19890618_BrisbaneBears,1989,12,1989-06-18,People First Stadium,Brisbane Bears,Fitzroy Lions,114,128,10008.0,-14,A,0.0
19890623_HawthornHawks,1989,13,1989-06-23,Waverley Park,Hawthorn Hawks,Brisbane Bears,106,35,6292.0,71,H,1.0
19890624_CollingwoodMagpies,1989,13,1989-06-24,Victoria Park,Collingwood Magpies,North Melbourne Kangaroos,108,56,21210.0,52,H,1.0
19890624_CarltonBlues,1989,13,1989-06-24,Princes Park,Carlton Blues,West Coast Eagles,64,41,11991.0,23,H,1.0
19890624_FitzroyLions,1989,13,1989-06-24,Waverley Park,Fitzroy Lions,Richmond Tigers,95,67,12424.0,28,H,1.0
19890624_StKildaSaints,1989,13,1989-06-24,People First Stadium,St Kilda Saints,Melbourne Demons,56,64,19040.0,-8,A,0.0
19890624_EssendonBombers,1989,13,1989-06-24,Windy Hill,Essendon Bombers,Western Bulldogs,28,23,13429.0,5,H,1.0
19890625_SydneySwans,1989,13,1989-06-25,Sydney Cricket Ground,Sydney Swans,Geelong Cats,103,111,12967.0,-8,A,0.0
19890707_NorthMelbourneKangaroos,1989,14,1989-07-07,Melbourne Cricket Ground,North Melbourne Kangaroos,St Kilda Saints,127,67,19354.0,60,H,1.0
19890708_HawthornHawks,1989,14,1989-07-08,Princes Park,Hawthorn Hawks,West Coast Eagles,141,50,7894.0,91,H,1.0
19890708_GeelongCats,1989,14,1989-07-08,GMHBA Stadium,Geelong Cats,Fitzroy Lions,82,58,18407.0,24,H,1.0
19890708_EssendonBombers,1989,14,1989-07-08,Waverley Park,Essendon Bombers,Carlton Blues,61,58,34617.0,3,H,1.0
19890708_RichmondTigers,1989,14,1989-07-08,Melbourne Cricket Ground,Richmond Tigers,Sydney Swans,75,50,12601.0,25,H,1.0
19890709_WesternBulldogs,1989,14,1989-07-09,Western Oval,Western Bulldogs,Collingwood Magpies,105,57,18775.0,48,H,1.0
19890709_BrisbaneBears,1989,14,1989-07-09,People First Stadium,Brisbane Bears,Melbourne Demons,99,113,8799.0,-14,A,0.0
19890715_FitzroyLions,1989,15,1989-07-15,Princes Park,Fitzroy Lions,St Kilda Saints,92,86,10789.0,6,H,1.0
19890715_MelbourneDemons,1989,15,1989-07-15,Melbourne Cricket Ground,Melbourne Demons,North Melbourne Kangaroos,117,81,23766.0,36,H,1.0
19890715_EssendonBombers,1989,15,1989-07-15,Windy Hill,Essendon Bombers,West Coast Eagles,160,18,11452.0,142,H,1.0
19890715_CollingwoodMagpies,1989,15,1989-07-15,Waverley Park,Collingwood Magpies,Carlton Blues,90,96,44548.0,-6,A,0.0
19890715_BrisbaneBears,1989,15,1989-07-15,People First Stadium,Brisbane Bears,Geelong Cats,77,151,18198.0,-74,A,0.0
19890716_SydneySwans,1989,15,1989-07-16,Sydney Cricket Ground,Sydney Swans,Western Bulldogs,117,77,8010.0,40,H,1.0
19890716_RichmondTigers,1989,15,1989-07-16,Melbourne Cricket Ground,Richmond Tigers,Hawthorn Hawks,104,142,17894.0,-38,A,0.0
19890722_HawthornHawks,1989,16,1989-07-22,Princes Park,Hawthorn Hawks,Collingwood Magpies,137,77,21487.0,60,H,1.0
19890722_WesternBulldogs,1989,16,1989-07-22,Western Oval,Western Bulldogs,Carlton Blues,46,46,15089.0,0,D,
19890722_BrisbaneBears,1989,16,1989-07-22,People First Stadium,Brisbane Bears,St Kilda Saints,94,90,11004.0,4,H,1.0
19890722_RichmondTigers,1989,16,1989-07-22,Melbourne Cricket Ground,Richmond Tigers,Essendon Bombers,66,99,23964.0,-33,A,0.0
19890722_GeelongCats,1989,16,1989-07-22,Waverley Park,Geelong Cats,Melbourne Demons,109,112,38865.0,-3,A,0.0
19890723_NorthMelbourneKangaroos,1989,16,1989-07-23,Melbourne Cricket Ground,North Melbourne Kangaroos,Fitzroy Lions,66,107,13702.0,-41,A,0.0
19890723_WestCoastEagles,1989,16,1989-07-23,Domain Stadium,West Coast Eagles,Sydney Swans,112,70,13118.0,42,H,1.0
19890728_RichmondTigers,1989,17,1989-07-28,Melbourne Cricket Ground,Richmond Tigers,Fitzroy Lions,51,123,15045.0,-72,A,0.0
19890729_GeelongCats,1989,17,1989-07-29,Melbourne Cricket Ground,Geelong Cats,Collingwood Magpies,104,125,35217.0,-21,A,0.0
19890729_NorthMelbourneKangaroos,1989,17,1989-07-29,Waverley Park,North Melbourne Kangaroos,Hawthorn Hawks,78,154,15523.0,-76,A,0.0
19890729_CarltonBlues,1989,17,1989-07-29,Princes Park,Carlton Blues,Melbourne Demons,106,79,20368.0,27,H,1.0
19890729_StKildaSaints,1989,17,1989-07-29,People First Stadium,St Kilda Saints,Essendon Bombers,106,133,17008.0,-27,A,0.0
19890730_WesternBulldogs,1989,17,1989-07-30,Western Oval,Western Bulldogs,West Coast Eagles,72,109,9467.0,-37,A,0.0
19890730_SydneySwans,1989,17,1989-07-30,Sydney Cricket Ground,Sydney Swans,Brisbane Bears,95,70,7437.0,25,H,1.0
19890805_CollingwoodMagpies,1989,18,1989-08-05,Victoria Park,Collingwood Magpies,Sydney Swans,81,85,17566.0,-4,A,0.0
19890805_BrisbaneBears,1989,18,1989-08-05,People First Stadium,Brisbane Bears,North Melbourne Kangaroos,167,84,9606.0,83,H,1.0
19890805_CarltonBlues,1989,18,1989-08-05,Waverley Park,Carlton Blues,Hawthorn Hawks,90,95,33615.0,-5,A,0.0
19890805_StKildaSaints,1989,18,1989-08-05,People First Stadium,St Kilda Saints,Geelong Cats,90,113,14243.0,-23,A,0.0
19890805_FitzroyLions,1989,18,1989-08-05,Princes Park,Fitzroy Lions,Melbourne Demons,151,103,11090.0,48,H,1.0
19890806_WesternBulldogs,1989,18,1989-08-06,Western Oval,Western Bulldogs,Essendon Bombers,23,51,16005.0,-28,A,0.0
19890806_WestCoastEagles,1989,18,1989-08-06,Domain Stadium,West Coast Eagles,Richmond Tigers,130,79,17595.0,51,H,1.0
19890811_RichmondTigers,1989,19,1989-08-11,Waverley Park,Richmond Tigers,Carlton Blues,76,104,14783.0,-28,A,0.0
19890812_GeelongCats,1989,19,1989-08-12,GMHBA Stadium,Geelong Cats,Western Bulldogs,124,74,17046.0,50,H,1.0
19890812_MelbourneDemons,1989,19,1989-08-12,Waverley Park,Melbourne Demons,Hawthorn Hawks,63,87,28117.0,-24,A,0.0
19890812_FitzroyLions,1989,19,1989-08-12,Princes Park,Fitzroy Lions,West Coast Eagles,72,40,6623.0,32,H,1.0
19890812_EssendonBombers,1989,19,1989-08-12,Windy Hill,Essendon Bombers,Brisbane Bears,101,47,11915.0,54,H,1.0
19890813_SydneySwans,1989,19,1989-08-13,Sydney Cricket Ground,Sydney Swans,St Kilda Saints,159,109,11583.0,50,H,1.0
19890813_NorthMelbourneKangaroos,1989,19,1989-08-13,Waverley Park,North Melbourne Kangaroos,Collingwood Magpies,80,78,21027.0,2,H,1.0
19890818_WestCoastEagles,1989,20,1989-08-18,WACA,West Coast Eagles,Geelong Cats,126,82,15721.0,44,H,1.0
19890819_FitzroyLions,1989,20,1989-08-19,Waverley Park,Fitzroy Lions,Collingwood Magpies,71,104,42117.0,-33,A,0.0
19890819_WesternBulldogs,1989,20,1989-08-19,Western Oval,Western Bulldogs,Richmond Tigers,107,29,8673.0,78,H,1.0
19890819_EssendonBombers,1989,20,1989-08-19,Windy Hill,Essendon Bombers,North Melbourne Kangaroos,128,112,15794.0,16,H,1.0
19890819_CarltonBlues,1989,20,1989-08-19,Princes Park,Carlton Blues,St Kilda Saints,133,132,15106.0,1,H,1.0
19890819_MelbourneDemons,1989,20,1989-08-19,Melbourne Cricket Ground,Melbourne Demons,Sydney Swans,98,87,16304.0,11,H,1.0
19890820_BrisbaneBears,1989,20,1989-08-20,People First Stadium,Brisbane Bears,Hawthorn Hawks,77,61,9093.0,16,H,1.0
19890825_SydneySwans,1989,21,1989-08-25,Sydney Cricket Ground,Sydney Swans,Essendon Bombers,110,104,12042.0,6,H,1.0
19890826_FitzroyLions,1989,21,1989-08-26,Waverley Park,Fitzroy Lions,Brisbane Bears,68,81,6622.0,-13,A,0.0
19890826_CollingwoodMagpies,1989,21,1989-08-26,Victoria Park,Collingwood Magpies,Richmond Tigers,83,37,16657.0,46,H,1.0
19890826_HawthornHawks,1989,21,1989-08-26,Princes Park,Hawthorn Hawks,Western Bulldogs,134,59,10022.0,75,H,1.0
19890826_GeelongCats,1989,21,1989-08-26,GMHBA Stadium,Geelong Cats,North Melbourne Kangaroos,139,117,18025.0,22,H,1.0
19890826_MelbourneDemons,1989,21,1989-08-26,Melbourne Cricket Ground,Melbourne Demons,St Kilda Saints,72,104,19649.0,-32,A,0.0
19890827_WestCoastEagles,1989,21,1989-08-27,Domain Stadium,West Coast Eagles,Carlton Blues,148,72,23644.0,76,H,1.0
19890901_NorthMelbourneKangaroos,1989,22,1989-09-01,Melbourne Cricket Ground,North Melbourne Kangaroos,Sydney Swans,93,136,9235.0,-43,A,0.0
19890902_GeelongCats,1989,22,1989-09-02,GMHBA Stadium,Geelong Cats,Richmond Tigers,162,86,20788.0,76,H,1.0
19890902_MelbourneDemons,1989,22,1989-09-02,Melbourne Cricket Ground,Melbourne Demons,Essendon Bombers,89,108,41080.0,-19,A,0.0
19890902_HawthornHawks,1989,22,1989-09-02,Waverley Park,Hawthorn Hawks,St Kilda Saints,181,91,25532.0,90,H,1.0
19890902_CollingwoodMagpies,1989,22,1989-09-02,Victoria Park,Collingwood Magpies,West Coast Eagles,129,80,18118.0,49,H,1.0
19890902_FitzroyLions,1989,22,1989-09-02,Princes Park,Fitzroy Lions,Western Bulldogs,96,81,8837.0,15,H,1.0
19890903_BrisbaneBears,1989,22,1989-09-03,People First Stadium,Brisbane Bears,Carlton Blues,105,70,15409.0,35,H,1.0
19890909_MelbourneDemons,1989,EF,1989-09-09,Waverley Park,Melbourne Demons,Collingwood Magpies,111,88,63062.0,23,H,1.0
19890910_EssendonBombers,1989,QF,1989-09-10,Melbourne Cricket Ground,Essendon Bombers,Geelong Cats,157,81,75861.0,76,H,1.0
19890916_HawthornHawks,1989,SF,1989-09-16,Waverley Park,Hawthorn Hawks,Essendon Bombers,112,76,66003.0,36,H,1.0
19890917_GeelongCats,1989,SF,1989-09-17,Melbourne Cricket Ground,Geelong Cats,Melbourne Demons,153,90,69082.0,63,H,1.0
19890923_GeelongCats,1989,PF,1989-09-23,Waverley Park,Geelong Cats,Essendon Bombers,164,70,67892.0,94,H,1.0
19890930_HawthornHawks,1989,GF,1989-09-30,Melbourne Cricket Ground,Hawthorn Hawks,Geelong Cats,144,138,94796.0,6,H,1.0
19900331_GeelongCats,1990,1,1990-03-31,Waverley Park,Geelong Cats,Hawthorn Hawks,77,192,41694.0,-115,A,0.0
19900331_EssendonBombers,1990,1,1990-03-31,Windy Hill,Essendon Bombers,Fitzroy Lions,141,60,18960.0,81,H,1.0
19900331_BrisbaneBears,1990,1,1990-03-31,People First Stadium,Brisbane Bears,Richmond Tigers,133,74,11814.0,59,H,1.0
19900331_CarltonBlues,1990,1,1990-03-31,Princes Park,Carlton Blues,Sydney Swans,99,104,22427.0,-5,A,0.0
19900331_NorthMelbourneKangaroos,1990,1,1990-03-31,Melbourne Cricket Ground,North Melbourne Kangaroos,Melbourne Demons,89,142,23191.0,-53,A,0.0
19900401_WestCoastEagles,1990,1,1990-04-01,Domain Stadium,West Coast Eagles,Collingwood Magpies,100,54,25342.0,46,H,1.0
19900401_WesternBulldogs,1990,1,1990-04-01,Western Oval,Western Bulldogs,St Kilda Saints,81,144,28553.0,-63,A,0.0
19900406_RichmondTigers,1990,2,1990-04-06,Melbourne Cricket Ground,Richmond Tigers,North Melbourne Kangaroos,68,209,18105.0,-141,A,0.0
19900407_MelbourneDemons,1990,2,1990-04-07,Melbourne Cricket Ground,Melbourne Demons,Geelong Cats,128,91,29024.0,37,H,1.0
19900407_CarltonBlues,1990,2,1990-04-07,Waverley Park,Carlton Blues,Collingwood Magpies,87,122,44906.0,-35,A,0.0
19900407_StKildaSaints,1990,2,1990-04-07,People First Stadium,St Kilda Saints,West Coast Eagles,127,69,23161.0,58,H,1.0
19900407_FitzroyLions,1990,2,1990-04-07,Princes Park,Fitzroy Lions,Brisbane Bears,98,59,6838.0,39,H,1.0
19900408_EssendonBombers,1990,2,1990-04-08,Melbourne Cricket Ground,Essendon Bombers,Hawthorn Hawks,159,97,55311.0,62,H,1.0
19900408_SydneySwans,1990,2,1990-04-08,Sydney Cricket Ground,Sydney Swans,Western Bulldogs,78,140,11051.0,-62,A,0.0
19900414_WesternBulldogs,1990,3,1990-04-14,Western Oval,Western Bulldogs,West Coast Eagles,59,122,14842.0,-63,A,0.0
19900414_StKildaSaints,1990,3,1990-04-14,Waverley Park,St Kilda Saints,Carlton Blues,76,92,53065.0,-16,A,0.0
19900414_HawthornHawks,1990,3,1990-04-14,Princes Park,Hawthorn Hawks,Richmond Tigers,111,81,11698.0,30,H,1.0
19900415_BrisbaneBears,1990,3,1990-04-15,People First Stadium,Brisbane Bears,North Melbourne Kangaroos,95,113,8683.0,-18,A,0.0
19900416_GeelongCats,1990,3,1990-04-16,GMHBA Stadium,Geelong Cats,Fitzroy Lions,150,77,23031.0,73,H,1.0
19900416_MelbourneDemons,1990,3,1990-04-16,Melbourne Cricket Ground,Melbourne Demons,Essendon Bombers,122,95,59894.0,27,H,1.0
19900416_CollingwoodMagpies,1990,3,1990-04-16,Victoria Park,Collingwood Magpies,Sydney Swans,128,93,27839.0,35,H,1.0
19900420_WestCoastEagles,1990,4,1990-04-20,WACA,West Coast Eagles,Carlton Blues,120,70,28568.0,50,H,1.0
19900421_RichmondTigers,1990,4,1990-04-21,Melbourne Cricket Ground,Richmond Tigers,Essendon Bombers,49,127,17975.0,-78,A,0.0
19900421_HawthornHawks,1990,4,1990-04-21,Princes Park,Hawthorn Hawks,Brisbane Bears,120,38,8649.0,82,H,1.0
19900421_FitzroyLions,1990,4,1990-04-21,Waverley Park,Fitzroy Lions,Melbourne Demons,64,89,13671.0,-25,A,0.0
19900421_CollingwoodMagpies,1990,4,1990-04-21,Victoria Park,Collingwood Magpies,Western Bulldogs,96,78,17948.0,18,H,1.0
19900422_SydneySwans,1990,4,1990-04-22,Sydney Cricket Ground,Sydney Swans,St Kilda Saints,97,131,11472.0,-34,A,0.0
19900422_NorthMelbourneKangaroos,1990,4,1990-04-22,Melbourne Cricket Ground,North Melbourne Kangaroos,Geelong Cats,112,143,28512.0,-31,A,0.0
19900425_CarltonBlues,1990,5,1990-04-25,Princes Park,Carlton Blues,Western Bulldogs,76,103,24960.0,-27,A,0.0
19900425_RichmondTigers,1990,5,1990-04-25,Melbourne Cricket Ground,Richmond Tigers,Fitzroy Lions,143,64,23078.0,79,H,1.0
19900428_StKildaSaints,1990,5,1990-04-28,Melbourne Cricket Ground,St Kilda Saints,Collingwood Magpies,91,92,67893.0,-1,A,0.0
19900428_HawthornHawks,1990,5,1990-04-28,Princes Park,Hawthorn Hawks,North Melbourne Kangaroos,108,78,13144.0,30,H,1.0
19900428_EssendonBombers,1990,5,1990-04-28,Waverley Park,Essendon Bombers,Geelong Cats,81,89,42097.0,-8,A,0.0
19900428_BrisbaneBears,1990,5,1990-04-28,People First Stadium,Brisbane Bears,Melbourne Demons,61,125,9381.0,-64,A,0.0
19900429_WestCoastEagles,1990,5,1990-04-29,Domain Stadium,West Coast Eagles,Sydney Swans,128,67,25683.0,61,H,1.0
19900504_RichmondTigers,1990,6,1990-05-04,Melbourne Cricket Ground,Richmond Tigers,West Coast Eagles,68,103,17229.0,-35,A,0.0
19900505_WesternBulldogs,1990,6,1990-05-05,Waverley Park,Western Bulldogs,Fitzroy Lions,82,50,13610.0,32,H,1.0
19900505_CollingwoodMagpies,1990,6,1990-05-05,Melbourne Cricket Ground,Collingwood Magpies,Essendon Bombers,75,101,63318.0,-26,A,0.0
19900505_StKildaSaints,1990,6,1990-05-05,People First Stadium,St Kilda Saints,Hawthorn Hawks,104,101,30895.0,3,H,1.0
19900505_GeelongCats,1990,6,1990-05-05,GMHBA Stadium,Geelong Cats,Brisbane Bears,151,80,18426.0,71,H,1.0
19900505_CarltonBlues,1990,6,1990-05-05,Princes Park,Carlton Blues,North Melbourne Kangaroos,133,103,17555.0,30,H,1.0
19900506_SydneySwans,1990,6,1990-05-06,Sydney Cricket Ground,Sydney Swans,Melbourne Demons,98,93,10155.0,5,H,1.0
19900511_MelbourneDemons,1990,7,1990-05-11,Melbourne Cricket Ground,Melbourne Demons,West Coast Eagles,116,61,32269.0,55,H,1.0
19900512_CollingwoodMagpies,1990,7,1990-05-12,Waverley Park,Collingwood Magpies,Hawthorn Hawks,92,94,48099.0,-2,A,0.0
19900512_NorthMelbourneKangaroos,1990,7,1990-05-12,Melbourne Cricket Ground,North Melbourne Kangaroos,Western Bulldogs,85,87,16155.0,-2,A,0.0
19900512_FitzroyLions,1990,7,1990-05-12,Princes Park,Fitzroy Lions,St Kilda Saints,121,103,14524.0,18,H,1.0
19900512_EssendonBombers,1990,7,1990-05-12,Windy Hill,Essendon Bombers,Carlton Blues,91,111,22198.0,-20,A,0.0
19900513_GeelongCats,1990,7,1990-05-13,GMHBA Stadium,Geelong Cats,Richmond Tigers,82,96,21181.0,-14,A,0.0
19900513_BrisbaneBears,1990,7,1990-05-13,People First Stadium,Brisbane Bears,Sydney Swans,96,88,7226.0,8,H,1.0
19900518_SydneySwans,1990,8,1990-05-18,Sydney Cricket Ground,Sydney Swans,Geelong Cats,107,98,8960.0,9,H,1.0
19900519_FitzroyLions,1990,8,1990-05-19,Princes Park,Fitzroy Lions,Collingwood Magpies,75,120,16530.0,-45,A,0.0
19900519_CarltonBlues,1990,8,1990-05-19,Waverley Park,Carlton Blues,Hawthorn Hawks,126,59,36370.0,67,H,1.0
19900519_MelbourneDemons,1990,8,1990-05-19,Melbourne Cricket Ground,Melbourne Demons,Richmond Tigers,133,80,26376.0,53,H,1.0
19900519_StKildaSaints,1990,8,1990-05-19,People First Stadium,St Kilda Saints,North Melbourne Kangaroos,94,78,22351.0,16,H,1.0
19900520_WestCoastEagles,1990,8,1990-05-20,Domain Stadium,West Coast Eagles,Brisbane Bears,122,63,20457.0,59,H,1.0
19900520_WesternBulldogs,1990,8,1990-05-20,Western Oval,Western Bulldogs,Essendon Bombers,78,97,25255.0,-19,A,0.0
19900526_CollingwoodMagpies,1990,9,1990-05-26,Victoria Park,Collingwood Magpies,North Melbourne Kangaroos,176,96,22232.0,80,H,1.0
19900526_HawthornHawks,1990,9,1990-05-26,Waverley Park,Hawthorn Hawks,Melbourne Demons,92,48,39701.0,44,H,1.0
19900526_EssendonBombers,1990,9,1990-05-26,Windy Hill,Essendon Bombers,St Kilda Saints,124,113,21251.0,11,H,1.0
19900526_BrisbaneBears,1990,9,1990-05-26,People First Stadium,Brisbane Bears,Western Bulldogs,56,125,6628.0,-69,A,0.0
19900526_CarltonBlues,1990,9,1990-05-26,Princes Park,Carlton Blues,Fitzroy Lions,123,82,19052.0,41,H,1.0
19900527_RichmondTigers,1990,9,1990-05-27,Melbourne Cricket Ground,Richmond Tigers,Sydney Swans,139,60,19465.0,79,H,1.0
19900527_WestCoastEagles,1990,9,1990-05-27,Domain Stadium,West Coast Eagles,Geelong Cats,112,93,21323.0,19,H,1.0
19900601_NorthMelbourneKangaroos,1990,10,1990-06-01,Melbourne Cricket Ground,North Melbourne Kangaroos,West Coast Eagles,118,90,9377.0,28,H,1.0
19900602_CollingwoodMagpies,1990,10,1990-06-02,Waverley Park,Collingwood Magpies,Melbourne Demons,110,58,49655.0,52,H,1.0
19900602_RichmondTigers,1990,10,1990-06-02,Melbourne Cricket Ground,Richmond Tigers,Carlton Blues,108,85,31648.0,23,H,1.0
19900602_StKildaSaints,1990,10,1990-06-02,People First Stadium,St Kilda Saints,Brisbane Bears,148,71,14099.0,77,H,1.0
19900602_FitzroyLions,1990,10,1990-06-02,Princes Park,Fitzroy Lions,Hawthorn Hawks,103,89,11329.0,14,H,1.0
19900603_SydneySwans,1990,10,1990-06-03,Sydney Cricket Ground,Sydney Swans,Essendon Bombers,74,164,12551.0,-90,A,0.0
19900603_GeelongCats,1990,10,1990-06-03,GMHBA Stadium,Geelong Cats,Western Bulldogs,96,94,26073.0,2,H,1.0
19900609_EssendonBombers,1990,11,1990-06-09,Windy Hill,Essendon Bombers,West Coast Eagles,99,60,19427.0,39,H,1.0
19900609_HawthornHawks,1990,11,1990-06-09,Princes Park,Hawthorn Hawks,Sydney Swans,132,83,11848.0,49,H,1.0
19900609_StKildaSaints,1990,11,1990-06-09,Waverley Park,St Kilda Saints,Geelong Cats,104,112,47572.0,-8,A,0.0
19900610_BrisbaneBears,1990,11,1990-06-10,People First Stadium,Brisbane Bears,Collingwood Magpies,73,107,12339.0,-34,A,0.0
19900611_MelbourneDemons,1990,11,1990-06-11,Melbourne Cricket Ground,Melbourne Demons,Carlton Blues,99,93,59782.0,6,H,1.0
19900611_WesternBulldogs,1990,11,1990-06-11,Western Oval,Western Bulldogs,Richmond Tigers,96,82,29698.0,14,H,1.0
19900611_FitzroyLions,1990,11,1990-06-11,Princes Park,Fitzroy Lions,North Melbourne Kangaroos,78,100,13271.0,-22,A,0.0
19900615_WestCoastEagles,1990,12,1990-06-15,WACA,West Coast Eagles,Hawthorn Hawks,105,82,28094.0,23,H,1.0
19900616_CarltonBlues,1990,12,1990-06-16,Princes Park,Carlton Blues,Brisbane Bears,158,89,11738.0,69,H,1.0
19900616_RichmondTigers,1990,12,1990-06-16,Melbourne Cricket Ground,Richmond Tigers,St Kilda Saints,128,108,31180.0,20,H,1.0
19900616_EssendonBombers,1990,12,1990-06-16,Windy Hill,Essendon Bombers,North Melbourne Kangaroos,124,94,16311.0,30,H,1.0
19900616_GeelongCats,1990,12,1990-06-16,Waverley Park,Geelong Cats,Collingwood Magpies,88,99,53917.0,-11,A,0.0
19900617_WesternBulldogs,1990,12,1990-06-17,Western Oval,Western Bulldogs,Melbourne Demons,68,101,17828.0,-33,A,0.0
19900617_SydneySwans,1990,12,1990-06-17,Sydney Cricket Ground,Sydney Swans,Fitzroy Lions,71,116,6136.0,-45,A,0.0
19900623_CarltonBlues,1990,13,1990-06-23,Princes Park,Carlton Blues,Geelong Cats,123,104,29571.0,19,H,1.0
19900623_MelbourneDemons,1990,13,1990-06-23,Melbourne Cricket Ground,Melbourne Demons,St Kilda Saints,99,132,38511.0,-33,A,0.0
19900623_BrisbaneBears,1990,13,1990-06-23,People First Stadium,Brisbane Bears,Essendon Bombers,55,109,10105.0,-54,A,0.0
19900630_NorthMelbourneKangaroos,1990,13,1990-06-30,Melbourne Cricket Ground,North Melbourne Kangaroos,Sydney Swans,131,41,10721.0,90,H,1.0
19900630_HawthornHawks,1990,13,1990-06-30,Waverley Park,Hawthorn Hawks,Western Bulldogs,73,91,22388.0,-18,A,0.0
19900630_CollingwoodMagpies,1990,13,1990-06-30,Victoria Park,Collingwood Magpies,Richmond Tigers,101,42,31447.0,59,H,1.0
19900701_WestCoastEagles,1990,13,1990-07-01,Domain Stadium,West Coast Eagles,Fitzroy Lions,128,91,20133.0,37,H,1.0
19900706_RichmondTigers,1990,14,1990-07-06,Melbourne Cricket Ground,Richmond Tigers,Brisbane Bears,153,71,11438.0,82,H,1.0
19900707_StKildaSaints,1990,14,1990-07-07,People First Stadium,St Kilda Saints,Western Bulldogs,78,85,28202.0,-7,A,0.0
19900707_FitzroyLions,1990,14,1990-07-07,Princes Park,Fitzroy Lions,Essendon Bombers,61,144,13339.0,-83,A,0.0
19900707_MelbourneDemons,1990,14,1990-07-07,Melbourne Cricket Ground,Melbourne Demons,North Melbourne Kangaroos,73,200,19272.0,-127,A,0.0
19900707_CollingwoodMagpies,1990,14,1990-07-07,Victoria Park,Collingwood Magpies,West Coast Eagles,102,76,23596.0,26,H,1.0
19900707_HawthornHawks,1990,14,1990-07-07,Waverley Park,Hawthorn Hawks,Geelong Cats,118,50,30211.0,68,H,1.0
19900708_SydneySwans,1990,14,1990-07-08,Sydney Cricket Ground,Sydney Swans,Carlton Blues,90,162,10555.0,-72,A,0.0
19900713_WestCoastEagles,1990,15,1990-07-13,WACA,West Coast Eagles,St Kilda Saints,108,90,20474.0,18,H,1.0
19900714_NorthMelbourneKangaroos,1990,15,1990-07-14,Melbourne Cricket Ground,North Melbourne Kangaroos,Richmond Tigers,144,100,21426.0,44,H,1.0
19900714_HawthornHawks,1990,15,1990-07-14,Princes Park,Hawthorn Hawks,Essendon Bombers,67,142,25159.0,-75,A,0.0
19900714_CollingwoodMagpies,1990,15,1990-07-14,Waverley Park,Collingwood Magpies,Carlton Blues,113,59,76390.0,54,H,1.0
19900714_WesternBulldogs,1990,15,1990-07-14,Western Oval,Western Bulldogs,Sydney Swans,112,96,13184.0,16,H,1.0
19900714_GeelongCats,1990,15,1990-07-14,GMHBA Stadium,Geelong Cats,Melbourne Demons,113,103,18265.0,10,H,1.0
19900715_BrisbaneBears,1990,15,1990-07-15,People First Stadium,Brisbane Bears,Fitzroy Lions,111,62,7347.0,49,H,1.0
19900720_WestCoastEagles,1990,16,1990-07-20,WACA,West Coast Eagles,Western Bulldogs,109,66,20296.0,43,H,1.0
19900721_RichmondTigers,1990,16,1990-07-21,Melbourne Cricket Ground,Richmond Tigers,Hawthorn Hawks,68,159,25532.0,-91,A,0.0
19900721_CarltonBlues,1990,16,1990-07-21,Princes Park,Carlton Blues,St Kilda Saints,123,108,25235.0,15,H,1.0
19900721_FitzroyLions,1990,16,1990-07-21,Waverley Park,Fitzroy Lions,Geelong Cats,108,81,13335.0,27,H,1.0
19900721_EssendonBombers,1990,16,1990-07-21,Windy Hill,Essendon Bombers,Melbourne Demons,106,114,19945.0,-8,A,0.0
19900722_NorthMelbourneKangaroos,1990,16,1990-07-22,Melbourne Cricket Ground,North Melbourne Kangaroos,Brisbane Bears,90,54,8310.0,36,H,1.0
19900722_SydneySwans,1990,16,1990-07-22,Sydney Cricket Ground,Sydney Swans,Collingwood Magpies,123,147,11722.0,-24,A,0.0
19900728_MelbourneDemons,1990,17,1990-07-28,Melbourne Cricket Ground,Melbourne Demons,Fitzroy Lions,109,90,20222.0,19,H,1.0
19900728_CarltonBlues,1990,17,1990-07-28,Princes Park,Carlton Blues,West Coast Eagles,101,132,18712.0,-31,A,0.0
19900728_EssendonBombers,1990,17,1990-07-28,Waverley Park,Essendon Bombers,Richmond Tigers,125,46,24436.0,79,H,1.0
19900728_GeelongCats,1990,17,1990-07-28,GMHBA Stadium,Geelong Cats,North Melbourne Kangaroos,110,131,18018.0,-21,A,0.0
19900728_StKildaSaints,1990,17,1990-07-28,People First Stadium,St Kilda Saints,Sydney Swans,148,73,19108.0,75,H,1.0
19900729_BrisbaneBears,1990,17,1990-07-29,People First Stadium,Brisbane Bears,Hawthorn Hawks,95,110,8768.0,-15,A,0.0
19900729_WesternBulldogs,1990,17,1990-07-29,Melbourne Cricket Ground,Western Bulldogs,Collingwood Magpies,96,93,52724.0,3,H,1.0
19900803_NorthMelbourneKangaroos,1990,18,1990-08-03,Melbourne Cricket Ground,North Melbourne Kangaroos,Hawthorn Hawks,98,108,44627.0,-10,A,0.0
19900804_GeelongCats,1990,18,1990-08-04,GMHBA Stadium,Geelong Cats,Essendon Bombers,92,94,21796.0,-2,A,0.0
19900804_CollingwoodMagpies,1990,18,1990-08-04,Victoria Park,Collingwood Magpies,St Kilda Saints,117,49,28301.0,68,H,1.0
19900804_FitzroyLions,1990,18,1990-08-04,Princes Park,Fitzroy Lions,Richmond Tigers,113,75,8949.0,38,H,1.0
19900804_MelbourneDemons,1990,18,1990-08-04,Waverley Park,Melbourne Demons,Brisbane Bears,73,60,10890.0,13,H,1.0
19900805_WesternBulldogs,1990,18,1990-08-05,Western Oval,Western Bulldogs,Carlton Blues,67,96,22142.0,-29,A,0.0
19900805_SydneySwans,1990,18,1990-08-05,Sydney Cricket Ground,Sydney Swans,West Coast Eagles,68,83,6970.0,-15,A,0.0
19900811_FitzroyLions,1990,19,1990-08-11,Princes Park,Fitzroy Lions,Western Bulldogs,88,123,10482.0,-35,A,0.0
19900811_HawthornHawks,1990,19,1990-08-11,Waverley Park,Hawthorn Hawks,St Kilda Saints,119,83,27612.0,36,H,1.0
19900811_MelbourneDemons,1990,19,1990-08-11,Melbourne Cricket Ground,Melbourne Demons,Sydney Swans,173,106,16719.0,67,H,1.0
19900811_BrisbaneBears,1990,19,1990-08-11,People First Stadium,Brisbane Bears,Geelong Cats,163,97,8180.0,66,H,1.0
19900812_WestCoastEagles,1990,19,1990-08-12,Domain Stadium,West Coast Eagles,Richmond Tigers,153,105,22939.0,48,H,1.0
19900812_EssendonBombers,1990,19,1990-08-12,Waverley Park,Essendon Bombers,Collingwood Magpies,84,78,65293.0,6,H,1.0
19900812_NorthMelbourneKangaroos,1990,19,1990-08-12,Melbourne Cricket Ground,North Melbourne Kangaroos,Carlton Blues,89,55,21094.0,34,H,1.0
19900817_SydneySwans,1990,20,1990-08-17,Sydney Cricket Ground,Sydney Swans,Brisbane Bears,86,55,5272.0,31,H,1.0
19900818_WesternBulldogs,1990,20,1990-08-18,Western Oval,Western Bulldogs,North Melbourne Kangaroos,88,115,16087.0,-27,A,0.0
19900818_CarltonBlues,1990,20,1990-08-18,Princes Park,Carlton Blues,Essendon Bombers,107,87,25455.0,20,H,1.0
19900818_RichmondTigers,1990,20,1990-08-18,Melbourne Cricket Ground,Richmond Tigers,Geelong Cats,94,158,16984.0,-64,A,0.0
19900818_StKildaSaints,1990,20,1990-08-18,People First Stadium,St Kilda Saints,Fitzroy Lions,117,116,13712.0,1,H,1.0
19900818_HawthornHawks,1990,20,1990-08-18,Waverley Park,Hawthorn Hawks,Collingwood Magpies,163,80,53982.0,83,H,1.0
19900819_WestCoastEagles,1990,20,1990-08-19,Domain Stadium,West Coast Eagles,Melbourne Demons,103,139,35623.0,-36,A,0.0
19900824_NorthMelbourneKangaroos,1990,21,1990-08-24,Melbourne Cricket Ground,North Melbourne Kangaroos,St Kilda Saints,179,87,18079.0,92,H,1.0
19900825_GeelongCats,1990,21,1990-08-25,GMHBA Stadium,Geelong Cats,Sydney Swans,90,92,13109.0,-2,A,0.0
19900825_RichmondTigers,1990,21,1990-08-25,Waverley Park,Richmond Tigers,Melbourne Demons,50,86,15342.0,-36,A,0.0
19900825_EssendonBombers,1990,21,1990-08-25,Windy Hill,Essendon Bombers,Western Bulldogs,104,80,17258.0,24,H,1.0
19900825_CollingwoodMagpies,1990,21,1990-08-25,Victoria Park,Collingwood Magpies,Fitzroy Lions,118,32,21008.0,86,H,1.0
19900825_HawthornHawks,1990,21,1990-08-25,Princes Park,Hawthorn Hawks,Carlton Blues,116,85,23200.0,31,H,1.0
19900826_BrisbaneBears,1990,21,1990-08-26,People First Stadium,Brisbane Bears,West Coast Eagles,59,100,7286.0,-41,A,0.0
19900901_WesternBulldogs,1990,22,1990-09-01,Western Oval,Western Bulldogs,Brisbane Bears,117,96,11371.0,21,H,1.0
19900901_NorthMelbourneKangaroos,1990,22,1990-09-01,Waverley Park,North Melbourne Kangaroos,Collingwood Magpies,67,156,43044.0,-89,A,0.0
19900901_StKildaSaints,1990,22,1990-09-01,People First Stadium,St Kilda Saints,Essendon Bombers,93,128,26661.0,-35,A,0.0
19900901_MelbourneDemons,1990,22,1990-09-01,Melbourne Cricket Ground,Melbourne Demons,Hawthorn Hawks,116,104,57247.0,12,H,1.0
19900901_FitzroyLions,1990,22,1990-09-01,Princes Park,Fitzroy Lions,Carlton Blues,125,113,14168.0,12,H,1.0
19900901_GeelongCats,1990,22,1990-09-01,GMHBA Stadium,Geelong Cats,West Coast Eagles,83,90,16312.0,-7,A,0.0
19900902_SydneySwans,1990,22,1990-09-02,Sydney Cricket Ground,Sydney Swans,Richmond Tigers,109,139,7180.0,-30,A,0.0
19900908_CollingwoodMagpies,1990,QF,1990-09-08,Waverley Park,Collingwood Magpies,West Coast Eagles,90,90,57546.0,0,D,
19900909_MelbourneDemons,1990,EF,1990-09-09,Melbourne Cricket Ground,Melbourne Demons,Hawthorn Hawks,73,64,74954.0,9,H,1.0
19900915_CollingwoodMagpies,1990,QF,1990-09-15,Waverley Park,Collingwood Magpies,West Coast Eagles,126,67,53520.0,59,H,1.0
19900922_WestCoastEagles,1990,SF,1990-09-22,Waverley Park,West Coast Eagles,Melbourne Demons,130,100,43458.0,30,H,1.0
19900923_CollingwoodMagpies,1990,SF,1990-09-23,Melbourne Cricket Ground,Collingwood Magpies,Essendon Bombers,117,54,91555.0,63,H,1.0
19900929_EssendonBombers,1990,PF,1990-09-29,Waverley Park,Essendon Bombers,West Coast Eagles,121,58,55813.0,63,H,1.0
19901006_CollingwoodMagpies,1990,GF,1990-10-06,Melbourne Cricket Ground,Collingwood Magpies,Essendon Bombers,89,41,98944.0,48,H,1.0
19910322_AdelaideCrows,1991,1,1991-03-22,AAMI Stadium,Adelaide Crows,Hawthorn Hawks,155,69,44902.0,86,H,1.0
19910323_StKildaSaints,1991,1,1991-03-23,Waverley Park,St Kilda Saints,Richmond Tigers,107,82,33192.0,25,H,1.0
19910324_WestCoastEagles,1991,1,1991-03-24,Domain Stadium,West Coast Eagles,Melbourne Demons,99,20,26105.0,79,H,1.0
19910324_WesternBulldogs,1991,1,1991-03-24,Waverley Park,Western Bulldogs,Collingwood Magpies,76,146,38861.0,-70,A,0.0
19910330_FitzroyLions,1991,2,1991-03-30,Princes Park,Fitzroy Lions,Melbourne Demons,49,180,11278.0,-131,A,0.0
19910330_CollingwoodMagpies,1991,2,1991-03-30,Waverley Park,Collingwood Magpies,West Coast Eagles,58,85,39266.0,-27,A,0.0
19910330_BrisbaneBears,1991,2,1991-03-30,People First Stadium,Brisbane Bears,North Melbourne Kangaroos,58,104,5724.0,-46,A,0.0
19910331_AdelaideCrows,1991,2,1991-03-31,AAMI Stadium,Adelaide Crows,Carlton Blues,81,104,43850.0,-23,A,0.0
19910401_RichmondTigers,1991,2,1991-04-01,Melbourne Cricket Ground,Richmond Tigers,Essendon Bombers,109,113,31793.0,-4,A,0.0
19910401_HawthornHawks,1991,2,1991-04-01,Princes Park,Hawthorn Hawks,Sydney Swans,166,75,13815.0,91,H,1.0
19910401_GeelongCats,1991,2,1991-04-01,GMHBA Stadium,Geelong Cats,St Kilda Saints,130,104,26303.0,26,H,1.0
19910406_NorthMelbourneKangaroos,1991,3,1991-04-06,Melbourne Cricket Ground,North Melbourne Kangaroos,Essendon Bombers,94,167,24961.0,-73,A,0.0
19910406_HawthornHawks,1991,3,1991-04-06,Waverley Park,Hawthorn Hawks,Richmond Tigers,136,79,25960.0,57,H,1.0
19910406_CollingwoodMagpies,1991,3,1991-04-06,Victoria Park,Collingwood Magpies,Fitzroy Lions,117,58,24691.0,59,H,1.0
19910406_CarltonBlues,1991,3,1991-04-06,Princes Park,Carlton Blues,Brisbane Bears,127,70,16651.0,57,H,1.0
19910407_MelbourneDemons,1991,3,1991-04-07,Melbourne Cricket Ground,Melbourne Demons,St Kilda Saints,145,154,27266.0,-9,A,0.0
19910407_SydneySwans,1991,3,1991-04-07,Sydney Cricket Ground,Sydney Swans,Adelaide Crows,108,132,10649.0,-24,A,0.0
19910407_WesternBulldogs,1991,3,1991-04-07,Western Oval,Western Bulldogs,Geelong Cats,68,117,20875.0,-49,A,0.0
19910412_WestCoastEagles,1991,4,1991-04-12,WACA,West Coast Eagles,North Melbourne Kangaroos,127,55,28362.0,72,H,1.0
19910413_StKildaSaints,1991,4,1991-04-13,Moorabbin Oval,St Kilda Saints,Collingwood Magpies,94,94,31213.0,0,D,
19910413_EssendonBombers,1991,4,1991-04-13,Windy Hill,Essendon Bombers,Adelaide Crows,92,47,20197.0,45,H,1.0
19910413_MelbourneDemons,1991,4,1991-04-13,Waverley Park,Melbourne Demons,Carlton Blues,155,110,32573.0,45,H,1.0
19910413_RichmondTigers,1991,4,1991-04-13,Melbourne Cricket Ground,Richmond Tigers,Sydney Swans,127,164,17294.0,-37,A,0.0
19910413_FitzroyLions,1991,4,1991-04-13,Princes Park,Fitzroy Lions,Western Bulldogs,90,106,10351.0,-16,A,0.0
19910414_BrisbaneBears,1991,4,1991-04-14,The Gabba,Brisbane Bears,Geelong Cats,88,190,12654.0,-102,A,0.0
19910419_SydneySwans,1991,5,1991-04-19,Sydney Cricket Ground,Sydney Swans,Essendon Bombers,130,161,13140.0,-31,A,0.0
19910420_MelbourneDemons,1991,5,1991-04-20,Melbourne Cricket Ground,Melbourne Demons,North Melbourne Kangaroos,182,112,22928.0,70,H,1.0
19910420_FitzroyLions,1991,5,1991-04-20,Princes Park,Fitzroy Lions,Richmond Tigers,89,113,12124.0,-24,A,0.0
19910420_WesternBulldogs,1991,5,1991-04-20,Waverley Park,Western Bulldogs,Hawthorn Hawks,118,107,21448.0,11,H,1.0
19910420_CollingwoodMagpies,1991,5,1991-04-20,Victoria Park,Collingwood Magpies,Brisbane Bears,115,93,20403.0,22,H,1.0
19910421_WestCoastEagles,1991,5,1991-04-21,Domain Stadium,West Coast Eagles,Adelaide Crows,130,65,34704.0,65,H,1.0
19910421_GeelongCats,1991,5,1991-04-21,GMHBA Stadium,Geelong Cats,Carlton Blues,95,58,27365.0,37,H,1.0
19910425_NorthMelbourneKangaroos,1991,6,1991-04-25,Melbourne Cricket Ground,North Melbourne Kangaroos,Sydney Swans,188,134,15664.0,54,H,1.0
19910425_CollingwoodMagpies,1991,6,1991-04-25,Waverley Park,Collingwood Magpies,Melbourne Demons,77,113,55735.0,-36,A,0.0
19910427_CarltonBlues,1991,6,1991-04-27,Princes Park,Carlton Blues,St Kilda Saints,94,60,29005.0,34,H,1.0
19910427_BrisbaneBears,1991,6,1991-04-27,People First Stadium,Brisbane Bears,Essendon Bombers,83,114,9253.0,-31,A,0.0
19910427_GeelongCats,1991,6,1991-04-27,Waverley Park,Geelong Cats,West Coast Eagles,89,134,33905.0,-45,A,0.0
19910428_AdelaideCrows,1991,6,1991-04-28,AAMI Stadium,Adelaide Crows,Western Bulldogs,128,97,36695.0,31,H,1.0
19910428_FitzroyLions,1991,6,1991-04-28,Moorabbin Oval,Fitzroy Lions,Hawthorn Hawks,74,231,13335.0,-157,A,0.0
19910503_NorthMelbourneKangaroos,1991,7,1991-05-03,Melbourne Cricket Ground,North Melbourne Kangaroos,Fitzroy Lions,141,97,13111.0,44,H,1.0
19910504_EssendonBombers,1991,7,1991-05-04,Waverley Park,Essendon Bombers,Carlton Blues,115,94,47651.0,21,H,1.0
19910504_MelbourneDemons,1991,7,1991-05-04,Melbourne Cricket Ground,Melbourne Demons,Brisbane Bears,126,113,14722.0,13,H,1.0
19910504_HawthornHawks,1991,7,1991-05-04,Princes Park,Hawthorn Hawks,West Coast Eagles,62,144,18585.0,-82,A,0.0
19910504_StKildaSaints,1991,7,1991-05-04,Moorabbin Oval,St Kilda Saints,Adelaide Crows,162,31,25057.0,131,H,1.0
19910505_WesternBulldogs,1991,7,1991-05-05,Western Oval,Western Bulldogs,Richmond Tigers,133,101,18644.0,32,H,1.0
19910505_SydneySwans,1991,7,1991-05-05,Sydney Cricket Ground,Sydney Swans,Geelong Cats,144,98,11244.0,46,H,1.0
19910511_FitzroyLions,1991,8,1991-05-11,Princes Park,Fitzroy Lions,Sydney Swans,70,147,7416.0,-77,A,0.0
19910511_HawthornHawks,1991,8,1991-05-11,Waverley Park,Hawthorn Hawks,Carlton Blues,122,78,29727.0,44,H,1.0
19910511_GeelongCats,1991,8,1991-05-11,GMHBA Stadium,Geelong Cats,North Melbourne Kangaroos,119,150,17746.0,-31,A,0.0
19910511_EssendonBombers,1991,8,1991-05-11,Windy Hill,Essendon Bombers,West Coast Eagles,87,94,21438.0,-7,A,0.0
19910511_MelbourneDemons,1991,8,1991-05-11,Melbourne Cricket Ground,Melbourne Demons,Western Bulldogs,121,82,23617.0,39,H,1.0
19910512_RichmondTigers,1991,8,1991-05-12,Melbourne Cricket Ground,Richmond Tigers,Collingwood Magpies,159,102,28322.0,57,H,1.0
19910512_BrisbaneBears,1991,8,1991-05-12,The Gabba,Brisbane Bears,St Kilda Saints,79,148,9828.0,-69,A,0.0
19910517_NorthMelbourneKangaroos,1991,9,1991-05-17,Melbourne Cricket Ground,North Melbourne Kangaroos,Adelaide Crows,120,118,16175.0,2,H,1.0
19910518_WesternBulldogs,1991,9,1991-05-18,Western Oval,Western Bulldogs,Brisbane Bears,101,96,10585.0,5,H,1.0
19910518_CollingwoodMagpies,1991,9,1991-05-18,Victoria Park,Collingwood Magpies,Geelong Cats,90,132,26262.0,-42,A,0.0
19910518_CarltonBlues,1991,9,1991-05-18,Princes Park,Carlton Blues,Richmond Tigers,93,81,23087.0,12,H,1.0
19910518_HawthornHawks,1991,9,1991-05-18,Waverley Park,Hawthorn Hawks,Essendon Bombers,103,87,40537.0,16,H,1.0
19910519_SydneySwans,1991,9,1991-05-19,Sydney Cricket Ground,Sydney Swans,St Kilda Saints,113,119,13284.0,-6,A,0.0
19910519_WestCoastEagles,1991,9,1991-05-19,Domain Stadium,West Coast Eagles,Fitzroy Lions,125,26,23586.0,99,H,1.0
19910524_AdelaideCrows,1991,10,1991-05-24,AAMI Stadium,Adelaide Crows,Melbourne Demons,106,72,43722.0,34,H,1.0
19910525_FitzroyLions,1991,10,1991-05-25,Princes Park,Fitzroy Lions,Geelong Cats,127,106,10214.0,21,H,1.0
19910525_CollingwoodMagpies,1991,10,1991-05-25,Waverley Park,Collingwood Magpies,Hawthorn Hawks,108,151,45595.0,-43,A,0.0
19910525_StKildaSaints,1991,10,1991-05-25,Moorabbin Oval,St Kilda Saints,Essendon Bombers,81,109,33832.0,-28,A,0.0
19910525_NorthMelbourneKangaroos,1991,10,1991-05-25,Melbourne Cricket Ground,North Melbourne Kangaroos,Western Bulldogs,141,127,17254.0,14,H,1.0
19910526_WestCoastEagles,1991,10,1991-05-26,Domain Stadium,West Coast Eagles,Sydney Swans,106,72,33498.0,34,H,1.0
19910526_BrisbaneBears,1991,10,1991-05-26,People First Stadium,Brisbane Bears,Richmond Tigers,75,82,7330.0,-7,A,0.0
19910601_NorthMelbourneKangaroos,1991,11,1991-06-01,Melbourne Cricket Ground,North Melbourne Kangaroos,Collingwood Magpies,130,114,28299.0,16,H,1.0
19910601_RichmondTigers,1991,11,1991-06-01,Waverley Park,Richmond Tigers,West Coast Eagles,80,117,15476.0,-37,A,0.0
19910601_EssendonBombers,1991,11,1991-06-01,Windy Hill,Essendon Bombers,Melbourne Demons,86,80,21635.0,6,H,1.0
19910601_HawthornHawks,1991,11,1991-06-01,Princes Park,Hawthorn Hawks,St Kilda Saints,77,103,20832.0,-26,A,0.0
19910601_GeelongCats,1991,11,1991-06-01,GMHBA Stadium,Geelong Cats,Adelaide Crows,177,93,17644.0,84,H,1.0
19910602_WesternBulldogs,1991,11,1991-06-02,Western Oval,Western Bulldogs,Carlton Blues,57,16,16036.0,41,H,1.0
19910602_SydneySwans,1991,11,1991-06-02,Sydney Cricket Ground,Sydney Swans,Brisbane Bears,121,168,7657.0,-47,A,0.0
19910608_CarltonBlues,1991,12,1991-06-08,Waverley Park,Carlton Blues,Collingwood Magpies,82,62,39832.0,20,H,1.0
19910608_WesternBulldogs,1991,12,1991-06-08,Western Oval,Western Bulldogs,Sydney Swans,35,35,11236.0,0,D,
19910609_BrisbaneBears,1991,12,1991-06-09,People First Stadium,Brisbane Bears,West Coast Eagles,93,145,5728.0,-52,A,0.0
19910609_AdelaideCrows,1991,12,1991-06-09,AAMI Stadium,Adelaide Crows,Fitzroy Lions,50,47,31273.0,3,H,1.0
19910610_StKildaSaints,1991,12,1991-06-10,Moorabbin Oval,St Kilda Saints,North Melbourne Kangaroos,101,66,31242.0,35,H,1.0
19910610_HawthornHawks,1991,12,1991-06-10,Princes Park,Hawthorn Hawks,Geelong Cats,96,136,23123.0,-40,A,0.0
19910610_MelbourneDemons,1991,12,1991-06-10,Melbourne Cricket Ground,Melbourne Demons,Richmond Tigers,90,96,29415.0,-6,A,0.0
19910614_WestCoastEagles,1991,13,1991-06-14,WACA,West Coast Eagles,Western Bulldogs,165,47,25117.0,118,H,1.0
19910615_EssendonBombers,1991,13,1991-06-15,Waverley Park,Essendon Bombers,Collingwood Magpies,74,76,41948.0,-2,A,0.0
19910615_RichmondTigers,1991,13,1991-06-15,Melbourne Cricket Ground,Richmond Tigers,Adelaide Crows,47,85,16235.0,-38,A,0.0
19910615_HawthornHawks,1991,13,1991-06-15,Princes Park,Hawthorn Hawks,Brisbane Bears,149,62,5741.0,87,H,1.0
19910616_MelbourneDemons,1991,13,1991-06-16,Melbourne Cricket Ground,Melbourne Demons,Geelong Cats,104,134,40930.0,-30,A,0.0
19910616_SydneySwans,1991,13,1991-06-16,Sydney Cricket Ground,Sydney Swans,Carlton Blues,124,110,12769.0,14,H,1.0
19910616_FitzroyLions,1991,13,1991-06-16,Moorabbin Oval,Fitzroy Lions,St Kilda Saints,98,111,13746.0,-13,A,0.0
19910621_RichmondTigers,1991,14,1991-06-21,Melbourne Cricket Ground,Richmond Tigers,North Melbourne Kangaroos,128,172,23353.0,-44,A,0.0
19910622_CarltonBlues,1991,14,1991-06-22,Princes Park,Carlton Blues,West Coast Eagles,83,80,19588.0,3,H,1.0
19910622_StKildaSaints,1991,14,1991-06-22,Moorabbin Oval,St Kilda Saints,Western Bulldogs,102,69,23963.0,33,H,1.0
19910622_MelbourneDemons,1991,14,1991-06-22,Waverley Park,Melbourne Demons,Hawthorn Hawks,77,127,30664.0,-50,A,0.0
19910622_CollingwoodMagpies,1991,14,1991-06-22,Victoria Park,Collingwood Magpies,Sydney Swans,143,44,22332.0,99,H,1.0
19910622_EssendonBombers,1991,14,1991-06-22,Windy Hill,Essendon Bombers,Fitzroy Lions,122,83,16519.0,39,H,1.0
19910623_AdelaideCrows,1991,14,1991-06-23,AAMI Stadium,Adelaide Crows,Brisbane Bears,156,90,35355.0,66,H,1.0
19910628_NorthMelbourneKangaroos,1991,15,1991-06-28,Melbourne Cricket Ground,North Melbourne Kangaroos,Hawthorn Hawks,115,179,25819.0,-64,A,0.0
19910629_FitzroyLions,1991,15,1991-06-29,Princes Park,Fitzroy Lions,Carlton Blues,41,60,15147.0,-19,A,0.0
19910629_GeelongCats,1991,15,1991-06-29,Waverley Park,Geelong Cats,Richmond Tigers,131,98,22688.0,33,H,1.0
19910629_CollingwoodMagpies,1991,15,1991-06-29,Victoria Park,Collingwood Magpies,Adelaide Crows,160,37,25164.0,123,H,1.0
19910629_WesternBulldogs,1991,15,1991-06-29,Western Oval,Western Bulldogs,Essendon Bombers,89,43,17536.0,46,H,1.0
19910630_SydneySwans,1991,15,1991-06-30,Sydney Cricket Ground,Sydney Swans,Melbourne Demons,94,177,10569.0,-83,A,0.0
19910630_WestCoastEagles,1991,15,1991-06-30,Domain Stadium,West Coast Eagles,St Kilda Saints,137,93,42255.0,44,H,1.0
19910706_CollingwoodMagpies,1991,16,1991-07-06,Victoria Park,Collingwood Magpies,Western Bulldogs,133,80,27757.0,53,H,1.0
19910706_HawthornHawks,1991,16,1991-07-06,Waverley Park,Hawthorn Hawks,Adelaide Crows,158,95,21715.0,63,H,1.0
19910706_MelbourneDemons,1991,16,1991-07-06,Melbourne Cricket Ground,Melbourne Demons,West Coast Eagles,76,100,25799.0,-24,A,0.0
19910706_CarltonBlues,1991,16,1991-07-06,Princes Park,Carlton Blues,North Melbourne Kangaroos,89,95,23191.0,-6,A,0.0
19910707_GeelongCats,1991,16,1991-07-07,GMHBA Stadium,Geelong Cats,Essendon Bombers,99,75,31096.0,24,H,1.0
19910707_BrisbaneBears,1991,16,1991-07-07,The Gabba,Brisbane Bears,Fitzroy Lions,170,105,7373.0,65,H,1.0
19910707_RichmondTigers,1991,16,1991-07-07,Melbourne Cricket Ground,Richmond Tigers,St Kilda Saints,96,124,32782.0,-28,A,0.0
19910712_WestCoastEagles,1991,17,1991-07-12,WACA,West Coast Eagles,Collingwood Magpies,135,54,30715.0,81,H,1.0
19910713_CarltonBlues,1991,17,1991-07-13,Princes Park,Carlton Blues,Adelaide Crows,48,55,13509.0,-7,A,0.0
19910713_NorthMelbourneKangaroos,1991,17,1991-07-13,Waverley Park,North Melbourne Kangaroos,Brisbane Bears,103,90,7239.0,13,H,1.0
19910713_StKildaSaints,1991,17,1991-07-13,Moorabbin Oval,St Kilda Saints,Geelong Cats,67,116,28789.0,-49,A,0.0
19910713_MelbourneDemons,1991,17,1991-07-13,Melbourne Cricket Ground,Melbourne Demons,Fitzroy Lions,92,55,12710.0,37,H,1.0
19910713_EssendonBombers,1991,17,1991-07-13,Windy Hill,Essendon Bombers,Richmond Tigers,43,60,13501.0,-17,A,0.0
19910714_SydneySwans,1991,17,1991-07-14,Sydney Cricket Ground,Sydney Swans,Hawthorn Hawks,103,114,12143.0,-11,A,0.0
19910720_StKildaSaints,1991,18,1991-07-20,Moorabbin Oval,St Kilda Saints,Melbourne Demons,110,111,24950.0,-1,A,0.0
19910720_RichmondTigers,1991,18,1991-07-20,Waverley Park,Richmond Tigers,Hawthorn Hawks,88,94,24731.0,-6,A,0.0
19910720_FitzroyLions,1991,18,1991-07-20,Princes Park,Fitzroy Lions,Collingwood Magpies,111,124,14129.0,-13,A,0.0
19910720_EssendonBombers,1991,18,1991-07-20,Windy Hill,Essendon Bombers,North Melbourne Kangaroos,123,49,19322.0,74,H,1.0
19910721_BrisbaneBears,1991,18,1991-07-21,People First Stadium,Brisbane Bears,Carlton Blues,100,93,9735.0,7,H,1.0
19910721_AdelaideCrows,1991,18,1991-07-21,AAMI Stadium,Adelaide Crows,Sydney Swans,118,122,40794.0,-4,A,0.0
19910721_GeelongCats,1991,18,1991-07-21,GMHBA Stadium,Geelong Cats,Western Bulldogs,136,68,22145.0,68,H,1.0
19910726_NorthMelbourneKangaroos,1991,19,1991-07-26,Melbourne Cricket Ground,North Melbourne Kangaroos,West Coast Eagles,85,82,19399.0,3,H,1.0
19910727_WesternBulldogs,1991,19,1991-07-27,Western Oval,Western Bulldogs,Fitzroy Lions,108,51,8977.0,57,H,1.0
19910727_GeelongCats,1991,19,1991-07-27,GMHBA Stadium,Geelong Cats,Brisbane Bears,159,58,13639.0,101,H,1.0
19910727_CarltonBlues,1991,19,1991-07-27,Princes Park,Carlton Blues,Melbourne Demons,68,80,16110.0,-12,A,0.0
19910727_CollingwoodMagpies,1991,19,1991-07-27,Waverley Park,Collingwood Magpies,St Kilda Saints,85,53,53315.0,32,H,1.0
19910728_SydneySwans,1991,19,1991-07-28,Sydney Cricket Ground,Sydney Swans,Richmond Tigers,99,92,9276.0,7,H,1.0
19910728_AdelaideCrows,1991,19,1991-07-28,AAMI Stadium,Adelaide Crows,Essendon Bombers,108,81,41716.0,27,H,1.0
19910803_HawthornHawks,1991,20,1991-08-03,Waverley Park,Hawthorn Hawks,Western Bulldogs,83,69,20670.0,14,H,1.0
19910803_BrisbaneBears,1991,20,1991-08-03,People First Stadium,Brisbane Bears,Collingwood Magpies,71,172,9302.0,-101,A,0.0
19910803_NorthMelbourneKangaroos,1991,20,1991-08-03,Melbourne Cricket Ground,North Melbourne Kangaroos,Melbourne Demons,88,140,28323.0,-52,A,0.0
19910803_EssendonBombers,1991,20,1991-08-03,Windy Hill,Essendon Bombers,Sydney Swans,151,84,14341.0,67,H,1.0
19910803_CarltonBlues,1991,20,1991-08-03,Princes Park,Carlton Blues,Geelong Cats,105,103,20277.0,2,H,1.0
19910804_AdelaideCrows,1991,20,1991-08-04,AAMI Stadium,Adelaide Crows,West Coast Eagles,80,95,45864.0,-15,A,0.0
19910804_RichmondTigers,1991,20,1991-08-04,Melbourne Cricket Ground,Richmond Tigers,Fitzroy Lions,97,156,16434.0,-59,A,0.0
19910809_WestCoastEagles,1991,21,1991-08-09,WACA,West Coast Eagles,Geelong Cats,82,81,30987.0,1,H,1.0
19910810_HawthornHawks,1991,21,1991-08-10,Princes Park,Hawthorn Hawks,Fitzroy Lions,195,69,11500.0,126,H,1.0
19910810_StKildaSaints,1991,21,1991-08-10,Waverley Park,St Kilda Saints,Carlton Blues,155,101,32615.0,54,H,1.0
19910810_WesternBulldogs,1991,21,1991-08-10,Western Oval,Western Bulldogs,Adelaide Crows,64,40,11452.0,24,H,1.0
19910810_EssendonBombers,1991,21,1991-08-10,Windy Hill,Essendon Bombers,Brisbane Bears,157,112,12970.0,45,H,1.0
19910810_MelbourneDemons,1991,21,1991-08-10,Melbourne Cricket Ground,Melbourne Demons,Collingwood Magpies,55,127,50085.0,-72,A,0.0
19910811_SydneySwans,1991,21,1991-08-11,Sydney Cricket Ground,Sydney Swans,North Melbourne Kangaroos,100,136,13252.0,-36,A,0.0
19910816_AdelaideCrows,1991,22,1991-08-16,AAMI Stadium,Adelaide Crows,St Kilda Saints,81,132,45440.0,-51,A,0.0
19910817_GeelongCats,1991,22,1991-08-17,GMHBA Stadium,Geelong Cats,Sydney Swans,115,88,17755.0,27,H,1.0
19910817_RichmondTigers,1991,22,1991-08-17,Melbourne Cricket Ground,Richmond Tigers,Western Bulldogs,95,78,15466.0,17,H,1.0
19910817_CarltonBlues,1991,22,1991-08-17,Waverley Park,Carlton Blues,Essendon Bombers,84,88,34588.0,-4,A,0.0
19910817_FitzroyLions,1991,22,1991-08-17,Princes Park,Fitzroy Lions,North Melbourne Kangaroos,148,147,8588.0,1,H,1.0
19910818_WestCoastEagles,1991,22,1991-08-18,Domain Stadium,West Coast Eagles,Hawthorn Hawks,99,75,35001.0,24,H,1.0
19910818_BrisbaneBears,1991,22,1991-08-18,The Gabba,Brisbane Bears,Melbourne Demons,91,103,6480.0,-12,A,0.0
19910823_SydneySwans,1991,23,1991-08-23,Sydney Cricket Ground,Sydney Swans,Fitzroy Lions,140,94,8553.0,46,H,1.0
19910824_NorthMelbourneKangaroos,1991,23,1991-08-24,Waverley Park,North Melbourne Kangaroos,Geelong Cats,58,90,26445.0,-32,A,0.0
19910824_CollingwoodMagpies,1991,23,1991-08-24,Victoria Park,Collingwood Magpies,Richmond Tigers,126,93,29541.0,33,H,1.0
19910824_StKildaSaints,1991,23,1991-08-24,Moorabbin Oval,St Kilda Saints,Brisbane Bears,174,54,16364.0,120,H,1.0
19910824_CarltonBlues,1991,23,1991-08-24,Princes Park,Carlton Blues,Hawthorn Hawks,58,156,18521.0,-98,A,0.0
19910825_WestCoastEagles,1991,23,1991-08-25,Domain Stadium,West Coast Eagles,Essendon Bombers,115,52,38990.0,63,H,1.0
19910825_WesternBulldogs,1991,23,1991-08-25,Western Oval,Western Bulldogs,Melbourne Demons,45,56,16380.0,-11,A,0.0
19910831_StKildaSaints,1991,24,1991-08-31,Moorabbin Oval,St Kilda Saints,Sydney Swans,158,119,24106.0,39,H,1.0
19910831_BrisbaneBears,1991,24,1991-08-31,People First Stadium,Brisbane Bears,Western Bulldogs,62,98,4721.0,-36,A,0.0
19910831_GeelongCats,1991,24,1991-08-31,GMHBA Stadium,Geelong Cats,Collingwood Magpies,107,66,28491.0,41,H,1.0
19910831_EssendonBombers,1991,24,1991-08-31,Waverley Park,Essendon Bombers,Hawthorn Hawks,63,143,48311.0,-80,A,0.0
19910831_FitzroyLions,1991,24,1991-08-31,Princes Park,Fitzroy Lions,West Coast Eagles,99,89,7308.0,10,H,1.0
19910831_RichmondTigers,1991,24,1991-08-31,Melbourne Cricket Ground,Richmond Tigers,Carlton Blues,138,123,21854.0,15,H,1.0
19910901_AdelaideCrows,1991,24,1991-09-01,AAMI Stadium,Adelaide Crows,North Melbourne Kangaroos,180,107,36220.0,73,H,1.0
19910907_MelbourneDemons,1991,EF,1991-09-07,Waverley Park,Melbourne Demons,Essendon Bombers,113,75,46032.0,38,H,1.0
19910908_HawthornHawks,1991,QF,1991-09-08,Domain Stadium,Hawthorn Hawks,West Coast Eagles,124,101,44142.0,23,H,1.0
19910908_GeelongCats,1991,EF,1991-09-08,Waverley Park,Geelong Cats,St Kilda Saints,104,97,63796.0,7,H,1.0
19910914_HawthornHawks,1991,SF,1991-09-14,Waverley Park,Hawthorn Hawks,Geelong Cats,95,93,63733.0,2,H,1.0
19910915_WestCoastEagles,1991,SF,1991-09-15,Waverley Park,West Coast Eagles,Melbourne Demons,117,79,41136.0,38,H,1.0
19910921_WestCoastEagles,1991,PF,1991-09-21,Waverley Park,West Coast Eagles,Geelong Cats,79,64,47638.0,15,H,1.0
19910928_HawthornHawks,1991,GF,1991-09-28,Waverley Park,Hawthorn Hawks,West Coast Eagles,139,86,75230.0,53,H,1.0
19920321_HawthornHawks,1992,1,1992-03-21,Waverley Park,Hawthorn Hawks,Geelong Cats,141,121,34677.0,20,H,1.0
19920321_BrisbaneBears,1992,1,1992-03-21,People First Stadium,Brisbane Bears,Carlton Blues,68,92,9066.0,-24,A,0.0
19920322_StKildaSaints,1992,1,1992-03-22,Waverley Park,St Kilda Saints,Essendon Bombers,128,111,44520.0,17,H,1.0
19920322_AdelaideCrows,1992,1,1992-03-22,AAMI Stadium,Adelaide Crows,Western Bulldogs,87,114,40381.0,-27,A,0.0
19920328_CollingwoodMagpies,1992,2,1992-03-28,Victoria Park,Collingwood Magpies,Brisbane Bears,154,88,26166.0,66,H,1.0
19920328_CarltonBlues,1992,2,1992-03-28,Princes Park,Carlton Blues,Hawthorn Hawks,115,89,25689.0,26,H,1.0
19920328_RichmondTigers,1992,2,1992-03-28,Waverley Park,Richmond Tigers,North Melbourne Kangaroos,65,131,21969.0,-66,A,0.0
19920328_MelbourneDemons,1992,2,1992-03-28,Melbourne Cricket Ground,Melbourne Demons,Geelong Cats,113,105,38646.0,8,H,1.0
19920329_EssendonBombers,1992,2,1992-03-29,Melbourne Cricket Ground,Essendon Bombers,Fitzroy Lions,98,150,29206.0,-52,A,0.0
19920329_SydneySwans,1992,2,1992-03-29,Sydney Cricket Ground,Sydney Swans,West Coast Eagles,98,95,9325.0,3,H,1.0
19920329_WesternBulldogs,1992,2,1992-03-29,Western Oval,Western Bulldogs,St Kilda Saints,108,76,25072.0,32,H,1.0
19920404_MelbourneDemons,1992,3,1992-04-04,Princes Park,Melbourne Demons,Adelaide Crows,95,104,9278.0,-9,A,0.0
19920404_NorthMelbourneKangaroos,1992,3,1992-04-04,Melbourne Cricket Ground,North Melbourne Kangaroos,Hawthorn Hawks,75,101,25323.0,-26,A,0.0
19920404_CollingwoodMagpies,1992,3,1992-04-04,Victoria Park,Collingwood Magpies,Sydney Swans,116,97,25432.0,19,H,1.0
19920405_GeelongCats,1992,3,1992-04-05,GMHBA Stadium,Geelong Cats,Richmond Tigers,198,72,22122.0,126,H,1.0
19920405_BrisbaneBears,1992,3,1992-04-05,People First Stadium,Brisbane Bears,Fitzroy Lions,82,58,3876.0,24,H,1.0
19920405_WesternBulldogs,1992,3,1992-04-05,Western Oval,Western Bulldogs,Essendon Bombers,69,91,21569.0,-22,A,0.0
19920405_WestCoastEagles,1992,3,1992-04-05,Domain Stadium,West Coast Eagles,St Kilda Saints,113,80,30428.0,33,H,1.0
19920410_NorthMelbourneKangaroos,1992,4,1992-04-10,Melbourne Cricket Ground,North Melbourne Kangaroos,Carlton Blues,110,125,43231.0,-15,A,0.0
19920411_RichmondTigers,1992,4,1992-04-11,Melbourne Cricket Ground,Richmond Tigers,Melbourne Demons,119,69,27572.0,50,H,1.0
19920411_StKildaSaints,1992,4,1992-04-11,Moorabbin Oval,St Kilda Saints,Hawthorn Hawks,108,98,27350.0,10,H,1.0
19920411_EssendonBombers,1992,4,1992-04-11,Waverley Park,Essendon Bombers,Collingwood Magpies,115,124,54984.0,-9,A,0.0
19920411_FitzroyLions,1992,4,1992-04-11,Princes Park,Fitzroy Lions,Adelaide Crows,130,97,8243.0,33,H,1.0
19920412_WestCoastEagles,1992,4,1992-04-12,Domain Stadium,West Coast Eagles,Geelong Cats,107,131,32101.0,-24,A,0.0
19920412_SydneySwans,1992,4,1992-04-12,Sydney Cricket Ground,Sydney Swans,Western Bulldogs,119,165,8309.0,-46,A,0.0
19920418_HawthornHawks,1992,5,1992-04-18,Waverley Park,Hawthorn Hawks,Essendon Bombers,114,141,32509.0,-27,A,0.0
19920418_CarltonBlues,1992,5,1992-04-18,Princes Park,Carlton Blues,Sydney Swans,73,94,21182.0,-21,A,0.0
19920418_BrisbaneBears,1992,5,1992-04-18,People First Stadium,Brisbane Bears,West Coast Eagles,92,92,6923.0,0,D,
19920418_NorthMelbourneKangaroos,1992,5,1992-04-18,Melbourne Cricket Ground,North Melbourne Kangaroos,Western Bulldogs,101,140,22562.0,-39,A,0.0
19920419_AdelaideCrows,1992,5,1992-04-19,AAMI Stadium,Adelaide Crows,Richmond Tigers,151,117,39022.0,34,H,1.0
19920420_MelbourneDemons,1992,5,1992-04-20,Melbourne Cricket Ground,Melbourne Demons,Collingwood Magpies,98,131,63711.0,-33,A,0.0
19920420_FitzroyLions,1992,5,1992-04-20,Princes Park,Fitzroy Lions,St Kilda Saints,108,128,20298.0,-20,A,0.0
19920424_SydneySwans,1992,6,1992-04-24,Sydney Cricket Ground,Sydney Swans,North Melbourne Kangaroos,76,125,9226.0,-49,A,0.0
19920425_CarltonBlues,1992,6,1992-04-25,Princes Park,Carlton Blues,St Kilda Saints,121,113,34661.0,8,H,1.0
19920425_EssendonBombers,1992,6,1992-04-25,Melbourne Cricket Ground,Essendon Bombers,Melbourne Demons,124,123,41405.0,1,H,1.0
19920425_CollingwoodMagpies,1992,6,1992-04-25,Waverley Park,Collingwood Magpies,Hawthorn Hawks,111,135,72765.0,-24,A,0.0
19920426_RichmondTigers,1992,6,1992-04-26,Melbourne Cricket Ground,Richmond Tigers,West Coast Eagles,96,97,17629.0,-1,A,0.0
19920426_GeelongCats,1992,6,1992-04-26,GMHBA Stadium,Geelong Cats,Fitzroy Lions,175,77,22062.0,98,H,1.0
19920426_AdelaideCrows,1992,6,1992-04-26,AAMI Stadium,Adelaide Crows,Brisbane Bears,134,74,42759.0,60,H,1.0
19920502_StKildaSaints,1992,7,1992-05-02,Moorabbin Oval,St Kilda Saints,Adelaide Crows,139,65,22350.0,74,H,1.0
19920502_MelbourneDemons,1992,7,1992-05-02,Melbourne Cricket Ground,Melbourne Demons,Sydney Swans,96,96,17532.0,0,D,
19920502_HawthornHawks,1992,7,1992-05-02,Waverley Park,Hawthorn Hawks,Richmond Tigers,172,93,26789.0,79,H,1.0
19920502_CollingwoodMagpies,1992,7,1992-05-02,Victoria Park,Collingwood Magpies,North Melbourne Kangaroos,116,66,27262.0,50,H,1.0
19920503_BrisbaneBears,1992,7,1992-05-03,People First Stadium,Brisbane Bears,Geelong Cats,75,239,7645.0,-164,A,0.0
19920503_FitzroyLions,1992,7,1992-05-03,Moorabbin Oval,Fitzroy Lions,West Coast Eagles,102,82,8819.0,20,H,1.0
19920503_WesternBulldogs,1992,7,1992-05-03,Melbourne Cricket Ground,Western Bulldogs,Carlton Blues,128,72,49406.0,56,H,1.0
19920507_CollingwoodMagpies,1992,8,1992-05-07,Melbourne Cricket Ground,Collingwood Magpies,Carlton Blues,72,105,83262.0,-33,A,0.0
19920508_SydneySwans,1992,8,1992-05-08,Sydney Cricket Ground,Sydney Swans,Brisbane Bears,135,61,7425.0,74,H,1.0
19920509_StKildaSaints,1992,8,1992-05-09,Waverley Park,St Kilda Saints,Melbourne Demons,125,65,31556.0,60,H,1.0
19920509_RichmondTigers,1992,8,1992-05-09,Melbourne Cricket Ground,Richmond Tigers,Fitzroy Lions,102,161,20101.0,-59,A,0.0
19920509_GeelongCats,1992,8,1992-05-09,GMHBA Stadium,Geelong Cats,Adelaide Crows,210,87,18565.0,123,H,1.0
19920509_NorthMelbourneKangaroos,1992,8,1992-05-09,Princes Park,North Melbourne Kangaroos,Essendon Bombers,132,80,15911.0,52,H,1.0
19920510_WestCoastEagles,1992,8,1992-05-10,Domain Stadium,West Coast Eagles,Western Bulldogs,133,74,25234.0,59,H,1.0
19920515_NorthMelbourneKangaroos,1992,9,1992-05-15,Melbourne Cricket Ground,North Melbourne Kangaroos,Fitzroy Lions,66,105,17371.0,-39,A,0.0
19920516_EssendonBombers,1992,9,1992-05-16,Melbourne Cricket Ground,Essendon Bombers,Geelong Cats,124,181,41244.0,-57,A,0.0
19920516_HawthornHawks,1992,9,1992-05-16,Waverley Park,Hawthorn Hawks,Melbourne Demons,120,48,22686.0,72,H,1.0
19920516_CarltonBlues,1992,9,1992-05-16,Princes Park,Carlton Blues,West Coast Eagles,82,106,19077.0,-24,A,0.0
19920517_RichmondTigers,1992,9,1992-05-17,Melbourne Cricket Ground,Richmond Tigers,Sydney Swans,134,102,17487.0,32,H,1.0
19920517_AdelaideCrows,1992,9,1992-05-17,AAMI Stadium,Adelaide Crows,Collingwood Magpies,64,69,44723.0,-5,A,0.0
19920517_BrisbaneBears,1992,9,1992-05-17,People First Stadium,Brisbane Bears,Western Bulldogs,42,84,3059.0,-42,A,0.0
19920522_WestCoastEagles,1992,10,1992-05-22,WACA,West Coast Eagles,Adelaide Crows,118,78,23046.0,40,H,1.0
19920523_StKildaSaints,1992,10,1992-05-23,Moorabbin Oval,St Kilda Saints,Brisbane Bears,168,60,18360.0,108,H,1.0
19920523_GeelongCats,1992,10,1992-05-23,Waverley Park,Geelong Cats,Collingwood Magpies,66,81,60228.0,-15,A,0.0
19920523_WesternBulldogs,1992,10,1992-05-23,Western Oval,Western Bulldogs,Richmond Tigers,107,90,18508.0,17,H,1.0
19920523_MelbourneDemons,1992,10,1992-05-23,Melbourne Cricket Ground,Melbourne Demons,North Melbourne Kangaroos,140,104,18634.0,36,H,1.0
19920523_CarltonBlues,1992,10,1992-05-23,Princes Park,Carlton Blues,Essendon Bombers,116,64,27993.0,52,H,1.0
19920524_SydneySwans,1992,10,1992-05-24,Sydney Cricket Ground,Sydney Swans,Hawthorn Hawks,85,146,12217.0,-61,A,0.0
19920530_GeelongCats,1992,11,1992-05-30,GMHBA Stadium,Geelong Cats,St Kilda Saints,129,126,22429.0,3,H,1.0
19920530_FitzroyLions,1992,11,1992-05-30,Princes Park,Fitzroy Lions,Collingwood Magpies,92,89,25343.0,3,H,1.0
19920530_MelbourneDemons,1992,11,1992-05-30,Waverley Park,Melbourne Demons,Carlton Blues,65,99,30177.0,-34,A,0.0
19920530_RichmondTigers,1992,11,1992-05-30,Melbourne Cricket Ground,Richmond Tigers,Brisbane Bears,142,83,13174.0,59,H,1.0
19920531_WesternBulldogs,1992,11,1992-05-31,Western Oval,Western Bulldogs,Hawthorn Hawks,109,75,25829.0,34,H,1.0
19920531_AdelaideCrows,1992,11,1992-05-31,AAMI Stadium,Adelaide Crows,North Melbourne Kangaroos,142,107,36312.0,35,H,1.0
19920531_EssendonBombers,1992,11,1992-05-31,Melbourne Cricket Ground,Essendon Bombers,Sydney Swans,116,73,20476.0,43,H,1.0
19920605_NorthMelbourneKangaroos,1992,12,1992-06-05,Melbourne Cricket Ground,North Melbourne Kangaroos,West Coast Eagles,66,110,10165.0,-44,A,0.0
19920606_FitzroyLions,1992,12,1992-06-06,Princes Park,Fitzroy Lions,Western Bulldogs,84,146,20020.0,-62,A,0.0
19920606_EssendonBombers,1992,12,1992-06-06,Melbourne Cricket Ground,Essendon Bombers,Richmond Tigers,130,79,35967.0,51,H,1.0
19920607_BrisbaneBears,1992,12,1992-06-07,People First Stadium,Brisbane Bears,Melbourne Demons,103,77,4902.0,26,H,1.0
19920607_CarltonBlues,1992,12,1992-06-07,Melbourne Cricket Ground,Carlton Blues,Geelong Cats,90,118,62586.0,-28,A,0.0
19920608_CollingwoodMagpies,1992,12,1992-06-08,Melbourne Cricket Ground,Collingwood Magpies,St Kilda Saints,76,77,80060.0,-1,A,0.0
19920608_HawthornHawks,1992,12,1992-06-08,Waverley Park,Hawthorn Hawks,Adelaide Crows,102,103,21119.0,-1,A,0.0
19920613_NorthMelbourneKangaroos,1992,13,1992-06-13,Melbourne Cricket Ground,North Melbourne Kangaroos,Geelong Cats,115,192,22156.0,-77,A,0.0
19920613_HawthornHawks,1992,13,1992-06-13,Waverley Park,Hawthorn Hawks,Fitzroy Lions,145,89,22289.0,56,H,1.0
19920613_StKildaSaints,1992,13,1992-06-13,Moorabbin Oval,St Kilda Saints,Sydney Swans,157,104,19716.0,53,H,1.0
19920613_CarltonBlues,1992,13,1992-06-13,Princes Park,Carlton Blues,Adelaide Crows,115,92,14433.0,23,H,1.0
19920614_WestCoastEagles,1992,13,1992-06-14,Domain Stadium,West Coast Eagles,Collingwood Magpies,62,63,32622.0,-1,A,0.0
19920614_BrisbaneBears,1992,13,1992-06-14,People First Stadium,Brisbane Bears,Essendon Bombers,85,119,6442.0,-34,A,0.0
19920614_WesternBulldogs,1992,13,1992-06-14,Western Oval,Western Bulldogs,Melbourne Demons,161,54,19185.0,107,H,1.0
19920619_NorthMelbourneKangaroos,1992,14,1992-06-19,Melbourne Cricket Ground,North Melbourne Kangaroos,Brisbane Bears,137,102,6396.0,35,H,1.0
19920620_FitzroyLions,1992,14,1992-06-20,Princes Park,Fitzroy Lions,Carlton Blues,133,114,21405.0,19,H,1.0
19920620_RichmondTigers,1992,14,1992-06-20,Melbourne Cricket Ground,Richmond Tigers,St Kilda Saints,108,157,30922.0,-49,A,0.0
19920620_HawthornHawks,1992,14,1992-06-20,Waverley Park,Hawthorn Hawks,West Coast Eagles,60,74,26346.0,-14,A,0.0
19920621_CollingwoodMagpies,1992,14,1992-06-21,Melbourne Cricket Ground,Collingwood Magpies,Western Bulldogs,82,76,67835.0,6,H,1.0
19920621_AdelaideCrows,1992,14,1992-06-21,AAMI Stadium,Adelaide Crows,Essendon Bombers,92,136,43163.0,-44,A,0.0
19920621_SydneySwans,1992,14,1992-06-21,Sydney Cricket Ground,Sydney Swans,Geelong Cats,83,158,11132.0,-75,A,0.0
19920626_AdelaideCrows,1992,15,1992-06-26,AAMI Stadium,Adelaide Crows,Sydney Swans,149,82,31593.0,67,H,1.0
19920627_RichmondTigers,1992,15,1992-06-27,Waverley Park,Richmond Tigers,Carlton Blues,123,120,24072.0,3,H,1.0
19920627_EssendonBombers,1992,15,1992-06-27,Melbourne Cricket Ground,Essendon Bombers,West Coast Eagles,62,137,32849.0,-75,A,0.0
19920627_StKildaSaints,1992,15,1992-06-27,Moorabbin Oval,St Kilda Saints,North Melbourne Kangaroos,117,109,22329.0,8,H,1.0
19920628_BrisbaneBears,1992,15,1992-06-28,People First Stadium,Brisbane Bears,Hawthorn Hawks,104,108,7573.0,-4,A,0.0
19920628_MelbourneDemons,1992,15,1992-06-28,Melbourne Cricket Ground,Melbourne Demons,Fitzroy Lions,109,87,21097.0,22,H,1.0
19920628_GeelongCats,1992,15,1992-06-28,GMHBA Stadium,Geelong Cats,Western Bulldogs,102,93,27445.0,9,H,1.0
19920703_WestCoastEagles,1992,16,1992-07-03,WACA,West Coast Eagles,Melbourne Demons,109,87,23182.0,22,H,1.0
19920704_CarltonBlues,1992,16,1992-07-04,Princes Park,Carlton Blues,Brisbane Bears,179,80,11693.0,99,H,1.0
19920704_CollingwoodMagpies,1992,16,1992-07-04,Victoria Park,Collingwood Magpies,Richmond Tigers,161,98,31168.0,63,H,1.0
19920704_EssendonBombers,1992,16,1992-07-04,Melbourne Cricket Ground,Essendon Bombers,St Kilda Saints,111,83,42461.0,28,H,1.0
19920704_GeelongCats,1992,16,1992-07-04,GMHBA Stadium,Geelong Cats,Hawthorn Hawks,95,114,26257.0,-19,A,0.0
19920704_WesternBulldogs,1992,16,1992-07-04,Waverley Park,Western Bulldogs,Adelaide Crows,143,56,13235.0,87,H,1.0
19920705_SydneySwans,1992,16,1992-07-05,Sydney Cricket Ground,Sydney Swans,Fitzroy Lions,83,136,7329.0,-53,A,0.0
19920711_HawthornHawks,1992,17,1992-07-11,Waverley Park,Hawthorn Hawks,Carlton Blues,54,66,52481.0,-12,A,0.0
19920711_StKildaSaints,1992,17,1992-07-11,Moorabbin Oval,St Kilda Saints,Western Bulldogs,84,97,27347.0,-13,A,0.0
19920711_NorthMelbourneKangaroos,1992,17,1992-07-11,Princes Park,North Melbourne Kangaroos,Richmond Tigers,119,118,11089.0,1,H,1.0
19920711_BrisbaneBears,1992,17,1992-07-11,People First Stadium,Brisbane Bears,Collingwood Magpies,64,103,13053.0,-39,A,0.0
19920711_GeelongCats,1992,17,1992-07-11,GMHBA Stadium,Geelong Cats,Melbourne Demons,136,63,19829.0,73,H,1.0
19920712_WestCoastEagles,1992,17,1992-07-12,Domain Stadium,West Coast Eagles,Sydney Swans,107,54,28397.0,53,H,1.0
19920712_FitzroyLions,1992,17,1992-07-12,Moorabbin Oval,Fitzroy Lions,Essendon Bombers,77,80,10265.0,-3,A,0.0
19920717_SydneySwans,1992,18,1992-07-17,Sydney Cricket Ground,Sydney Swans,Collingwood Magpies,96,114,15240.0,-18,A,0.0
19920718_HawthornHawks,1992,18,1992-07-18,Waverley Park,Hawthorn Hawks,North Melbourne Kangaroos,133,96,17096.0,37,H,1.0
19920718_FitzroyLions,1992,18,1992-07-18,Princes Park,Fitzroy Lions,Brisbane Bears,73,114,6461.0,-41,A,0.0
19920718_EssendonBombers,1992,18,1992-07-18,Melbourne Cricket Ground,Essendon Bombers,Western Bulldogs,93,77,44142.0,16,H,1.0
19920719_RichmondTigers,1992,18,1992-07-19,Melbourne Cricket Ground,Richmond Tigers,Geelong Cats,83,165,26131.0,-82,A,0.0
19920719_AdelaideCrows,1992,18,1992-07-19,AAMI Stadium,Adelaide Crows,Melbourne Demons,67,116,31963.0,-49,A,0.0
19920719_StKildaSaints,1992,18,1992-07-19,Waverley Park,St Kilda Saints,West Coast Eagles,95,29,24691.0,66,H,1.0
19920724_CollingwoodMagpies,1992,19,1992-07-24,Melbourne Cricket Ground,Collingwood Magpies,Essendon Bombers,83,61,88066.0,22,H,1.0
19920725_AdelaideCrows,1992,19,1992-07-25,AAMI Stadium,Adelaide Crows,Fitzroy Lions,132,47,25597.0,85,H,1.0
19920725_GeelongCats,1992,19,1992-07-25,GMHBA Stadium,Geelong Cats,West Coast Eagles,77,96,25585.0,-19,A,0.0
19920725_CarltonBlues,1992,19,1992-07-25,Princes Park,Carlton Blues,North Melbourne Kangaroos,108,101,17079.0,7,H,1.0
19920725_WesternBulldogs,1992,19,1992-07-25,Western Oval,Western Bulldogs,Sydney Swans,103,57,12742.0,46,H,1.0
19920725_HawthornHawks,1992,19,1992-07-25,Waverley Park,Hawthorn Hawks,St Kilda Saints,55,130,43132.0,-75,A,0.0
19920725_MelbourneDemons,1992,19,1992-07-25,Melbourne Cricket Ground,Melbourne Demons,Richmond Tigers,150,75,20184.0,75,H,1.0
19920731_WestCoastEagles,1992,20,1992-07-31,WACA,West Coast Eagles,Brisbane Bears,186,55,23236.0,131,H,1.0
19920801_CollingwoodMagpies,1992,20,1992-08-01,Victoria Park,Collingwood Magpies,Melbourne Demons,100,109,25536.0,-9,A,0.0
19920801_WesternBulldogs,1992,20,1992-08-01,Waverley Park,Western Bulldogs,North Melbourne Kangaroos,152,105,13373.0,47,H,1.0
19920801_EssendonBombers,1992,20,1992-08-01,Melbourne Cricket Ground,Essendon Bombers,Hawthorn Hawks,56,216,41070.0,-160,A,0.0
19920801_StKildaSaints,1992,20,1992-08-01,Moorabbin Oval,St Kilda Saints,Fitzroy Lions,102,84,27736.0,18,H,1.0
19920802_RichmondTigers,1992,20,1992-08-02,Melbourne Cricket Ground,Richmond Tigers,Adelaide Crows,53,163,10291.0,-110,A,0.0
19920802_SydneySwans,1992,20,1992-08-02,Sydney Cricket Ground,Sydney Swans,Carlton Blues,130,139,13265.0,-9,A,0.0
19920807_NorthMelbourneKangaroos,1992,21,1992-08-07,Melbourne Cricket Ground,North Melbourne Kangaroos,Sydney Swans,111,80,9739.0,31,H,1.0
19920808_FitzroyLions,1992,21,1992-08-08,Princes Park,Fitzroy Lions,Geelong Cats,68,120,11871.0,-52,A,0.0
19920808_HawthornHawks,1992,21,1992-08-08,Waverley Park,Hawthorn Hawks,Collingwood Magpies,82,63,53369.0,19,H,1.0
19920808_MelbourneDemons,1992,21,1992-08-08,Melbourne Cricket Ground,Melbourne Demons,Essendon Bombers,94,126,25508.0,-32,A,0.0
19920809_StKildaSaints,1992,21,1992-08-09,Waverley Park,St Kilda Saints,Carlton Blues,87,122,50883.0,-35,A,0.0
19920809_WestCoastEagles,1992,21,1992-08-09,Domain Stadium,West Coast Eagles,Richmond Tigers,104,84,23245.0,20,H,1.0
19920809_BrisbaneBears,1992,21,1992-08-09,People First Stadium,Brisbane Bears,Adelaide Crows,77,110,4603.0,-33,A,0.0
19920814_WestCoastEagles,1992,22,1992-08-14,WACA,West Coast Eagles,Fitzroy Lions,106,76,23016.0,30,H,1.0
19920815_GeelongCats,1992,22,1992-08-15,GMHBA Stadium,Geelong Cats,Brisbane Bears,151,58,17187.0,93,H,1.0
19920815_CarltonBlues,1992,22,1992-08-15,Princes Park,Carlton Blues,Western Bulldogs,136,54,31375.0,82,H,1.0
19920815_RichmondTigers,1992,22,1992-08-15,Melbourne Cricket Ground,Richmond Tigers,Hawthorn Hawks,86,170,20423.0,-84,A,0.0
19920816_AdelaideCrows,1992,22,1992-08-16,AAMI Stadium,Adelaide Crows,St Kilda Saints,93,77,38675.0,16,H,1.0
19920816_NorthMelbourneKangaroos,1992,22,1992-08-16,Melbourne Cricket Ground,North Melbourne Kangaroos,Collingwood Magpies,92,98,35253.0,-6,A,0.0
19920816_SydneySwans,1992,22,1992-08-16,Sydney Cricket Ground,Sydney Swans,Melbourne Demons,88,139,8656.0,-51,A,0.0
19920822_BrisbaneBears,1992,23,1992-08-22,People First Stadium,Brisbane Bears,Sydney Swans,129,70,4349.0,59,H,1.0
19920822_FitzroyLions,1992,23,1992-08-22,Princes Park,Fitzroy Lions,Richmond Tigers,133,98,9244.0,35,H,1.0
19920822_EssendonBombers,1992,23,1992-08-22,Melbourne Cricket Ground,Essendon Bombers,North Melbourne Kangaroos,139,71,21044.0,68,H,1.0
19920822_CarltonBlues,1992,23,1992-08-22,Waverley Park,Carlton Blues,Collingwood Magpies,86,102,77357.0,-16,A,0.0
19920823_WesternBulldogs,1992,23,1992-08-23,Western Oval,Western Bulldogs,West Coast Eagles,53,23,15695.0,30,H,1.0
19920823_AdelaideCrows,1992,23,1992-08-23,AAMI Stadium,Adelaide Crows,Geelong Cats,169,78,46543.0,91,H,1.0
19920823_MelbourneDemons,1992,23,1992-08-23,Melbourne Cricket Ground,Melbourne Demons,St Kilda Saints,43,58,30548.0,-15,A,0.0
19920828_SydneySwans,1992,24,1992-08-28,Sydney Cricket Ground,Sydney Swans,Richmond Tigers,95,125,7466.0,-30,A,0.0
19920829_FitzroyLions,1992,24,1992-08-29,Princes Park,Fitzroy Lions,North Melbourne Kangaroos,96,130,8830.0,-34,A,0.0
19920829_GeelongCats,1992,24,1992-08-29,Waverley Park,Geelong Cats,Essendon Bombers,110,64,42968.0,46,H,1.0
19920829_CollingwoodMagpies,1992,24,1992-08-29,Victoria Park,Collingwood Magpies,Adelaide Crows,87,82,28990.0,5,H,1.0
19920829_WesternBulldogs,1992,24,1992-08-29,Western Oval,Western Bulldogs,Brisbane Bears,131,74,15390.0,57,H,1.0
19920829_MelbourneDemons,1992,24,1992-08-29,Melbourne Cricket Ground,Melbourne Demons,Hawthorn Hawks,130,149,42549.0,-19,A,0.0
19920830_WestCoastEagles,1992,24,1992-08-30,Domain Stadium,West Coast Eagles,Carlton Blues,120,87,40441.0,33,H,1.0
19920905_StKildaSaints,1992,EF,1992-09-05,Waverley Park,St Kilda Saints,Collingwood Magpies,91,83,74253.0,8,H,1.0
19920906_GeelongCats,1992,QF,1992-09-06,Melbourne Cricket Ground,Geelong Cats,Western Bulldogs,172,111,68753.0,61,H,1.0
19920906_WestCoastEagles,1992,EF,1992-09-06,Domain Stadium,West Coast Eagles,Hawthorn Hawks,100,87,40237.0,13,H,1.0
19920912_WesternBulldogs,1992,SF,1992-09-12,Waverley Park,Western Bulldogs,St Kilda Saints,119,90,59512.0,29,H,1.0
19920913_WestCoastEagles,1992,SF,1992-09-13,Melbourne Cricket Ground,West Coast Eagles,Geelong Cats,133,95,71745.0,38,H,1.0
19920919_GeelongCats,1992,PF,1992-09-19,Melbourne Cricket Ground,Geelong Cats,Western Bulldogs,149,85,71841.0,64,H,1.0
19920926_WestCoastEagles,1992,GF,1992-09-26,Melbourne Cricket Ground,West Coast Eagles,Geelong Cats,113,85,95007.0,28,H,1.0
19930326_WesternBulldogs,1993,1,1993-03-26,Melbourne Cricket Ground,Western Bulldogs,Collingwood Magpies,95,115,58997.0,-20,A,0.0
19930327_NorthMelbourneKangaroos,1993,1,1993-03-27,Melbourne Cricket Ground,North Melbourne Kangaroos,Brisbane Bears,166,143,8653.0,23,H,1.0
19930327_CarltonBlues,1993,1,1993-03-27,Princes Park,Carlton Blues,Fitzroy Lions,112,118,23433.0,-6,A,0.0
19930327_HawthornHawks,1993,1,1993-03-27,Waverley Park,Hawthorn Hawks,Melbourne Demons,93,70,25098.0,23,H,1.0
19930327_GeelongCats,1993,1,1993-03-27,GMHBA Stadium,Geelong Cats,St Kilda Saints,136,112,24337.0,24,H,1.0
19930328_WestCoastEagles,1993,1,1993-03-28,Domain Stadium,West Coast Eagles,Essendon Bombers,123,110,34361.0,13,H,1.0
19930328_RichmondTigers,1993,1,1993-03-28,Melbourne Cricket Ground,Richmond Tigers,Adelaide Crows,84,178,18473.0,-94,A,0.0
19930402_RichmondTigers,1993,2,1993-04-02,Melbourne Cricket Ground,Richmond Tigers,Brisbane Bears,126,80,14497.0,46,H,1.0
19930403_EssendonBombers,1993,2,1993-04-03,Melbourne Cricket Ground,Essendon Bombers,Carlton Blues,132,132,49856.0,0,D,
19930403_StKildaSaints,1993,2,1993-04-03,Waverley Park,St Kilda Saints,North Melbourne Kangaroos,132,125,23554.0,7,H,1.0
19930403_CollingwoodMagpies,1993,2,1993-04-03,Victoria Park,Collingwood Magpies,Geelong Cats,113,103,24147.0,10,H,1.0
19930403_MelbourneDemons,1993,2,1993-04-03,Princes Park,Melbourne Demons,Western Bulldogs,95,103,13076.0,-8,A,0.0
19930404_AdelaideCrows,1993,2,1993-04-04,AAMI Stadium,Adelaide Crows,West Coast Eagles,101,86,46258.0,15,H,1.0
19930404_SydneySwans,1993,2,1993-04-04,Sydney Cricket Ground,Sydney Swans,Hawthorn Hawks,92,149,10144.0,-57,A,0.0
19930410_StKildaSaints,1993,3,1993-04-10,Waverley Park,St Kilda Saints,Sydney Swans,132,94,25351.0,38,H,1.0
19930410_FitzroyLions,1993,3,1993-04-10,Princes Park,Fitzroy Lions,Western Bulldogs,98,101,18265.0,-3,A,0.0
19930411_WestCoastEagles,1993,3,1993-04-11,Domain Stadium,West Coast Eagles,Richmond Tigers,109,65,31110.0,44,H,1.0
19930411_BrisbaneBears,1993,3,1993-04-11,The Gabba,Brisbane Bears,Melbourne Demons,115,113,12821.0,2,H,1.0
19930412_GeelongCats,1993,3,1993-04-12,GMHBA Stadium,Geelong Cats,North Melbourne Kangaroos,84,108,23428.0,-24,A,0.0
19930412_CarltonBlues,1993,3,1993-04-12,Princes Park,Carlton Blues,Hawthorn Hawks,112,110,33274.0,2,H,1.0
19930412_EssendonBombers,1993,3,1993-04-12,Melbourne Cricket Ground,Essendon Bombers,Collingwood Magpies,109,139,87638.0,-30,A,0.0
19930416_AdelaideCrows,1993,4,1993-04-16,AAMI Stadium,Adelaide Crows,Fitzroy Lions,103,102,45671.0,1,H,1.0
19930417_HawthornHawks,1993,4,1993-04-17,Waverley Park,Hawthorn Hawks,Geelong Cats,79,125,31492.0,-46,A,0.0
19930417_CollingwoodMagpies,1993,4,1993-04-17,Victoria Park,Collingwood Magpies,St Kilda Saints,104,126,28350.0,-22,A,0.0
19930417_NorthMelbourneKangaroos,1993,4,1993-04-17,Melbourne Cricket Ground,North Melbourne Kangaroos,Melbourne Demons,128,99,24362.0,29,H,1.0
19930418_WestCoastEagles,1993,4,1993-04-18,Domain Stadium,West Coast Eagles,Brisbane Bears,98,46,30032.0,52,H,1.0
19930418_SydneySwans,1993,4,1993-04-18,Sydney Cricket Ground,Sydney Swans,Essendon Bombers,95,181,9023.0,-86,A,0.0
19930423_RichmondTigers,1993,5,1993-04-23,Melbourne Cricket Ground,Richmond Tigers,North Melbourne Kangaroos,122,159,35113.0,-37,A,0.0
19930424_WesternBulldogs,1993,5,1993-04-24,Western Oval,Western Bulldogs,Essendon Bombers,127,81,26923.0,46,H,1.0
19930424_FitzroyLions,1993,5,1993-04-24,Princes Park,Fitzroy Lions,Sydney Swans,167,74,10257.0,93,H,1.0
19930425_StKildaSaints,1993,5,1993-04-25,Waverley Park,St Kilda Saints,Carlton Blues,78,123,51211.0,-45,A,0.0
19930425_MelbourneDemons,1993,5,1993-04-25,Melbourne Cricket Ground,Melbourne Demons,Adelaide Crows,77,68,17011.0,9,H,1.0
19930425_BrisbaneBears,1993,5,1993-04-25,The Gabba,Brisbane Bears,Geelong Cats,126,127,12996.0,-1,A,0.0
19930430_AdelaideCrows,1993,6,1993-04-30,AAMI Stadium,Adelaide Crows,Hawthorn Hawks,88,105,46689.0,-17,A,0.0
19930430_MelbourneDemons,1993,6,1993-04-30,Melbourne Cricket Ground,Melbourne Demons,Richmond Tigers,153,60,33933.0,93,H,1.0
19930501_EssendonBombers,1993,6,1993-05-01,Melbourne Cricket Ground,Essendon Bombers,Geelong Cats,156,132,46588.0,24,H,1.0
19930501_NorthMelbourneKangaroos,1993,6,1993-05-01,Princes Park,North Melbourne Kangaroos,Sydney Swans,229,105,9230.0,124,H,1.0
19930502_CarltonBlues,1993,6,1993-05-02,Melbourne Cricket Ground,Carlton Blues,Collingwood Magpies,101,137,86196.0,-36,A,0.0
19930502_WestCoastEagles,1993,6,1993-05-02,Domain Stadium,West Coast Eagles,Western Bulldogs,125,84,32579.0,41,H,1.0
19930502_BrisbaneBears,1993,6,1993-05-02,The Gabba,Brisbane Bears,Fitzroy Lions,110,83,9893.0,27,H,1.0
19930508_CollingwoodMagpies,1993,7,1993-05-08,Victoria Park,Collingwood Magpies,Adelaide Crows,101,76,25854.0,25,H,1.0
19930508_WesternBulldogs,1993,7,1993-05-08,Western Oval,Western Bulldogs,North Melbourne Kangaroos,110,141,20942.0,-31,A,0.0
19930508_RichmondTigers,1993,7,1993-05-08,Melbourne Cricket Ground,Richmond Tigers,St Kilda Saints,136,104,29296.0,32,H,1.0
19930508_FitzroyLions,1993,7,1993-05-08,Princes Park,Fitzroy Lions,Melbourne Demons,79,78,13498.0,1,H,1.0
19930508_HawthornHawks,1993,7,1993-05-08,Waverley Park,Hawthorn Hawks,Brisbane Bears,113,70,14375.0,43,H,1.0
19930509_SydneySwans,1993,7,1993-05-09,Sydney Cricket Ground,Sydney Swans,Carlton Blues,95,139,9214.0,-44,A,0.0
19930509_GeelongCats,1993,7,1993-05-09,GMHBA Stadium,Geelong Cats,West Coast Eagles,105,113,23697.0,-8,A,0.0
19930514_WestCoastEagles,1993,8,1993-05-14,WACA,West Coast Eagles,Fitzroy Lions,58,76,28506.0,-18,A,0.0
19930515_CarltonBlues,1993,8,1993-05-15,Princes Park,Carlton Blues,Western Bulldogs,78,106,24133.0,-28,A,0.0
19930515_StKildaSaints,1993,8,1993-05-15,Waverley Park,St Kilda Saints,Essendon Bombers,67,125,43886.0,-58,A,0.0
19930515_CollingwoodMagpies,1993,8,1993-05-15,Victoria Park,Collingwood Magpies,Hawthorn Hawks,94,76,29880.0,18,H,1.0
19930516_AdelaideCrows,1993,8,1993-05-16,AAMI Stadium,Adelaide Crows,North Melbourne Kangaroos,123,121,45562.0,2,H,1.0
19930516_GeelongCats,1993,8,1993-05-16,GMHBA Stadium,Geelong Cats,Richmond Tigers,128,78,25224.0,50,H,1.0
19930516_BrisbaneBears,1993,8,1993-05-16,The Gabba,Brisbane Bears,Sydney Swans,219,57,8916.0,162,H,1.0
19930521_NorthMelbourneKangaroos,1993,9,1993-05-21,Melbourne Cricket Ground,North Melbourne Kangaroos,Carlton Blues,134,96,44833.0,38,H,1.0
19930522_HawthornHawks,1993,9,1993-05-22,Waverley Park,Hawthorn Hawks,Richmond Tigers,131,121,20316.0,10,H,1.0
19930522_FitzroyLions,1993,9,1993-05-22,Princes Park,Fitzroy Lions,Collingwood Magpies,92,73,24442.0,19,H,1.0
19930522_WesternBulldogs,1993,9,1993-05-22,Western Oval,Western Bulldogs,St Kilda Saints,143,79,17458.0,64,H,1.0
19930522_EssendonBombers,1993,9,1993-05-22,Melbourne Cricket Ground,Essendon Bombers,Adelaide Crows,111,65,34372.0,46,H,1.0
19930523_SydneySwans,1993,9,1993-05-23,Sydney Cricket Ground,Sydney Swans,Geelong Cats,104,129,9594.0,-25,A,0.0
19930523_MelbourneDemons,1993,9,1993-05-23,Melbourne Cricket Ground,Melbourne Demons,West Coast Eagles,101,88,22032.0,13,H,1.0
19930528_EssendonBombers,1993,10,1993-05-28,Melbourne Cricket Ground,Essendon Bombers,Fitzroy Lions,129,125,50567.0,4,H,1.0
19930529_StKildaSaints,1993,10,1993-05-29,Waverley Park,St Kilda Saints,West Coast Eagles,64,66,19918.0,-2,A,0.0
19930529_CarltonBlues,1993,10,1993-05-29,Princes Park,Carlton Blues,Melbourne Demons,128,74,23702.0,54,H,1.0
19930529_WesternBulldogs,1993,10,1993-05-29,Western Oval,Western Bulldogs,Hawthorn Hawks,62,132,19397.0,-70,A,0.0
19930529_RichmondTigers,1993,10,1993-05-29,Melbourne Cricket Ground,Richmond Tigers,Sydney Swans,122,93,17781.0,29,H,1.0
19930529_CollingwoodMagpies,1993,10,1993-05-29,Victoria Park,Collingwood Magpies,North Melbourne Kangaroos,43,126,29779.0,-83,A,0.0
19930530_BrisbaneBears,1993,10,1993-05-30,The Gabba,Brisbane Bears,Adelaide Crows,85,122,12395.0,-37,A,0.0
19930612_FitzroyLions,1993,11,1993-06-12,Princes Park,Fitzroy Lions,Richmond Tigers,56,82,11366.0,-26,A,0.0
19930612_GeelongCats,1993,11,1993-06-12,Melbourne Cricket Ground,Geelong Cats,Carlton Blues,89,118,37119.0,-29,A,0.0
19930612_StKildaSaints,1993,11,1993-06-12,Waverley Park,St Kilda Saints,Brisbane Bears,130,75,11748.0,55,H,1.0
19930613_AdelaideCrows,1993,11,1993-06-13,AAMI Stadium,Adelaide Crows,Western Bulldogs,107,62,44979.0,45,H,1.0
19930613_SydneySwans,1993,11,1993-06-13,Sydney Cricket Ground,Sydney Swans,West Coast Eagles,63,120,8794.0,-57,A,0.0
19930614_MelbourneDemons,1993,11,1993-06-14,Melbourne Cricket Ground,Melbourne Demons,Collingwood Magpies,160,109,57833.0,51,H,1.0
19930614_HawthornHawks,1993,11,1993-06-14,Waverley Park,Hawthorn Hawks,Essendon Bombers,86,116,47295.0,-30,A,0.0
19930618_WestCoastEagles,1993,12,1993-06-18,WACA,West Coast Eagles,North Melbourne Kangaroos,101,107,30183.0,-6,A,0.0
19930619_MelbourneDemons,1993,12,1993-06-19,Melbourne Cricket Ground,Melbourne Demons,Essendon Bombers,105,71,44094.0,34,H,1.0
19930619_CarltonBlues,1993,12,1993-06-19,Princes Park,Carlton Blues,Adelaide Crows,156,77,21405.0,79,H,1.0
19930619_WesternBulldogs,1993,12,1993-06-19,Western Oval,Western Bulldogs,Sydney Swans,94,69,11797.0,25,H,1.0
19930619_HawthornHawks,1993,12,1993-06-19,Waverley Park,Hawthorn Hawks,St Kilda Saints,152,74,28975.0,78,H,1.0
19930620_BrisbaneBears,1993,12,1993-06-20,The Gabba,Brisbane Bears,Collingwood Magpies,97,138,15471.0,-41,A,0.0
19930620_GeelongCats,1993,12,1993-06-20,GMHBA Stadium,Geelong Cats,Fitzroy Lions,113,106,19308.0,7,H,1.0
19930625_NorthMelbourneKangaroos,1993,13,1993-06-25,Melbourne Cricket Ground,North Melbourne Kangaroos,Hawthorn Hawks,80,83,47705.0,-3,A,0.0
19930626_FitzroyLions,1993,13,1993-06-26,Waverley Park,Fitzroy Lions,St Kilda Saints,79,112,15181.0,-33,A,0.0
19930626_CollingwoodMagpies,1993,13,1993-06-26,Victoria Park,Collingwood Magpies,West Coast Eagles,71,94,24371.0,-23,A,0.0
19930626_EssendonBombers,1993,13,1993-06-26,Princes Park,Essendon Bombers,Richmond Tigers,141,63,19105.0,78,H,1.0
19930626_WesternBulldogs,1993,13,1993-06-26,Western Oval,Western Bulldogs,Brisbane Bears,121,93,15397.0,28,H,1.0
19930627_SydneySwans,1993,13,1993-06-27,Sydney Cricket Ground,Sydney Swans,Melbourne Demons,149,109,8250.0,40,H,1.0
19930627_AdelaideCrows,1993,13,1993-06-27,AAMI Stadium,Adelaide Crows,Geelong Cats,115,95,46496.0,20,H,1.0
19930702_SydneySwans,1993,14,1993-07-02,Sydney Cricket Ground,Sydney Swans,Adelaide Crows,82,126,13057.0,-44,A,0.0
19930703_FitzroyLions,1993,14,1993-07-03,Princes Park,Fitzroy Lions,North Melbourne Kangaroos,119,118,13965.0,1,H,1.0
19930703_StKildaSaints,1993,14,1993-07-03,Waverley Park,St Kilda Saints,Melbourne Demons,46,92,23398.0,-46,A,0.0
19930703_GeelongCats,1993,14,1993-07-03,GMHBA Stadium,Geelong Cats,Western Bulldogs,110,54,19293.0,56,H,1.0
19930703_EssendonBombers,1993,14,1993-07-03,Melbourne Cricket Ground,Essendon Bombers,Brisbane Bears,155,39,20453.0,116,H,1.0
19930704_RichmondTigers,1993,14,1993-07-04,Melbourne Cricket Ground,Richmond Tigers,Collingwood Magpies,117,147,49980.0,-30,A,0.0
19930704_WestCoastEagles,1993,14,1993-07-04,Domain Stadium,West Coast Eagles,Carlton Blues,91,92,39789.0,-1,A,0.0
19930709_NorthMelbourneKangaroos,1993,15,1993-07-09,Melbourne Cricket Ground,North Melbourne Kangaroos,Essendon Bombers,129,91,55693.0,38,H,1.0
19930710_CarltonBlues,1993,15,1993-07-10,Princes Park,Carlton Blues,Brisbane Bears,131,97,16934.0,34,H,1.0
19930710_HawthornHawks,1993,15,1993-07-10,Waverley Park,Hawthorn Hawks,Fitzroy Lions,110,64,21744.0,46,H,1.0
19930710_MelbourneDemons,1993,15,1993-07-10,Melbourne Cricket Ground,Melbourne Demons,Geelong Cats,141,127,40819.0,14,H,1.0
19930710_CollingwoodMagpies,1993,15,1993-07-10,Victoria Park,Collingwood Magpies,Sydney Swans,169,77,20394.0,92,H,1.0
19930711_AdelaideCrows,1993,15,1993-07-11,AAMI Stadium,Adelaide Crows,St Kilda Saints,156,63,46667.0,93,H,1.0
19930711_RichmondTigers,1993,15,1993-07-11,Melbourne Cricket Ground,Richmond Tigers,Western Bulldogs,62,78,24832.0,-16,A,0.0
19930716_AdelaideCrows,1993,16,1993-07-16,AAMI Stadium,Adelaide Crows,Richmond Tigers,171,32,45109.0,139,H,1.0
19930717_CollingwoodMagpies,1993,16,1993-07-17,Victoria Park,Collingwood Magpies,Western Bulldogs,145,81,26156.0,64,H,1.0
19930717_MelbourneDemons,1993,16,1993-07-17,Melbourne Cricket Ground,Melbourne Demons,Hawthorn Hawks,90,106,44303.0,-16,A,0.0
19930717_StKildaSaints,1993,16,1993-07-17,Waverley Park,St Kilda Saints,Geelong Cats,177,106,22059.0,71,H,1.0
19930717_FitzroyLions,1993,16,1993-07-17,Princes Park,Fitzroy Lions,Carlton Blues,95,181,24987.0,-86,A,0.0
19930718_EssendonBombers,1993,16,1993-07-18,Melbourne Cricket Ground,Essendon Bombers,West Coast Eagles,89,87,44507.0,2,H,1.0
19930718_BrisbaneBears,1993,16,1993-07-18,The Gabba,Brisbane Bears,North Melbourne Kangaroos,104,146,9609.0,-42,A,0.0
19930723_NorthMelbourneKangaroos,1993,17,1993-07-23,Melbourne Cricket Ground,North Melbourne Kangaroos,St Kilda Saints,97,112,28410.0,-15,A,0.0
19930724_WesternBulldogs,1993,17,1993-07-24,Western Oval,Western Bulldogs,Melbourne Demons,97,110,14469.0,-13,A,0.0
19930724_GeelongCats,1993,17,1993-07-24,Waverley Park,Geelong Cats,Collingwood Magpies,87,79,38166.0,8,H,1.0
19930724_CarltonBlues,1993,17,1993-07-24,Melbourne Cricket Ground,Carlton Blues,Essendon Bombers,83,104,67035.0,-21,A,0.0
19930725_BrisbaneBears,1993,17,1993-07-25,The Gabba,Brisbane Bears,Richmond Tigers,118,99,8797.0,19,H,1.0
19930725_HawthornHawks,1993,17,1993-07-25,Waverley Park,Hawthorn Hawks,Sydney Swans,159,67,13397.0,92,H,1.0
19930725_WestCoastEagles,1993,17,1993-07-25,Domain Stadium,West Coast Eagles,Adelaide Crows,107,70,36081.0,37,H,1.0
19930730_CollingwoodMagpies,1993,18,1993-07-30,Melbourne Cricket Ground,Collingwood Magpies,Essendon Bombers,55,123,87573.0,-68,A,0.0
19930731_RichmondTigers,1993,18,1993-07-31,Princes Park,Richmond Tigers,West Coast Eagles,81,100,6025.0,-19,A,0.0
19930731_NorthMelbourneKangaroos,1993,18,1993-07-31,Melbourne Cricket Ground,North Melbourne Kangaroos,Geelong Cats,72,166,34439.0,-94,A,0.0
19930731_HawthornHawks,1993,18,1993-07-31,Waverley Park,Hawthorn Hawks,Carlton Blues,91,122,40850.0,-31,A,0.0
19930731_WesternBulldogs,1993,18,1993-07-31,Western Oval,Western Bulldogs,Fitzroy Lions,146,84,13029.0,62,H,1.0
19930801_SydneySwans,1993,18,1993-08-01,Sydney Cricket Ground,Sydney Swans,St Kilda Saints,118,155,9756.0,-37,A,0.0
19930801_MelbourneDemons,1993,18,1993-08-01,Melbourne Cricket Ground,Melbourne Demons,Brisbane Bears,138,49,15664.0,89,H,1.0
19930806_EssendonBombers,1993,19,1993-08-06,Melbourne Cricket Ground,Essendon Bombers,Sydney Swans,117,96,22813.0,21,H,1.0
19930807_RichmondTigers,1993,19,1993-08-07,Melbourne Cricket Ground,Richmond Tigers,Carlton Blues,83,106,30874.0,-23,A,0.0
19930807_FitzroyLions,1993,19,1993-08-07,Princes Park,Fitzroy Lions,Adelaide Crows,99,94,8545.0,5,H,1.0
19930807_GeelongCats,1993,19,1993-08-07,GMHBA Stadium,Geelong Cats,Hawthorn Hawks,150,68,25817.0,82,H,1.0
19930807_StKildaSaints,1993,19,1993-08-07,Waverley Park,St Kilda Saints,Collingwood Magpies,68,80,40327.0,-12,A,0.0
19930808_BrisbaneBears,1993,19,1993-08-08,The Gabba,Brisbane Bears,West Coast Eagles,71,131,9046.0,-60,A,0.0
19930813_SydneySwans,1993,20,1993-08-13,Sydney Cricket Ground,Sydney Swans,Fitzroy Lions,99,114,8214.0,-15,A,0.0
19930814_CarltonBlues,1993,20,1993-08-14,Princes Park,Carlton Blues,St Kilda Saints,77,84,22774.0,-7,A,0.0
19930814_EssendonBombers,1993,20,1993-08-14,Melbourne Cricket Ground,Essendon Bombers,Western Bulldogs,98,85,40229.0,13,H,1.0
19930815_AdelaideCrows,1993,20,1993-08-15,AAMI Stadium,Adelaide Crows,Melbourne Demons,105,46,46310.0,59,H,1.0
19930815_WestCoastEagles,1993,20,1993-08-15,Domain Stadium,West Coast Eagles,Hawthorn Hawks,67,45,41988.0,22,H,1.0
19930815_NorthMelbourneKangaroos,1993,20,1993-08-15,Melbourne Cricket Ground,North Melbourne Kangaroos,Richmond Tigers,128,84,17585.0,44,H,1.0
19930821_HawthornHawks,1993,21,1993-08-21,Waverley Park,Hawthorn Hawks,Adelaide Crows,115,88,26540.0,27,H,1.0
19930821_CollingwoodMagpies,1993,21,1993-08-21,Melbourne Cricket Ground,Collingwood Magpies,Carlton Blues,63,117,84054.0,-54,A,0.0
19930821_FitzroyLions,1993,21,1993-08-21,Princes Park,Fitzroy Lions,Brisbane Bears,147,43,6214.0,104,H,1.0
19930821_GeelongCats,1993,21,1993-08-21,GMHBA Stadium,Geelong Cats,Essendon Bombers,126,94,32808.0,32,H,1.0
19930821_WesternBulldogs,1993,21,1993-08-21,Western Oval,Western Bulldogs,West Coast Eagles,94,52,12444.0,42,H,1.0
19930822_SydneySwans,1993,21,1993-08-22,Sydney Cricket Ground,Sydney Swans,North Melbourne Kangaroos,98,160,8180.0,-62,A,0.0
19930822_RichmondTigers,1993,21,1993-08-22,Melbourne Cricket Ground,Richmond Tigers,Melbourne Demons,54,175,21654.0,-121,A,0.0
19930827_WestCoastEagles,1993,22,1993-08-27,WACA,West Coast Eagles,Geelong Cats,96,116,32121.0,-20,A,0.0
19930828_NorthMelbourneKangaroos,1993,22,1993-08-28,Melbourne Cricket Ground,North Melbourne Kangaroos,Western Bulldogs,123,135,31109.0,-12,A,0.0
19930828_StKildaSaints,1993,22,1993-08-28,Waverley Park,St Kilda Saints,Richmond Tigers,125,82,22971.0,43,H,1.0
19930828_CarltonBlues,1993,22,1993-08-28,Princes Park,Carlton Blues,Sydney Swans,111,110,21900.0,1,H,1.0
19930829_AdelaideCrows,1993,22,1993-08-29,AAMI Stadium,Adelaide Crows,Collingwood Magpies,135,111,48522.0,24,H,1.0
19930829_BrisbaneBears,1993,22,1993-08-29,The Gabba,Brisbane Bears,Hawthorn Hawks,106,163,11544.0,-57,A,0.0
19930829_MelbourneDemons,1993,22,1993-08-29,Melbourne Cricket Ground,Melbourne Demons,Fitzroy Lions,75,98,22605.0,-23,A,0.0
19930904_CarltonBlues,1993,QF,1993-09-04,Melbourne Cricket Ground,Carlton Blues,Essendon Bombers,100,98,79739.0,2,H,1.0
19930904_WestCoastEagles,1993,EF,1993-09-04,Waverley Park,West Coast Eagles,North Melbourne Kangaroos,120,69,29147.0,51,H,1.0
19930905_AdelaideCrows,1993,EF,1993-09-05,Melbourne Cricket Ground,Adelaide Crows,Hawthorn Hawks,110,95,55287.0,15,H,1.0
19930911_CarltonBlues,1993,SF,1993-09-11,Waverley Park,Carlton Blues,Adelaide Crows,86,68,59233.0,18,H,1.0
19930912_EssendonBombers,1993,SF,1993-09-12,Melbourne Cricket Ground,Essendon Bombers,West Coast Eagles,108,76,75453.0,32,H,1.0
19930918_EssendonBombers,1993,PF,1993-09-18,Melbourne Cricket Ground,Essendon Bombers,Adelaide Crows,111,100,76380.0,11,H,1.0
19930925_EssendonBombers,1993,GF,1993-09-25,Melbourne Cricket Ground,Essendon Bombers,Carlton Blues,133,89,96862.0,44,H,1.0
19940326_WesternBulldogs,1994,1,1994-03-26,Western Oval,Western Bulldogs,Richmond Tigers,113,111,18592.0,2,H,1.0
19940326_CollingwoodMagpies,1994,1,1994-03-26,Victoria Park,Collingwood Magpies,Fitzroy Lions,114,103,25602.0,11,H,1.0
19940326_StKildaSaints,1994,1,1994-03-26,Waverley Park,St Kilda Saints,Hawthorn Hawks,97,153,29582.0,-56,A,0.0
19940326_EssendonBombers,1994,1,1994-03-26,Melbourne Cricket Ground,Essendon Bombers,West Coast Eagles,82,79,39492.0,3,H,1.0
19940327_AdelaideCrows,1994,1,1994-03-27,AAMI Stadium,Adelaide Crows,Carlton Blues,150,84,44953.0,66,H,1.0
19940327_MelbourneDemons,1994,1,1994-03-27,Melbourne Cricket Ground,Melbourne Demons,Geelong Cats,174,109,39741.0,65,H,1.0
19940327_BrisbaneBears,1994,1,1994-03-27,The Gabba,Brisbane Bears,Sydney Swans,99,89,7901.0,10,H,1.0
19940402_FitzroyLions,1994,2,1994-04-02,Princes Park,Fitzroy Lions,Essendon Bombers,112,99,24872.0,13,H,1.0
19940402_HawthornHawks,1994,2,1994-04-02,Waverley Park,Hawthorn Hawks,Melbourne Demons,64,118,29581.0,-54,A,0.0
19940402_NorthMelbourneKangaroos,1994,2,1994-04-02,Melbourne Cricket Ground,North Melbourne Kangaroos,St Kilda Saints,142,73,27195.0,69,H,1.0
19940403_WestCoastEagles,1994,2,1994-04-03,Domain Stadium,West Coast Eagles,Adelaide Crows,97,78,28228.0,19,H,1.0
19940403_RichmondTigers,1994,2,1994-04-03,Melbourne Cricket Ground,Richmond Tigers,Brisbane Bears,134,72,15333.0,62,H,1.0
19940404_GeelongCats,1994,2,1994-04-04,GMHBA Stadium,Geelong Cats,Western Bulldogs,152,64,24019.0,88,H,1.0
19940404_CollingwoodMagpies,1994,2,1994-04-04,Melbourne Cricket Ground,Collingwood Magpies,Carlton Blues,100,66,85063.0,34,H,1.0
19940408_NorthMelbourneKangaroos,1994,3,1994-04-08,Melbourne Cricket Ground,North Melbourne Kangaroos,Hawthorn Hawks,173,46,36726.0,127,H,1.0
19940409_FitzroyLions,1994,3,1994-04-09,Western Oval,Fitzroy Lions,Brisbane Bears,111,78,8829.0,33,H,1.0
19940409_StKildaSaints,1994,3,1994-04-09,Waverley Park,St Kilda Saints,Essendon Bombers,108,94,30454.0,14,H,1.0
19940409_RichmondTigers,1994,3,1994-04-09,Melbourne Cricket Ground,Richmond Tigers,West Coast Eagles,39,135,19609.0,-96,A,0.0
19940410_CollingwoodMagpies,1994,3,1994-04-10,Melbourne Cricket Ground,Collingwood Magpies,Western Bulldogs,95,94,38307.0,1,H,1.0
19940410_CarltonBlues,1994,3,1994-04-10,Princes Park,Carlton Blues,Geelong Cats,99,70,28496.0,29,H,1.0
19940410_SydneySwans,1994,3,1994-04-10,Sydney Cricket Ground,Sydney Swans,Adelaide Crows,135,154,11068.0,-19,A,0.0
19940415_SydneySwans,1994,4,1994-04-15,Sydney Cricket Ground,Sydney Swans,Richmond Tigers,86,72,9727.0,14,H,1.0
19940416_WestCoastEagles,1994,4,1994-04-16,WACA,West Coast Eagles,Fitzroy Lions,129,53,28980.0,76,H,1.0
19940416_EssendonBombers,1994,4,1994-04-16,Melbourne Cricket Ground,Essendon Bombers,Melbourne Demons,66,84,61193.0,-18,A,0.0
19940416_WesternBulldogs,1994,4,1994-04-16,Western Oval,Western Bulldogs,North Melbourne Kangaroos,99,112,21630.0,-13,A,0.0
19940416_HawthornHawks,1994,4,1994-04-16,Waverley Park,Hawthorn Hawks,Carlton Blues,73,160,30944.0,-87,A,0.0
19940417_AdelaideCrows,1994,4,1994-04-17,AAMI Stadium,Adelaide Crows,Geelong Cats,104,77,45638.0,27,H,1.0
19940417_BrisbaneBears,1994,4,1994-04-17,The Gabba,Brisbane Bears,St Kilda Saints,151,98,11290.0,53,H,1.0
19940422_MelbourneDemons,1994,5,1994-04-22,Melbourne Cricket Ground,Melbourne Demons,Brisbane Bears,117,30,20946.0,87,H,1.0
19940423_EssendonBombers,1994,5,1994-04-23,Melbourne Cricket Ground,Essendon Bombers,Collingwood Magpies,98,94,74330.0,4,H,1.0
19940423_GeelongCats,1994,5,1994-04-23,GMHBA Stadium,Geelong Cats,North Melbourne Kangaroos,120,105,23490.0,15,H,1.0
19940423_FitzroyLions,1994,5,1994-04-23,Western Oval,Fitzroy Lions,Sydney Swans,137,129,10514.0,8,H,1.0
19940424_WestCoastEagles,1994,5,1994-04-24,Domain Stadium,West Coast Eagles,Hawthorn Hawks,58,129,27357.0,-71,A,0.0
19940424_AdelaideCrows,1994,5,1994-04-24,AAMI Stadium,Adelaide Crows,Western Bulldogs,93,110,44426.0,-17,A,0.0
19940425_StKildaSaints,1994,5,1994-04-25,Waverley Park,St Kilda Saints,Richmond Tigers,70,112,37870.0,-42,A,0.0
19940430_MelbourneDemons,1994,6,1994-04-30,Waverley Park,Melbourne Demons,Collingwood Magpies,60,55,47211.0,5,H,1.0
19940430_NorthMelbourneKangaroos,1994,6,1994-04-30,Melbourne Cricket Ground,North Melbourne Kangaroos,West Coast Eagles,86,123,27022.0,-37,A,0.0
19940430_BrisbaneBears,1994,6,1994-04-30,The Gabba,Brisbane Bears,Adelaide Crows,110,121,9457.0,-11,A,0.0
19940430_CarltonBlues,1994,6,1994-04-30,Princes Park,Carlton Blues,Sydney Swans,134,74,22810.0,60,H,1.0
19940507_HawthornHawks,1994,7,1994-05-07,Waverley Park,Hawthorn Hawks,Essendon Bombers,88,75,33927.0,13,H,1.0
19940507_RichmondTigers,1994,7,1994-05-07,Princes Park,Richmond Tigers,Fitzroy Lions,133,92,14614.0,41,H,1.0
19940507_MelbourneDemons,1994,7,1994-05-07,Melbourne Cricket Ground,Melbourne Demons,North Melbourne Kangaroos,58,90,34601.0,-32,A,0.0
19940508_WestCoastEagles,1994,7,1994-05-08,Domain Stadium,West Coast Eagles,Carlton Blues,115,49,26676.0,66,H,1.0
19940508_SydneySwans,1994,7,1994-05-08,Sydney Cricket Ground,Sydney Swans,St Kilda Saints,109,110,9295.0,-1,A,0.0
19940508_GeelongCats,1994,7,1994-05-08,Melbourne Cricket Ground,Geelong Cats,Collingwood Magpies,124,96,52342.0,28,H,1.0
19940508_WesternBulldogs,1994,7,1994-05-08,Western Oval,Western Bulldogs,Brisbane Bears,86,49,12181.0,37,H,1.0
19940513_RichmondTigers,1994,8,1994-05-13,Melbourne Cricket Ground,Richmond Tigers,Carlton Blues,107,135,50227.0,-28,A,0.0
19940514_HawthornHawks,1994,8,1994-05-14,Waverley Park,Hawthorn Hawks,Brisbane Bears,166,67,12233.0,99,H,1.0
19940514_FitzroyLions,1994,8,1994-05-14,Western Oval,Fitzroy Lions,North Melbourne Kangaroos,90,119,11334.0,-29,A,0.0
19940514_CollingwoodMagpies,1994,8,1994-05-14,Melbourne Cricket Ground,Collingwood Magpies,St Kilda Saints,127,78,35851.0,49,H,1.0
19940515_SydneySwans,1994,8,1994-05-15,Sydney Cricket Ground,Sydney Swans,Geelong Cats,71,165,11142.0,-94,A,0.0
19940515_MelbourneDemons,1994,8,1994-05-15,Melbourne Cricket Ground,Melbourne Demons,Western Bulldogs,91,94,28559.0,-3,A,0.0
19940515_EssendonBombers,1994,8,1994-05-15,Princes Park,Essendon Bombers,Adelaide Crows,131,88,28626.0,43,H,1.0
19940520_NorthMelbourneKangaroos,1994,9,1994-05-20,Melbourne Cricket Ground,North Melbourne Kangaroos,Collingwood Magpies,121,88,72216.0,33,H,1.0
19940521_MelbourneDemons,1994,9,1994-05-21,Melbourne Cricket Ground,Melbourne Demons,Sydney Swans,97,106,19333.0,-9,A,0.0
19940521_EssendonBombers,1994,9,1994-05-21,Waverley Park,Essendon Bombers,Carlton Blues,63,62,40080.0,1,H,1.0
19940521_WesternBulldogs,1994,9,1994-05-21,Western Oval,Western Bulldogs,West Coast Eagles,52,83,14923.0,-31,A,0.0
19940521_GeelongCats,1994,9,1994-05-21,GMHBA Stadium,Geelong Cats,Richmond Tigers,142,78,22777.0,64,H,1.0
19940522_StKildaSaints,1994,9,1994-05-22,Waverley Park,St Kilda Saints,Fitzroy Lions,75,62,15249.0,13,H,1.0
19940522_AdelaideCrows,1994,9,1994-05-22,AAMI Stadium,Adelaide Crows,Hawthorn Hawks,48,145,44403.0,-97,A,0.0
19940527_WestCoastEagles,1994,10,1994-05-27,WACA,West Coast Eagles,Sydney Swans,101,75,27901.0,26,H,1.0
19940528_EssendonBombers,1994,10,1994-05-28,Melbourne Cricket Ground,Essendon Bombers,Geelong Cats,112,101,75129.0,11,H,1.0
19940528_CollingwoodMagpies,1994,10,1994-05-28,Victoria Park,Collingwood Magpies,Hawthorn Hawks,110,74,26718.0,36,H,1.0
19940528_CarltonBlues,1994,10,1994-05-28,Princes Park,Carlton Blues,Western Bulldogs,109,97,23691.0,12,H,1.0
19940528_StKildaSaints,1994,10,1994-05-28,Waverley Park,St Kilda Saints,Melbourne Demons,32,106,19914.0,-74,A,0.0
19940529_BrisbaneBears,1994,10,1994-05-29,The Gabba,Brisbane Bears,North Melbourne Kangaroos,120,93,10953.0,27,H,1.0
19940529_AdelaideCrows,1994,10,1994-05-29,AAMI Stadium,Adelaide Crows,Fitzroy Lions,103,64,42915.0,39,H,1.0
19940604_CollingwoodMagpies,1994,11,1994-06-04,Victoria Park,Collingwood Magpies,Adelaide Crows,90,67,27390.0,23,H,1.0
19940604_CarltonBlues,1994,11,1994-06-04,Waverley Park,Carlton Blues,Fitzroy Lions,135,80,19090.0,55,H,1.0
19940604_GeelongCats,1994,11,1994-06-04,GMHBA Stadium,Geelong Cats,Brisbane Bears,101,126,18599.0,-25,A,0.0
19940604_EssendonBombers,1994,11,1994-06-04,Princes Park,Essendon Bombers,Richmond Tigers,154,108,22547.0,46,H,1.0
19940605_HawthornHawks,1994,11,1994-06-05,Waverley Park,Hawthorn Hawks,Western Bulldogs,125,61,22895.0,64,H,1.0
19940605_SydneySwans,1994,11,1994-06-05,Sydney Cricket Ground,Sydney Swans,North Melbourne Kangaroos,106,126,11182.0,-20,A,0.0
19940605_MelbourneDemons,1994,11,1994-06-05,Melbourne Cricket Ground,Melbourne Demons,West Coast Eagles,74,118,31324.0,-44,A,0.0
19940611_MelbourneDemons,1994,12,1994-06-11,Melbourne Cricket Ground,Melbourne Demons,Carlton Blues,94,121,52199.0,-27,A,0.0
19940611_GeelongCats,1994,12,1994-06-11,GMHBA Stadium,Geelong Cats,St Kilda Saints,113,110,23696.0,3,H,1.0
19940611_NorthMelbourneKangaroos,1994,12,1994-06-11,Princes Park,North Melbourne Kangaroos,Adelaide Crows,149,69,16643.0,80,H,1.0
19940612_WestCoastEagles,1994,12,1994-06-12,Domain Stadium,West Coast Eagles,Brisbane Bears,78,69,23492.0,9,H,1.0
19940612_SydneySwans,1994,12,1994-06-12,Sydney Cricket Ground,Sydney Swans,Hawthorn Hawks,83,141,12251.0,-58,A,0.0
19940613_WesternBulldogs,1994,12,1994-06-13,Waverley Park,Western Bulldogs,Essendon Bombers,92,64,39181.0,28,H,1.0
19940613_RichmondTigers,1994,12,1994-06-13,Melbourne Cricket Ground,Richmond Tigers,Collingwood Magpies,102,36,61983.0,66,H,1.0
19940618_CarltonBlues,1994,13,1994-06-18,Princes Park,Carlton Blues,St Kilda Saints,145,65,22927.0,80,H,1.0
19940618_HawthornHawks,1994,13,1994-06-18,Waverley Park,Hawthorn Hawks,Fitzroy Lions,53,66,17599.0,-13,A,0.0
19940618_RichmondTigers,1994,13,1994-06-18,Melbourne Cricket Ground,Richmond Tigers,North Melbourne Kangaroos,72,67,26917.0,5,H,1.0
19940619_CollingwoodMagpies,1994,13,1994-06-19,Melbourne Cricket Ground,Collingwood Magpies,West Coast Eagles,121,84,27699.0,37,H,1.0
19940619_AdelaideCrows,1994,13,1994-06-19,AAMI Stadium,Adelaide Crows,Melbourne Demons,83,78,41189.0,5,H,1.0
19940619_WesternBulldogs,1994,13,1994-06-19,Western Oval,Western Bulldogs,Sydney Swans,134,60,13070.0,74,H,1.0
19940619_BrisbaneBears,1994,13,1994-06-19,The Gabba,Brisbane Bears,Essendon Bombers,114,81,18484.0,33,H,1.0
19940624_NorthMelbourneKangaroos,1994,14,1994-06-24,Melbourne Cricket Ground,North Melbourne Kangaroos,Carlton Blues,88,106,45177.0,-18,A,0.0
19940625_StKildaSaints,1994,14,1994-06-25,Waverley Park,St Kilda Saints,Adelaide Crows,79,79,13868.0,0,D,
19940625_MelbourneDemons,1994,14,1994-06-25,Melbourne Cricket Ground,Melbourne Demons,Richmond Tigers,62,78,32528.0,-16,A,0.0
19940625_WesternBulldogs,1994,14,1994-06-25,Western Oval,Western Bulldogs,Fitzroy Lions,144,40,16085.0,104,H,1.0
19940625_GeelongCats,1994,14,1994-06-25,GMHBA Stadium,Geelong Cats,West Coast Eagles,75,93,21939.0,-18,A,0.0
19940626_EssendonBombers,1994,14,1994-06-26,Melbourne Cricket Ground,Essendon Bombers,Sydney Swans,129,95,27094.0,34,H,1.0
19940626_BrisbaneBears,1994,14,1994-06-26,The Gabba,Brisbane Bears,Collingwood Magpies,121,77,18881.0,44,H,1.0
19940701_WestCoastEagles,1994,15,1994-07-01,WACA,West Coast Eagles,St Kilda Saints,128,49,24632.0,79,H,1.0
19940702_CarltonBlues,1994,15,1994-07-02,Princes Park,Carlton Blues,Brisbane Bears,144,46,21119.0,98,H,1.0
19940702_NorthMelbourneKangaroos,1994,15,1994-07-02,Melbourne Cricket Ground,North Melbourne Kangaroos,Essendon Bombers,85,92,50141.0,-7,A,0.0
19940702_HawthornHawks,1994,15,1994-07-02,Waverley Park,Hawthorn Hawks,Geelong Cats,115,79,35267.0,36,H,1.0
19940702_FitzroyLions,1994,15,1994-07-02,Western Oval,Fitzroy Lions,Melbourne Demons,65,111,8484.0,-46,A,0.0
19940703_AdelaideCrows,1994,15,1994-07-03,AAMI Stadium,Adelaide Crows,Richmond Tigers,83,90,43052.0,-7,A,0.0
19940703_SydneySwans,1994,15,1994-07-03,Sydney Cricket Ground,Sydney Swans,Collingwood Magpies,73,93,13083.0,-20,A,0.0
19940709_RichmondTigers,1994,16,1994-07-09,Melbourne Cricket Ground,Richmond Tigers,Western Bulldogs,97,94,49878.0,3,H,1.0
19940709_FitzroyLions,1994,16,1994-07-09,Western Oval,Fitzroy Lions,Collingwood Magpies,80,129,15394.0,-49,A,0.0
19940709_HawthornHawks,1994,16,1994-07-09,Waverley Park,Hawthorn Hawks,St Kilda Saints,142,78,25037.0,64,H,1.0
19940709_GeelongCats,1994,16,1994-07-09,GMHBA Stadium,Geelong Cats,Melbourne Demons,145,115,23687.0,30,H,1.0
19940710_WestCoastEagles,1994,16,1994-07-10,Domain Stadium,West Coast Eagles,Essendon Bombers,80,44,29723.0,36,H,1.0
19940710_CarltonBlues,1994,16,1994-07-10,Princes Park,Carlton Blues,Adelaide Crows,136,76,29695.0,60,H,1.0
19940710_SydneySwans,1994,16,1994-07-10,Sydney Cricket Ground,Sydney Swans,Brisbane Bears,110,135,5728.0,-25,A,0.0
19940716_CollingwoodMagpies,1994,17,1994-07-16,Melbourne Cricket Ground,Collingwood Magpies,Carlton Blues,54,97,85831.0,-43,A,0.0
19940716_MelbourneDemons,1994,17,1994-07-16,Princes Park,Melbourne Demons,Hawthorn Hawks,112,74,14096.0,38,H,1.0
19940716_StKildaSaints,1994,17,1994-07-16,Waverley Park,St Kilda Saints,North Melbourne Kangaroos,55,116,21097.0,-61,A,0.0
19940716_WesternBulldogs,1994,17,1994-07-16,Western Oval,Western Bulldogs,Geelong Cats,113,85,23953.0,28,H,1.0
19940717_EssendonBombers,1994,17,1994-07-17,Melbourne Cricket Ground,Essendon Bombers,Fitzroy Lions,153,89,33265.0,64,H,1.0
19940717_AdelaideCrows,1994,17,1994-07-17,AAMI Stadium,Adelaide Crows,West Coast Eagles,82,78,42860.0,4,H,1.0
19940717_BrisbaneBears,1994,17,1994-07-17,The Gabba,Brisbane Bears,Richmond Tigers,84,98,14936.0,-14,A,0.0
19940722_AdelaideCrows,1994,18,1994-07-22,AAMI Stadium,Adelaide Crows,Sydney Swans,75,87,43788.0,-12,A,0.0
19940723_EssendonBombers,1994,18,1994-07-23,Melbourne Cricket Ground,Essendon Bombers,St Kilda Saints,100,110,38858.0,-10,A,0.0
19940723_WesternBulldogs,1994,18,1994-07-23,Western Oval,Western Bulldogs,Collingwood Magpies,87,55,25540.0,32,H,1.0
19940723_HawthornHawks,1994,18,1994-07-23,Waverley Park,Hawthorn Hawks,North Melbourne Kangaroos,59,99,26936.0,-40,A,0.0
19940724_WestCoastEagles,1994,18,1994-07-24,Domain Stadium,West Coast Eagles,Richmond Tigers,101,53,26020.0,48,H,1.0
19940724_BrisbaneBears,1994,18,1994-07-24,The Gabba,Brisbane Bears,Fitzroy Lions,65,58,8236.0,7,H,1.0
19940724_GeelongCats,1994,18,1994-07-24,Waverley Park,Geelong Cats,Carlton Blues,90,54,42930.0,36,H,1.0
19940729_NorthMelbourneKangaroos,1994,19,1994-07-29,Melbourne Cricket Ground,North Melbourne Kangaroos,Western Bulldogs,102,82,32845.0,20,H,1.0
19940730_StKildaSaints,1994,19,1994-07-30,Waverley Park,St Kilda Saints,Brisbane Bears,45,55,12927.0,-10,A,0.0
19940730_CarltonBlues,1994,19,1994-07-30,Princes Park,Carlton Blues,Hawthorn Hawks,104,72,25265.0,32,H,1.0
19940730_MelbourneDemons,1994,19,1994-07-30,Melbourne Cricket Ground,Melbourne Demons,Essendon Bombers,135,58,43132.0,77,H,1.0
19940731_FitzroyLions,1994,19,1994-07-31,Western Oval,Fitzroy Lions,West Coast Eagles,26,92,5334.0,-66,A,0.0
19940731_GeelongCats,1994,19,1994-07-31,GMHBA Stadium,Geelong Cats,Adelaide Crows,91,38,15383.0,53,H,1.0
19940731_RichmondTigers,1994,19,1994-07-31,Melbourne Cricket Ground,Richmond Tigers,Sydney Swans,95,62,23906.0,33,H,1.0
19940805_CollingwoodMagpies,1994,20,1994-08-05,Melbourne Cricket Ground,Collingwood Magpies,Essendon Bombers,134,106,76565.0,28,H,1.0
19940806_HawthornHawks,1994,20,1994-08-06,Waverley Park,Hawthorn Hawks,West Coast Eagles,100,54,16328.0,46,H,1.0
19940806_GeelongCats,1994,20,1994-08-06,Princes Park,Geelong Cats,North Melbourne Kangaroos,78,77,26014.0,1,H,1.0
19940806_RichmondTigers,1994,20,1994-08-06,Melbourne Cricket Ground,Richmond Tigers,St Kilda Saints,93,61,33503.0,32,H,1.0
19940807_WesternBulldogs,1994,20,1994-08-07,Western Oval,Western Bulldogs,Adelaide Crows,118,34,17591.0,84,H,1.0
19940807_BrisbaneBears,1994,20,1994-08-07,The Gabba,Brisbane Bears,Melbourne Demons,84,99,12341.0,-15,A,0.0
19940807_SydneySwans,1994,20,1994-08-07,Sydney Cricket Ground,Sydney Swans,Fitzroy Lions,66,94,6513.0,-28,A,0.0
19940812_WestCoastEagles,1994,21,1994-08-12,WACA,West Coast Eagles,North Melbourne Kangaroos,73,64,31948.0,9,H,1.0
19940813_GeelongCats,1994,21,1994-08-13,Princes Park,Geelong Cats,Fitzroy Lions,100,59,11388.0,41,H,1.0
19940813_StKildaSaints,1994,21,1994-08-13,Waverley Park,St Kilda Saints,Western Bulldogs,72,117,14653.0,-45,A,0.0
19940813_MelbourneDemons,1994,21,1994-08-13,Melbourne Cricket Ground,Melbourne Demons,Collingwood Magpies,64,92,49872.0,-28,A,0.0
19940814_SydneySwans,1994,21,1994-08-14,Sydney Cricket Ground,Sydney Swans,Carlton Blues,70,62,9622.0,8,H,1.0
19940814_RichmondTigers,1994,21,1994-08-14,Melbourne Cricket Ground,Richmond Tigers,Hawthorn Hawks,89,117,52562.0,-28,A,0.0
19940814_AdelaideCrows,1994,21,1994-08-14,AAMI Stadium,Adelaide Crows,Brisbane Bears,89,86,36599.0,3,H,1.0
19940819_NorthMelbourneKangaroos,1994,22,1994-08-19,Melbourne Cricket Ground,North Melbourne Kangaroos,Melbourne Demons,83,103,32951.0,-20,A,0.0
19940820_FitzroyLions,1994,22,1994-08-20,Western Oval,Fitzroy Lions,Richmond Tigers,69,129,12122.0,-60,A,0.0
19940820_CollingwoodMagpies,1994,22,1994-08-20,Melbourne Cricket Ground,Collingwood Magpies,Geelong Cats,107,104,66555.0,3,H,1.0
19940820_StKildaSaints,1994,22,1994-08-20,Waverley Park,St Kilda Saints,Sydney Swans,114,81,13454.0,33,H,1.0
19940821_EssendonBombers,1994,22,1994-08-21,Melbourne Cricket Ground,Essendon Bombers,Hawthorn Hawks,136,84,49354.0,52,H,1.0
19940821_BrisbaneBears,1994,22,1994-08-21,The Gabba,Brisbane Bears,Western Bulldogs,88,98,10572.0,-10,A,0.0
19940821_CarltonBlues,1994,22,1994-08-21,Princes Park,Carlton Blues,West Coast Eagles,126,62,28038.0,64,H,1.0
19940826_NorthMelbourneKangaroos,1994,23,1994-08-26,Melbourne Cricket Ground,North Melbourne Kangaroos,Fitzroy Lions,160,74,17960.0,86,H,1.0
19940827_StKildaSaints,1994,23,1994-08-27,Waverley Park,St Kilda Saints,Collingwood Magpies,90,88,40154.0,2,H,1.0
19940827_GeelongCats,1994,23,1994-08-27,GMHBA Stadium,Geelong Cats,Sydney Swans,111,99,22208.0,12,H,1.0
19940827_CarltonBlues,1994,23,1994-08-27,Princes Park,Carlton Blues,Richmond Tigers,161,48,32486.0,113,H,1.0
19940827_WesternBulldogs,1994,23,1994-08-27,Western Oval,Western Bulldogs,Melbourne Demons,111,71,23615.0,40,H,1.0
19940828_AdelaideCrows,1994,23,1994-08-28,AAMI Stadium,Adelaide Crows,Essendon Bombers,115,58,41669.0,57,H,1.0
19940828_BrisbaneBears,1994,23,1994-08-28,The Gabba,Brisbane Bears,Hawthorn Hawks,91,102,13718.0,-11,A,0.0
19940902_CollingwoodMagpies,1994,24,1994-09-02,Melbourne Cricket Ground,Collingwood Magpies,North Melbourne Kangaroos,62,126,72932.0,-64,A,0.0
19940903_EssendonBombers,1994,24,1994-09-03,Melbourne Cricket Ground,Essendon Bombers,Carlton Blues,80,62,61231.0,18,H,1.0
19940903_HawthornHawks,1994,24,1994-09-03,Waverley Park,Hawthorn Hawks,Adelaide Crows,66,47,22973.0,19,H,1.0
19940903_FitzroyLions,1994,24,1994-09-03,Western Oval,Fitzroy Lions,St Kilda Saints,102,140,10809.0,-38,A,0.0
19940903_GeelongCats,1994,24,1994-09-03,Princes Park,Geelong Cats,Richmond Tigers,171,95,25112.0,76,H,1.0
19940904_WestCoastEagles,1994,24,1994-09-04,Domain Stadium,West Coast Eagles,Western Bulldogs,117,46,26992.0,71,H,1.0
19940904_SydneySwans,1994,24,1994-09-04,Sydney Cricket Ground,Sydney Swans,Melbourne Demons,121,167,8344.0,-46,A,0.0
19940910_GeelongCats,1994,QF,1994-09-10,Melbourne Cricket Ground,Geelong Cats,Western Bulldogs,106,101,61182.0,5,H,1.0
19940910_NorthMelbourneKangaroos,1994,QF,1994-09-10,Waverley Park,North Melbourne Kangaroos,Hawthorn Hawks,114,91,38223.0,23,H,1.0
19940911_WestCoastEagles,1994,QF,1994-09-11,WACA,West Coast Eagles,Collingwood Magpies,82,80,31824.0,2,H,1.0
19940911_MelbourneDemons,1994,QF,1994-09-11,Melbourne Cricket Ground,Melbourne Demons,Carlton Blues,123,96,56111.0,27,H,1.0
19940917_GeelongCats,1994,SF,1994-09-17,Waverley Park,Geelong Cats,Carlton Blues,105,72,53160.0,33,H,1.0
19940918_MelbourneDemons,1994,SF,1994-09-18,Melbourne Cricket Ground,Melbourne Demons,Western Bulldogs,144,65,65577.0,79,H,1.0
19940924_GeelongCats,1994,PF,1994-09-24,Melbourne Cricket Ground,Geelong Cats,North Melbourne Kangaroos,109,103,80121.0,6,H,1.0
19940924_WestCoastEagles,1994,PF,1994-09-24,WACA,West Coast Eagles,Melbourne Demons,117,52,34317.0,65,H,1.0
19941001_WestCoastEagles,1994,GF,1994-10-01,Melbourne Cricket Ground,West Coast Eagles,Geelong Cats,143,63,93860.0,80,H,1.0
19950331_NorthMelbourneKangaroos,1995,1,1995-03-31,Melbourne Cricket Ground,North Melbourne Kangaroos,Adelaide Crows,79,76,24882.0,3,H,1.0
19950401_HawthornHawks,1995,1,1995-04-01,Waverley Park,Hawthorn Hawks,Brisbane Bears,127,70,14653.0,57,H,1.0
19950401_GeelongCats,1995,1,1995-04-01,GMHBA Stadium,Geelong Cats,Melbourne Demons,87,73,22707.0,14,H,1.0
19950401_RichmondTigers,1995,1,1995-04-01,Melbourne Cricket Ground,Richmond Tigers,Fremantle Dockers,90,85,26219.0,5,H,1.0
19950401_FitzroyLions,1995,1,1995-04-01,Western Oval,Fitzroy Lions,Essendon Bombers,38,112,17869.0,-74,A,0.0
19950402_WesternBulldogs,1995,1,1995-04-02,Western Oval,Western Bulldogs,Sydney Swans,102,85,19189.0,17,H,1.0
19950402_WestCoastEagles,1995,1,1995-04-02,WACA,West Coast Eagles,St Kilda Saints,121,75,28083.0,46,H,1.0
19950402_CollingwoodMagpies,1995,1,1995-04-02,Melbourne Cricket Ground,Collingwood Magpies,Carlton Blues,66,95,87119.0,-29,A,0.0
19950407_FremantleDockers,1995,2,1995-04-07,WACA,Fremantle Dockers,Essendon Bombers,82,91,23688.0,-9,A,0.0
19950408_HawthornHawks,1995,2,1995-04-08,Waverley Park,Hawthorn Hawks,Western Bulldogs,71,95,18136.0,-24,A,0.0
19950408_MelbourneDemons,1995,2,1995-04-08,Melbourne Cricket Ground,Melbourne Demons,North Melbourne Kangaroos,87,106,25010.0,-19,A,0.0
19950408_CarltonBlues,1995,2,1995-04-08,Princes Park,Carlton Blues,Fitzroy Lions,125,56,16586.0,69,H,1.0
19950409_StKildaSaints,1995,2,1995-04-09,Waverley Park,St Kilda Saints,Richmond Tigers,69,95,26037.0,-26,A,0.0
19950409_CollingwoodMagpies,1995,2,1995-04-09,Melbourne Cricket Ground,Collingwood Magpies,West Coast Eagles,76,80,33129.0,-4,A,0.0
19950409_SydneySwans,1995,2,1995-04-09,Sydney Cricket Ground,Sydney Swans,Geelong Cats,75,80,12973.0,-5,A,0.0
19950409_BrisbaneBears,1995,2,1995-04-09,The Gabba,Brisbane Bears,Adelaide Crows,126,99,9334.0,27,H,1.0
19950415_FitzroyLions,1995,3,1995-04-15,Western Oval,Fitzroy Lions,Fremantle Dockers,78,121,7561.0,-43,A,0.0
19950415_GeelongCats,1995,3,1995-04-15,GMHBA Stadium,Geelong Cats,Collingwood Magpies,122,95,27057.0,27,H,1.0
19950415_CarltonBlues,1995,3,1995-04-15,Melbourne Cricket Ground,Carlton Blues,Western Bulldogs,158,60,41576.0,98,H,1.0
19950415_WestCoastEagles,1995,3,1995-04-15,WACA,West Coast Eagles,North Melbourne Kangaroos,91,43,31303.0,48,H,1.0
19950416_BrisbaneBears,1995,3,1995-04-16,The Gabba,Brisbane Bears,Sydney Swans,104,99,8460.0,5,H,1.0
19950416_HawthornHawks,1995,3,1995-04-16,Waverley Park,Hawthorn Hawks,Richmond Tigers,34,40,24820.0,-6,A,0.0
19950416_AdelaideCrows,1995,3,1995-04-16,AAMI Stadium,Adelaide Crows,St Kilda Saints,92,26,38046.0,66,H,1.0
19950417_EssendonBombers,1995,3,1995-04-17,Melbourne Cricket Ground,Essendon Bombers,Melbourne Demons,98,82,60057.0,16,H,1.0
19950421_FremantleDockers,1995,4,1995-04-21,WACA,Fremantle Dockers,Geelong Cats,94,75,26455.0,19,H,1.0
19950422_StKildaSaints,1995,4,1995-04-22,Waverley Park,St Kilda Saints,Hawthorn Hawks,70,106,24972.0,-36,A,0.0
19950422_SydneySwans,1995,4,1995-04-22,Sydney Cricket Ground,Sydney Swans,Fitzroy Lions,116,84,10762.0,32,H,1.0
19950423_BrisbaneBears,1995,4,1995-04-23,The Gabba,Brisbane Bears,Carlton Blues,82,119,12009.0,-37,A,0.0
19950423_WesternBulldogs,1995,4,1995-04-23,Princes Park,Western Bulldogs,Melbourne Demons,103,80,16969.0,23,H,1.0
19950423_AdelaideCrows,1995,4,1995-04-23,AAMI Stadium,Adelaide Crows,West Coast Eagles,56,46,42723.0,10,H,1.0
19950424_RichmondTigers,1995,4,1995-04-24,Melbourne Cricket Ground,Richmond Tigers,North Melbourne Kangaroos,134,85,62606.0,49,H,1.0
19950425_CollingwoodMagpies,1995,4,1995-04-25,Melbourne Cricket Ground,Collingwood Magpies,Essendon Bombers,111,111,94825.0,0,D,
19950429_RichmondTigers,1995,5,1995-04-29,Melbourne Cricket Ground,Richmond Tigers,Brisbane Bears,116,96,24379.0,20,H,1.0
19950429_WestCoastEagles,1995,5,1995-04-29,WACA,West Coast Eagles,Melbourne Demons,90,74,30294.0,16,H,1.0
19950429_GeelongCats,1995,5,1995-04-29,GMHBA Stadium,Geelong Cats,Fitzroy Lions,181,92,19644.0,89,H,1.0
19950429_WesternBulldogs,1995,5,1995-04-29,Western Oval,Western Bulldogs,Fremantle Dockers,98,96,16800.0,2,H,1.0
19950430_SydneySwans,1995,5,1995-04-30,Sydney Cricket Ground,Sydney Swans,Adelaide Crows,144,87,15491.0,57,H,1.0
19950430_NorthMelbourneKangaroos,1995,5,1995-04-30,Melbourne Cricket Ground,North Melbourne Kangaroos,Carlton Blues,50,84,42729.0,-34,A,0.0
19950430_EssendonBombers,1995,5,1995-04-30,Princes Park,Essendon Bombers,St Kilda Saints,154,38,17930.0,116,H,1.0
19950430_HawthornHawks,1995,5,1995-04-30,Waverley Park,Hawthorn Hawks,Collingwood Magpies,96,37,40715.0,59,H,1.0
19950505_AdelaideCrows,1995,6,1995-05-05,AAMI Stadium,Adelaide Crows,Melbourne Demons,77,69,40406.0,8,H,1.0
19950506_StKildaSaints,1995,6,1995-05-06,Waverley Park,St Kilda Saints,Fitzroy Lions,73,84,15440.0,-11,A,0.0
19950506_CarltonBlues,1995,6,1995-05-06,Princes Park,Carlton Blues,West Coast Eagles,90,67,24527.0,23,H,1.0
19950506_CollingwoodMagpies,1995,6,1995-05-06,Melbourne Cricket Ground,Collingwood Magpies,Richmond Tigers,82,94,59954.0,-12,A,0.0
19950506_WesternBulldogs,1995,6,1995-05-06,Western Oval,Western Bulldogs,Geelong Cats,62,150,20749.0,-88,A,0.0
19950507_NorthMelbourneKangaroos,1995,6,1995-05-07,Melbourne Cricket Ground,North Melbourne Kangaroos,Hawthorn Hawks,144,97,32207.0,47,H,1.0
19950507_EssendonBombers,1995,6,1995-05-07,Princes Park,Essendon Bombers,Brisbane Bears,128,100,17646.0,28,H,1.0
19950507_FremantleDockers,1995,6,1995-05-07,WACA,Fremantle Dockers,Sydney Swans,163,105,22804.0,58,H,1.0
19950512_RichmondTigers,1995,7,1995-05-12,Melbourne Cricket Ground,Richmond Tigers,Adelaide Crows,72,58,38791.0,14,H,1.0
19950513_FitzroyLions,1995,7,1995-05-13,Western Oval,Fitzroy Lions,North Melbourne Kangaroos,88,118,11082.0,-30,A,0.0
19950513_EssendonBombers,1995,7,1995-05-13,Melbourne Cricket Ground,Essendon Bombers,Carlton Blues,67,75,73753.0,-8,A,0.0
19950513_CollingwoodMagpies,1995,7,1995-05-13,Victoria Park,Collingwood Magpies,Sydney Swans,97,76,22835.0,21,H,1.0
19950513_GeelongCats,1995,7,1995-05-13,GMHBA Stadium,Geelong Cats,Hawthorn Hawks,73,78,24842.0,-5,A,0.0
19950513_StKildaSaints,1995,7,1995-05-13,Waverley Park,St Kilda Saints,Western Bulldogs,105,87,13280.0,18,H,1.0
19950514_WestCoastEagles,1995,7,1995-05-14,Domain Stadium,West Coast Eagles,Fremantle Dockers,151,66,40356.0,85,H,1.0
19950514_MelbourneDemons,1995,7,1995-05-14,Melbourne Cricket Ground,Melbourne Demons,Brisbane Bears,82,75,12783.0,7,H,1.0
19950519_SydneySwans,1995,8,1995-05-19,Sydney Cricket Ground,Sydney Swans,Carlton Blues,132,60,23744.0,72,H,1.0
19950520_CollingwoodMagpies,1995,8,1995-05-20,Victoria Park,Collingwood Magpies,Fremantle Dockers,131,93,22466.0,38,H,1.0
19950520_HawthornHawks,1995,8,1995-05-20,Waverley Park,Hawthorn Hawks,Melbourne Demons,50,112,24372.0,-62,A,0.0
19950520_RichmondTigers,1995,8,1995-05-20,Melbourne Cricket Ground,Richmond Tigers,Geelong Cats,91,163,65335.0,-72,A,0.0
19950520_AdelaideCrows,1995,8,1995-05-20,AAMI Stadium,Adelaide Crows,Fitzroy Lions,66,99,39888.0,-33,A,0.0
19950520_WesternBulldogs,1995,8,1995-05-20,Western Oval,Western Bulldogs,North Melbourne Kangaroos,84,105,17741.0,-21,A,0.0
19950521_BrisbaneBears,1995,8,1995-05-21,The Gabba,Brisbane Bears,St Kilda Saints,115,94,7648.0,21,H,1.0
19950521_WestCoastEagles,1995,8,1995-05-21,Domain Stadium,West Coast Eagles,Essendon Bombers,90,108,34731.0,-18,A,0.0
19950526_NorthMelbourneKangaroos,1995,9,1995-05-26,Melbourne Cricket Ground,North Melbourne Kangaroos,Geelong Cats,79,140,44780.0,-61,A,0.0
19950527_WestCoastEagles,1995,9,1995-05-27,Bruce Stadium,West Coast Eagles,Fitzroy Lions,82,54,11282.0,28,H,1.0
19950527_AdelaideCrows,1995,9,1995-05-27,AAMI Stadium,Adelaide Crows,Hawthorn Hawks,60,58,38740.0,2,H,1.0
19950527_StKildaSaints,1995,9,1995-05-27,Waverley Park,St Kilda Saints,Carlton Blues,80,24,17902.0,56,H,1.0
19950527_EssendonBombers,1995,9,1995-05-27,Melbourne Cricket Ground,Essendon Bombers,Western Bulldogs,101,67,38719.0,34,H,1.0
19950528_SydneySwans,1995,9,1995-05-28,Sydney Cricket Ground,Sydney Swans,Richmond Tigers,90,116,23475.0,-26,A,0.0
19950528_MelbourneDemons,1995,9,1995-05-28,Melbourne Cricket Ground,Melbourne Demons,Collingwood Magpies,85,58,51774.0,27,H,1.0
19950528_FremantleDockers,1995,9,1995-05-28,Domain Stadium,Fremantle Dockers,Brisbane Bears,120,54,17574.0,66,H,1.0
19950602_NorthMelbourneKangaroos,1995,10,1995-06-02,Melbourne Cricket Ground,North Melbourne Kangaroos,Essendon Bombers,126,99,59354.0,27,H,1.0
19950603_CollingwoodMagpies,1995,10,1995-06-03,Victoria Park,Collingwood Magpies,Fitzroy Lions,93,79,23356.0,14,H,1.0
19950603_MelbourneDemons,1995,10,1995-06-03,Melbourne Cricket Ground,Melbourne Demons,Sydney Swans,102,77,26630.0,25,H,1.0
19950603_GeelongCats,1995,10,1995-06-03,GMHBA Stadium,Geelong Cats,Adelaide Crows,116,91,26314.0,25,H,1.0
19950603_StKildaSaints,1995,10,1995-06-03,Waverley Park,St Kilda Saints,Fremantle Dockers,60,131,14890.0,-71,A,0.0
19950604_CarltonBlues,1995,10,1995-06-04,Princes Park,Carlton Blues,Hawthorn Hawks,172,70,29520.0,102,H,1.0
19950604_WestCoastEagles,1995,10,1995-06-04,Domain Stadium,West Coast Eagles,Brisbane Bears,112,67,26261.0,45,H,1.0
19950604_RichmondTigers,1995,10,1995-06-04,Melbourne Cricket Ground,Richmond Tigers,Western Bulldogs,96,64,33042.0,32,H,1.0
19950609_CollingwoodMagpies,1995,11,1995-06-09,Melbourne Cricket Ground,Collingwood Magpies,St Kilda Saints,161,87,36528.0,74,H,1.0
19950610_AdelaideCrows,1995,11,1995-06-10,AAMI Stadium,Adelaide Crows,Western Bulldogs,90,46,36955.0,44,H,1.0
19950610_EssendonBombers,1995,11,1995-06-10,Melbourne Cricket Ground,Essendon Bombers,Geelong Cats,112,123,77643.0,-11,A,0.0
19950610_RichmondTigers,1995,11,1995-06-10,Princes Park,Richmond Tigers,West Coast Eagles,123,63,17041.0,60,H,1.0
19950611_FremantleDockers,1995,11,1995-06-11,Domain Stadium,Fremantle Dockers,North Melbourne Kangaroos,72,143,28013.0,-71,A,0.0
19950611_BrisbaneBears,1995,11,1995-06-11,The Gabba,Brisbane Bears,Fitzroy Lions,132,74,8209.0,58,H,1.0
19950612_HawthornHawks,1995,11,1995-06-12,Waverley Park,Hawthorn Hawks,Sydney Swans,113,71,19737.0,42,H,1.0
19950612_MelbourneDemons,1995,11,1995-06-12,Melbourne Cricket Ground,Melbourne Demons,Carlton Blues,80,112,53290.0,-32,A,0.0
19950623_EssendonBombers,1995,12,1995-06-23,Melbourne Cricket Ground,Essendon Bombers,Hawthorn Hawks,78,60,47237.0,18,H,1.0
19950624_RichmondTigers,1995,12,1995-06-24,Melbourne Cricket Ground,Richmond Tigers,Fitzroy Lions,109,103,26403.0,6,H,1.0
19950624_AdelaideCrows,1995,12,1995-06-24,AAMI Stadium,Adelaide Crows,Fremantle Dockers,105,84,40981.0,21,H,1.0
19950624_CollingwoodMagpies,1995,12,1995-06-24,Waverley Park,Collingwood Magpies,Western Bulldogs,71,71,27421.0,0,D,
19950624_CarltonBlues,1995,12,1995-06-24,Princes Park,Carlton Blues,Geelong Cats,112,109,30843.0,3,H,1.0
19950625_BrisbaneBears,1995,12,1995-06-25,The Gabba,Brisbane Bears,North Melbourne Kangaroos,89,133,11996.0,-44,A,0.0
19950625_WestCoastEagles,1995,12,1995-06-25,Domain Stadium,West Coast Eagles,Sydney Swans,73,72,24574.0,1,H,1.0
19950625_StKildaSaints,1995,12,1995-06-25,Waverley Park,St Kilda Saints,Melbourne Demons,73,90,18390.0,-17,A,0.0
19950630_CollingwoodMagpies,1995,13,1995-06-30,Melbourne Cricket Ground,Collingwood Magpies,Adelaide Crows,152,56,33407.0,96,H,1.0
19950701_MelbourneDemons,1995,13,1995-07-01,Melbourne Cricket Ground,Melbourne Demons,Richmond Tigers,95,84,42548.0,11,H,1.0
19950701_GeelongCats,1995,13,1995-07-01,GMHBA Stadium,Geelong Cats,West Coast Eagles,116,64,23743.0,52,H,1.0
19950701_StKildaSaints,1995,13,1995-07-01,Waverley Park,St Kilda Saints,North Melbourne Kangaroos,84,121,14301.0,-37,A,0.0
19950701_WesternBulldogs,1995,13,1995-07-01,Western Oval,Western Bulldogs,Brisbane Bears,69,53,11556.0,16,H,1.0
19950702_SydneySwans,1995,13,1995-07-02,Sydney Cricket Ground,Sydney Swans,Essendon Bombers,138,119,21853.0,19,H,1.0
19950702_HawthornHawks,1995,13,1995-07-02,Princes Park,Hawthorn Hawks,Fitzroy Lions,151,52,12503.0,99,H,1.0
19950702_FremantleDockers,1995,13,1995-07-02,Domain Stadium,Fremantle Dockers,Carlton Blues,49,106,25465.0,-57,A,0.0
19950707_NorthMelbourneKangaroos,1995,14,1995-07-07,Melbourne Cricket Ground,North Melbourne Kangaroos,Collingwood Magpies,125,73,66719.0,52,H,1.0
19950708_HawthornHawks,1995,14,1995-07-08,Waverley Park,Hawthorn Hawks,West Coast Eagles,56,97,19373.0,-41,A,0.0
19950708_GeelongCats,1995,14,1995-07-08,GMHBA Stadium,Geelong Cats,Brisbane Bears,111,98,22459.0,13,H,1.0
19950708_EssendonBombers,1995,14,1995-07-08,Melbourne Cricket Ground,Essendon Bombers,Adelaide Crows,182,60,40269.0,122,H,1.0
19950709_FitzroyLions,1995,14,1995-07-09,Western Oval,Fitzroy Lions,Western Bulldogs,79,146,16745.0,-67,A,0.0
19950709_RichmondTigers,1995,14,1995-07-09,Melbourne Cricket Ground,Richmond Tigers,Carlton Blues,85,115,84745.0,-30,A,0.0
19950709_SydneySwans,1995,14,1995-07-09,Sydney Cricket Ground,Sydney Swans,St Kilda Saints,94,119,14979.0,-25,A,0.0
19950709_FremantleDockers,1995,14,1995-07-09,Domain Stadium,Fremantle Dockers,Melbourne Demons,50,102,16161.0,-52,A,0.0
19950714_RichmondTigers,1995,15,1995-07-14,Melbourne Cricket Ground,Richmond Tigers,Essendon Bombers,101,101,76628.0,0,D,
19950715_NorthMelbourneKangaroos,1995,15,1995-07-15,Melbourne Cricket Ground,North Melbourne Kangaroos,Sydney Swans,84,113,22524.0,-29,A,0.0
19950715_CarltonBlues,1995,15,1995-07-15,Princes Park,Carlton Blues,Adelaide Crows,133,100,22543.0,33,H,1.0
19950715_FitzroyLions,1995,15,1995-07-15,Western Oval,Fitzroy Lions,Melbourne Demons,50,131,8862.0,-81,A,0.0
19950715_HawthornHawks,1995,15,1995-07-15,Waverley Park,Hawthorn Hawks,Fremantle Dockers,118,74,14167.0,44,H,1.0
19950716_WestCoastEagles,1995,15,1995-07-16,Domain Stadium,West Coast Eagles,Western Bulldogs,61,87,30169.0,-26,A,0.0
19950716_BrisbaneBears,1995,15,1995-07-16,The Gabba,Brisbane Bears,Collingwood Magpies,80,129,11467.0,-49,A,0.0
19950716_StKildaSaints,1995,15,1995-07-16,Melbourne Cricket Ground,St Kilda Saints,Geelong Cats,93,85,37382.0,8,H,1.0
19950721_AdelaideCrows,1995,16,1995-07-21,AAMI Stadium,Adelaide Crows,North Melbourne Kangaroos,65,54,34301.0,11,H,1.0
19950722_StKildaSaints,1995,16,1995-07-22,Waverley Park,St Kilda Saints,West Coast Eagles,64,122,13490.0,-58,A,0.0
19950722_EssendonBombers,1995,16,1995-07-22,Melbourne Cricket Ground,Essendon Bombers,Fitzroy Lions,150,79,25295.0,71,H,1.0
19950722_GeelongCats,1995,16,1995-07-22,Princes Park,Geelong Cats,Melbourne Demons,111,82,18416.0,29,H,1.0
19950722_SydneySwans,1995,16,1995-07-22,Sydney Cricket Ground,Sydney Swans,Western Bulldogs,79,134,15708.0,-55,A,0.0
19950723_BrisbaneBears,1995,16,1995-07-23,The Gabba,Brisbane Bears,Hawthorn Hawks,104,97,8209.0,7,H,1.0
19950723_FremantleDockers,1995,16,1995-07-23,Domain Stadium,Fremantle Dockers,Richmond Tigers,67,74,18723.0,-7,A,0.0
19950723_CollingwoodMagpies,1995,16,1995-07-23,Melbourne Cricket Ground,Collingwood Magpies,Carlton Blues,68,90,78934.0,-22,A,0.0
19950728_NorthMelbourneKangaroos,1995,17,1995-07-28,Melbourne Cricket Ground,North Melbourne Kangaroos,Melbourne Demons,80,102,28838.0,-22,A,0.0
19950729_WesternBulldogs,1995,17,1995-07-29,Western Oval,Western Bulldogs,Hawthorn Hawks,57,52,16673.0,5,H,1.0
19950729_GeelongCats,1995,17,1995-07-29,GMHBA Stadium,Geelong Cats,Sydney Swans,151,74,28600.0,77,H,1.0
19950729_StKildaSaints,1995,17,1995-07-29,Princes Park,St Kilda Saints,Richmond Tigers,107,62,15715.0,45,H,1.0
19950729_EssendonBombers,1995,17,1995-07-29,Melbourne Cricket Ground,Essendon Bombers,Fremantle Dockers,135,87,29102.0,48,H,1.0
19950730_CarltonBlues,1995,17,1995-07-30,Waverley Park,Carlton Blues,Fitzroy Lions,161,64,15567.0,97,H,1.0
19950730_WestCoastEagles,1995,17,1995-07-30,Domain Stadium,West Coast Eagles,Collingwood Magpies,129,79,35332.0,50,H,1.0
19950730_AdelaideCrows,1995,17,1995-07-30,AAMI Stadium,Adelaide Crows,Brisbane Bears,46,76,33829.0,-30,A,0.0
19950804_RichmondTigers,1995,18,1995-08-04,Melbourne Cricket Ground,Richmond Tigers,Hawthorn Hawks,99,55,37543.0,44,H,1.0
19950805_NorthMelbourneKangaroos,1995,18,1995-08-05,Princes Park,North Melbourne Kangaroos,West Coast Eagles,106,44,11822.0,62,H,1.0
19950805_StKildaSaints,1995,18,1995-08-05,Waverley Park,St Kilda Saints,Adelaide Crows,68,98,13141.0,-30,A,0.0
19950805_MelbourneDemons,1995,18,1995-08-05,Melbourne Cricket Ground,Melbourne Demons,Essendon Bombers,73,106,52523.0,-33,A,0.0
19950806_CollingwoodMagpies,1995,18,1995-08-06,Melbourne Cricket Ground,Collingwood Magpies,Geelong Cats,99,95,62212.0,4,H,1.0
19950806_FremantleDockers,1995,18,1995-08-06,Domain Stadium,Fremantle Dockers,Fitzroy Lions,116,64,20073.0,52,H,1.0
19950806_CarltonBlues,1995,18,1995-08-06,Princes Park,Carlton Blues,Western Bulldogs,106,81,24084.0,25,H,1.0
19950806_SydneySwans,1995,18,1995-08-06,Sydney Cricket Ground,Sydney Swans,Brisbane Bears,111,126,8150.0,-15,A,0.0
19950811_NorthMelbourneKangaroos,1995,19,1995-08-11,Melbourne Cricket Ground,North Melbourne Kangaroos,Richmond Tigers,110,100,51247.0,10,H,1.0
19950812_GeelongCats,1995,19,1995-08-12,GMHBA Stadium,Geelong Cats,Fremantle Dockers,106,83,20679.0,23,H,1.0
19950812_WesternBulldogs,1995,19,1995-08-12,Western Oval,Western Bulldogs,Melbourne Demons,78,58,17697.0,20,H,1.0
19950812_HawthornHawks,1995,19,1995-08-12,Waverley Park,Hawthorn Hawks,St Kilda Saints,97,105,19852.0,-8,A,0.0
19950812_EssendonBombers,1995,19,1995-08-12,Melbourne Cricket Ground,Essendon Bombers,Collingwood Magpies,110,102,77448.0,8,H,1.0
19950813_CarltonBlues,1995,19,1995-08-13,Princes Park,Carlton Blues,Brisbane Bears,85,71,16350.0,14,H,1.0
19950813_FitzroyLions,1995,19,1995-08-13,Western Oval,Fitzroy Lions,Sydney Swans,44,170,7426.0,-126,A,0.0
19950813_WestCoastEagles,1995,19,1995-08-13,Domain Stadium,West Coast Eagles,Adelaide Crows,177,42,30507.0,135,H,1.0
19950818_CollingwoodMagpies,1995,20,1995-08-18,Melbourne Cricket Ground,Collingwood Magpies,Hawthorn Hawks,104,101,51746.0,3,H,1.0
19950819_CarltonBlues,1995,20,1995-08-19,Princes Park,Carlton Blues,North Melbourne Kangaroos,122,103,32065.0,19,H,1.0
19950819_StKildaSaints,1995,20,1995-08-19,Waverley Park,St Kilda Saints,Essendon Bombers,75,151,34121.0,-76,A,0.0
19950819_FitzroyLions,1995,20,1995-08-19,Western Oval,Fitzroy Lions,Geelong Cats,65,106,9196.0,-41,A,0.0
19950819_AdelaideCrows,1995,20,1995-08-19,AAMI Stadium,Adelaide Crows,Sydney Swans,93,139,38529.0,-46,A,0.0
19950819_MelbourneDemons,1995,20,1995-08-19,Melbourne Cricket Ground,Melbourne Demons,West Coast Eagles,75,104,24874.0,-29,A,0.0
19950820_BrisbaneBears,1995,20,1995-08-20,The Gabba,Brisbane Bears,Richmond Tigers,160,83,11524.0,77,H,1.0
19950820_FremantleDockers,1995,20,1995-08-20,Domain Stadium,Fremantle Dockers,Western Bulldogs,116,85,18175.0,31,H,1.0
19950825_MelbourneDemons,1995,21,1995-08-25,Melbourne Cricket Ground,Melbourne Demons,Adelaide Crows,115,146,22800.0,-31,A,0.0
19950826_StKildaSaints,1995,21,1995-08-26,Princes Park,St Kilda Saints,Fitzroy Lions,117,90,9363.0,27,H,1.0
19950826_HawthornHawks,1995,21,1995-08-26,Waverley Park,Hawthorn Hawks,North Melbourne Kangaroos,68,113,21513.0,-45,A,0.0
19950826_BrisbaneBears,1995,21,1995-08-26,The Gabba,Brisbane Bears,Essendon Bombers,116,84,12657.0,32,H,1.0
19950826_GeelongCats,1995,21,1995-08-26,GMHBA Stadium,Geelong Cats,Western Bulldogs,110,125,25057.0,-15,A,0.0
19950826_RichmondTigers,1995,21,1995-08-26,Melbourne Cricket Ground,Richmond Tigers,Collingwood Magpies,109,55,70809.0,54,H,1.0
19950827_WestCoastEagles,1995,21,1995-08-27,Domain Stadium,West Coast Eagles,Carlton Blues,104,105,41705.0,-1,A,0.0
19950827_SydneySwans,1995,21,1995-08-27,Sydney Cricket Ground,Sydney Swans,Fremantle Dockers,127,144,10410.0,-17,A,0.0
19950901_BrisbaneBears,1995,22,1995-09-01,The Gabba,Brisbane Bears,Melbourne Demons,110,89,11842.0,21,H,1.0
19950902_WesternBulldogs,1995,22,1995-09-02,Western Oval,Western Bulldogs,St Kilda Saints,78,132,19442.0,-54,A,0.0
19950902_HawthornHawks,1995,22,1995-09-02,Waverley Park,Hawthorn Hawks,Geelong Cats,102,148,32747.0,-46,A,0.0
19950902_NorthMelbourneKangaroos,1995,22,1995-09-02,Princes Park,North Melbourne Kangaroos,Fitzroy Lions,204,101,14907.0,103,H,1.0
19950902_AdelaideCrows,1995,22,1995-09-02,AAMI Stadium,Adelaide Crows,Richmond Tigers,86,123,40168.0,-37,A,0.0
19950902_EssendonBombers,1995,22,1995-09-02,Melbourne Cricket Ground,Essendon Bombers,Carlton Blues,67,108,87984.0,-41,A,0.0
19950903_SydneySwans,1995,22,1995-09-03,Sydney Cricket Ground,Sydney Swans,Collingwood Magpies,127,104,18191.0,23,H,1.0
19950903_FremantleDockers,1995,22,1995-09-03,Domain Stadium,Fremantle Dockers,West Coast Eagles,58,111,39844.0,-53,A,0.0
19950908_NorthMelbourneKangaroos,1995,QF,1995-09-08,Melbourne Cricket Ground,North Melbourne Kangaroos,Richmond Tigers,114,84,68226.0,30,H,1.0
19950909_EssendonBombers,1995,QF,1995-09-09,Waverley Park,Essendon Bombers,West Coast Eagles,74,55,36102.0,19,H,1.0
19950909_GeelongCats,1995,QF,1995-09-09,Melbourne Cricket Ground,Geelong Cats,Western Bulldogs,155,73,59889.0,82,H,1.0
19950910_CarltonBlues,1995,QF,1995-09-10,Melbourne Cricket Ground,Carlton Blues,Brisbane Bears,90,77,52092.0,13,H,1.0
19950916_RichmondTigers,1995,SF,1995-09-16,Melbourne Cricket Ground,Richmond Tigers,Essendon Bombers,86,73,88308.0,13,H,1.0
19950917_NorthMelbourneKangaroos,1995,SF,1995-09-17,Melbourne Cricket Ground,North Melbourne Kangaroos,West Coast Eagles,129,71,53759.0,58,H,1.0
19950923_GeelongCats,1995,PF,1995-09-23,Waverley Park,Geelong Cats,Richmond Tigers,129,40,70321.0,89,H,1.0
19950923_CarltonBlues,1995,PF,1995-09-23,Melbourne Cricket Ground,Carlton Blues,North Melbourne Kangaroos,118,56,72552.0,62,H,1.0
19950930_CarltonBlues,1995,GF,1995-09-30,Melbourne Cricket Ground,Carlton Blues,Geelong Cats,141,80,93670.0,61,H,1.0
19960329_MelbourneDemons,1996,1,1996-03-29,Melbourne Cricket Ground,Melbourne Demons,Geelong Cats,56,183,46832.0,-127,A,0.0
19960330_StKildaSaints,1996,1,1996-03-30,Waverley Park,St Kilda Saints,North Melbourne Kangaroos,85,109,23434.0,-24,A,0.0
19960330_RichmondTigers,1996,1,1996-03-30,Melbourne Cricket Ground,Richmond Tigers,Essendon Bombers,104,122,52271.0,-18,A,0.0
19960330_BrisbaneBears,1996,1,1996-03-30,The Gabba,Brisbane Bears,Western Bulldogs,141,54,14222.0,87,H,1.0
19960330_FitzroyLions,1996,1,1996-03-30,Western Oval,Fitzroy Lions,Hawthorn Hawks,71,92,10239.0,-21,A,0.0
19960331_FremantleDockers,1996,1,1996-03-31,Domain Stadium,Fremantle Dockers,West Coast Eagles,45,67,33041.0,-22,A,0.0
19960331_CollingwoodMagpies,1996,1,1996-03-31,Melbourne Cricket Ground,Collingwood Magpies,Carlton Blues,87,109,70152.0,-22,A,0.0
19960331_AdelaideCrows,1996,1,1996-03-31,AAMI Stadium,Adelaide Crows,Sydney Swans,130,40,40665.0,90,H,1.0
19960406_WestCoastEagles,1996,2,1996-04-06,WACA,West Coast Eagles,Brisbane Bears,77,103,29213.0,-26,A,0.0
19960406_HawthornHawks,1996,2,1996-04-06,Waverley Park,Hawthorn Hawks,Richmond Tigers,51,98,38263.0,-47,A,0.0
19960406_FitzroyLions,1996,2,1996-04-06,Western Oval,Fitzroy Lions,Adelaide Crows,101,133,8685.0,-32,A,0.0
19960406_GeelongCats,1996,2,1996-04-06,GMHBA Stadium,Geelong Cats,St Kilda Saints,164,134,25950.0,30,H,1.0
19960406_NorthMelbourneKangaroos,1996,2,1996-04-06,Melbourne Cricket Ground,North Melbourne Kangaroos,Western Bulldogs,168,37,30873.0,131,H,1.0
19960407_EssendonBombers,1996,2,1996-04-07,Melbourne Cricket Ground,Essendon Bombers,Carlton Blues,72,101,62207.0,-29,A,0.0
19960407_SydneySwans,1996,2,1996-04-07,Sydney Cricket Ground,Sydney Swans,Fremantle Dockers,71,100,10965.0,-29,A,0.0
19960408_CollingwoodMagpies,1996,2,1996-04-08,Melbourne Cricket Ground,Collingwood Magpies,Melbourne Demons,173,79,53268.0,94,H,1.0
19960412_AdelaideCrows,1996,3,1996-04-12,AAMI Stadium,Adelaide Crows,Geelong Cats,142,78,43766.0,64,H,1.0
19960413_BrisbaneBears,1996,3,1996-04-13,The Gabba,Brisbane Bears,Richmond Tigers,90,108,20635.0,-18,A,0.0
19960413_WesternBulldogs,1996,3,1996-04-13,Western Oval,Western Bulldogs,Fitzroy Lions,121,70,14345.0,51,H,1.0
19960413_HawthornHawks,1996,3,1996-04-13,Waverley Park,Hawthorn Hawks,North Melbourne Kangaroos,80,153,20331.0,-73,A,0.0
19960414_FremantleDockers,1996,3,1996-04-14,Domain Stadium,Fremantle Dockers,Carlton Blues,102,49,22652.0,53,H,1.0
19960414_SydneySwans,1996,3,1996-04-14,Sydney Cricket Ground,Sydney Swans,Collingwood Magpies,107,73,17674.0,34,H,1.0
19960414_EssendonBombers,1996,3,1996-04-14,Waverley Park,Essendon Bombers,West Coast Eagles,109,50,20852.0,59,H,1.0
19960414_MelbourneDemons,1996,3,1996-04-14,Princes Park,Melbourne Demons,St Kilda Saints,98,88,11881.0,10,H,1.0
19960419_BrisbaneBears,1996,4,1996-04-19,The Gabba,Brisbane Bears,North Melbourne Kangaroos,125,95,17469.0,30,H,1.0
19960420_AdelaideCrows,1996,4,1996-04-20,AAMI Stadium,Adelaide Crows,Essendon Bombers,161,65,45266.0,96,H,1.0
19960420_CollingwoodMagpies,1996,4,1996-04-20,Victoria Park,Collingwood Magpies,Fremantle Dockers,98,61,23170.0,37,H,1.0
19960420_StKildaSaints,1996,4,1996-04-20,Waverley Park,St Kilda Saints,Fitzroy Lions,160,75,17625.0,85,H,1.0
19960420_CarltonBlues,1996,4,1996-04-20,Princes Park,Carlton Blues,Melbourne Demons,133,86,19051.0,47,H,1.0
19960420_WesternBulldogs,1996,4,1996-04-20,Western Oval,Western Bulldogs,Hawthorn Hawks,57,57,16804.0,0,D,
19960421_WestCoastEagles,1996,4,1996-04-21,Domain Stadium,West Coast Eagles,Geelong Cats,88,106,30837.0,-18,A,0.0
19960421_SydneySwans,1996,4,1996-04-21,Waverley Park,Sydney Swans,Richmond Tigers,71,70,33847.0,1,H,1.0
19960425_EssendonBombers,1996,5,1996-04-25,Melbourne Cricket Ground,Essendon Bombers,Collingwood Magpies,105,117,87549.0,-12,A,0.0
19960426_FremantleDockers,1996,5,1996-04-26,WACA,Fremantle Dockers,Melbourne Demons,96,59,26618.0,37,H,1.0
19960427_NorthMelbourneKangaroos,1996,5,1996-04-27,Melbourne Cricket Ground,North Melbourne Kangaroos,Adelaide Crows,152,113,32215.0,39,H,1.0
19960427_GeelongCats,1996,5,1996-04-27,GMHBA Stadium,Geelong Cats,Richmond Tigers,91,88,26016.0,3,H,1.0
19960427_CarltonBlues,1996,5,1996-04-27,Princes Park,Carlton Blues,West Coast Eagles,86,85,19927.0,1,H,1.0
19960427_SydneySwans,1996,5,1996-04-27,Sydney Cricket Ground,Sydney Swans,Hawthorn Hawks,88,76,20227.0,12,H,1.0
19960428_StKildaSaints,1996,5,1996-04-28,Waverley Park,St Kilda Saints,Western Bulldogs,116,90,27094.0,26,H,1.0
19960428_BrisbaneBears,1996,5,1996-04-28,The Gabba,Brisbane Bears,Fitzroy Lions,158,49,14495.0,109,H,1.0
19960503_SydneySwans,1996,6,1996-05-03,Sydney Cricket Ground,Sydney Swans,Essendon Bombers,90,90,22088.0,0,D,
19960503_NorthMelbourneKangaroos,1996,6,1996-05-03,Melbourne Cricket Ground,North Melbourne Kangaroos,Geelong Cats,104,93,50074.0,11,H,1.0
19960504_CollingwoodMagpies,1996,6,1996-05-04,Victoria Park,Collingwood Magpies,Adelaide Crows,152,80,26459.0,72,H,1.0
19960504_WestCoastEagles,1996,6,1996-05-04,Princes Park,West Coast Eagles,Melbourne Demons,156,50,8747.0,106,H,1.0
19960504_FitzroyLions,1996,6,1996-05-04,Western Oval,Fitzroy Lions,Richmond Tigers,62,154,13497.0,-92,A,0.0
19960504_HawthornHawks,1996,6,1996-05-04,Waverley Park,Hawthorn Hawks,St Kilda Saints,65,86,30225.0,-21,A,0.0
19960505_FremantleDockers,1996,6,1996-05-05,Domain Stadium,Fremantle Dockers,Brisbane Bears,85,110,24591.0,-25,A,0.0
19960505_CarltonBlues,1996,6,1996-05-05,Melbourne Cricket Ground,Carlton Blues,Western Bulldogs,80,64,31024.0,16,H,1.0
19960508_EssendonBombers,1996,7,1996-05-08,Melbourne Cricket Ground,Essendon Bombers,Geelong Cats,143,114,75632.0,29,H,1.0
19960510_CollingwoodMagpies,1996,7,1996-05-10,Melbourne Cricket Ground,Collingwood Magpies,St Kilda Saints,95,118,71663.0,-23,A,0.0
19960511_CarltonBlues,1996,7,1996-05-11,Princes Park,Carlton Blues,Fitzroy Lions,125,62,16176.0,63,H,1.0
19960511_MelbourneDemons,1996,7,1996-05-11,Melbourne Cricket Ground,Melbourne Demons,Sydney Swans,38,82,23660.0,-44,A,0.0
19960511_BrisbaneBears,1996,7,1996-05-11,The Gabba,Brisbane Bears,Hawthorn Hawks,104,41,20053.0,63,H,1.0
19960512_WestCoastEagles,1996,7,1996-05-12,Domain Stadium,West Coast Eagles,North Melbourne Kangaroos,125,58,32312.0,67,H,1.0
19960512_AdelaideCrows,1996,7,1996-05-12,AAMI Stadium,Adelaide Crows,Fremantle Dockers,132,36,40386.0,96,H,1.0
19960512_RichmondTigers,1996,7,1996-05-12,Melbourne Cricket Ground,Richmond Tigers,Western Bulldogs,113,62,25691.0,51,H,1.0
19960517_GeelongCats,1996,8,1996-05-17,Melbourne Cricket Ground,Geelong Cats,Carlton Blues,98,86,67931.0,12,H,1.0
19960517_BrisbaneBears,1996,8,1996-05-17,The Gabba,Brisbane Bears,Collingwood Magpies,108,98,21644.0,10,H,1.0
19960518_HawthornHawks,1996,8,1996-05-18,Waverley Park,Hawthorn Hawks,Melbourne Demons,122,71,20527.0,51,H,1.0
19960518_FitzroyLions,1996,8,1996-05-18,Western Oval,Fitzroy Lions,Fremantle Dockers,107,76,5083.0,31,H,1.0
19960518_WestCoastEagles,1996,8,1996-05-18,WACA,West Coast Eagles,Sydney Swans,100,64,31411.0,36,H,1.0
19960518_NorthMelbourneKangaroos,1996,8,1996-05-18,Melbourne Cricket Ground,North Melbourne Kangaroos,Richmond Tigers,144,89,49939.0,55,H,1.0
19960519_AdelaideCrows,1996,8,1996-05-19,AAMI Stadium,Adelaide Crows,St Kilda Saints,97,73,43370.0,24,H,1.0
19960519_EssendonBombers,1996,8,1996-05-19,Melbourne Cricket Ground,Essendon Bombers,Western Bulldogs,151,84,36766.0,67,H,1.0
19960524_NorthMelbourneKangaroos,1996,9,1996-05-24,Melbourne Cricket Ground,North Melbourne Kangaroos,Fitzroy Lions,170,65,19964.0,105,H,1.0
19960525_HawthornHawks,1996,9,1996-05-25,Waverley Park,Hawthorn Hawks,West Coast Eagles,56,90,14286.0,-34,A,0.0
19960525_WesternBulldogs,1996,9,1996-05-25,Western Oval,Western Bulldogs,Adelaide Crows,119,79,11140.0,40,H,1.0
19960525_EssendonBombers,1996,9,1996-05-25,Melbourne Cricket Ground,Essendon Bombers,Melbourne Demons,89,77,37288.0,12,H,1.0
19960526_FremantleDockers,1996,9,1996-05-26,Domain Stadium,Fremantle Dockers,Richmond Tigers,120,66,20934.0,54,H,1.0
19960526_SydneySwans,1996,9,1996-05-26,Sydney Cricket Ground,Sydney Swans,Brisbane Bears,132,74,26537.0,58,H,1.0
19960526_StKildaSaints,1996,9,1996-05-26,Waverley Park,St Kilda Saints,Carlton Blues,69,91,41023.0,-22,A,0.0
19960527_CollingwoodMagpies,1996,9,1996-05-27,Melbourne Cricket Ground,Collingwood Magpies,Geelong Cats,76,139,56609.0,-63,A,0.0
19960607_NorthMelbourneKangaroos,1996,10,1996-06-07,Melbourne Cricket Ground,North Melbourne Kangaroos,Western Bulldogs,89,69,22416.0,20,H,1.0
19960608_StKildaSaints,1996,10,1996-06-08,Waverley Park,St Kilda Saints,Essendon Bombers,67,89,43925.0,-22,A,0.0
19960608_FitzroyLions,1996,10,1996-06-08,Western Oval,Fitzroy Lions,Sydney Swans,67,137,9701.0,-70,A,0.0
19960608_GeelongCats,1996,10,1996-06-08,GMHBA Stadium,Geelong Cats,Brisbane Bears,98,98,24800.0,0,D,
19960608_RichmondTigers,1996,10,1996-06-08,Melbourne Cricket Ground,Richmond Tigers,Carlton Blues,90,101,59062.0,-11,A,0.0
19960609_FremantleDockers,1996,10,1996-06-09,Domain Stadium,Fremantle Dockers,Hawthorn Hawks,53,110,19350.0,-57,A,0.0
19960609_AdelaideCrows,1996,10,1996-06-09,AAMI Stadium,Adelaide Crows,West Coast Eagles,76,130,43398.0,-54,A,0.0
19960610_MelbourneDemons,1996,10,1996-06-10,Melbourne Cricket Ground,Melbourne Demons,Collingwood Magpies,114,76,48302.0,38,H,1.0
19960615_GeelongCats,1996,11,1996-06-15,GMHBA Stadium,Geelong Cats,Western Bulldogs,129,85,21516.0,44,H,1.0
19960615_SydneySwans,1996,11,1996-06-15,Princes Park,Sydney Swans,North Melbourne Kangaroos,152,73,18644.0,79,H,1.0
19960615_RichmondTigers,1996,11,1996-06-15,Melbourne Cricket Ground,Richmond Tigers,St Kilda Saints,139,105,39029.0,34,H,1.0
19960615_BrisbaneBears,1996,11,1996-06-15,The Gabba,Brisbane Bears,Carlton Blues,38,62,20225.0,-24,A,0.0
19960615_HawthornHawks,1996,11,1996-06-15,Waverley Park,Hawthorn Hawks,Adelaide Crows,108,99,16652.0,9,H,1.0
19960616_WestCoastEagles,1996,11,1996-06-16,Domain Stadium,West Coast Eagles,Collingwood Magpies,115,62,34832.0,53,H,1.0
19960616_EssendonBombers,1996,11,1996-06-16,Melbourne Cricket Ground,Essendon Bombers,Fremantle Dockers,90,89,31383.0,1,H,1.0
19960616_FitzroyLions,1996,11,1996-06-16,Western Oval,Fitzroy Lions,Melbourne Demons,56,119,10836.0,-63,A,0.0
19960621_RichmondTigers,1996,12,1996-06-21,Melbourne Cricket Ground,Richmond Tigers,Adelaide Crows,128,82,39044.0,46,H,1.0
19960622_CollingwoodMagpies,1996,12,1996-06-22,Melbourne Cricket Ground,Collingwood Magpies,Carlton Blues,95,116,61448.0,-21,A,0.0
19960622_BrisbaneBears,1996,12,1996-06-22,The Gabba,Brisbane Bears,Melbourne Demons,123,46,14871.0,77,H,1.0
19960622_GeelongCats,1996,12,1996-06-22,GMHBA Stadium,Geelong Cats,Fremantle Dockers,112,93,22116.0,19,H,1.0
19960622_HawthornHawks,1996,12,1996-06-22,Waverley Park,Hawthorn Hawks,Fitzroy Lions,114,83,16217.0,31,H,1.0
19960623_SydneySwans,1996,12,1996-06-23,Sydney Cricket Ground,Sydney Swans,Western Bulldogs,123,77,22689.0,46,H,1.0
19960623_NorthMelbourneKangaroos,1996,12,1996-06-23,Melbourne Cricket Ground,North Melbourne Kangaroos,Essendon Bombers,107,95,39515.0,12,H,1.0
19960623_WestCoastEagles,1996,12,1996-06-23,Domain Stadium,West Coast Eagles,St Kilda Saints,141,108,29434.0,33,H,1.0
19960628_RichmondTigers,1996,13,1996-06-28,Melbourne Cricket Ground,Richmond Tigers,Collingwood Magpies,92,69,69072.0,23,H,1.0
19960629_EssendonBombers,1996,13,1996-06-29,Melbourne Cricket Ground,Essendon Bombers,Hawthorn Hawks,121,100,43481.0,21,H,1.0
19960629_FitzroyLions,1996,13,1996-06-29,Western Oval,Fitzroy Lions,Geelong Cats,39,166,10504.0,-127,A,0.0
19960629_FremantleDockers,1996,13,1996-06-29,WACA,Fremantle Dockers,North Melbourne Kangaroos,58,74,19360.0,-16,A,0.0
19960629_StKildaSaints,1996,13,1996-06-29,Waverley Park,St Kilda Saints,Brisbane Bears,96,50,13824.0,46,H,1.0
19960629_CarltonBlues,1996,13,1996-06-29,Princes Park,Carlton Blues,Sydney Swans,91,102,20030.0,-11,A,0.0
19960630_AdelaideCrows,1996,13,1996-06-30,AAMI Stadium,Adelaide Crows,Melbourne Demons,72,123,37557.0,-51,A,0.0
19960630_WesternBulldogs,1996,13,1996-06-30,Western Oval,Western Bulldogs,West Coast Eagles,59,71,11184.0,-12,A,0.0
19960705_NorthMelbourneKangaroos,1996,14,1996-07-05,Melbourne Cricket Ground,North Melbourne Kangaroos,Carlton Blues,144,89,68537.0,55,H,1.0
19960706_HawthornHawks,1996,14,1996-07-06,Waverley Park,Hawthorn Hawks,Collingwood Magpies,114,81,30886.0,33,H,1.0
19960706_RichmondTigers,1996,14,1996-07-06,Melbourne Cricket Ground,Richmond Tigers,West Coast Eagles,51,68,37482.0,-17,A,0.0
19960706_AdelaideCrows,1996,14,1996-07-06,AAMI Stadium,Adelaide Crows,Brisbane Bears,102,94,34183.0,8,H,1.0
19960706_EssendonBombers,1996,14,1996-07-06,Princes Park,Essendon Bombers,Fitzroy Lions,118,52,12748.0,66,H,1.0
19960707_SydneySwans,1996,14,1996-07-07,Sydney Cricket Ground,Sydney Swans,Geelong Cats,125,74,44047.0,51,H,1.0
19960707_MelbourneDemons,1996,14,1996-07-07,Melbourne Cricket Ground,Melbourne Demons,Western Bulldogs,94,67,22852.0,27,H,1.0
19960707_FremantleDockers,1996,14,1996-07-07,Domain Stadium,Fremantle Dockers,St Kilda Saints,77,100,17697.0,-23,A,0.0
19960712_WestCoastEagles,1996,15,1996-07-12,WACA,West Coast Eagles,Fitzroy Lions,131,63,22044.0,68,H,1.0
19960713_CarltonBlues,1996,15,1996-07-13,Princes Park,Carlton Blues,Adelaide Crows,131,64,20102.0,67,H,1.0
19960713_CollingwoodMagpies,1996,15,1996-07-13,Melbourne Cricket Ground,Collingwood Magpies,North Melbourne Kangaroos,144,83,34514.0,61,H,1.0
19960713_GeelongCats,1996,15,1996-07-13,GMHBA Stadium,Geelong Cats,Hawthorn Hawks,72,74,22207.0,-2,A,0.0
19960713_StKildaSaints,1996,15,1996-07-13,Waverley Park,St Kilda Saints,Sydney Swans,79,96,34337.0,-17,A,0.0
19960714_WesternBulldogs,1996,15,1996-07-14,Western Oval,Western Bulldogs,Fremantle Dockers,117,99,8674.0,18,H,1.0
19960714_MelbourneDemons,1996,15,1996-07-14,Melbourne Cricket Ground,Melbourne Demons,Richmond Tigers,81,127,41380.0,-46,A,0.0
19960714_BrisbaneBears,1996,15,1996-07-14,The Gabba,Brisbane Bears,Essendon Bombers,103,68,20378.0,35,H,1.0
19960719_NorthMelbourneKangaroos,1996,16,1996-07-19,Melbourne Cricket Ground,North Melbourne Kangaroos,St Kilda Saints,118,29,24778.0,89,H,1.0
19960720_HawthornHawks,1996,16,1996-07-20,Waverley Park,Hawthorn Hawks,Carlton Blues,98,49,28670.0,49,H,1.0
19960720_GeelongCats,1996,16,1996-07-20,GMHBA Stadium,Geelong Cats,Melbourne Demons,88,30,17538.0,58,H,1.0
19960720_WesternBulldogs,1996,16,1996-07-20,Western Oval,Western Bulldogs,Brisbane Bears,22,36,9994.0,-14,A,0.0
19960720_EssendonBombers,1996,16,1996-07-20,Melbourne Cricket Ground,Essendon Bombers,Richmond Tigers,108,88,58768.0,20,H,1.0
19960721_CollingwoodMagpies,1996,16,1996-07-21,Victoria Park,Collingwood Magpies,Fitzroy Lions,116,76,23567.0,40,H,1.0
19960721_SydneySwans,1996,16,1996-07-21,Sydney Cricket Ground,Sydney Swans,Adelaide Crows,110,88,29174.0,22,H,1.0
19960721_WestCoastEagles,1996,16,1996-07-21,Domain Stadium,West Coast Eagles,Fremantle Dockers,82,48,35406.0,34,H,1.0
19960726_MelbourneDemons,1996,17,1996-07-26,Melbourne Cricket Ground,Melbourne Demons,North Melbourne Kangaroos,70,183,20955.0,-113,A,0.0
19960727_RichmondTigers,1996,17,1996-07-27,Princes Park,Richmond Tigers,Hawthorn Hawks,114,73,19081.0,41,H,1.0
19960727_BrisbaneBears,1996,17,1996-07-27,The Gabba,Brisbane Bears,West Coast Eagles,163,116,15772.0,47,H,1.0
19960727_EssendonBombers,1996,17,1996-07-27,Melbourne Cricket Ground,Essendon Bombers,Carlton Blues,82,91,65420.0,-9,A,0.0
19960727_StKildaSaints,1996,17,1996-07-27,Waverley Park,St Kilda Saints,Geelong Cats,100,76,24289.0,24,H,1.0
19960728_FremantleDockers,1996,17,1996-07-28,Domain Stadium,Fremantle Dockers,Sydney Swans,104,78,17513.0,26,H,1.0
19960728_AdelaideCrows,1996,17,1996-07-28,AAMI Stadium,Adelaide Crows,Fitzroy Lions,166,67,31880.0,99,H,1.0
19960728_CollingwoodMagpies,1996,17,1996-07-28,Melbourne Cricket Ground,Collingwood Magpies,Western Bulldogs,114,108,28776.0,6,H,1.0
19960802_NorthMelbourneKangaroos,1996,18,1996-08-02,Melbourne Cricket Ground,North Melbourne Kangaroos,Hawthorn Hawks,130,99,28555.0,31,H,1.0
19960803_CarltonBlues,1996,18,1996-08-03,Princes Park,Carlton Blues,Fremantle Dockers,145,84,15277.0,61,H,1.0
19960803_StKildaSaints,1996,18,1996-08-03,Waverley Park,St Kilda Saints,Collingwood Magpies,88,78,30065.0,10,H,1.0
19960803_GeelongCats,1996,18,1996-08-03,GMHBA Stadium,Geelong Cats,Adelaide Crows,104,69,17818.0,35,H,1.0
19960804_WestCoastEagles,1996,18,1996-08-04,Domain Stadium,West Coast Eagles,Essendon Bombers,99,93,37669.0,6,H,1.0
19960804_FitzroyLions,1996,18,1996-08-04,Western Oval,Fitzroy Lions,Western Bulldogs,45,60,8757.0,-15,A,0.0
19960804_BrisbaneBears,1996,18,1996-08-04,Princes Park,Brisbane Bears,Richmond Tigers,70,53,17157.0,17,H,1.0
19960804_SydneySwans,1996,18,1996-08-04,Sydney Cricket Ground,Sydney Swans,Melbourne Demons,115,52,18850.0,63,H,1.0
19960809_FremantleDockers,1996,19,1996-08-09,WACA,Fremantle Dockers,Collingwood Magpies,106,82,22874.0,24,H,1.0
19960810_MelbourneDemons,1996,19,1996-08-10,Melbourne Cricket Ground,Melbourne Demons,Carlton Blues,129,110,30166.0,19,H,1.0
19960810_EssendonBombers,1996,19,1996-08-10,Princes Park,Essendon Bombers,Adelaide Crows,143,107,15794.0,36,H,1.0
19960810_FitzroyLions,1996,19,1996-08-10,Western Oval,Fitzroy Lions,St Kilda Saints,35,88,7781.0,-53,A,0.0
19960810_GeelongCats,1996,19,1996-08-10,GMHBA Stadium,Geelong Cats,West Coast Eagles,127,82,21081.0,45,H,1.0
19960810_HawthornHawks,1996,19,1996-08-10,Waverley Park,Hawthorn Hawks,Western Bulldogs,132,65,14914.0,67,H,1.0
19960811_SydneySwans,1996,19,1996-08-11,Sydney Cricket Ground,Sydney Swans,Richmond Tigers,130,82,28541.0,48,H,1.0
19960811_BrisbaneBears,1996,19,1996-08-11,Princes Park,Brisbane Bears,North Melbourne Kangaroos,77,59,15453.0,18,H,1.0
19960816_MelbourneDemons,1996,20,1996-08-16,Melbourne Cricket Ground,Melbourne Demons,Fremantle Dockers,92,71,15494.0,21,H,1.0
19960817_RichmondTigers,1996,20,1996-08-17,Melbourne Cricket Ground,Richmond Tigers,Geelong Cats,132,67,50633.0,65,H,1.0
19960817_HawthornHawks,1996,20,1996-08-17,Waverley Park,Hawthorn Hawks,Sydney Swans,49,72,28897.0,-23,A,0.0
19960817_BrisbaneBears,1996,20,1996-08-17,Princes Park,Brisbane Bears,Fitzroy Lions,187,100,6469.0,87,H,1.0
19960817_AdelaideCrows,1996,20,1996-08-17,AAMI Stadium,Adelaide Crows,North Melbourne Kangaroos,70,76,33030.0,-6,A,0.0
19960818_CollingwoodMagpies,1996,20,1996-08-18,Melbourne Cricket Ground,Collingwood Magpies,Essendon Bombers,64,77,51057.0,-13,A,0.0
19960818_WesternBulldogs,1996,20,1996-08-18,Princes Park,Western Bulldogs,St Kilda Saints,95,57,7677.0,38,H,1.0
19960818_WestCoastEagles,1996,20,1996-08-18,Domain Stadium,West Coast Eagles,Carlton Blues,127,68,40085.0,59,H,1.0
19960823_NorthMelbourneKangaroos,1996,21,1996-08-23,Melbourne Cricket Ground,North Melbourne Kangaroos,Geelong Cats,96,109,52426.0,-13,A,0.0
19960824_EssendonBombers,1996,21,1996-08-24,Melbourne Cricket Ground,Essendon Bombers,Sydney Swans,100,82,69237.0,18,H,1.0
19960824_CarltonBlues,1996,21,1996-08-24,Princes Park,Carlton Blues,Western Bulldogs,96,66,21674.0,30,H,1.0
19960824_StKildaSaints,1996,21,1996-08-24,Waverley Park,St Kilda Saints,Hawthorn Hawks,63,80,28118.0,-17,A,0.0
19960824_BrisbaneBears,1996,21,1996-08-24,The Gabba,Brisbane Bears,Fremantle Dockers,71,70,19204.0,1,H,1.0
19960825_AdelaideCrows,1996,21,1996-08-25,AAMI Stadium,Adelaide Crows,Collingwood Magpies,96,153,40212.0,-57,A,0.0
19960825_RichmondTigers,1996,21,1996-08-25,Melbourne Cricket Ground,Richmond Tigers,Fitzroy Lions,187,36,48884.0,151,H,1.0
19960825_WestCoastEagles,1996,21,1996-08-25,Domain Stadium,West Coast Eagles,Melbourne Demons,151,78,33689.0,73,H,1.0
19960830_EssendonBombers,1996,22,1996-08-30,Melbourne Cricket Ground,Essendon Bombers,Western Bulldogs,79,76,42598.0,3,H,1.0
19960831_MelbourneDemons,1996,22,1996-08-31,Melbourne Cricket Ground,Melbourne Demons,Hawthorn Hawks,101,102,63196.0,-1,A,0.0
19960831_SydneySwans,1996,22,1996-08-31,Sydney Cricket Ground,Sydney Swans,West Coast Eagles,85,50,29517.0,35,H,1.0
19960831_GeelongCats,1996,22,1996-08-31,GMHBA Stadium,Geelong Cats,Carlton Blues,65,107,27659.0,-42,A,0.0
19960831_StKildaSaints,1996,22,1996-08-31,Waverley Park,St Kilda Saints,Adelaide Crows,144,75,14778.0,69,H,1.0
19960831_CollingwoodMagpies,1996,22,1996-08-31,Victoria Park,Collingwood Magpies,Brisbane Bears,100,51,21126.0,49,H,1.0
19960901_RichmondTigers,1996,22,1996-09-01,Melbourne Cricket Ground,Richmond Tigers,North Melbourne Kangaroos,109,141,61740.0,-32,A,0.0
19960901_FremantleDockers,1996,22,1996-09-01,Domain Stadium,Fremantle Dockers,Fitzroy Lions,157,71,22574.0,86,H,1.0
19960906_BrisbaneBears,1996,QF,1996-09-06,The Gabba,Brisbane Bears,Essendon Bombers,101,100,21964.0,1,H,1.0
19960907_WestCoastEagles,1996,QF,1996-09-07,Domain Stadium,West Coast Eagles,Carlton Blues,125,70,41501.0,55,H,1.0
19960907_SydneySwans,1996,QF,1996-09-07,Sydney Cricket Ground,Sydney Swans,Hawthorn Hawks,90,84,37010.0,6,H,1.0
19960908_NorthMelbourneKangaroos,1996,QF,1996-09-08,Melbourne Cricket Ground,North Melbourne Kangaroos,Geelong Cats,131,71,69323.0,60,H,1.0
19960914_BrisbaneBears,1996,SF,1996-09-14,The Gabba,Brisbane Bears,Carlton Blues,170,73,21767.0,97,H,1.0
19960914_EssendonBombers,1996,SF,1996-09-14,Melbourne Cricket Ground,Essendon Bombers,West Coast Eagles,144,67,85656.0,77,H,1.0
19960921_SydneySwans,1996,PF,1996-09-21,Sydney Cricket Ground,Sydney Swans,Essendon Bombers,70,69,41731.0,1,H,1.0
19960921_NorthMelbourneKangaroos,1996,PF,1996-09-21,Melbourne Cricket Ground,North Melbourne Kangaroos,Brisbane Bears,114,76,66719.0,38,H,1.0
19960928_NorthMelbourneKangaroos,1996,GF,1996-09-28,Melbourne Cricket Ground,North Melbourne Kangaroos,Sydney Swans,131,88,93102.0,43,H,1.0
19970327_NorthMelbourneKangaroos,1997,1,1997-03-27,Melbourne Cricket Ground,North Melbourne Kangaroos,Melbourne Demons,55,70,35802.0,-15,A,0.0
19970329_WestCoastEagles,1997,1,1997-03-29,Domain Stadium,West Coast Eagles,Sydney Swans,78,37,29965.0,41,H,1.0
19970329_CollingwoodMagpies,1997,1,1997-03-29,Melbourne Cricket Ground,Collingwood Magpies,Port Adelaide Power,166,87,51883.0,79,H,1.0
19970329_StKildaSaints,1997,1,1997-03-29,Waverley Park,St Kilda Saints,Hawthorn Hawks,71,77,35732.0,-6,A,0.0
19970329_WesternBulldogs,1997,1,1997-03-29,Princes Park,Western Bulldogs,Fremantle Dockers,76,80,8664.0,-4,A,0.0
19970330_AdelaideCrows,1997,1,1997-03-30,AAMI Stadium,Adelaide Crows,Brisbane Lions,132,96,36602.0,36,H,1.0
19970330_RichmondTigers,1997,1,1997-03-30,Melbourne Cricket Ground,Richmond Tigers,Geelong Cats,104,95,48358.0,9,H,1.0
19970331_EssendonBombers,1997,1,1997-03-31,Melbourne Cricket Ground,Essendon Bombers,Carlton Blues,106,99,82363.0,7,H,1.0
19970404_MelbourneDemons,1997,2,1997-04-04,Melbourne Cricket Ground,Melbourne Demons,Collingwood Magpies,56,163,61138.0,-107,A,0.0
19970405_WesternBulldogs,1997,2,1997-04-05,Princes Park,Western Bulldogs,Sydney Swans,90,83,12604.0,7,H,1.0
19970405_RichmondTigers,1997,2,1997-04-05,Melbourne Cricket Ground,Richmond Tigers,Adelaide Crows,128,100,32880.0,28,H,1.0
19970405_GeelongCats,1997,2,1997-04-05,GMHBA Stadium,Geelong Cats,West Coast Eagles,78,72,17988.0,6,H,1.0
19970406_FremantleDockers,1997,2,1997-04-06,Domain Stadium,Fremantle Dockers,Hawthorn Hawks,87,73,19057.0,14,H,1.0
19970406_PortAdelaidePower,1997,2,1997-04-06,AAMI Stadium,Port Adelaide Power,Essendon Bombers,60,93,32747.0,-33,A,0.0
19970406_BrisbaneLions,1997,2,1997-04-06,The Gabba,Brisbane Lions,St Kilda Saints,154,57,17123.0,97,H,1.0
19970407_NorthMelbourneKangaroos,1997,2,1997-04-07,Melbourne Cricket Ground,North Melbourne Kangaroos,Carlton Blues,86,60,38170.0,26,H,1.0
19970411_SydneySwans,1997,3,1997-04-11,Sydney Cricket Ground,Sydney Swans,Melbourne Demons,99,91,23598.0,8,H,1.0
19970412_StKildaSaints,1997,3,1997-04-12,Waverley Park,St Kilda Saints,Collingwood Magpies,125,118,54699.0,7,H,1.0
19970412_RichmondTigers,1997,3,1997-04-12,Melbourne Cricket Ground,Richmond Tigers,Western Bulldogs,86,105,35438.0,-19,A,0.0
19970412_PortAdelaidePower,1997,3,1997-04-12,AAMI Stadium,Port Adelaide Power,Geelong Cats,129,90,32074.0,39,H,1.0
19970413_CarltonBlues,1997,3,1997-04-13,Princes Park,Carlton Blues,Adelaide Crows,108,80,25966.0,28,H,1.0
19970413_EssendonBombers,1997,3,1997-04-13,Melbourne Cricket Ground,Essendon Bombers,North Melbourne Kangaroos,122,80,57978.0,42,H,1.0
19970413_HawthornHawks,1997,3,1997-04-13,Waverley Park,Hawthorn Hawks,Brisbane Lions,87,75,27947.0,12,H,1.0
19970413_WestCoastEagles,1997,3,1997-04-13,Domain Stadium,West Coast Eagles,Fremantle Dockers,111,71,39294.0,40,H,1.0
19970418_MelbourneDemons,1997,4,1997-04-18,Melbourne Cricket Ground,Melbourne Demons,Western Bulldogs,87,89,28043.0,-2,A,0.0
19970419_StKildaSaints,1997,4,1997-04-19,Waverley Park,St Kilda Saints,Sydney Swans,81,127,35061.0,-46,A,0.0
19970419_RichmondTigers,1997,4,1997-04-19,Princes Park,Richmond Tigers,Fremantle Dockers,72,67,15461.0,5,H,1.0
19970419_CollingwoodMagpies,1997,4,1997-04-19,Melbourne Cricket Ground,Collingwood Magpies,Carlton Blues,84,101,78704.0,-17,A,0.0
19970419_WestCoastEagles,1997,4,1997-04-19,Domain Stadium,West Coast Eagles,Hawthorn Hawks,112,88,38222.0,24,H,1.0
19970420_BrisbaneLions,1997,4,1997-04-20,The Gabba,Brisbane Lions,North Melbourne Kangaroos,109,83,18575.0,26,H,1.0
19970420_EssendonBombers,1997,4,1997-04-20,Melbourne Cricket Ground,Essendon Bombers,Geelong Cats,78,85,54922.0,-7,A,0.0
19970420_AdelaideCrows,1997,4,1997-04-20,AAMI Stadium,Adelaide Crows,Port Adelaide Power,72,83,47256.0,-11,A,0.0
19970425_FremantleDockers,1997,5,1997-04-25,Domain Stadium,Fremantle Dockers,St Kilda Saints,107,101,23504.0,6,H,1.0
19970425_EssendonBombers,1997,5,1997-04-25,Melbourne Cricket Ground,Essendon Bombers,Collingwood Magpies,70,99,83271.0,-29,A,0.0
19970426_HawthornHawks,1997,5,1997-04-26,Waverley Park,Hawthorn Hawks,Sydney Swans,99,74,37576.0,25,H,1.0
19970426_MelbourneDemons,1997,5,1997-04-26,Melbourne Cricket Ground,Melbourne Demons,West Coast Eagles,78,126,19655.0,-48,A,0.0
19970426_WesternBulldogs,1997,5,1997-04-26,Princes Park,Western Bulldogs,Adelaide Crows,71,121,12694.0,-50,A,0.0
19970427_CarltonBlues,1997,5,1997-04-27,Princes Park,Carlton Blues,Geelong Cats,86,94,25801.0,-8,A,0.0
19970427_NorthMelbourneKangaroos,1997,5,1997-04-27,Melbourne Cricket Ground,North Melbourne Kangaroos,Richmond Tigers,141,46,44449.0,95,H,1.0
19970427_PortAdelaidePower,1997,5,1997-04-27,AAMI Stadium,Port Adelaide Power,Brisbane Lions,73,71,31757.0,2,H,1.0
19970502_WestCoastEagles,1997,6,1997-05-02,WACA,West Coast Eagles,Western Bulldogs,99,113,29838.0,-14,A,0.0
19970503_EssendonBombers,1997,6,1997-05-03,Melbourne Cricket Ground,Essendon Bombers,Brisbane Lions,102,71,37642.0,31,H,1.0
19970503_HawthornHawks,1997,6,1997-05-03,Waverley Park,Hawthorn Hawks,North Melbourne Kangaroos,93,103,38953.0,-10,A,0.0
19970503_CollingwoodMagpies,1997,6,1997-05-03,Victoria Park,Collingwood Magpies,Adelaide Crows,84,83,24663.0,1,H,1.0
19970503_GeelongCats,1997,6,1997-05-03,GMHBA Stadium,Geelong Cats,Fremantle Dockers,97,43,16467.0,54,H,1.0
19970504_PortAdelaidePower,1997,6,1997-05-04,AAMI Stadium,Port Adelaide Power,Richmond Tigers,122,58,36090.0,64,H,1.0
19970504_SydneySwans,1997,6,1997-05-04,Sydney Cricket Ground,Sydney Swans,Carlton Blues,142,83,37933.0,59,H,1.0
19970504_StKildaSaints,1997,6,1997-05-04,Waverley Park,St Kilda Saints,Melbourne Demons,121,35,21104.0,86,H,1.0
19970509_NorthMelbourneKangaroos,1997,7,1997-05-09,Melbourne Cricket Ground,North Melbourne Kangaroos,Collingwood Magpies,68,111,54901.0,-43,A,0.0
19970510_RichmondTigers,1997,7,1997-05-10,Melbourne Cricket Ground,Richmond Tigers,Carlton Blues,76,98,48833.0,-22,A,0.0
19970510_FremantleDockers,1997,7,1997-05-10,WACA,Fremantle Dockers,Melbourne Demons,124,69,18198.0,55,H,1.0
19970510_GeelongCats,1997,7,1997-05-10,GMHBA Stadium,Geelong Cats,Sydney Swans,76,44,22151.0,32,H,1.0
19970510_StKildaSaints,1997,7,1997-05-10,Waverley Park,St Kilda Saints,Port Adelaide Power,126,61,17752.0,65,H,1.0
19970510_WesternBulldogs,1997,7,1997-05-10,Princes Park,Western Bulldogs,Hawthorn Hawks,133,88,18860.0,45,H,1.0
19970511_AdelaideCrows,1997,7,1997-05-11,AAMI Stadium,Adelaide Crows,Essendon Bombers,126,73,39275.0,53,H,1.0
19970511_BrisbaneLions,1997,7,1997-05-11,The Gabba,Brisbane Lions,West Coast Eagles,60,139,17524.0,-79,A,0.0
19970516_CollingwoodMagpies,1997,8,1997-05-16,Melbourne Cricket Ground,Collingwood Magpies,Western Bulldogs,129,83,61014.0,46,H,1.0
19970517_MelbourneDemons,1997,8,1997-05-17,Melbourne Cricket Ground,Melbourne Demons,Geelong Cats,49,128,28989.0,-79,A,0.0
19970517_NorthMelbourneKangaroos,1997,8,1997-05-17,Princes Park,North Melbourne Kangaroos,Port Adelaide Power,128,100,13056.0,28,H,1.0
19970517_AdelaideCrows,1997,8,1997-05-17,AAMI Stadium,Adelaide Crows,Sydney Swans,144,55,40147.0,89,H,1.0
19970518_EssendonBombers,1997,8,1997-05-18,Melbourne Cricket Ground,Essendon Bombers,St Kilda Saints,100,124,51928.0,-24,A,0.0
19970518_FremantleDockers,1997,8,1997-05-18,Domain Stadium,Fremantle Dockers,Brisbane Lions,98,93,14721.0,5,H,1.0
19970518_CarltonBlues,1997,8,1997-05-18,Princes Park,Carlton Blues,Hawthorn Hawks,106,81,29783.0,25,H,1.0
19970519_RichmondTigers,1997,8,1997-05-19,Melbourne Cricket Ground,Richmond Tigers,West Coast Eagles,119,67,26721.0,52,H,1.0
19970523_PortAdelaidePower,1997,9,1997-05-23,AAMI Stadium,Port Adelaide Power,Melbourne Demons,78,27,32958.0,51,H,1.0
19970524_SydneySwans,1997,9,1997-05-24,Sydney Cricket Ground,Sydney Swans,Collingwood Magpies,111,74,39780.0,37,H,1.0
19970524_HawthornHawks,1997,9,1997-05-24,Waverley Park,Hawthorn Hawks,Adelaide Crows,88,102,23463.0,-14,A,0.0
19970524_CarltonBlues,1997,9,1997-05-24,Princes Park,Carlton Blues,Fremantle Dockers,105,88,18187.0,17,H,1.0
19970525_NorthMelbourneKangaroos,1997,9,1997-05-25,Melbourne Cricket Ground,North Melbourne Kangaroos,Western Bulldogs,71,103,29307.0,-32,A,0.0
19970525_BrisbaneLions,1997,9,1997-05-25,The Gabba,Brisbane Lions,Geelong Cats,126,98,19828.0,28,H,1.0
19970525_StKildaSaints,1997,9,1997-05-25,Waverley Park,St Kilda Saints,Richmond Tigers,141,94,52257.0,47,H,1.0
19970525_WestCoastEagles,1997,9,1997-05-25,Domain Stadium,West Coast Eagles,Essendon Bombers,110,85,38984.0,25,H,1.0
19970530_PortAdelaidePower,1997,10,1997-05-30,AAMI Stadium,Port Adelaide Power,Carlton Blues,93,55,40116.0,38,H,1.0
19970531_GeelongCats,1997,10,1997-05-31,GMHBA Stadium,Geelong Cats,St Kilda Saints,107,79,22731.0,28,H,1.0
19970531_NorthMelbourneKangaroos,1997,10,1997-05-31,Princes Park,North Melbourne Kangaroos,West Coast Eagles,103,58,13614.0,45,H,1.0
19970531_RichmondTigers,1997,10,1997-05-31,Melbourne Cricket Ground,Richmond Tigers,Melbourne Demons,67,92,28879.0,-25,A,0.0
19970531_HawthornHawks,1997,10,1997-05-31,Waverley Park,Hawthorn Hawks,Collingwood Magpies,108,55,51494.0,53,H,1.0
19970601_BrisbaneLions,1997,10,1997-06-01,The Gabba,Brisbane Lions,Sydney Swans,92,89,20403.0,3,H,1.0
19970601_EssendonBombers,1997,10,1997-06-01,Melbourne Cricket Ground,Essendon Bombers,Western Bulldogs,114,136,50138.0,-22,A,0.0
19970602_FremantleDockers,1997,10,1997-06-02,Domain Stadium,Fremantle Dockers,Adelaide Crows,72,105,22464.0,-33,A,0.0
19970606_CollingwoodMagpies,1997,11,1997-06-06,Melbourne Cricket Ground,Collingwood Magpies,Richmond Tigers,71,77,70350.0,-6,A,0.0
19970607_EssendonBombers,1997,11,1997-06-07,Melbourne Cricket Ground,Essendon Bombers,Hawthorn Hawks,91,124,60594.0,-33,A,0.0
19970607_PortAdelaidePower,1997,11,1997-06-07,AAMI Stadium,Port Adelaide Power,Sydney Swans,41,76,35669.0,-35,A,0.0
19970607_WesternBulldogs,1997,11,1997-06-07,Princes Park,Western Bulldogs,Geelong Cats,96,75,24897.0,21,H,1.0
19970608_MelbourneDemons,1997,11,1997-06-08,Melbourne Cricket Ground,Melbourne Demons,Adelaide Crows,45,97,27463.0,-52,A,0.0
19970608_WestCoastEagles,1997,11,1997-06-08,Domain Stadium,West Coast Eagles,St Kilda Saints,73,89,29390.0,-16,A,0.0
19970609_CarltonBlues,1997,11,1997-06-09,Princes Park,Carlton Blues,Brisbane Lions,84,63,27904.0,21,H,1.0
19970609_NorthMelbourneKangaroos,1997,11,1997-06-09,Melbourne Cricket Ground,North Melbourne Kangaroos,Fremantle Dockers,105,79,20585.0,26,H,1.0
19970613_SydneySwans,1997,12,1997-06-13,Sydney Cricket Ground,Sydney Swans,Richmond Tigers,164,110,35033.0,54,H,1.0
19970614_WesternBulldogs,1997,12,1997-06-14,Princes Park,Western Bulldogs,Port Adelaide Power,82,94,14025.0,-12,A,0.0
19970614_CollingwoodMagpies,1997,12,1997-06-14,Victoria Park,Collingwood Magpies,West Coast Eagles,55,71,25323.0,-16,A,0.0
19970614_GeelongCats,1997,12,1997-06-14,GMHBA Stadium,Geelong Cats,Hawthorn Hawks,82,88,22871.0,-6,A,0.0
19970615_MelbourneDemons,1997,12,1997-06-15,Melbourne Cricket Ground,Melbourne Demons,Brisbane Lions,50,135,13392.0,-85,A,0.0
19970615_StKildaSaints,1997,12,1997-06-15,Waverley Park,St Kilda Saints,Carlton Blues,116,85,44883.0,31,H,1.0
19970615_AdelaideCrows,1997,12,1997-06-15,AAMI Stadium,Adelaide Crows,North Melbourne Kangaroos,83,105,43345.0,-22,A,0.0
19970615_FremantleDockers,1997,12,1997-06-15,Domain Stadium,Fremantle Dockers,Essendon Bombers,157,60,21956.0,97,H,1.0
19970627_WestCoastEagles,1997,13,1997-06-27,Domain Stadium,West Coast Eagles,Carlton Blues,79,86,37854.0,-7,A,0.0
19970628_GeelongCats,1997,13,1997-06-28,GMHBA Stadium,Geelong Cats,Adelaide Crows,110,54,20236.0,56,H,1.0
19970628_BrisbaneLions,1997,13,1997-06-28,The Gabba,Brisbane Lions,Collingwood Magpies,88,73,19560.0,15,H,1.0
19970628_RichmondTigers,1997,13,1997-06-28,Melbourne Cricket Ground,Richmond Tigers,Essendon Bombers,34,127,58812.0,-93,A,0.0
19970628_PortAdelaidePower,1997,13,1997-06-28,AAMI Stadium,Port Adelaide Power,Fremantle Dockers,69,54,30827.0,15,H,1.0
19970628_StKildaSaints,1997,13,1997-06-28,Waverley Park,St Kilda Saints,Western Bulldogs,84,101,32370.0,-17,A,0.0
19970629_SydneySwans,1997,13,1997-06-29,Sydney Cricket Ground,Sydney Swans,North Melbourne Kangaroos,65,55,30160.0,10,H,1.0
19970629_HawthornHawks,1997,13,1997-06-29,Waverley Park,Hawthorn Hawks,Melbourne Demons,118,55,31517.0,63,H,1.0
19970704_AdelaideCrows,1997,14,1997-07-04,AAMI Stadium,Adelaide Crows,West Coast Eagles,106,31,39221.0,75,H,1.0
19970705_CollingwoodMagpies,1997,14,1997-07-05,Melbourne Cricket Ground,Collingwood Magpies,Geelong Cats,72,80,65228.0,-8,A,0.0
19970705_FremantleDockers,1997,14,1997-07-05,WACA,Fremantle Dockers,Sydney Swans,48,33,19290.0,15,H,1.0
19970705_StKildaSaints,1997,14,1997-07-05,Waverley Park,St Kilda Saints,North Melbourne Kangaroos,133,79,32635.0,54,H,1.0
19970705_CarltonBlues,1997,14,1997-07-05,Princes Park,Carlton Blues,Western Bulldogs,74,110,32183.0,-36,A,0.0
19970706_BrisbaneLions,1997,14,1997-07-06,The Gabba,Brisbane Lions,Richmond Tigers,68,50,19155.0,18,H,1.0
19970706_EssendonBombers,1997,14,1997-07-06,Melbourne Cricket Ground,Essendon Bombers,Melbourne Demons,120,57,44803.0,63,H,1.0
19970706_HawthornHawks,1997,14,1997-07-06,Waverley Park,Hawthorn Hawks,Port Adelaide Power,124,92,29886.0,32,H,1.0
19970711_NorthMelbourneKangaroos,1997,15,1997-07-11,Melbourne Cricket Ground,North Melbourne Kangaroos,Geelong Cats,92,102,45120.0,-10,A,0.0
19970712_CollingwoodMagpies,1997,15,1997-07-12,Victoria Park,Collingwood Magpies,Fremantle Dockers,160,60,23433.0,100,H,1.0
19970712_AdelaideCrows,1997,15,1997-07-12,AAMI Stadium,Adelaide Crows,St Kilda Saints,76,66,39921.0,10,H,1.0
19970712_WesternBulldogs,1997,15,1997-07-12,Princes Park,Western Bulldogs,Brisbane Lions,73,137,16430.0,-64,A,0.0
19970712_MelbourneDemons,1997,15,1997-07-12,Melbourne Cricket Ground,Melbourne Demons,Carlton Blues,119,100,27992.0,19,H,1.0
19970713_SydneySwans,1997,15,1997-07-13,Sydney Cricket Ground,Sydney Swans,Essendon Bombers,79,78,36077.0,1,H,1.0
19970713_RichmondTigers,1997,15,1997-07-13,Melbourne Cricket Ground,Richmond Tigers,Hawthorn Hawks,145,69,49217.0,76,H,1.0
19970713_WestCoastEagles,1997,15,1997-07-13,Domain Stadium,West Coast Eagles,Port Adelaide Power,85,67,29723.0,18,H,1.0
19970718_BrisbaneLions,1997,16,1997-07-18,The Gabba,Brisbane Lions,Adelaide Crows,118,87,21348.0,31,H,1.0
19970719_HawthornHawks,1997,16,1997-07-19,Waverley Park,Hawthorn Hawks,St Kilda Saints,62,141,43181.0,-79,A,0.0
19970719_SydneySwans,1997,16,1997-07-19,Sydney Cricket Ground,Sydney Swans,West Coast Eagles,112,75,39318.0,37,H,1.0
19970719_PortAdelaidePower,1997,16,1997-07-19,AAMI Stadium,Port Adelaide Power,Collingwood Magpies,111,58,37790.0,53,H,1.0
19970719_EssendonBombers,1997,16,1997-07-19,Melbourne Cricket Ground,Essendon Bombers,Carlton Blues,87,165,58512.0,-78,A,0.0
19970719_GeelongCats,1997,16,1997-07-19,GMHBA Stadium,Geelong Cats,Richmond Tigers,110,78,24099.0,32,H,1.0
19970720_FremantleDockers,1997,16,1997-07-20,Domain Stadium,Fremantle Dockers,Western Bulldogs,97,91,18392.0,6,H,1.0
19970720_MelbourneDemons,1997,16,1997-07-20,Melbourne Cricket Ground,Melbourne Demons,North Melbourne Kangaroos,58,114,23309.0,-56,A,0.0
19970725_EssendonBombers,1997,17,1997-07-25,Melbourne Cricket Ground,Essendon Bombers,Port Adelaide Power,72,122,33076.0,-50,A,0.0
19970726_SydneySwans,1997,17,1997-07-26,Sydney Cricket Ground,Sydney Swans,Western Bulldogs,149,52,32534.0,97,H,1.0
19970726_AdelaideCrows,1997,17,1997-07-26,AAMI Stadium,Adelaide Crows,Richmond Tigers,185,48,36297.0,137,H,1.0
19970726_CarltonBlues,1997,17,1997-07-26,Princes Park,Carlton Blues,North Melbourne Kangaroos,58,96,27689.0,-38,A,0.0
19970726_HawthornHawks,1997,17,1997-07-26,Waverley Park,Hawthorn Hawks,Fremantle Dockers,62,71,15939.0,-9,A,0.0
19970727_CollingwoodMagpies,1997,17,1997-07-27,Melbourne Cricket Ground,Collingwood Magpies,Melbourne Demons,134,82,37779.0,52,H,1.0
19970727_StKildaSaints,1997,17,1997-07-27,Waverley Park,St Kilda Saints,Brisbane Lions,92,44,34859.0,48,H,1.0
19970727_WestCoastEagles,1997,17,1997-07-27,Domain Stadium,West Coast Eagles,Geelong Cats,129,82,34565.0,47,H,1.0
19970801_NorthMelbourneKangaroos,1997,18,1997-08-01,Melbourne Cricket Ground,North Melbourne Kangaroos,Essendon Bombers,83,64,38614.0,19,H,1.0
19970802_BrisbaneLions,1997,18,1997-08-02,The Gabba,Brisbane Lions,Hawthorn Hawks,141,71,19635.0,70,H,1.0
19970802_WesternBulldogs,1997,18,1997-08-02,Princes Park,Western Bulldogs,Richmond Tigers,100,115,18373.0,-15,A,0.0
19970802_GeelongCats,1997,18,1997-08-02,GMHBA Stadium,Geelong Cats,Port Adelaide Power,159,74,21867.0,85,H,1.0
19970802_MelbourneDemons,1997,18,1997-08-02,Melbourne Cricket Ground,Melbourne Demons,Sydney Swans,53,169,26901.0,-116,A,0.0
19970803_CollingwoodMagpies,1997,18,1997-08-03,Melbourne Cricket Ground,Collingwood Magpies,St Kilda Saints,89,111,68036.0,-22,A,0.0
19970803_AdelaideCrows,1997,18,1997-08-03,AAMI Stadium,Adelaide Crows,Carlton Blues,127,86,42548.0,41,H,1.0
19970803_FremantleDockers,1997,18,1997-08-03,Domain Stadium,Fremantle Dockers,West Coast Eagles,49,82,39711.0,-33,A,0.0
19970808_NorthMelbourneKangaroos,1997,19,1997-08-08,Melbourne Cricket Ground,North Melbourne Kangaroos,Brisbane Lions,116,59,27021.0,57,H,1.0
19970809_WesternBulldogs,1997,19,1997-08-09,Princes Park,Western Bulldogs,Melbourne Demons,102,64,13058.0,38,H,1.0
19970809_FremantleDockers,1997,19,1997-08-09,WACA,Fremantle Dockers,Richmond Tigers,85,42,15757.0,43,H,1.0
19970809_CollingwoodMagpies,1997,19,1997-08-09,Melbourne Cricket Ground,Collingwood Magpies,Carlton Blues,91,107,61650.0,-16,A,0.0
19970809_HawthornHawks,1997,19,1997-08-09,Waverley Park,Hawthorn Hawks,West Coast Eagles,66,87,20517.0,-21,A,0.0
19970810_SydneySwans,1997,19,1997-08-10,Sydney Cricket Ground,Sydney Swans,St Kilda Saints,119,128,39287.0,-9,A,0.0
19970810_PortAdelaidePower,1997,19,1997-08-10,AAMI Stadium,Port Adelaide Power,Adelaide Crows,58,65,45498.0,-7,A,0.0
19970810_EssendonBombers,1997,19,1997-08-10,Melbourne Cricket Ground,Essendon Bombers,Geelong Cats,73,68,53901.0,5,H,1.0
19970815_WestCoastEagles,1997,20,1997-08-15,WACA,West Coast Eagles,Melbourne Demons,97,59,21164.0,38,H,1.0
19970816_GeelongCats,1997,20,1997-08-16,GMHBA Stadium,Geelong Cats,Carlton Blues,95,67,23007.0,28,H,1.0
19970816_BrisbaneLions,1997,20,1997-08-16,The Gabba,Brisbane Lions,Port Adelaide Power,93,93,20835.0,0,D,
19970816_StKildaSaints,1997,20,1997-08-16,Waverley Park,St Kilda Saints,Fremantle Dockers,77,64,26201.0,13,H,1.0
19970816_CollingwoodMagpies,1997,20,1997-08-16,Melbourne Cricket Ground,Collingwood Magpies,Essendon Bombers,91,81,50944.0,10,H,1.0
19970817_RichmondTigers,1997,20,1997-08-17,Melbourne Cricket Ground,Richmond Tigers,North Melbourne Kangaroos,97,96,29620.0,1,H,1.0
19970817_AdelaideCrows,1997,20,1997-08-17,AAMI Stadium,Adelaide Crows,Western Bulldogs,60,103,39632.0,-43,A,0.0
19970817_SydneySwans,1997,20,1997-08-17,Sydney Cricket Ground,Sydney Swans,Hawthorn Hawks,135,77,34111.0,58,H,1.0
19970822_MelbourneDemons,1997,21,1997-08-22,Melbourne Cricket Ground,Melbourne Demons,St Kilda Saints,62,114,32935.0,-52,A,0.0
19970823_BrisbaneLions,1997,21,1997-08-23,The Gabba,Brisbane Lions,Essendon Bombers,102,106,21065.0,-4,A,0.0
19970823_WesternBulldogs,1997,21,1997-08-23,Western Oval,Western Bulldogs,West Coast Eagles,86,68,26704.0,18,H,1.0
19970823_NorthMelbourneKangaroos,1997,21,1997-08-23,Melbourne Cricket Ground,North Melbourne Kangaroos,Hawthorn Hawks,81,43,26393.0,38,H,1.0
19970823_CarltonBlues,1997,21,1997-08-23,Princes Park,Carlton Blues,Sydney Swans,76,41,27375.0,35,H,1.0
19970824_RichmondTigers,1997,21,1997-08-24,Melbourne Cricket Ground,Richmond Tigers,Port Adelaide Power,146,61,22516.0,85,H,1.0
19970824_FremantleDockers,1997,21,1997-08-24,Domain Stadium,Fremantle Dockers,Geelong Cats,68,100,28751.0,-32,A,0.0
19970825_AdelaideCrows,1997,21,1997-08-25,AAMI Stadium,Adelaide Crows,Collingwood Magpies,48,39,37661.0,9,H,1.0
19970829_WestCoastEagles,1997,22,1997-08-29,WACA,West Coast Eagles,Brisbane Lions,120,81,29402.0,39,H,1.0
19970830_SydneySwans,1997,22,1997-08-30,Sydney Cricket Ground,Sydney Swans,Geelong Cats,90,100,46168.0,-10,A,0.0
19970830_HawthornHawks,1997,22,1997-08-30,Waverley Park,Hawthorn Hawks,Western Bulldogs,87,105,35706.0,-18,A,0.0
19970830_MelbourneDemons,1997,22,1997-08-30,Melbourne Cricket Ground,Melbourne Demons,Fremantle Dockers,119,79,15036.0,40,H,1.0
19970830_CarltonBlues,1997,22,1997-08-30,Princes Park,Carlton Blues,Richmond Tigers,89,91,34922.0,-2,A,0.0
19970831_PortAdelaidePower,1997,22,1997-08-31,AAMI Stadium,Port Adelaide Power,St Kilda Saints,84,117,38589.0,-33,A,0.0
19970831_EssendonBombers,1997,22,1997-08-31,Princes Park,Essendon Bombers,Adelaide Crows,102,98,25636.0,4,H,1.0
19970831_CollingwoodMagpies,1997,22,1997-08-31,Melbourne Cricket Ground,Collingwood Magpies,North Melbourne Kangaroos,122,111,43660.0,11,H,1.0
19970906_WesternBulldogs,1997,QF,1997-09-06,Melbourne Cricket Ground,Western Bulldogs,Sydney Swans,119,84,62432.0,35,H,1.0
19970907_NorthMelbourneKangaroos,1997,QF,1997-09-07,Melbourne Cricket Ground,North Melbourne Kangaroos,Geelong Cats,79,61,55561.0,18,H,1.0
19970907_AdelaideCrows,1997,QF,1997-09-07,AAMI Stadium,Adelaide Crows,West Coast Eagles,99,66,43831.0,33,H,1.0
19970907_StKildaSaints,1997,QF,1997-09-07,Waverley Park,St Kilda Saints,Brisbane Lions,135,89,50035.0,46,H,1.0
19970913_NorthMelbourneKangaroos,1997,SF,1997-09-13,Melbourne Cricket Ground,North Melbourne Kangaroos,West Coast Eagles,98,85,55781.0,13,H,1.0
19970913_AdelaideCrows,1997,SF,1997-09-13,AAMI Stadium,Adelaide Crows,Geelong Cats,76,68,46319.0,8,H,1.0
19970919_StKildaSaints,1997,PF,1997-09-19,Melbourne Cricket Ground,St Kilda Saints,North Melbourne Kangaroos,104,73,77531.0,31,H,1.0
19970920_AdelaideCrows,1997,PF,1997-09-20,Melbourne Cricket Ground,Adelaide Crows,Western Bulldogs,93,91,70088.0,2,H,1.0
19970927_AdelaideCrows,1997,GF,1997-09-27,Melbourne Cricket Ground,Adelaide Crows,St Kilda Saints,125,94,98828.0,31,H,1.0
19980327_NorthMelbourneKangaroos,1998,1,1998-03-27,Melbourne Cricket Ground,North Melbourne Kangaroos,West Coast Eagles,103,101,27150.0,2,H,1.0
19980328_CarltonBlues,1998,1,1998-03-28,Princes Park,Carlton Blues,Adelaide Crows,73,63,20957.0,10,H,1.0
19980328_StKildaSaints,1998,1,1998-03-28,Waverley Park,St Kilda Saints,Geelong Cats,109,91,34323.0,18,H,1.0
19980328_CollingwoodMagpies,1998,1,1998-03-28,Melbourne Cricket Ground,Collingwood Magpies,Hawthorn Hawks,123,84,47628.0,39,H,1.0
19980328_BrisbaneLions,1998,1,1998-03-28,The Gabba,Brisbane Lions,Western Bulldogs,72,118,18788.0,-46,A,0.0
19980329_FremantleDockers,1998,1,1998-03-29,Domain Stadium,Fremantle Dockers,Melbourne Demons,84,61,18133.0,23,H,1.0
19980329_RichmondTigers,1998,1,1998-03-29,Melbourne Cricket Ground,Richmond Tigers,Essendon Bombers,103,89,70200.0,14,H,1.0
19980329_PortAdelaidePower,1998,1,1998-03-29,AAMI Stadium,Port Adelaide Power,Sydney Swans,117,124,31230.0,-7,A,0.0
19980403_WestCoastEagles,1998,2,1998-04-03,Domain Stadium,West Coast Eagles,Collingwood Magpies,116,56,35909.0,60,H,1.0
19980404_HawthornHawks,1998,2,1998-04-04,Waverley Park,Hawthorn Hawks,Port Adelaide Power,67,112,18698.0,-45,A,0.0
19980404_SydneySwans,1998,2,1998-04-04,Sydney Cricket Ground,Sydney Swans,Brisbane Lions,135,97,32111.0,38,H,1.0
19980404_MelbourneDemons,1998,2,1998-04-04,Melbourne Cricket Ground,Melbourne Demons,North Melbourne Kangaroos,125,100,29990.0,25,H,1.0
19980404_GeelongCats,1998,2,1998-04-04,GMHBA Stadium,Geelong Cats,Richmond Tigers,99,80,26669.0,19,H,1.0
19980405_EssendonBombers,1998,2,1998-04-05,Melbourne Cricket Ground,Essendon Bombers,St Kilda Saints,182,93,53905.0,89,H,1.0
19980405_WesternBulldogs,1998,2,1998-04-05,Princes Park,Western Bulldogs,Carlton Blues,140,84,27659.0,56,H,1.0
19980405_AdelaideCrows,1998,2,1998-04-05,AAMI Stadium,Adelaide Crows,Fremantle Dockers,167,74,40602.0,93,H,1.0
19980411_WesternBulldogs,1998,3,1998-04-11,Princes Park,Western Bulldogs,Collingwood Magpies,119,85,26518.0,34,H,1.0
19980411_PortAdelaidePower,1998,3,1998-04-11,AAMI Stadium,Port Adelaide Power,North Melbourne Kangaroos,69,98,28167.0,-29,A,0.0
19980411_RichmondTigers,1998,3,1998-04-11,Melbourne Cricket Ground,Richmond Tigers,Hawthorn Hawks,103,97,39954.0,6,H,1.0
19980412_SydneySwans,1998,3,1998-04-12,Sydney Cricket Ground,Sydney Swans,Geelong Cats,160,57,29614.0,103,H,1.0
19980412_FremantleDockers,1998,3,1998-04-12,Domain Stadium,Fremantle Dockers,West Coast Eagles,67,94,34710.0,-27,A,0.0
19980412_StKildaSaints,1998,3,1998-04-12,Waverley Park,St Kilda Saints,Adelaide Crows,82,60,20532.0,22,H,1.0
19980413_EssendonBombers,1998,3,1998-04-13,Melbourne Cricket Ground,Essendon Bombers,Carlton Blues,99,98,68177.0,1,H,1.0
19980413_BrisbaneLions,1998,3,1998-04-13,The Gabba,Brisbane Lions,Melbourne Demons,87,100,17161.0,-13,A,0.0
19980417_CollingwoodMagpies,1998,4,1998-04-17,Melbourne Cricket Ground,Collingwood Magpies,Richmond Tigers,133,88,78259.0,45,H,1.0
19980418_WestCoastEagles,1998,4,1998-04-18,WACA,West Coast Eagles,Sydney Swans,99,118,27059.0,-19,A,0.0
19980418_GeelongCats,1998,4,1998-04-18,GMHBA Stadium,Geelong Cats,Western Bulldogs,79,94,26301.0,-15,A,0.0
19980418_HawthornHawks,1998,4,1998-04-18,Waverley Park,Hawthorn Hawks,St Kilda Saints,121,129,36117.0,-8,A,0.0
19980419_NorthMelbourneKangaroos,1998,4,1998-04-19,Melbourne Cricket Ground,North Melbourne Kangaroos,Brisbane Lions,137,120,22688.0,17,H,1.0
19980419_FremantleDockers,1998,4,1998-04-19,Waverley Park,Fremantle Dockers,Essendon Bombers,100,76,26241.0,24,H,1.0
19980419_PortAdelaidePower,1998,4,1998-04-19,AAMI Stadium,Port Adelaide Power,Adelaide Crows,73,64,41476.0,9,H,1.0
19980419_CarltonBlues,1998,4,1998-04-19,Princes Park,Carlton Blues,Melbourne Demons,70,72,27508.0,-2,A,0.0
19980424_RichmondTigers,1998,5,1998-04-24,Melbourne Cricket Ground,Richmond Tigers,West Coast Eagles,86,71,34837.0,15,H,1.0
19980425_FremantleDockers,1998,5,1998-04-25,WACA,Fremantle Dockers,North Melbourne Kangaroos,104,87,26335.0,17,H,1.0
19980425_CollingwoodMagpies,1998,5,1998-04-25,Melbourne Cricket Ground,Collingwood Magpies,Essendon Bombers,108,88,81542.0,20,H,1.0
19980425_HawthornHawks,1998,5,1998-04-25,Waverley Park,Hawthorn Hawks,Brisbane Lions,124,83,22366.0,41,H,1.0
19980426_SydneySwans,1998,5,1998-04-26,Sydney Cricket Ground,Sydney Swans,Western Bulldogs,99,83,36505.0,16,H,1.0
19980426_AdelaideCrows,1998,5,1998-04-26,AAMI Stadium,Adelaide Crows,Geelong Cats,87,61,39974.0,26,H,1.0
19980426_StKildaSaints,1998,5,1998-04-26,Waverley Park,St Kilda Saints,Carlton Blues,88,66,31955.0,22,H,1.0
19980426_MelbourneDemons,1998,5,1998-04-26,Melbourne Cricket Ground,Melbourne Demons,Port Adelaide Power,102,53,21726.0,49,H,1.0
19980501_BrisbaneLions,1998,6,1998-05-01,The Gabba,Brisbane Lions,Richmond Tigers,86,51,19219.0,35,H,1.0
19980502_CollingwoodMagpies,1998,6,1998-05-02,Melbourne Cricket Ground,Collingwood Magpies,Carlton Blues,96,67,69963.0,29,H,1.0
19980502_WesternBulldogs,1998,6,1998-05-02,Princes Park,Western Bulldogs,Essendon Bombers,97,89,24813.0,8,H,1.0
19980502_GeelongCats,1998,6,1998-05-02,GMHBA Stadium,Geelong Cats,Hawthorn Hawks,90,73,23267.0,17,H,1.0
19980502_PortAdelaidePower,1998,6,1998-05-02,AAMI Stadium,Port Adelaide Power,Fremantle Dockers,96,60,30519.0,36,H,1.0
19980503_SydneySwans,1998,6,1998-05-03,Sydney Cricket Ground,Sydney Swans,Melbourne Demons,61,80,25951.0,-19,A,0.0
19980503_NorthMelbourneKangaroos,1998,6,1998-05-03,Melbourne Cricket Ground,North Melbourne Kangaroos,Adelaide Crows,106,102,23041.0,4,H,1.0
19980503_WestCoastEagles,1998,6,1998-05-03,Domain Stadium,West Coast Eagles,St Kilda Saints,119,121,36406.0,-2,A,0.0
19980508_FremantleDockers,1998,7,1998-05-08,WACA,Fremantle Dockers,Hawthorn Hawks,57,99,22037.0,-42,A,0.0
19980508_CollingwoodMagpies,1998,7,1998-05-08,Melbourne Cricket Ground,Collingwood Magpies,Sydney Swans,79,115,57894.0,-36,A,0.0
19980509_EssendonBombers,1998,7,1998-05-09,Melbourne Cricket Ground,Essendon Bombers,Geelong Cats,70,79,56093.0,-9,A,0.0
19980509_StKildaSaints,1998,7,1998-05-09,Waverley Park,St Kilda Saints,Brisbane Lions,82,99,23960.0,-17,A,0.0
19980509_CarltonBlues,1998,7,1998-05-09,Princes Park,Carlton Blues,Port Adelaide Power,76,165,16058.0,-89,A,0.0
19980510_AdelaideCrows,1998,7,1998-05-10,AAMI Stadium,Adelaide Crows,West Coast Eagles,79,71,39057.0,8,H,1.0
19980510_RichmondTigers,1998,7,1998-05-10,Melbourne Cricket Ground,Richmond Tigers,Melbourne Demons,91,49,46217.0,42,H,1.0
19980510_WesternBulldogs,1998,7,1998-05-10,Princes Park,Western Bulldogs,North Melbourne Kangaroos,111,83,22058.0,28,H,1.0
19980515_EssendonBombers,1998,8,1998-05-15,Melbourne Cricket Ground,Essendon Bombers,Brisbane Lions,84,70,35384.0,14,H,1.0
19980516_GeelongCats,1998,8,1998-05-16,GMHBA Stadium,Geelong Cats,Fremantle Dockers,76,54,19449.0,22,H,1.0
19980516_NorthMelbourneKangaroos,1998,8,1998-05-16,Melbourne Cricket Ground,North Melbourne Kangaroos,Sydney Swans,105,95,43400.0,10,H,1.0
19980516_StKildaSaints,1998,8,1998-05-16,Waverley Park,St Kilda Saints,Port Adelaide Power,72,45,20063.0,27,H,1.0
19980517_HawthornHawks,1998,8,1998-05-17,Waverley Park,Hawthorn Hawks,Western Bulldogs,96,136,34541.0,-40,A,0.0
19980517_WestCoastEagles,1998,8,1998-05-17,Domain Stadium,West Coast Eagles,Carlton Blues,92,84,37361.0,8,H,1.0
19980517_MelbourneDemons,1998,8,1998-05-17,Melbourne Cricket Ground,Melbourne Demons,Collingwood Magpies,114,111,57425.0,3,H,1.0
19980517_AdelaideCrows,1998,8,1998-05-17,AAMI Stadium,Adelaide Crows,Richmond Tigers,79,92,40559.0,-13,A,0.0
19980522_FremantleDockers,1998,9,1998-05-22,WACA,Fremantle Dockers,St Kilda Saints,105,90,22803.0,15,H,1.0
19980523_GeelongCats,1998,9,1998-05-23,GMHBA Stadium,Geelong Cats,West Coast Eagles,44,65,19848.0,-21,A,0.0
19980523_MelbourneDemons,1998,9,1998-05-23,Melbourne Cricket Ground,Melbourne Demons,Essendon Bombers,84,122,49580.0,-38,A,0.0
19980523_WesternBulldogs,1998,9,1998-05-23,Waverley Park,Western Bulldogs,Richmond Tigers,88,75,36428.0,13,H,1.0
19980523_CarltonBlues,1998,9,1998-05-23,Princes Park,Carlton Blues,North Melbourne Kangaroos,74,115,20205.0,-41,A,0.0
19980523_BrisbaneLions,1998,9,1998-05-23,The Gabba,Brisbane Lions,Adelaide Crows,50,98,19509.0,-48,A,0.0
19980524_SydneySwans,1998,9,1998-05-24,Sydney Cricket Ground,Sydney Swans,Hawthorn Hawks,117,80,31420.0,37,H,1.0
19980524_PortAdelaidePower,1998,9,1998-05-24,AAMI Stadium,Port Adelaide Power,Collingwood Magpies,80,63,35659.0,17,H,1.0
19980529_WestCoastEagles,1998,10,1998-05-29,WACA,West Coast Eagles,Western Bulldogs,113,100,28193.0,13,H,1.0
19980530_CarltonBlues,1998,10,1998-05-30,Princes Park,Carlton Blues,Brisbane Lions,111,87,18317.0,24,H,1.0
19980530_SydneySwans,1998,10,1998-05-30,Sydney Cricket Ground,Sydney Swans,St Kilda Saints,53,154,36180.0,-101,A,0.0
19980530_RichmondTigers,1998,10,1998-05-30,Melbourne Cricket Ground,Richmond Tigers,Port Adelaide Power,97,67,31225.0,30,H,1.0
19980530_HawthornHawks,1998,10,1998-05-30,Waverley Park,Hawthorn Hawks,Essendon Bombers,87,93,41780.0,-6,A,0.0
19980531_AdelaideCrows,1998,10,1998-05-31,AAMI Stadium,Adelaide Crows,Melbourne Demons,111,58,40844.0,53,H,1.0
19980531_CollingwoodMagpies,1998,10,1998-05-31,Victoria Park,Collingwood Magpies,Fremantle Dockers,119,112,23188.0,7,H,1.0
19980531_NorthMelbourneKangaroos,1998,10,1998-05-31,Melbourne Cricket Ground,North Melbourne Kangaroos,Geelong Cats,91,114,35595.0,-23,A,0.0
19980605_EssendonBombers,1998,11,1998-06-05,Melbourne Cricket Ground,Essendon Bombers,Sydney Swans,160,100,62866.0,60,H,1.0
19980606_HawthornHawks,1998,11,1998-06-06,Waverley Park,Hawthorn Hawks,Melbourne Demons,70,117,31365.0,-47,A,0.0
19980606_PortAdelaidePower,1998,11,1998-06-06,AAMI Stadium,Port Adelaide Power,West Coast Eagles,55,57,28284.0,-2,A,0.0
19980606_GeelongCats,1998,11,1998-06-06,Melbourne Cricket Ground,Geelong Cats,Carlton Blues,80,63,41222.0,17,H,1.0
19980607_WesternBulldogs,1998,11,1998-06-07,Princes Park,Western Bulldogs,Adelaide Crows,155,88,21165.0,67,H,1.0
19980607_FremantleDockers,1998,11,1998-06-07,Domain Stadium,Fremantle Dockers,Brisbane Lions,121,50,17452.0,71,H,1.0
19980608_NorthMelbourneKangaroos,1998,11,1998-06-08,Melbourne Cricket Ground,North Melbourne Kangaroos,Collingwood Magpies,126,97,58369.0,29,H,1.0
19980608_StKildaSaints,1998,11,1998-06-08,Waverley Park,St Kilda Saints,Richmond Tigers,137,110,71488.0,27,H,1.0
19980612_WestCoastEagles,1998,12,1998-06-12,WACA,West Coast Eagles,Hawthorn Hawks,123,108,27112.0,15,H,1.0
19980613_AdelaideCrows,1998,12,1998-06-13,AAMI Stadium,Adelaide Crows,Essendon Bombers,108,106,40700.0,2,H,1.0
19980613_MelbourneDemons,1998,12,1998-06-13,Melbourne Cricket Ground,Melbourne Demons,Geelong Cats,46,141,41567.0,-95,A,0.0
19980613_CarltonBlues,1998,12,1998-06-13,Princes Park,Carlton Blues,Sydney Swans,100,74,23226.0,26,H,1.0
19980614_StKildaSaints,1998,12,1998-06-14,Waverley Park,St Kilda Saints,Collingwood Magpies,117,82,50578.0,35,H,1.0
19980614_WesternBulldogs,1998,12,1998-06-14,Princes Park,Western Bulldogs,Fremantle Dockers,122,96,16487.0,26,H,1.0
19980614_RichmondTigers,1998,12,1998-06-14,Melbourne Cricket Ground,Richmond Tigers,North Melbourne Kangaroos,127,92,43497.0,35,H,1.0
19980614_BrisbaneLions,1998,12,1998-06-14,The Gabba,Brisbane Lions,Port Adelaide Power,123,123,15924.0,0,D,
19980619_EssendonBombers,1998,13,1998-06-19,Melbourne Cricket Ground,Essendon Bombers,West Coast Eagles,72,83,45277.0,-11,A,0.0
19980620_CollingwoodMagpies,1998,13,1998-06-20,Melbourne Cricket Ground,Collingwood Magpies,Adelaide Crows,70,79,34630.0,-9,A,0.0
19980620_HawthornHawks,1998,13,1998-06-20,Waverley Park,Hawthorn Hawks,North Melbourne Kangaroos,114,112,23845.0,2,H,1.0
19980620_GeelongCats,1998,13,1998-06-20,GMHBA Stadium,Geelong Cats,Brisbane Lions,80,106,21833.0,-26,A,0.0
19980620_PortAdelaidePower,1998,13,1998-06-20,AAMI Stadium,Port Adelaide Power,Western Bulldogs,73,39,28746.0,34,H,1.0
19980621_FremantleDockers,1998,13,1998-06-21,Domain Stadium,Fremantle Dockers,Carlton Blues,76,68,23899.0,8,H,1.0
19980621_SydneySwans,1998,13,1998-06-21,Sydney Cricket Ground,Sydney Swans,Richmond Tigers,102,91,28445.0,11,H,1.0
19980621_MelbourneDemons,1998,13,1998-06-21,Melbourne Cricket Ground,Melbourne Demons,St Kilda Saints,42,127,35055.0,-85,A,0.0
19980626_NorthMelbourneKangaroos,1998,14,1998-06-26,Melbourne Cricket Ground,North Melbourne Kangaroos,Essendon Bombers,127,109,48618.0,18,H,1.0
19980627_PortAdelaidePower,1998,14,1998-06-27,AAMI Stadium,Port Adelaide Power,Geelong Cats,91,73,32431.0,18,H,1.0
19980627_StKildaSaints,1998,14,1998-06-27,Waverley Park,St Kilda Saints,Western Bulldogs,87,72,49706.0,15,H,1.0
19980627_CarltonBlues,1998,14,1998-06-27,Princes Park,Carlton Blues,Hawthorn Hawks,92,76,25529.0,16,H,1.0
19980627_RichmondTigers,1998,14,1998-06-27,Melbourne Cricket Ground,Richmond Tigers,Fremantle Dockers,145,55,25723.0,90,H,1.0
19980628_WestCoastEagles,1998,14,1998-06-28,Domain Stadium,West Coast Eagles,Melbourne Demons,79,96,35238.0,-17,A,0.0
19980628_SydneySwans,1998,14,1998-06-28,Sydney Cricket Ground,Sydney Swans,Adelaide Crows,87,124,30735.0,-37,A,0.0
19980628_BrisbaneLions,1998,14,1998-06-28,The Gabba,Brisbane Lions,Collingwood Magpies,135,83,17275.0,52,H,1.0
19980703_RichmondTigers,1998,15,1998-07-03,Melbourne Cricket Ground,Richmond Tigers,Carlton Blues,132,70,66287.0,62,H,1.0
19980704_StKildaSaints,1998,15,1998-07-04,Waverley Park,St Kilda Saints,North Melbourne Kangaroos,79,145,36557.0,-66,A,0.0
19980704_EssendonBombers,1998,15,1998-07-04,Melbourne Cricket Ground,Essendon Bombers,Port Adelaide Power,108,81,37685.0,27,H,1.0
19980704_WesternBulldogs,1998,15,1998-07-04,Princes Park,Western Bulldogs,Melbourne Demons,83,65,20782.0,18,H,1.0
19980704_BrisbaneLions,1998,15,1998-07-04,The Gabba,Brisbane Lions,West Coast Eagles,49,76,15369.0,-27,A,0.0
19980705_AdelaideCrows,1998,15,1998-07-05,AAMI Stadium,Adelaide Crows,Hawthorn Hawks,68,35,38430.0,33,H,1.0
19980705_FremantleDockers,1998,15,1998-07-05,Domain Stadium,Fremantle Dockers,Sydney Swans,69,82,21042.0,-13,A,0.0
19980705_CollingwoodMagpies,1998,15,1998-07-05,Melbourne Cricket Ground,Collingwood Magpies,Geelong Cats,71,61,44806.0,10,H,1.0
19980717_AdelaideCrows,1998,16,1998-07-17,AAMI Stadium,Adelaide Crows,Carlton Blues,101,105,42713.0,-4,A,0.0
19980718_WesternBulldogs,1998,16,1998-07-18,Princes Park,Western Bulldogs,Brisbane Lions,177,86,16131.0,91,H,1.0
19980718_MelbourneDemons,1998,16,1998-07-18,Melbourne Cricket Ground,Melbourne Demons,Fremantle Dockers,106,83,20365.0,23,H,1.0
19980718_HawthornHawks,1998,16,1998-07-18,Waverley Park,Hawthorn Hawks,Collingwood Magpies,38,124,39325.0,-86,A,0.0
19980718_GeelongCats,1998,16,1998-07-18,GMHBA Stadium,Geelong Cats,St Kilda Saints,76,100,26879.0,-24,A,0.0
19980719_SydneySwans,1998,16,1998-07-19,Sydney Cricket Ground,Sydney Swans,Port Adelaide Power,118,84,29325.0,34,H,1.0
19980719_EssendonBombers,1998,16,1998-07-19,Melbourne Cricket Ground,Essendon Bombers,Richmond Tigers,94,75,83773.0,19,H,1.0
19980719_WestCoastEagles,1998,16,1998-07-19,Domain Stadium,West Coast Eagles,North Melbourne Kangaroos,80,94,36463.0,-14,A,0.0
19980724_FremantleDockers,1998,17,1998-07-24,Domain Stadium,Fremantle Dockers,Adelaide Crows,98,97,18876.0,1,H,1.0
19980725_CollingwoodMagpies,1998,17,1998-07-25,Victoria Park,Collingwood Magpies,West Coast Eagles,65,86,23293.0,-21,A,0.0
19980725_NorthMelbourneKangaroos,1998,17,1998-07-25,Melbourne Cricket Ground,North Melbourne Kangaroos,Melbourne Demons,152,87,36042.0,65,H,1.0
19980725_PortAdelaidePower,1998,17,1998-07-25,AAMI Stadium,Port Adelaide Power,Hawthorn Hawks,119,98,30104.0,21,H,1.0
19980725_CarltonBlues,1998,17,1998-07-25,Princes Park,Carlton Blues,Western Bulldogs,185,105,26911.0,80,H,1.0
19980726_BrisbaneLions,1998,17,1998-07-26,The Gabba,Brisbane Lions,Sydney Swans,89,149,15475.0,-60,A,0.0
19980726_StKildaSaints,1998,17,1998-07-26,Waverley Park,St Kilda Saints,Essendon Bombers,87,90,50778.0,-3,A,0.0
19980726_RichmondTigers,1998,17,1998-07-26,Melbourne Cricket Ground,Richmond Tigers,Geelong Cats,67,58,44222.0,9,H,1.0
19980731_CollingwoodMagpies,1998,18,1998-07-31,Melbourne Cricket Ground,Collingwood Magpies,Western Bulldogs,67,110,40832.0,-43,A,0.0
19980801_AdelaideCrows,1998,18,1998-08-01,AAMI Stadium,Adelaide Crows,St Kilda Saints,137,67,40670.0,70,H,1.0
19980801_GeelongCats,1998,18,1998-08-01,GMHBA Stadium,Geelong Cats,Sydney Swans,87,121,23137.0,-34,A,0.0
19980801_MelbourneDemons,1998,18,1998-08-01,Melbourne Cricket Ground,Melbourne Demons,Brisbane Lions,151,56,16518.0,95,H,1.0
19980801_NorthMelbourneKangaroos,1998,18,1998-08-01,Manuka Oval,North Melbourne Kangaroos,Port Adelaide Power,131,76,11321.0,55,H,1.0
19980802_WestCoastEagles,1998,18,1998-08-02,Domain Stadium,West Coast Eagles,Fremantle Dockers,99,60,37145.0,39,H,1.0
19980802_EssendonBombers,1998,18,1998-08-02,Melbourne Cricket Ground,Essendon Bombers,Carlton Blues,84,78,70969.0,6,H,1.0
19980802_HawthornHawks,1998,18,1998-08-02,Waverley Park,Hawthorn Hawks,Richmond Tigers,70,34,37297.0,36,H,1.0
19980807_BrisbaneLions,1998,19,1998-08-07,The Gabba,Brisbane Lions,North Melbourne Kangaroos,86,113,14973.0,-27,A,0.0
19980808_WesternBulldogs,1998,19,1998-08-08,Princes Park,Western Bulldogs,Geelong Cats,96,97,17535.0,-1,A,0.0
19980808_StKildaSaints,1998,19,1998-08-08,Waverley Park,St Kilda Saints,Hawthorn Hawks,69,128,32286.0,-59,A,0.0
19980808_FremantleDockers,1998,19,1998-08-08,Domain Stadium,Fremantle Dockers,Essendon Bombers,86,119,28444.0,-33,A,0.0
19980808_MelbourneDemons,1998,19,1998-08-08,Melbourne Cricket Ground,Melbourne Demons,Carlton Blues,113,64,39704.0,49,H,1.0
19980809_AdelaideCrows,1998,19,1998-08-09,AAMI Stadium,Adelaide Crows,Port Adelaide Power,144,70,46850.0,74,H,1.0
19980809_RichmondTigers,1998,19,1998-08-09,Melbourne Cricket Ground,Richmond Tigers,Collingwood Magpies,86,67,57303.0,19,H,1.0
19980809_SydneySwans,1998,19,1998-08-09,Sydney Cricket Ground,Sydney Swans,West Coast Eagles,74,68,30934.0,6,H,1.0
19980814_NorthMelbourneKangaroos,1998,20,1998-08-14,Melbourne Cricket Ground,North Melbourne Kangaroos,Fremantle Dockers,151,47,19429.0,104,H,1.0
19980815_WesternBulldogs,1998,20,1998-08-15,Waverley Park,Western Bulldogs,Sydney Swans,99,97,32577.0,2,H,1.0
19980815_BrisbaneLions,1998,20,1998-08-15,The Gabba,Brisbane Lions,Hawthorn Hawks,59,94,14738.0,-35,A,0.0
19980815_GeelongCats,1998,20,1998-08-15,GMHBA Stadium,Geelong Cats,Adelaide Crows,44,118,22384.0,-74,A,0.0
19980815_EssendonBombers,1998,20,1998-08-15,Melbourne Cricket Ground,Essendon Bombers,Collingwood Magpies,109,99,64480.0,10,H,1.0
19980816_CarltonBlues,1998,20,1998-08-16,Melbourne Cricket Ground,Carlton Blues,St Kilda Saints,134,104,42120.0,30,H,1.0
19980816_WestCoastEagles,1998,20,1998-08-16,Domain Stadium,West Coast Eagles,Richmond Tigers,112,73,37920.0,39,H,1.0
19980816_PortAdelaidePower,1998,20,1998-08-16,AAMI Stadium,Port Adelaide Power,Melbourne Demons,71,94,28660.0,-23,A,0.0
19980821_EssendonBombers,1998,21,1998-08-21,Melbourne Cricket Ground,Essendon Bombers,Western Bulldogs,90,101,67157.0,-11,A,0.0
19980822_StKildaSaints,1998,21,1998-08-22,Waverley Park,St Kilda Saints,West Coast Eagles,63,55,26895.0,8,H,1.0
19980822_AdelaideCrows,1998,21,1998-08-22,AAMI Stadium,Adelaide Crows,North Melbourne Kangaroos,92,105,43297.0,-13,A,0.0
19980822_RichmondTigers,1998,21,1998-08-22,Melbourne Cricket Ground,Richmond Tigers,Brisbane Lions,155,78,27912.0,77,H,1.0
19980823_HawthornHawks,1998,21,1998-08-23,Waverley Park,Hawthorn Hawks,Geelong Cats,84,63,28833.0,21,H,1.0
19980823_CollingwoodMagpies,1998,21,1998-08-23,Melbourne Cricket Ground,Collingwood Magpies,Carlton Blues,63,118,60741.0,-55,A,0.0
19980823_FremantleDockers,1998,21,1998-08-23,Domain Stadium,Fremantle Dockers,Port Adelaide Power,71,124,20412.0,-53,A,0.0
19980824_MelbourneDemons,1998,21,1998-08-24,Melbourne Cricket Ground,Melbourne Demons,Sydney Swans,114,83,52614.0,31,H,1.0
19980828_NorthMelbourneKangaroos,1998,22,1998-08-28,Melbourne Cricket Ground,North Melbourne Kangaroos,Western Bulldogs,113,108,68050.0,5,H,1.0
19980829_WestCoastEagles,1998,22,1998-08-29,Domain Stadium,West Coast Eagles,Adelaide Crows,81,106,37388.0,-25,A,0.0
19980829_HawthornHawks,1998,22,1998-08-29,Waverley Park,Hawthorn Hawks,Fremantle Dockers,149,60,39735.0,89,H,1.0
19980829_BrisbaneLions,1998,22,1998-08-29,The Gabba,Brisbane Lions,St Kilda Saints,92,91,14993.0,1,H,1.0
19980829_EssendonBombers,1998,22,1998-08-29,Melbourne Cricket Ground,Essendon Bombers,Geelong Cats,117,127,61089.0,-10,A,0.0
19980830_PortAdelaidePower,1998,22,1998-08-30,AAMI Stadium,Port Adelaide Power,Carlton Blues,84,138,34518.0,-54,A,0.0
19980830_SydneySwans,1998,22,1998-08-30,Sydney Cricket Ground,Sydney Swans,Collingwood Magpies,119,107,35814.0,12,H,1.0
19980830_MelbourneDemons,1998,22,1998-08-30,Melbourne Cricket Ground,Melbourne Demons,Richmond Tigers,133,57,76387.0,76,H,1.0
19980904_NorthMelbourneKangaroos,1998,QF,1998-09-04,Melbourne Cricket Ground,North Melbourne Kangaroos,Essendon Bombers,82,60,71154.0,22,H,1.0
19980905_MelbourneDemons,1998,QF,1998-09-05,Melbourne Cricket Ground,Melbourne Demons,Adelaide Crows,115,67,60817.0,48,H,1.0
19980905_SydneySwans,1998,QF,1998-09-05,Sydney Cricket Ground,Sydney Swans,St Kilda Saints,89,87,36076.0,2,H,1.0
19980906_WesternBulldogs,1998,QF,1998-09-06,Melbourne Cricket Ground,Western Bulldogs,West Coast Eagles,121,51,43025.0,70,H,1.0
19980912_MelbourneDemons,1998,SF,1998-09-12,Melbourne Cricket Ground,Melbourne Demons,St Kilda Saints,107,56,88456.0,51,H,1.0
19980912_AdelaideCrows,1998,SF,1998-09-12,Sydney Cricket Ground,Adelaide Crows,Sydney Swans,94,67,37498.0,27,H,1.0
19980918_NorthMelbourneKangaroos,1998,PF,1998-09-18,Melbourne Cricket Ground,North Melbourne Kangaroos,Melbourne Demons,114,84,73719.0,30,H,1.0
19980919_AdelaideCrows,1998,PF,1998-09-19,Melbourne Cricket Ground,Adelaide Crows,Western Bulldogs,161,93,67557.0,68,H,1.0
19980926_AdelaideCrows,1998,GF,1998-09-26,Melbourne Cricket Ground,Adelaide Crows,North Melbourne Kangaroos,105,70,94431.0,35,H,1.0
19990325_EssendonBombers,1999,1,1999-03-25,Melbourne Cricket Ground,Essendon Bombers,Carlton Blues,110,71,71501.0,39,H,1.0
19990326_NorthMelbourneKangaroos,1999,1,1999-03-26,Melbourne Cricket Ground,North Melbourne Kangaroos,Geelong Cats,135,141,33674.0,-6,A,0.0
19990327_BrisbaneLions,1999,1,1999-03-27,The Gabba,Brisbane Lions,St Kilda Saints,152,63,20172.0,89,H,1.0
19990327_MelbourneDemons,1999,1,1999-03-27,Melbourne Cricket Ground,Melbourne Demons,Richmond Tigers,104,87,47620.0,17,H,1.0
19990327_AdelaideCrows,1999,1,1999-03-27,AAMI Stadium,Adelaide Crows,Western Bulldogs,78,91,39135.0,-13,A,0.0
19990328_SydneySwans,1999,1,1999-03-28,Sydney Cricket Ground,Sydney Swans,Port Adelaide Power,86,115,28264.0,-29,A,0.0
19990328_CollingwoodMagpies,1999,1,1999-03-28,Melbourne Cricket Ground,Collingwood Magpies,Hawthorn Hawks,59,74,48620.0,-15,A,0.0
19990328_FremantleDockers,1999,1,1999-03-28,Domain Stadium,Fremantle Dockers,West Coast Eagles,98,102,32680.0,-4,A,0.0
19990401_NorthMelbourneKangaroos,1999,2,1999-04-01,Melbourne Cricket Ground,North Melbourne Kangaroos,Essendon Bombers,106,141,48383.0,-35,A,0.0
19990403_RichmondTigers,1999,2,1999-04-03,Melbourne Cricket Ground,Richmond Tigers,Sydney Swans,108,96,40462.0,12,H,1.0
19990403_WestCoastEagles,1999,2,1999-04-03,Domain Stadium,West Coast Eagles,Brisbane Lions,83,73,29932.0,10,H,1.0
19990403_WesternBulldogs,1999,2,1999-04-03,Princes Park,Western Bulldogs,Geelong Cats,134,155,22162.0,-21,A,0.0
19990403_HawthornHawks,1999,2,1999-04-03,Waverley Park,Hawthorn Hawks,Adelaide Crows,56,60,29135.0,-4,A,0.0
19990404_PortAdelaidePower,1999,2,1999-04-04,AAMI Stadium,Port Adelaide Power,Fremantle Dockers,114,101,28384.0,13,H,1.0
19990404_StKildaSaints,1999,2,1999-04-04,Waverley Park,St Kilda Saints,Melbourne Demons,130,84,37232.0,46,H,1.0
19990405_CollingwoodMagpies,1999,2,1999-04-05,Melbourne Cricket Ground,Collingwood Magpies,Carlton Blues,83,112,70506.0,-29,A,0.0
19990409_RichmondTigers,1999,3,1999-04-09,Melbourne Cricket Ground,Richmond Tigers,North Melbourne Kangaroos,90,100,46173.0,-10,A,0.0
19990410_GeelongCats,1999,3,1999-04-10,GMHBA Stadium,Geelong Cats,Melbourne Demons,97,91,27417.0,6,H,1.0
19990410_FremantleDockers,1999,3,1999-04-10,Domain Stadium,Fremantle Dockers,Hawthorn Hawks,78,112,22552.0,-34,A,0.0
19990410_EssendonBombers,1999,3,1999-04-10,Melbourne Cricket Ground,Essendon Bombers,Sydney Swans,149,68,50324.0,81,H,1.0
19990410_BrisbaneLions,1999,3,1999-04-10,The Gabba,Brisbane Lions,Port Adelaide Power,80,103,21092.0,-23,A,0.0
19990411_WesternBulldogs,1999,3,1999-04-11,Princes Park,Western Bulldogs,Carlton Blues,103,105,27649.0,-2,A,0.0
19990411_AdelaideCrows,1999,3,1999-04-11,AAMI Stadium,Adelaide Crows,St Kilda Saints,96,81,41708.0,15,H,1.0
19990411_CollingwoodMagpies,1999,3,1999-04-11,Victoria Park,Collingwood Magpies,West Coast Eagles,75,111,19441.0,-36,A,0.0
19990416_MelbourneDemons,1999,4,1999-04-16,Melbourne Cricket Ground,Melbourne Demons,Hawthorn Hawks,85,84,46289.0,1,H,1.0
19990417_StKildaSaints,1999,4,1999-04-17,Waverley Park,St Kilda Saints,Western Bulldogs,107,99,33581.0,8,H,1.0
19990417_SydneySwans,1999,4,1999-04-17,Sydney Cricket Ground,Sydney Swans,North Melbourne Kangaroos,72,70,29617.0,2,H,1.0
19990417_CarltonBlues,1999,4,1999-04-17,Princes Park,Carlton Blues,Fremantle Dockers,121,92,19100.0,29,H,1.0
19990417_BrisbaneLions,1999,4,1999-04-17,The Gabba,Brisbane Lions,Adelaide Crows,115,54,21360.0,61,H,1.0
19990417_CollingwoodMagpies,1999,4,1999-04-17,Melbourne Cricket Ground,Collingwood Magpies,Richmond Tigers,96,146,49609.0,-50,A,0.0
19990418_PortAdelaidePower,1999,4,1999-04-18,AAMI Stadium,Port Adelaide Power,Geelong Cats,74,115,34570.0,-41,A,0.0
19990418_WestCoastEagles,1999,4,1999-04-18,Domain Stadium,West Coast Eagles,Essendon Bombers,97,23,32893.0,74,H,1.0
19990423_RichmondTigers,1999,5,1999-04-23,Melbourne Cricket Ground,Richmond Tigers,Western Bulldogs,81,143,43043.0,-62,A,0.0
19990424_HawthornHawks,1999,5,1999-04-24,Waverley Park,Hawthorn Hawks,West Coast Eagles,68,94,27370.0,-26,A,0.0
19990424_NorthMelbourneKangaroos,1999,5,1999-04-24,Sydney Cricket Ground,North Melbourne Kangaroos,St Kilda Saints,92,90,11706.0,2,H,1.0
19990424_MelbourneDemons,1999,5,1999-04-24,Melbourne Cricket Ground,Melbourne Demons,Port Adelaide Power,90,66,24533.0,24,H,1.0
19990424_CarltonBlues,1999,5,1999-04-24,Princes Park,Carlton Blues,Geelong Cats,65,115,31189.0,-50,A,0.0
19990425_FremantleDockers,1999,5,1999-04-25,Domain Stadium,Fremantle Dockers,Brisbane Lions,53,108,24044.0,-55,A,0.0
19990425_EssendonBombers,1999,5,1999-04-25,Melbourne Cricket Ground,Essendon Bombers,Collingwood Magpies,108,100,73118.0,8,H,1.0
19990425_AdelaideCrows,1999,5,1999-04-25,AAMI Stadium,Adelaide Crows,Sydney Swans,155,74,42641.0,81,H,1.0
19990430_StKildaSaints,1999,6,1999-04-30,Melbourne Cricket Ground,St Kilda Saints,Carlton Blues,99,58,43777.0,41,H,1.0
19990501_WestCoastEagles,1999,6,1999-05-01,Domain Stadium,West Coast Eagles,Western Bulldogs,124,52,32370.0,72,H,1.0
19990501_GeelongCats,1999,6,1999-05-01,GMHBA Stadium,Geelong Cats,Hawthorn Hawks,98,100,27341.0,-2,A,0.0
19990501_BrisbaneLions,1999,6,1999-05-01,The Gabba,Brisbane Lions,Melbourne Demons,93,70,21753.0,23,H,1.0
19990501_RichmondTigers,1999,6,1999-05-01,Melbourne Cricket Ground,Richmond Tigers,Essendon Bombers,78,113,59458.0,-35,A,0.0
19990502_SydneySwans,1999,6,1999-05-02,Sydney Cricket Ground,Sydney Swans,Fremantle Dockers,100,75,24629.0,25,H,1.0
19990502_CollingwoodMagpies,1999,6,1999-05-02,Melbourne Cricket Ground,Collingwood Magpies,North Melbourne Kangaroos,109,137,38245.0,-28,A,0.0
19990502_AdelaideCrows,1999,6,1999-05-02,AAMI Stadium,Adelaide Crows,Port Adelaide Power,115,87,45615.0,28,H,1.0
19990507_RichmondTigers,1999,7,1999-05-07,Melbourne Cricket Ground,Richmond Tigers,Carlton Blues,98,118,52103.0,-20,A,0.0
19990508_MelbourneDemons,1999,7,1999-05-08,Melbourne Cricket Ground,Melbourne Demons,Essendon Bombers,134,113,51722.0,21,H,1.0
19990508_BrisbaneLions,1999,7,1999-05-08,The Gabba,Brisbane Lions,Collingwood Magpies,96,62,22023.0,34,H,1.0
19990508_PortAdelaidePower,1999,7,1999-05-08,AAMI Stadium,Port Adelaide Power,Western Bulldogs,75,120,28525.0,-45,A,0.0
19990508_StKildaSaints,1999,7,1999-05-08,Waverley Park,St Kilda Saints,West Coast Eagles,68,48,28240.0,20,H,1.0
19990509_SydneySwans,1999,7,1999-05-09,Sydney Cricket Ground,Sydney Swans,Hawthorn Hawks,131,103,25823.0,28,H,1.0
19990509_FremantleDockers,1999,7,1999-05-09,Domain Stadium,Fremantle Dockers,Geelong Cats,116,99,17620.0,17,H,1.0
19990509_NorthMelbourneKangaroos,1999,7,1999-05-09,Melbourne Cricket Ground,North Melbourne Kangaroos,Adelaide Crows,141,85,22006.0,56,H,1.0
19990514_EssendonBombers,1999,8,1999-05-14,Melbourne Cricket Ground,Essendon Bombers,St Kilda Saints,51,94,62928.0,-43,A,0.0
19990515_PortAdelaidePower,1999,8,1999-05-15,AAMI Stadium,Port Adelaide Power,Carlton Blues,125,86,30557.0,39,H,1.0
19990515_CollingwoodMagpies,1999,8,1999-05-15,Melbourne Cricket Ground,Collingwood Magpies,Fremantle Dockers,99,59,26339.0,40,H,1.0
19990515_WesternBulldogs,1999,8,1999-05-15,Princes Park,Western Bulldogs,Melbourne Demons,117,53,18226.0,64,H,1.0
19990515_HawthornHawks,1999,8,1999-05-15,Waverley Park,Hawthorn Hawks,North Melbourne Kangaroos,49,101,21114.0,-52,A,0.0
19990516_RichmondTigers,1999,8,1999-05-16,Melbourne Cricket Ground,Richmond Tigers,Brisbane Lions,135,119,28217.0,16,H,1.0
19990516_WestCoastEagles,1999,8,1999-05-16,Domain Stadium,West Coast Eagles,Adelaide Crows,126,72,32484.0,54,H,1.0
19990516_GeelongCats,1999,8,1999-05-16,GMHBA Stadium,Geelong Cats,Sydney Swans,100,141,21581.0,-41,A,0.0
19990521_CollingwoodMagpies,1999,9,1999-05-21,Melbourne Cricket Ground,Collingwood Magpies,Western Bulldogs,88,126,44457.0,-38,A,0.0
19990522_FremantleDockers,1999,9,1999-05-22,Domain Stadium,Fremantle Dockers,North Melbourne Kangaroos,86,116,24218.0,-30,A,0.0
19990522_CarltonBlues,1999,9,1999-05-22,Princes Park,Carlton Blues,Melbourne Demons,97,64,24669.0,33,H,1.0
19990522_AdelaideCrows,1999,9,1999-05-22,AAMI Stadium,Adelaide Crows,Richmond Tigers,67,78,38151.0,-11,A,0.0
19990522_HawthornHawks,1999,9,1999-05-22,Waverley Park,Hawthorn Hawks,Essendon Bombers,47,107,46479.0,-60,A,0.0
19990523_SydneySwans,1999,9,1999-05-23,Sydney Cricket Ground,Sydney Swans,West Coast Eagles,81,94,36787.0,-13,A,0.0
19990523_BrisbaneLions,1999,9,1999-05-23,The Gabba,Brisbane Lions,Geelong Cats,144,87,22948.0,57,H,1.0
19990523_StKildaSaints,1999,9,1999-05-23,Waverley Park,St Kilda Saints,Port Adelaide Power,119,57,22232.0,62,H,1.0
19990604_MelbourneDemons,1999,10,1999-06-04,Melbourne Cricket Ground,Melbourne Demons,Fremantle Dockers,90,144,19178.0,-54,A,0.0
19990604_AdelaideCrows,1999,10,1999-06-04,AAMI Stadium,Adelaide Crows,Essendon Bombers,61,109,39389.0,-48,A,0.0
19990605_BrisbaneLions,1999,10,1999-06-05,The Gabba,Brisbane Lions,Western Bulldogs,44,66,17665.0,-22,A,0.0
19990605_RichmondTigers,1999,10,1999-06-05,Melbourne Cricket Ground,Richmond Tigers,Hawthorn Hawks,81,87,45382.0,-6,A,0.0
19990605_GeelongCats,1999,10,1999-06-05,GMHBA Stadium,Geelong Cats,St Kilda Saints,108,118,22906.0,-10,A,0.0
19990606_WestCoastEagles,1999,10,1999-06-06,Domain Stadium,West Coast Eagles,Carlton Blues,84,101,33313.0,-17,A,0.0
19990606_SydneySwans,1999,10,1999-06-06,Sydney Cricket Ground,Sydney Swans,Collingwood Magpies,145,94,41280.0,51,H,1.0
19990606_NorthMelbourneKangaroos,1999,10,1999-06-06,Melbourne Cricket Ground,North Melbourne Kangaroos,Port Adelaide Power,133,126,16429.0,7,H,1.0
19990611_EssendonBombers,1999,11,1999-06-11,Melbourne Cricket Ground,Essendon Bombers,Geelong Cats,137,104,61783.0,33,H,1.0
19990612_StKildaSaints,1999,11,1999-06-12,Waverley Park,St Kilda Saints,Sydney Swans,73,102,46880.0,-29,A,0.0
19990612_PortAdelaidePower,1999,11,1999-06-12,AAMI Stadium,Port Adelaide Power,Richmond Tigers,32,30,25753.0,2,H,1.0
19990612_CarltonBlues,1999,11,1999-06-12,Princes Park,Carlton Blues,Brisbane Lions,78,94,24235.0,-16,A,0.0
19990613_FremantleDockers,1999,11,1999-06-13,Domain Stadium,Fremantle Dockers,Adelaide Crows,122,83,23814.0,39,H,1.0
19990613_WesternBulldogs,1999,11,1999-06-13,Princes Park,Western Bulldogs,Hawthorn Hawks,76,76,18977.0,0,D,
19990614_NorthMelbourneKangaroos,1999,11,1999-06-14,Sydney Cricket Ground,North Melbourne Kangaroos,West Coast Eagles,84,64,15230.0,20,H,1.0
19990614_CollingwoodMagpies,1999,11,1999-06-14,Melbourne Cricket Ground,Collingwood Magpies,Melbourne Demons,78,89,40031.0,-11,A,0.0
19990618_RichmondTigers,1999,12,1999-06-18,Melbourne Cricket Ground,Richmond Tigers,Geelong Cats,101,66,36013.0,35,H,1.0
19990619_AdelaideCrows,1999,12,1999-06-19,AAMI Stadium,Adelaide Crows,Collingwood Magpies,99,94,36737.0,5,H,1.0
19990619_HawthornHawks,1999,12,1999-06-19,Waverley Park,Hawthorn Hawks,St Kilda Saints,109,96,36381.0,13,H,1.0
19990619_BrisbaneLions,1999,12,1999-06-19,The Gabba,Brisbane Lions,Essendon Bombers,71,89,24989.0,-18,A,0.0
19990619_WesternBulldogs,1999,12,1999-06-19,Princes Park,Western Bulldogs,Fremantle Dockers,115,79,13513.0,36,H,1.0
19990620_CarltonBlues,1999,12,1999-06-20,Princes Park,Carlton Blues,Sydney Swans,61,88,26006.0,-27,A,0.0
19990620_WestCoastEagles,1999,12,1999-06-20,Domain Stadium,West Coast Eagles,Port Adelaide Power,137,72,32596.0,65,H,1.0
19990620_MelbourneDemons,1999,12,1999-06-20,Melbourne Cricket Ground,Melbourne Demons,North Melbourne Kangaroos,92,93,28350.0,-1,A,0.0
19990625_EssendonBombers,1999,13,1999-06-25,Melbourne Cricket Ground,Essendon Bombers,Western Bulldogs,80,76,55230.0,4,H,1.0
19990626_NorthMelbourneKangaroos,1999,13,1999-06-26,Melbourne Cricket Ground,North Melbourne Kangaroos,Carlton Blues,89,53,36558.0,36,H,1.0
19990626_GeelongCats,1999,13,1999-06-26,GMHBA Stadium,Geelong Cats,West Coast Eagles,68,112,19093.0,-44,A,0.0
19990626_StKildaSaints,1999,13,1999-06-26,Waverley Park,St Kilda Saints,Collingwood Magpies,82,103,40790.0,-21,A,0.0
19990626_PortAdelaidePower,1999,13,1999-06-26,AAMI Stadium,Port Adelaide Power,Hawthorn Hawks,65,45,28739.0,20,H,1.0
19990627_MelbourneDemons,1999,13,1999-06-27,Melbourne Cricket Ground,Melbourne Demons,Adelaide Crows,109,91,23371.0,18,H,1.0
19990627_FremantleDockers,1999,13,1999-06-27,Domain Stadium,Fremantle Dockers,Richmond Tigers,126,127,22865.0,-1,A,0.0
19990627_SydneySwans,1999,13,1999-06-27,Sydney Cricket Ground,Sydney Swans,Brisbane Lions,98,133,25528.0,-35,A,0.0
19990702_CollingwoodMagpies,1999,14,1999-07-02,Melbourne Cricket Ground,Collingwood Magpies,Port Adelaide Power,87,88,29462.0,-1,A,0.0
19990703_NorthMelbourneKangaroos,1999,14,1999-07-03,Melbourne Cricket Ground,North Melbourne Kangaroos,Brisbane Lions,102,100,24189.0,2,H,1.0
19990703_StKildaSaints,1999,14,1999-07-03,Waverley Park,St Kilda Saints,Richmond Tigers,96,55,43614.0,41,H,1.0
19990703_WestCoastEagles,1999,14,1999-07-03,Domain Stadium,West Coast Eagles,Melbourne Demons,112,77,33541.0,35,H,1.0
19990704_HawthornHawks,1999,14,1999-07-04,Waverley Park,Hawthorn Hawks,Carlton Blues,55,89,48353.0,-34,A,0.0
19990704_AdelaideCrows,1999,14,1999-07-04,AAMI Stadium,Adelaide Crows,Geelong Cats,159,96,40209.0,63,H,1.0
19990704_EssendonBombers,1999,14,1999-07-04,Melbourne Cricket Ground,Essendon Bombers,Fremantle Dockers,108,72,35273.0,36,H,1.0
19990704_SydneySwans,1999,14,1999-07-04,Sydney Cricket Ground,Sydney Swans,Western Bulldogs,101,123,28420.0,-22,A,0.0
19990709_RichmondTigers,1999,15,1999-07-09,Melbourne Cricket Ground,Richmond Tigers,West Coast Eagles,104,75,32564.0,29,H,1.0
19990710_GeelongCats,1999,15,1999-07-10,GMHBA Stadium,Geelong Cats,Collingwood Magpies,128,125,24395.0,3,H,1.0
19990710_CarltonBlues,1999,15,1999-07-10,Princes Park,Carlton Blues,Adelaide Crows,136,88,22720.0,48,H,1.0
19990710_FremantleDockers,1999,15,1999-07-10,Domain Stadium,Fremantle Dockers,St Kilda Saints,107,84,24411.0,23,H,1.0
19990710_BrisbaneLions,1999,15,1999-07-10,The Gabba,Brisbane Lions,Hawthorn Hawks,92,61,22758.0,31,H,1.0
19990710_MelbourneDemons,1999,15,1999-07-10,Melbourne Cricket Ground,Melbourne Demons,Sydney Swans,74,125,35500.0,-51,A,0.0
19990711_NorthMelbourneKangaroos,1999,15,1999-07-11,Melbourne Cricket Ground,North Melbourne Kangaroos,Western Bulldogs,108,150,44683.0,-42,A,0.0
19990711_PortAdelaidePower,1999,15,1999-07-11,AAMI Stadium,Port Adelaide Power,Essendon Bombers,99,62,34671.0,37,H,1.0
19990716_RichmondTigers,1999,16,1999-07-16,Melbourne Cricket Ground,Richmond Tigers,Melbourne Demons,107,82,44898.0,25,H,1.0
19990717_StKildaSaints,1999,16,1999-07-17,Waverley Park,St Kilda Saints,Brisbane Lions,68,107,22268.0,-39,A,0.0
19990717_WesternBulldogs,1999,16,1999-07-17,Melbourne Cricket Ground,Western Bulldogs,Adelaide Crows,99,97,27747.0,2,H,1.0
19990717_NorthMelbourneKangaroos,1999,16,1999-07-17,Sydney Cricket Ground,North Melbourne Kangaroos,Geelong Cats,143,88,10676.0,55,H,1.0
19990718_PortAdelaidePower,1999,16,1999-07-18,AAMI Stadium,Port Adelaide Power,Sydney Swans,72,64,30750.0,8,H,1.0
19990718_HawthornHawks,1999,16,1999-07-18,Waverley Park,Hawthorn Hawks,Collingwood Magpies,92,124,40319.0,-32,A,0.0
19990718_WestCoastEagles,1999,16,1999-07-18,Domain Stadium,West Coast Eagles,Fremantle Dockers,72,119,36763.0,-47,A,0.0
19990718_EssendonBombers,1999,16,1999-07-18,Melbourne Cricket Ground,Essendon Bombers,Carlton Blues,146,70,66207.0,76,H,1.0
19990723_MelbourneDemons,1999,17,1999-07-23,Melbourne Cricket Ground,Melbourne Demons,St Kilda Saints,79,98,28854.0,-19,A,0.0
19990724_EssendonBombers,1999,17,1999-07-24,Melbourne Cricket Ground,Essendon Bombers,North Melbourne Kangaroos,158,132,68831.0,26,H,1.0
19990724_FremantleDockers,1999,17,1999-07-24,WACA,Fremantle Dockers,Port Adelaide Power,89,96,22987.0,-7,A,0.0
19990724_SydneySwans,1999,17,1999-07-24,Sydney Cricket Ground,Sydney Swans,Richmond Tigers,96,55,29507.0,41,H,1.0
19990724_GeelongCats,1999,17,1999-07-24,GMHBA Stadium,Geelong Cats,Western Bulldogs,91,98,19951.0,-7,A,0.0
19990725_BrisbaneLions,1999,17,1999-07-25,The Gabba,Brisbane Lions,West Coast Eagles,166,66,22186.0,100,H,1.0
19990725_CollingwoodMagpies,1999,17,1999-07-25,Melbourne Cricket Ground,Collingwood Magpies,Carlton Blues,96,153,53560.0,-57,A,0.0
19990725_AdelaideCrows,1999,17,1999-07-25,AAMI Stadium,Adelaide Crows,Hawthorn Hawks,125,76,38679.0,49,H,1.0
19990730_NorthMelbourneKangaroos,1999,18,1999-07-30,Melbourne Cricket Ground,North Melbourne Kangaroos,Richmond Tigers,101,79,38196.0,22,H,1.0
19990731_SydneySwans,1999,18,1999-07-31,Sydney Cricket Ground,Sydney Swans,Essendon Bombers,79,93,31776.0,-14,A,0.0
19990731_WestCoastEagles,1999,18,1999-07-31,WACA,West Coast Eagles,Collingwood Magpies,108,72,26126.0,36,H,1.0
19990731_MelbourneDemons,1999,18,1999-07-31,Melbourne Cricket Ground,Melbourne Demons,Geelong Cats,80,101,27408.0,-21,A,0.0
19990731_StKildaSaints,1999,18,1999-07-31,Waverley Park,St Kilda Saints,Adelaide Crows,66,99,20131.0,-33,A,0.0
19990801_PortAdelaidePower,1999,18,1999-08-01,AAMI Stadium,Port Adelaide Power,Brisbane Lions,66,118,33345.0,-52,A,0.0
19990801_CarltonBlues,1999,18,1999-08-01,Princes Park,Carlton Blues,Western Bulldogs,99,94,24483.0,5,H,1.0
19990801_HawthornHawks,1999,18,1999-08-01,Waverley Park,Hawthorn Hawks,Fremantle Dockers,102,77,13941.0,25,H,1.0
19990806_EssendonBombers,1999,19,1999-08-06,Melbourne Cricket Ground,Essendon Bombers,West Coast Eagles,153,93,55096.0,60,H,1.0
19990807_NorthMelbourneKangaroos,1999,19,1999-08-07,Sydney Cricket Ground,North Melbourne Kangaroos,Sydney Swans,111,101,27964.0,10,H,1.0
19990807_RichmondTigers,1999,19,1999-08-07,Melbourne Cricket Ground,Richmond Tigers,Collingwood Magpies,79,112,47621.0,-33,A,0.0
19990807_FremantleDockers,1999,19,1999-08-07,WACA,Fremantle Dockers,Carlton Blues,57,126,23372.0,-69,A,0.0
19990807_GeelongCats,1999,19,1999-08-07,GMHBA Stadium,Geelong Cats,Port Adelaide Power,118,86,17234.0,32,H,1.0
19990808_AdelaideCrows,1999,19,1999-08-08,AAMI Stadium,Adelaide Crows,Brisbane Lions,44,83,33398.0,-39,A,0.0
19990808_WesternBulldogs,1999,19,1999-08-08,Princes Park,Western Bulldogs,St Kilda Saints,115,91,15804.0,24,H,1.0
19990808_HawthornHawks,1999,19,1999-08-08,Waverley Park,Hawthorn Hawks,Melbourne Demons,122,54,16665.0,68,H,1.0
19990813_CollingwoodMagpies,1999,20,1999-08-13,Melbourne Cricket Ground,Collingwood Magpies,Essendon Bombers,65,87,56129.0,-22,A,0.0
19990814_StKildaSaints,1999,20,1999-08-14,Waverley Park,St Kilda Saints,North Melbourne Kangaroos,89,114,26261.0,-25,A,0.0
19990814_RichmondTigers,1999,20,1999-08-14,Melbourne Cricket Ground,Richmond Tigers,Western Bulldogs,79,115,31062.0,-36,A,0.0
19990814_WestCoastEagles,1999,20,1999-08-14,WACA,West Coast Eagles,Hawthorn Hawks,82,84,24835.0,-2,A,0.0
19990814_PortAdelaidePower,1999,20,1999-08-14,AAMI Stadium,Port Adelaide Power,Melbourne Demons,63,46,26000.0,17,H,1.0
19990815_GeelongCats,1999,20,1999-08-15,Melbourne Cricket Ground,Geelong Cats,Carlton Blues,113,104,42272.0,9,H,1.0
19990815_SydneySwans,1999,20,1999-08-15,Sydney Cricket Ground,Sydney Swans,Adelaide Crows,159,41,34299.0,118,H,1.0
19990815_BrisbaneLions,1999,20,1999-08-15,The Gabba,Brisbane Lions,Fremantle Dockers,181,67,23845.0,114,H,1.0
19990820_EssendonBombers,1999,21,1999-08-20,Melbourne Cricket Ground,Essendon Bombers,Richmond Tigers,147,89,48835.0,58,H,1.0
19990821_MelbourneDemons,1999,21,1999-08-21,Melbourne Cricket Ground,Melbourne Demons,Brisbane Lions,104,159,18679.0,-55,A,0.0
19990821_FremantleDockers,1999,21,1999-08-21,WACA,Fremantle Dockers,Sydney Swans,76,109,25126.0,-33,A,0.0
19990821_CarltonBlues,1999,21,1999-08-21,Princes Park,Carlton Blues,St Kilda Saints,106,45,24185.0,61,H,1.0
19990821_HawthornHawks,1999,21,1999-08-21,Waverley Park,Hawthorn Hawks,Geelong Cats,103,101,31603.0,2,H,1.0
19990822_PortAdelaidePower,1999,21,1999-08-22,AAMI Stadium,Port Adelaide Power,Adelaide Crows,92,68,42669.0,24,H,1.0
19990822_WesternBulldogs,1999,21,1999-08-22,Princes Park,Western Bulldogs,West Coast Eagles,106,104,17267.0,2,H,1.0
19990822_NorthMelbourneKangaroos,1999,21,1999-08-22,Melbourne Cricket Ground,North Melbourne Kangaroos,Collingwood Magpies,113,100,33449.0,13,H,1.0
19990827_RichmondTigers,1999,22,1999-08-27,Melbourne Cricket Ground,Richmond Tigers,Carlton Blues,90,79,34013.0,11,H,1.0
19990828_EssendonBombers,1999,22,1999-08-28,Melbourne Cricket Ground,Essendon Bombers,Melbourne Demons,116,99,47480.0,17,H,1.0
19990828_WesternBulldogs,1999,22,1999-08-28,Princes Park,Western Bulldogs,Port Adelaide Power,145,78,15183.0,67,H,1.0
19990828_CollingwoodMagpies,1999,22,1999-08-28,Victoria Park,Collingwood Magpies,Brisbane Lions,52,94,24493.0,-42,A,0.0
19990828_WestCoastEagles,1999,22,1999-08-28,WACA,West Coast Eagles,St Kilda Saints,80,121,24696.0,-41,A,0.0
19990829_AdelaideCrows,1999,22,1999-08-29,AAMI Stadium,Adelaide Crows,North Melbourne Kangaroos,66,142,37662.0,-76,A,0.0
19990829_HawthornHawks,1999,22,1999-08-29,Waverley Park,Hawthorn Hawks,Sydney Swans,153,68,72130.0,85,H,1.0
19990829_GeelongCats,1999,22,1999-08-29,GMHBA Stadium,Geelong Cats,Fremantle Dockers,139,88,17378.0,51,H,1.0
19990903_WestCoastEagles,1999,QF,1999-09-03,Melbourne Cricket Ground,West Coast Eagles,Western Bulldogs,65,60,41227.0,5,H,1.0
19990904_BrisbaneLions,1999,QF,1999-09-04,The Gabba,Brisbane Lions,Carlton Blues,138,65,26112.0,73,H,1.0
19990904_NorthMelbourneKangaroos,1999,QF,1999-09-04,Melbourne Cricket Ground,North Melbourne Kangaroos,Port Adelaide Power,100,56,31476.0,44,H,1.0
19990905_EssendonBombers,1999,QF,1999-09-05,Melbourne Cricket Ground,Essendon Bombers,Sydney Swans,123,54,57687.0,69,H,1.0
19990911_BrisbaneLions,1999,SF,1999-09-11,The Gabba,Brisbane Lions,Western Bulldogs,126,73,24045.0,53,H,1.0
19990911_CarltonBlues,1999,SF,1999-09-11,Melbourne Cricket Ground,Carlton Blues,West Coast Eagles,124,70,55682.0,54,H,1.0
19990917_NorthMelbourneKangaroos,1999,PF,1999-09-17,Melbourne Cricket Ground,North Melbourne Kangaroos,Brisbane Lions,123,78,61031.0,45,H,1.0
19990918_CarltonBlues,1999,PF,1999-09-18,Melbourne Cricket Ground,Carlton Blues,Essendon Bombers,104,103,80519.0,1,H,1.0
19990925_NorthMelbourneKangaroos,1999,GF,1999-09-25,Melbourne Cricket Ground,North Melbourne Kangaroos,Carlton Blues,124,89,94228.0,35,H,1.0
20000308_RichmondTigers,2000,1,2000-03-08,Melbourne Cricket Ground,Richmond Tigers,Melbourne Demons,94,92,41648.0,2,H,1.0
20000309_EssendonBombers,2000,1,2000-03-09,Marvel Stadium,Essendon Bombers,Port Adelaide Power,156,62,43012.0,94,H,1.0
20000310_NorthMelbourneKangaroos,2000,1,2000-03-10,Melbourne Cricket Ground,North Melbourne Kangaroos,West Coast Eagles,111,154,20580.0,-43,A,0.0
20000311_AdelaideCrows,2000,1,2000-03-11,AAMI Stadium,Adelaide Crows,Western Bulldogs,108,131,37222.0,-23,A,0.0
20000311_FremantleDockers,2000,1,2000-03-11,Domain Stadium,Fremantle Dockers,Geelong Cats,107,129,19777.0,-22,A,0.0
20000312_StKildaSaints,2000,1,2000-03-12,Marvel Stadium,St Kilda Saints,Sydney Swans,100,134,31440.0,-34,A,0.0
20000313_HawthornHawks,2000,1,2000-03-13,Melbourne Cricket Ground,Hawthorn Hawks,Collingwood Magpies,86,140,53776.0,-54,A,0.0
20000313_CarltonBlues,2000,1,2000-03-13,Princes Park,Carlton Blues,Brisbane Lions,152,112,22374.0,40,H,1.0
20000316_RichmondTigers,2000,2,2000-03-16,Melbourne Cricket Ground,Richmond Tigers,Essendon Bombers,87,130,49521.0,-43,A,0.0
20000317_MelbourneDemons,2000,2,2000-03-17,Melbourne Cricket Ground,Melbourne Demons,North Melbourne Kangaroos,145,120,23348.0,25,H,1.0
20000318_PortAdelaidePower,2000,2,2000-03-18,AAMI Stadium,Port Adelaide Power,Fremantle Dockers,87,125,24695.0,-38,A,0.0
20000318_GeelongCats,2000,2,2000-03-18,GMHBA Stadium,Geelong Cats,St Kilda Saints,139,99,20476.0,40,H,1.0
20000319_CarltonBlues,2000,2,2000-03-19,Princes Park,Carlton Blues,Hawthorn Hawks,154,112,21161.0,42,H,1.0
20000319_CollingwoodMagpies,2000,2,2000-03-19,Melbourne Cricket Ground,Collingwood Magpies,Adelaide Crows,103,92,33076.0,11,H,1.0
20000319_WestCoastEagles,2000,2,2000-03-19,Domain Stadium,West Coast Eagles,Sydney Swans,70,82,38127.0,-12,A,0.0
20000319_WesternBulldogs,2000,2,2000-03-19,Marvel Stadium,Western Bulldogs,Brisbane Lions,110,139,24460.0,-29,A,0.0
20000324_RichmondTigers,2000,3,2000-03-24,Melbourne Cricket Ground,Richmond Tigers,North Melbourne Kangaroos,134,170,37543.0,-36,A,0.0
20000325_HawthornHawks,2000,3,2000-03-25,Melbourne Cricket Ground,Hawthorn Hawks,Brisbane Lions,110,103,20374.0,7,H,1.0
20000325_AdelaideCrows,2000,3,2000-03-25,AAMI Stadium,Adelaide Crows,Geelong Cats,100,111,39179.0,-11,A,0.0
20000325_StKildaSaints,2000,3,2000-03-25,Marvel Stadium,St Kilda Saints,West Coast Eagles,116,116,21215.0,0,D,
20000326_FremantleDockers,2000,3,2000-03-26,Domain Stadium,Fremantle Dockers,Essendon Bombers,88,124,27230.0,-36,A,0.0
20000326_SydneySwans,2000,3,2000-03-26,Sydney Cricket Ground,Sydney Swans,Melbourne Demons,126,114,26920.0,12,H,1.0
20000326_WesternBulldogs,2000,3,2000-03-26,Marvel Stadium,Western Bulldogs,Port Adelaide Power,141,94,18134.0,47,H,1.0
20000326_CollingwoodMagpies,2000,3,2000-03-26,Melbourne Cricket Ground,Collingwood Magpies,Carlton Blues,160,87,82669.0,73,H,1.0
20000331_NorthMelbourneKangaroos,2000,4,2000-03-31,Marvel Stadium,North Melbourne Kangaroos,Geelong Cats,104,99,34623.0,5,H,1.0
20000401_WesternBulldogs,2000,4,2000-04-01,Marvel Stadium,Western Bulldogs,Carlton Blues,98,59,30576.0,39,H,1.0
20000401_SydneySwans,2000,4,2000-04-01,Sydney Cricket Ground,Sydney Swans,Collingwood Magpies,101,106,34687.0,-5,A,0.0
20000401_HawthornHawks,2000,4,2000-04-01,Melbourne Cricket Ground,Hawthorn Hawks,Essendon Bombers,90,137,46889.0,-47,A,0.0
20000401_WestCoastEagles,2000,4,2000-04-01,WACA,West Coast Eagles,Adelaide Crows,187,73,26008.0,114,H,1.0
20000402_PortAdelaidePower,2000,4,2000-04-02,AAMI Stadium,Port Adelaide Power,Brisbane Lions,149,106,24458.0,43,H,1.0
20000402_MelbourneDemons,2000,4,2000-04-02,Melbourne Cricket Ground,Melbourne Demons,St Kilda Saints,165,75,31642.0,90,H,1.0
20000402_FremantleDockers,2000,4,2000-04-02,Marvel Stadium,Fremantle Dockers,Richmond Tigers,88,87,23578.0,1,H,1.0
20000407_WesternBulldogs,2000,5,2000-04-07,Marvel Stadium,Western Bulldogs,Collingwood Magpies,110,118,45141.0,-8,A,0.0
20000408_BrisbaneLions,2000,5,2000-04-08,The Gabba,Brisbane Lions,Adelaide Crows,122,92,26395.0,30,H,1.0
20000408_FremantleDockers,2000,5,2000-04-08,WACA,Fremantle Dockers,Melbourne Demons,75,106,20484.0,-31,A,0.0
20000408_EssendonBombers,2000,5,2000-04-08,Melbourne Cricket Ground,Essendon Bombers,Carlton Blues,123,99,64658.0,24,H,1.0
20000409_GeelongCats,2000,5,2000-04-09,GMHBA Stadium,Geelong Cats,West Coast Eagles,162,81,22623.0,81,H,1.0
20000409_StKildaSaints,2000,5,2000-04-09,Marvel Stadium,St Kilda Saints,Richmond Tigers,84,110,26374.0,-26,A,0.0
20000409_NorthMelbourneKangaroos,2000,5,2000-04-09,Sydney Cricket Ground,North Melbourne Kangaroos,Sydney Swans,128,120,19306.0,8,H,1.0
20000409_PortAdelaidePower,2000,5,2000-04-09,AAMI Stadium,Port Adelaide Power,Hawthorn Hawks,74,113,22086.0,-39,A,0.0
20000414_WesternBulldogs,2000,6,2000-04-14,Marvel Stadium,Western Bulldogs,Essendon Bombers,81,144,42029.0,-63,A,0.0
20000415_WestCoastEagles,2000,6,2000-04-15,Domain Stadium,West Coast Eagles,Fremantle Dockers,178,61,40519.0,117,H,1.0
20000415_StKildaSaints,2000,6,2000-04-15,Marvel Stadium,St Kilda Saints,Brisbane Lions,66,105,18194.0,-39,A,0.0
20000415_CarltonBlues,2000,6,2000-04-15,Princes Park,Carlton Blues,Port Adelaide Power,169,78,16415.0,91,H,1.0
20000415_CollingwoodMagpies,2000,6,2000-04-15,Melbourne Cricket Ground,Collingwood Magpies,North Melbourne Kangaroos,82,114,55802.0,-32,A,0.0
20000416_AdelaideCrows,2000,6,2000-04-16,AAMI Stadium,Adelaide Crows,Hawthorn Hawks,143,57,38158.0,86,H,1.0
20000416_SydneySwans,2000,6,2000-04-16,Sydney Cricket Ground,Sydney Swans,Richmond Tigers,106,112,25049.0,-6,A,0.0
20000416_GeelongCats,2000,6,2000-04-16,GMHBA Stadium,Geelong Cats,Melbourne Demons,109,84,26761.0,25,H,1.0
20000422_HawthornHawks,2000,7,2000-04-22,Melbourne Cricket Ground,Hawthorn Hawks,Western Bulldogs,123,92,29405.0,31,H,1.0
20000422_StKildaSaints,2000,7,2000-04-22,Marvel Stadium,St Kilda Saints,North Melbourne Kangaroos,117,129,25977.0,-12,A,0.0
20000422_SydneySwans,2000,7,2000-04-22,Sydney Cricket Ground,Sydney Swans,Geelong Cats,99,108,27040.0,-9,A,0.0
20000423_MelbourneDemons,2000,7,2000-04-23,Marvel Stadium,Melbourne Demons,West Coast Eagles,138,77,20774.0,61,H,1.0
20000423_PortAdelaidePower,2000,7,2000-04-23,AAMI Stadium,Port Adelaide Power,Adelaide Crows,91,98,41101.0,-7,A,0.0
20000424_RichmondTigers,2000,7,2000-04-24,Melbourne Cricket Ground,Richmond Tigers,Carlton Blues,69,120,63149.0,-51,A,0.0
20000425_FremantleDockers,2000,7,2000-04-25,Domain Stadium,Fremantle Dockers,Brisbane Lions,111,100,19800.0,11,H,1.0
20000425_CollingwoodMagpies,2000,7,2000-04-25,Melbourne Cricket Ground,Collingwood Magpies,Essendon Bombers,100,140,88390.0,-40,A,0.0
20000428_NorthMelbourneKangaroos,2000,8,2000-04-28,Melbourne Cricket Ground,North Melbourne Kangaroos,Hawthorn Hawks,67,128,36514.0,-61,A,0.0
20000429_StKildaSaints,2000,8,2000-04-29,Marvel Stadium,St Kilda Saints,Adelaide Crows,68,108,20125.0,-40,A,0.0
20000429_WestCoastEagles,2000,8,2000-04-29,WACA,West Coast Eagles,Western Bulldogs,108,102,26554.0,6,H,1.0
20000430_RichmondTigers,2000,8,2000-04-30,Marvel Stadium,Richmond Tigers,Geelong Cats,147,77,35171.0,70,H,1.0
20000430_CarltonBlues,2000,8,2000-04-30,Princes Park,Carlton Blues,Sydney Swans,109,64,19964.0,45,H,1.0
20000430_PortAdelaidePower,2000,8,2000-04-30,AAMI Stadium,Port Adelaide Power,Melbourne Demons,86,111,22490.0,-25,A,0.0
20000501_BrisbaneLions,2000,8,2000-05-01,The Gabba,Brisbane Lions,Essendon Bombers,63,127,31887.0,-64,A,0.0
20000501_FremantleDockers,2000,8,2000-05-01,Marvel Stadium,Fremantle Dockers,Collingwood Magpies,107,85,33947.0,22,H,1.0
20000505_WesternBulldogs,2000,9,2000-05-05,Marvel Stadium,Western Bulldogs,St Kilda Saints,105,104,35505.0,1,H,1.0
20000506_HawthornHawks,2000,9,2000-05-06,Melbourne Cricket Ground,Hawthorn Hawks,Geelong Cats,98,73,39116.0,25,H,1.0
20000506_AdelaideCrows,2000,9,2000-05-06,AAMI Stadium,Adelaide Crows,North Melbourne Kangaroos,125,128,40402.0,-3,A,0.0
20000506_RichmondTigers,2000,9,2000-05-06,Marvel Stadium,Richmond Tigers,West Coast Eagles,79,70,26304.0,9,H,1.0
20000507_FremantleDockers,2000,9,2000-05-07,Domain Stadium,Fremantle Dockers,Carlton Blues,82,147,28421.0,-65,A,0.0
20000507_SydneySwans,2000,9,2000-05-07,Sydney Cricket Ground,Sydney Swans,Port Adelaide Power,111,85,22446.0,26,H,1.0
20000507_MelbourneDemons,2000,9,2000-05-07,Melbourne Cricket Ground,Melbourne Demons,Essendon Bombers,93,106,62606.0,-13,A,0.0
20000507_BrisbaneLions,2000,9,2000-05-07,The Gabba,Brisbane Lions,Collingwood Magpies,146,117,29046.0,29,H,1.0
20000512_WestCoastEagles,2000,10,2000-05-12,Domain Stadium,West Coast Eagles,Hawthorn Hawks,118,88,37549.0,30,H,1.0
20000513_PortAdelaidePower,2000,10,2000-05-13,AAMI Stadium,Port Adelaide Power,Geelong Cats,78,78,19511.0,0,D,
20000513_StKildaSaints,2000,10,2000-05-13,Marvel Stadium,St Kilda Saints,Carlton Blues,82,109,38151.0,-27,A,0.0
20000513_RichmondTigers,2000,10,2000-05-13,Melbourne Cricket Ground,Richmond Tigers,Collingwood Magpies,102,54,64769.0,48,H,1.0
20000514_SydneySwans,2000,10,2000-05-14,Sydney Cricket Ground,Sydney Swans,Western Bulldogs,79,137,18817.0,-58,A,0.0
20000514_EssendonBombers,2000,10,2000-05-14,Marvel Stadium,Essendon Bombers,Adelaide Crows,132,84,34626.0,48,H,1.0
20000514_NorthMelbourneKangaroos,2000,10,2000-05-14,Melbourne Cricket Ground,North Melbourne Kangaroos,Fremantle Dockers,148,60,12400.0,88,H,1.0
20000515_MelbourneDemons,2000,10,2000-05-15,Marvel Stadium,Melbourne Demons,Brisbane Lions,102,84,24908.0,18,H,1.0
20000519_StKildaSaints,2000,11,2000-05-19,Marvel Stadium,St Kilda Saints,Port Adelaide Power,117,55,17509.0,62,H,1.0
20000520_FremantleDockers,2000,11,2000-05-20,Domain Stadium,Fremantle Dockers,Western Bulldogs,81,174,20821.0,-93,A,0.0
20000520_HawthornHawks,2000,11,2000-05-20,Melbourne Cricket Ground,Hawthorn Hawks,Richmond Tigers,77,80,41057.0,-3,A,0.0
20000520_EssendonBombers,2000,11,2000-05-20,Marvel Stadium,Essendon Bombers,Geelong Cats,145,87,47071.0,58,H,1.0
20000520_CarltonBlues,2000,11,2000-05-20,Princes Park,Carlton Blues,North Melbourne Kangaroos,129,99,28944.0,30,H,1.0
20000521_WestCoastEagles,2000,11,2000-05-21,Marvel Stadium,West Coast Eagles,Collingwood Magpies,128,92,29072.0,36,H,1.0
20000521_AdelaideCrows,2000,11,2000-05-21,AAMI Stadium,Adelaide Crows,Melbourne Demons,105,70,37871.0,35,H,1.0
20000521_SydneySwans,2000,11,2000-05-21,Sydney Cricket Ground,Sydney Swans,Brisbane Lions,107,110,19789.0,-3,A,0.0
20000526_EssendonBombers,2000,12,2000-05-26,Marvel Stadium,Essendon Bombers,St Kilda Saints,169,83,39836.0,86,H,1.0
20000527_AdelaideCrows,2000,12,2000-05-27,AAMI Stadium,Adelaide Crows,Sydney Swans,98,48,30350.0,50,H,1.0
20000527_HawthornHawks,2000,12,2000-05-27,Marvel Stadium,Hawthorn Hawks,Fremantle Dockers,121,62,16004.0,59,H,1.0
20000527_BrisbaneLions,2000,12,2000-05-27,The Gabba,Brisbane Lions,Richmond Tigers,99,111,29967.0,-12,A,0.0
20000527_CollingwoodMagpies,2000,12,2000-05-27,Melbourne Cricket Ground,Collingwood Magpies,Geelong Cats,67,71,34367.0,-4,A,0.0
20000528_NorthMelbourneKangaroos,2000,12,2000-05-28,Sydney Cricket Ground,North Melbourne Kangaroos,Port Adelaide Power,76,59,7334.0,17,H,1.0
20000528_WestCoastEagles,2000,12,2000-05-28,Domain Stadium,West Coast Eagles,Carlton Blues,78,128,39968.0,-50,A,0.0
20000528_WesternBulldogs,2000,12,2000-05-28,Marvel Stadium,Western Bulldogs,Melbourne Demons,108,83,26180.0,25,H,1.0
20000602_AdelaideCrows,2000,13,2000-06-02,Marvel Stadium,Adelaide Crows,Richmond Tigers,121,112,32959.0,9,H,1.0
20000603_BrisbaneLions,2000,13,2000-06-03,The Gabba,Brisbane Lions,West Coast Eagles,173,89,25359.0,84,H,1.0
20000603_PortAdelaidePower,2000,13,2000-06-03,AAMI Stadium,Port Adelaide Power,Collingwood Magpies,89,75,22691.0,14,H,1.0
20000603_MelbourneDemons,2000,13,2000-06-03,Melbourne Cricket Ground,Melbourne Demons,Carlton Blues,61,159,41889.0,-98,A,0.0
20000604_FremantleDockers,2000,13,2000-06-04,Domain Stadium,Fremantle Dockers,St Kilda Saints,100,56,21278.0,44,H,1.0
20000604_NorthMelbourneKangaroos,2000,13,2000-06-04,Melbourne Cricket Ground,North Melbourne Kangaroos,Essendon Bombers,70,119,67172.0,-49,A,0.0
20000604_WesternBulldogs,2000,13,2000-06-04,Marvel Stadium,Western Bulldogs,Geelong Cats,119,126,30573.0,-7,A,0.0
20000604_SydneySwans,2000,13,2000-06-04,Sydney Cricket Ground,Sydney Swans,Hawthorn Hawks,109,78,21353.0,31,H,1.0
20000609_NorthMelbourneKangaroos,2000,14,2000-06-09,Marvel Stadium,North Melbourne Kangaroos,Brisbane Lions,116,112,26326.0,4,H,1.0
20000610_MelbourneDemons,2000,14,2000-06-10,Melbourne Cricket Ground,Melbourne Demons,Collingwood Magpies,143,78,39710.0,65,H,1.0
20000610_WestCoastEagles,2000,14,2000-06-10,Domain Stadium,West Coast Eagles,Port Adelaide Power,71,107,31996.0,-36,A,0.0
20000611_HawthornHawks,2000,14,2000-06-11,Melbourne Cricket Ground,Hawthorn Hawks,St Kilda Saints,171,86,21744.0,85,H,1.0
20000611_CarltonBlues,2000,14,2000-06-11,Princes Park,Carlton Blues,Geelong Cats,107,97,31988.0,10,H,1.0
20000611_AdelaideCrows,2000,14,2000-06-11,AAMI Stadium,Adelaide Crows,Fremantle Dockers,145,72,40917.0,73,H,1.0
20000611_SydneySwans,2000,14,2000-06-11,Sydney Cricket Ground,Sydney Swans,Essendon Bombers,76,89,29199.0,-13,A,0.0
20000612_RichmondTigers,2000,14,2000-06-12,Melbourne Cricket Ground,Richmond Tigers,Western Bulldogs,87,52,49557.0,35,H,1.0
20000616_CollingwoodMagpies,2000,15,2000-06-16,Melbourne Cricket Ground,Collingwood Magpies,St Kilda Saints,115,82,35542.0,33,H,1.0
20000617_HawthornHawks,2000,15,2000-06-17,Melbourne Cricket Ground,Hawthorn Hawks,Melbourne Demons,72,141,39215.0,-69,A,0.0
20000617_EssendonBombers,2000,15,2000-06-17,Marvel Stadium,Essendon Bombers,West Coast Eagles,108,76,39694.0,32,H,1.0
20000617_GeelongCats,2000,15,2000-06-17,GMHBA Stadium,Geelong Cats,Brisbane Lions,59,128,21003.0,-69,A,0.0
20000617_CarltonBlues,2000,15,2000-06-17,Princes Park,Carlton Blues,Adelaide Crows,120,96,25563.0,24,H,1.0
20000618_PortAdelaidePower,2000,15,2000-06-18,AAMI Stadium,Port Adelaide Power,Richmond Tigers,103,75,26053.0,28,H,1.0
20000618_FremantleDockers,2000,15,2000-06-18,Domain Stadium,Fremantle Dockers,Sydney Swans,123,96,20465.0,27,H,1.0
20000618_WesternBulldogs,2000,15,2000-06-18,Marvel Stadium,Western Bulldogs,North Melbourne Kangaroos,106,102,27695.0,4,H,1.0
20000623_HawthornHawks,2000,16,2000-06-23,Marvel Stadium,Hawthorn Hawks,Collingwood Magpies,125,68,38745.0,57,H,1.0
20000624_MelbourneDemons,2000,16,2000-06-24,Melbourne Cricket Ground,Melbourne Demons,Richmond Tigers,110,100,43200.0,10,H,1.0
20000624_SydneySwans,2000,16,2000-06-24,Sydney Cricket Ground,Sydney Swans,St Kilda Saints,93,65,22154.0,28,H,1.0
20000624_PortAdelaidePower,2000,16,2000-06-24,AAMI Stadium,Port Adelaide Power,Essendon Bombers,58,89,35129.0,-31,A,0.0
20000624_GeelongCats,2000,16,2000-06-24,GMHBA Stadium,Geelong Cats,Fremantle Dockers,90,84,17399.0,6,H,1.0
20000625_WesternBulldogs,2000,16,2000-06-25,Marvel Stadium,Western Bulldogs,Adelaide Crows,135,74,22229.0,61,H,1.0
20000625_WestCoastEagles,2000,16,2000-06-25,Domain Stadium,West Coast Eagles,North Melbourne Kangaroos,52,113,36461.0,-61,A,0.0
20000625_BrisbaneLions,2000,16,2000-06-25,The Gabba,Brisbane Lions,Carlton Blues,112,156,34743.0,-44,A,0.0
20000630_StKildaSaints,2000,17,2000-06-30,Marvel Stadium,St Kilda Saints,Geelong Cats,109,85,23870.0,24,H,1.0
20000701_RichmondTigers,2000,17,2000-07-01,Melbourne Cricket Ground,Richmond Tigers,Essendon Bombers,66,167,73465.0,-101,A,0.0
20000701_NorthMelbourneKangaroos,2000,17,2000-07-01,Marvel Stadium,North Melbourne Kangaroos,Melbourne Demons,103,102,30423.0,1,H,1.0
20000701_FremantleDockers,2000,17,2000-07-01,WACA,Fremantle Dockers,Port Adelaide Power,82,64,10826.0,18,H,1.0
20000702_BrisbaneLions,2000,17,2000-07-02,The Gabba,Brisbane Lions,Western Bulldogs,138,81,24662.0,57,H,1.0
20000702_AdelaideCrows,2000,17,2000-07-02,AAMI Stadium,Adelaide Crows,Collingwood Magpies,147,109,40171.0,38,H,1.0
20000702_SydneySwans,2000,17,2000-07-02,Sydney Cricket Ground,Sydney Swans,West Coast Eagles,151,80,22002.0,71,H,1.0
20000702_HawthornHawks,2000,17,2000-07-02,Melbourne Cricket Ground,Hawthorn Hawks,Carlton Blues,63,120,48268.0,-57,A,0.0
20000707_EssendonBombers,2000,18,2000-07-07,Marvel Stadium,Essendon Bombers,Fremantle Dockers,159,72,34567.0,87,H,1.0
20000708_MelbourneDemons,2000,18,2000-07-08,Melbourne Cricket Ground,Melbourne Demons,Sydney Swans,125,99,33923.0,26,H,1.0
20000708_NorthMelbourneKangaroos,2000,18,2000-07-08,Sydney Cricket Ground,North Melbourne Kangaroos,Richmond Tigers,134,56,9198.0,78,H,1.0
20000708_GeelongCats,2000,18,2000-07-08,GMHBA Stadium,Geelong Cats,Adelaide Crows,109,102,20480.0,7,H,1.0
20000708_WestCoastEagles,2000,18,2000-07-08,WACA,West Coast Eagles,St Kilda Saints,115,29,22232.0,86,H,1.0
20000709_CarltonBlues,2000,18,2000-07-09,Princes Park,Carlton Blues,Collingwood Magpies,180,69,30096.0,111,H,1.0
20000709_PortAdelaidePower,2000,18,2000-07-09,AAMI Stadium,Port Adelaide Power,Western Bulldogs,149,106,21783.0,43,H,1.0
20000709_BrisbaneLions,2000,18,2000-07-09,The Gabba,Brisbane Lions,Hawthorn Hawks,106,124,26782.0,-18,A,0.0
20000714_NorthMelbourneKangaroos,2000,19,2000-07-14,Marvel Stadium,North Melbourne Kangaroos,Geelong Cats,124,85,37446.0,39,H,1.0
20000714_AdelaideCrows,2000,19,2000-07-14,AAMI Stadium,Adelaide Crows,West Coast Eagles,107,90,35425.0,17,H,1.0
20000715_CarltonBlues,2000,19,2000-07-15,Princes Park,Carlton Blues,Western Bulldogs,72,75,25397.0,-3,A,0.0
20000715_EssendonBombers,2000,19,2000-07-15,Marvel Stadium,Essendon Bombers,Hawthorn Hawks,165,82,46946.0,83,H,1.0
20000716_CollingwoodMagpies,2000,19,2000-07-16,Melbourne Cricket Ground,Collingwood Magpies,Sydney Swans,84,104,33182.0,-20,A,0.0
20000716_FremantleDockers,2000,19,2000-07-16,WACA,Fremantle Dockers,Richmond Tigers,79,106,19116.0,-27,A,0.0
20000716_BrisbaneLions,2000,19,2000-07-16,The Gabba,Brisbane Lions,Port Adelaide Power,120,53,21956.0,67,H,1.0
20000716_StKildaSaints,2000,19,2000-07-16,Marvel Stadium,St Kilda Saints,Melbourne Demons,98,116,24039.0,-18,A,0.0
20000721_EssendonBombers,2000,20,2000-07-21,Melbourne Cricket Ground,Essendon Bombers,Carlton Blues,109,83,91571.0,26,H,1.0
20000722_HawthornHawks,2000,20,2000-07-22,Melbourne Cricket Ground,Hawthorn Hawks,Port Adelaide Power,101,80,18976.0,21,H,1.0
20000722_WesternBulldogs,2000,20,2000-07-22,Marvel Stadium,Western Bulldogs,Collingwood Magpies,100,91,30342.0,9,H,1.0
20000722_SydneySwans,2000,20,2000-07-22,Sydney Cricket Ground,Sydney Swans,North Melbourne Kangaroos,145,91,30551.0,54,H,1.0
20000722_WestCoastEagles,2000,20,2000-07-22,Domain Stadium,West Coast Eagles,Geelong Cats,78,108,30615.0,-30,A,0.0
20000723_AdelaideCrows,2000,20,2000-07-23,AAMI Stadium,Adelaide Crows,Brisbane Lions,78,115,40817.0,-37,A,0.0
20000723_MelbourneDemons,2000,20,2000-07-23,Marvel Stadium,Melbourne Demons,Fremantle Dockers,160,77,16120.0,83,H,1.0
20000723_RichmondTigers,2000,20,2000-07-23,Melbourne Cricket Ground,Richmond Tigers,St Kilda Saints,119,79,35463.0,40,H,1.0
20000728_EssendonBombers,2000,21,2000-07-28,Marvel Stadium,Essendon Bombers,Western Bulldogs,81,92,45725.0,-11,A,0.0
20000729_SydneySwans,2000,21,2000-07-29,Marvel Stadium,Sydney Swans,Richmond Tigers,84,83,35697.0,1,H,1.0
20000729_BrisbaneLions,2000,21,2000-07-29,The Gabba,Brisbane Lions,St Kilda Saints,153,63,25603.0,90,H,1.0
20000729_HawthornHawks,2000,21,2000-07-29,Melbourne Cricket Ground,Hawthorn Hawks,Adelaide Crows,98,67,25512.0,31,H,1.0
20000730_PortAdelaidePower,2000,21,2000-07-30,AAMI Stadium,Port Adelaide Power,Carlton Blues,88,83,30152.0,5,H,1.0
20000730_MelbourneDemons,2000,21,2000-07-30,Melbourne Cricket Ground,Melbourne Demons,Geelong Cats,126,108,75033.0,18,H,1.0
20000730_CollingwoodMagpies,2000,21,2000-07-30,Marvel Stadium,Collingwood Magpies,North Melbourne Kangaroos,98,80,30003.0,18,H,1.0
20000730_FremantleDockers,2000,21,2000-07-30,Domain Stadium,Fremantle Dockers,West Coast Eagles,101,100,37710.0,1,H,1.0
20000804_WesternBulldogs,2000,22,2000-08-04,Marvel Stadium,Western Bulldogs,Hawthorn Hawks,66,81,45527.0,-15,A,0.0
20000805_BrisbaneLions,2000,22,2000-08-05,The Gabba,Brisbane Lions,Fremantle Dockers,156,49,25070.0,107,H,1.0
20000805_CollingwoodMagpies,2000,22,2000-08-05,Melbourne Cricket Ground,Collingwood Magpies,Essendon Bombers,78,97,66122.0,-19,A,0.0
20000805_GeelongCats,2000,22,2000-08-05,GMHBA Stadium,Geelong Cats,Sydney Swans,124,120,26011.0,4,H,1.0
20000805_StKildaSaints,2000,22,2000-08-05,Marvel Stadium,St Kilda Saints,North Melbourne Kangaroos,77,120,16310.0,-43,A,0.0
20000806_RichmondTigers,2000,22,2000-08-06,Melbourne Cricket Ground,Richmond Tigers,Carlton Blues,52,125,65078.0,-73,A,0.0
20000806_AdelaideCrows,2000,22,2000-08-06,AAMI Stadium,Adelaide Crows,Port Adelaide Power,92,139,42659.0,-47,A,0.0
20000806_WestCoastEagles,2000,22,2000-08-06,Domain Stadium,West Coast Eagles,Melbourne Demons,100,170,34471.0,-70,A,0.0
20000811_HawthornHawks,2000,EF,2000-08-11,Marvel Stadium,Hawthorn Hawks,Geelong Cats,92,83,44709.0,9,H,1.0
20000812_BrisbaneLions,2000,EF,2000-08-12,The Gabba,Brisbane Lions,Western Bulldogs,110,76,25925.0,34,H,1.0
20000812_EssendonBombers,2000,QF,2000-08-12,Melbourne Cricket Ground,Essendon Bombers,North Melbourne Kangaroos,198,73,68443.0,125,H,1.0
20000813_MelbourneDemons,2000,QF,2000-08-13,Melbourne Cricket Ground,Melbourne Demons,Carlton Blues,96,87,75570.0,9,H,1.0
20000818_NorthMelbourneKangaroos,2000,SF,2000-08-18,Melbourne Cricket Ground,North Melbourne Kangaroos,Hawthorn Hawks,110,100,50027.0,10,H,1.0
20000819_CarltonBlues,2000,SF,2000-08-19,Melbourne Cricket Ground,Carlton Blues,Brisbane Lions,151,69,56924.0,82,H,1.0
20000825_MelbourneDemons,2000,PF,2000-08-25,Melbourne Cricket Ground,Melbourne Demons,North Melbourne Kangaroos,156,106,63937.0,50,H,1.0
20000826_EssendonBombers,2000,PF,2000-08-26,Melbourne Cricket Ground,Essendon Bombers,Carlton Blues,125,80,84778.0,45,H,1.0
20000902_EssendonBombers,2000,GF,2000-09-02,Melbourne Cricket Ground,Essendon Bombers,Melbourne Demons,135,75,96249.0,60,H,1.0
20010330_NorthMelbourneKangaroos,2001,1,2001-03-30,Melbourne Cricket Ground,North Melbourne Kangaroos,Essendon Bombers,61,146,56028.0,-85,A,0.0
20010331_HawthornHawks,2001,1,2001-03-31,Melbourne Cricket Ground,Hawthorn Hawks,Collingwood Magpies,85,81,52190.0,4,H,1.0
20010331_FremantleDockers,2001,1,2001-03-31,Domain Stadium,Fremantle Dockers,Carlton Blues,118,119,23716.0,-1,A,0.0
20010331_PortAdelaidePower,2001,1,2001-03-31,AAMI Stadium,Port Adelaide Power,Brisbane Lions,99,93,25948.0,6,H,1.0
20010331_WesternBulldogs,2001,1,2001-03-31,Marvel Stadium,Western Bulldogs,St Kilda Saints,107,112,30047.0,-5,A,0.0
20010401_MelbourneDemons,2001,1,2001-04-01,Melbourne Cricket Ground,Melbourne Demons,Richmond Tigers,103,134,44466.0,-31,A,0.0
20010401_GeelongCats,2001,1,2001-04-01,GMHBA Stadium,Geelong Cats,West Coast Eagles,115,49,20149.0,66,H,1.0
20010401_SydneySwans,2001,1,2001-04-01,Sydney Cricket Ground,Sydney Swans,Adelaide Crows,126,74,31174.0,52,H,1.0
20010406_EssendonBombers,2001,2,2001-04-06,Marvel Stadium,Essendon Bombers,Port Adelaide Power,145,107,34918.0,38,H,1.0
20010407_AdelaideCrows,2001,2,2001-04-07,AAMI Stadium,Adelaide Crows,Melbourne Demons,80,83,35653.0,-3,A,0.0
20010407_CarltonBlues,2001,2,2001-04-07,Princes Park,Carlton Blues,Hawthorn Hawks,81,107,27597.0,-26,A,0.0
20010407_CollingwoodMagpies,2001,2,2001-04-07,Marvel Stadium,Collingwood Magpies,Fremantle Dockers,105,88,26067.0,17,H,1.0
20010407_RichmondTigers,2001,2,2001-04-07,Melbourne Cricket Ground,Richmond Tigers,Western Bulldogs,69,111,36427.0,-42,A,0.0
20010408_WestCoastEagles,2001,2,2001-04-08,Domain Stadium,West Coast Eagles,Sydney Swans,89,104,32673.0,-15,A,0.0
20010408_BrisbaneLions,2001,2,2001-04-08,The Gabba,Brisbane Lions,North Melbourne Kangaroos,118,58,22970.0,60,H,1.0
20010408_StKildaSaints,2001,2,2001-04-08,Marvel Stadium,St Kilda Saints,Geelong Cats,86,115,33867.0,-29,A,0.0
20010412_CarltonBlues,2001,3,2001-04-12,Melbourne Cricket Ground,Carlton Blues,Essendon Bombers,93,76,63088.0,17,H,1.0
20010414_WesternBulldogs,2001,3,2001-04-14,Marvel Stadium,Western Bulldogs,Collingwood Magpies,81,153,37598.0,-72,A,0.0
20010414_RichmondTigers,2001,3,2001-04-14,Melbourne Cricket Ground,Richmond Tigers,Brisbane Lions,116,94,31688.0,22,H,1.0
20010414_NorthMelbourneKangaroos,2001,3,2001-04-14,Sydney Cricket Ground,North Melbourne Kangaroos,Sydney Swans,71,151,22395.0,-80,A,0.0
20010415_FremantleDockers,2001,3,2001-04-15,Domain Stadium,Fremantle Dockers,Hawthorn Hawks,59,82,20703.0,-23,A,0.0
20010415_StKildaSaints,2001,3,2001-04-15,Marvel Stadium,St Kilda Saints,West Coast Eagles,107,125,19496.0,-18,A,0.0
20010415_AdelaideCrows,2001,3,2001-04-15,AAMI Stadium,Adelaide Crows,Port Adelaide Power,88,153,40296.0,-65,A,0.0
20010416_MelbourneDemons,2001,3,2001-04-16,Melbourne Cricket Ground,Melbourne Demons,Geelong Cats,124,104,48551.0,20,H,1.0
20010420_SydneySwans,2001,4,2001-04-20,Sydney Cricket Ground,Sydney Swans,Essendon Bombers,55,102,40131.0,-47,A,0.0
20010420_CollingwoodMagpies,2001,4,2001-04-20,Melbourne Cricket Ground,Collingwood Magpies,Richmond Tigers,71,86,78638.0,-15,A,0.0
20010421_FremantleDockers,2001,4,2001-04-21,Domain Stadium,Fremantle Dockers,West Coast Eagles,88,112,38804.0,-24,A,0.0
20010421_PortAdelaidePower,2001,4,2001-04-21,AAMI Stadium,Port Adelaide Power,St Kilda Saints,114,50,27017.0,64,H,1.0
20010421_CarltonBlues,2001,4,2001-04-21,Princes Park,Carlton Blues,Adelaide Crows,53,62,21110.0,-9,A,0.0
20010421_WesternBulldogs,2001,4,2001-04-21,Marvel Stadium,Western Bulldogs,Brisbane Lions,140,87,20322.0,53,H,1.0
20010422_HawthornHawks,2001,4,2001-04-22,Melbourne Cricket Ground,Hawthorn Hawks,Melbourne Demons,83,44,30113.0,39,H,1.0
20010422_GeelongCats,2001,4,2001-04-22,GMHBA Stadium,Geelong Cats,North Melbourne Kangaroos,33,53,14298.0,-20,A,0.0
20010425_CollingwoodMagpies,2001,5,2001-04-25,Melbourne Cricket Ground,Collingwood Magpies,Essendon Bombers,95,103,83905.0,-8,A,0.0
20010427_WestCoastEagles,2001,5,2001-04-27,Domain Stadium,West Coast Eagles,Richmond Tigers,70,109,38424.0,-39,A,0.0
20010428_WesternBulldogs,2001,5,2001-04-28,Marvel Stadium,Western Bulldogs,Hawthorn Hawks,126,155,34400.0,-29,A,0.0
20010428_CarltonBlues,2001,5,2001-04-28,Princes Park,Carlton Blues,St Kilda Saints,125,92,24385.0,33,H,1.0
20010428_AdelaideCrows,2001,5,2001-04-28,AAMI Stadium,Adelaide Crows,North Melbourne Kangaroos,90,75,37596.0,15,H,1.0
20010429_BrisbaneLions,2001,5,2001-04-29,The Gabba,Brisbane Lions,Fremantle Dockers,171,122,20059.0,49,H,1.0
20010429_GeelongCats,2001,5,2001-04-29,GMHBA Stadium,Geelong Cats,Port Adelaide Power,102,148,18736.0,-46,A,0.0
20010429_MelbourneDemons,2001,5,2001-04-29,Melbourne Cricket Ground,Melbourne Demons,Sydney Swans,119,104,31168.0,15,H,1.0
20010504_RichmondTigers,2001,6,2001-05-04,Marvel Stadium,Richmond Tigers,North Melbourne Kangaroos,129,78,39773.0,51,H,1.0
20010505_BrisbaneLions,2001,6,2001-05-05,The Gabba,Brisbane Lions,Geelong Cats,116,61,25881.0,55,H,1.0
20010505_StKildaSaints,2001,6,2001-05-05,Marvel Stadium,St Kilda Saints,Sydney Swans,120,94,28933.0,26,H,1.0
20010505_FremantleDockers,2001,6,2001-05-05,Domain Stadium,Fremantle Dockers,Melbourne Demons,74,119,19775.0,-45,A,0.0
20010505_PortAdelaidePower,2001,6,2001-05-05,AAMI Stadium,Port Adelaide Power,Western Bulldogs,129,86,30197.0,43,H,1.0
20010506_HawthornHawks,2001,6,2001-05-06,UTAS Stadium,Hawthorn Hawks,Adelaide Crows,104,91,17460.0,13,H,1.0
20010506_EssendonBombers,2001,6,2001-05-06,Marvel Stadium,Essendon Bombers,West Coast Eagles,158,70,33829.0,88,H,1.0
20010506_CollingwoodMagpies,2001,6,2001-05-06,Melbourne Cricket Ground,Collingwood Magpies,Carlton Blues,103,95,73572.0,8,H,1.0
20010511_MelbourneDemons,2001,7,2001-05-11,Melbourne Cricket Ground,Melbourne Demons,Western Bulldogs,77,107,32299.0,-30,A,0.0
20010512_RichmondTigers,2001,7,2001-05-12,Melbourne Cricket Ground,Richmond Tigers,Essendon Bombers,74,120,77576.0,-46,A,0.0
20010512_StKildaSaints,2001,7,2001-05-12,Marvel Stadium,St Kilda Saints,Hawthorn Hawks,99,110,37940.0,-11,A,0.0
20010512_AdelaideCrows,2001,7,2001-05-12,AAMI Stadium,Adelaide Crows,Fremantle Dockers,103,83,38292.0,20,H,1.0
20010513_NorthMelbourneKangaroos,2001,7,2001-05-13,Marvel Stadium,North Melbourne Kangaroos,Collingwood Magpies,99,97,34600.0,2,H,1.0
20010513_SydneySwans,2001,7,2001-05-13,Sydney Cricket Ground,Sydney Swans,Brisbane Lions,80,112,22390.0,-32,A,0.0
20010513_CarltonBlues,2001,7,2001-05-13,Melbourne Cricket Ground,Carlton Blues,Geelong Cats,108,68,29150.0,40,H,1.0
20010513_WestCoastEagles,2001,7,2001-05-13,Domain Stadium,West Coast Eagles,Port Adelaide Power,50,121,28026.0,-71,A,0.0
20010518_RichmondTigers,2001,8,2001-05-18,Melbourne Cricket Ground,Richmond Tigers,Adelaide Crows,92,120,29073.0,-28,A,0.0
20010519_HawthornHawks,2001,8,2001-05-19,Melbourne Cricket Ground,Hawthorn Hawks,West Coast Eagles,138,58,22988.0,80,H,1.0
20010519_NorthMelbourneKangaroos,2001,8,2001-05-19,Manuka Oval,North Melbourne Kangaroos,St Kilda Saints,138,89,10958.0,49,H,1.0
20010519_PortAdelaidePower,2001,8,2001-05-19,AAMI Stadium,Port Adelaide Power,Collingwood Magpies,110,119,34232.0,-9,A,0.0
20010519_CarltonBlues,2001,8,2001-05-19,Princes Park,Carlton Blues,Brisbane Lions,142,68,21997.0,74,H,1.0
20010520_SydneySwans,2001,8,2001-05-20,Sydney Cricket Ground,Sydney Swans,Western Bulldogs,101,122,22874.0,-21,A,0.0
20010520_MelbourneDemons,2001,8,2001-05-20,Melbourne Cricket Ground,Melbourne Demons,Essendon Bombers,79,85,47452.0,-6,A,0.0
20010520_FremantleDockers,2001,8,2001-05-20,Domain Stadium,Fremantle Dockers,Geelong Cats,73,95,20231.0,-22,A,0.0
20010525_NorthMelbourneKangaroos,2001,9,2001-05-25,Melbourne Cricket Ground,North Melbourne Kangaroos,Carlton Blues,69,82,43624.0,-13,A,0.0
20010526_BrisbaneLions,2001,9,2001-05-26,The Gabba,Brisbane Lions,Adelaide Crows,122,127,24122.0,-5,A,0.0
20010526_CollingwoodMagpies,2001,9,2001-05-26,Melbourne Cricket Ground,Collingwood Magpies,St Kilda Saints,98,80,49937.0,18,H,1.0
20010526_WestCoastEagles,2001,9,2001-05-26,Domain Stadium,West Coast Eagles,Western Bulldogs,77,125,30063.0,-48,A,0.0
20010526_EssendonBombers,2001,9,2001-05-26,Marvel Stadium,Essendon Bombers,Hawthorn Hawks,122,57,50701.0,65,H,1.0
20010527_PortAdelaidePower,2001,9,2001-05-27,AAMI Stadium,Port Adelaide Power,Melbourne Demons,88,68,22423.0,20,H,1.0
20010527_GeelongCats,2001,9,2001-05-27,GMHBA Stadium,Geelong Cats,Richmond Tigers,118,76,27421.0,42,H,1.0
20010527_SydneySwans,2001,9,2001-05-27,Sydney Cricket Ground,Sydney Swans,Fremantle Dockers,84,65,20611.0,19,H,1.0
20010601_WesternBulldogs,2001,10,2001-06-01,Marvel Stadium,Western Bulldogs,North Melbourne Kangaroos,79,125,32793.0,-46,A,0.0
20010602_CarltonBlues,2001,10,2001-06-02,Princes Park,Carlton Blues,West Coast Eagles,149,30,19757.0,119,H,1.0
20010602_StKildaSaints,2001,10,2001-06-02,Marvel Stadium,St Kilda Saints,Melbourne Demons,113,144,30497.0,-31,A,0.0
20010602_HawthornHawks,2001,10,2001-06-02,Melbourne Cricket Ground,Hawthorn Hawks,Port Adelaide Power,73,116,28228.0,-43,A,0.0
20010602_BrisbaneLions,2001,10,2001-06-02,The Gabba,Brisbane Lions,Essendon Bombers,102,74,36149.0,28,H,1.0
20010603_AdelaideCrows,2001,10,2001-06-03,AAMI Stadium,Adelaide Crows,Geelong Cats,66,55,40466.0,11,H,1.0
20010603_FremantleDockers,2001,10,2001-06-03,Domain Stadium,Fremantle Dockers,Richmond Tigers,46,84,19626.0,-38,A,0.0
20010603_SydneySwans,2001,10,2001-06-03,Marvel Stadium,Sydney Swans,Collingwood Magpies,73,55,42640.0,18,H,1.0
20010608_StKildaSaints,2001,11,2001-06-08,Marvel Stadium,St Kilda Saints,Essendon Bombers,86,128,40075.0,-42,A,0.0
20010609_AdelaideCrows,2001,11,2001-06-09,AAMI Stadium,Adelaide Crows,Western Bulldogs,97,127,38829.0,-30,A,0.0
20010609_WestCoastEagles,2001,11,2001-06-09,Domain Stadium,West Coast Eagles,Brisbane Lions,62,84,25588.0,-22,A,0.0
20010609_GeelongCats,2001,11,2001-06-09,Marvel Stadium,Geelong Cats,Hawthorn Hawks,93,90,37526.0,3,H,1.0
20010610_RichmondTigers,2001,11,2001-06-10,Melbourne Cricket Ground,Richmond Tigers,Carlton Blues,88,61,71767.0,27,H,1.0
20010610_NorthMelbourneKangaroos,2001,11,2001-06-10,Marvel Stadium,North Melbourne Kangaroos,Fremantle Dockers,154,68,18023.0,86,H,1.0
20010610_SydneySwans,2001,11,2001-06-10,Sydney Cricket Ground,Sydney Swans,Port Adelaide Power,125,78,28187.0,47,H,1.0
20010611_MelbourneDemons,2001,11,2001-06-11,Melbourne Cricket Ground,Melbourne Demons,Collingwood Magpies,57,134,62761.0,-77,A,0.0
20010615_EssendonBombers,2001,12,2001-06-15,Marvel Stadium,Essendon Bombers,Adelaide Crows,122,73,38816.0,49,H,1.0
20010616_GeelongCats,2001,12,2001-06-16,GMHBA Stadium,Geelong Cats,Western Bulldogs,87,94,22771.0,-7,A,0.0
20010616_FremantleDockers,2001,12,2001-06-16,Domain Stadium,Fremantle Dockers,St Kilda Saints,80,90,19857.0,-10,A,0.0
20010617_BrisbaneLions,2001,12,2001-06-17,The Gabba,Brisbane Lions,Melbourne Demons,148,99,23740.0,49,H,1.0
20010622_CollingwoodMagpies,2001,12,2001-06-22,Marvel Stadium,Collingwood Magpies,West Coast Eagles,173,92,36589.0,81,H,1.0
20010623_HawthornHawks,2001,12,2001-06-23,Melbourne Cricket Ground,Hawthorn Hawks,North Melbourne Kangaroos,101,98,41295.0,3,H,1.0
20010623_RichmondTigers,2001,12,2001-06-23,Marvel Stadium,Richmond Tigers,Sydney Swans,86,60,37196.0,26,H,1.0
20010624_PortAdelaidePower,2001,12,2001-06-24,AAMI Stadium,Port Adelaide Power,Carlton Blues,70,104,35805.0,-34,A,0.0
20010629_BrisbaneLions,2001,13,2001-06-29,The Gabba,Brisbane Lions,Hawthorn Hawks,140,53,30573.0,87,H,1.0
20010630_EssendonBombers,2001,13,2001-06-30,Marvel Stadium,Essendon Bombers,Fremantle Dockers,118,72,29528.0,46,H,1.0
20010630_CarltonBlues,2001,13,2001-06-30,Princes Park,Carlton Blues,Western Bulldogs,153,92,30067.0,61,H,1.0
20010630_AdelaideCrows,2001,13,2001-06-30,AAMI Stadium,Adelaide Crows,Collingwood Magpies,97,99,39010.0,-2,A,0.0
20010630_NorthMelbourneKangaroos,2001,13,2001-06-30,Manuka Oval,North Melbourne Kangaroos,Port Adelaide Power,95,73,10030.0,22,H,1.0
20010701_StKildaSaints,2001,13,2001-07-01,Marvel Stadium,St Kilda Saints,Richmond Tigers,87,126,40783.0,-39,A,0.0
20010701_WestCoastEagles,2001,13,2001-07-01,Domain Stadium,West Coast Eagles,Melbourne Demons,95,88,29783.0,7,H,1.0
20010701_SydneySwans,2001,13,2001-07-01,Sydney Cricket Ground,Sydney Swans,Geelong Cats,65,84,26760.0,-19,A,0.0
20010706_WesternBulldogs,2001,14,2001-07-06,Marvel Stadium,Western Bulldogs,Essendon Bombers,76,154,48728.0,-78,A,0.0
20010707_GeelongCats,2001,14,2001-07-07,Marvel Stadium,Geelong Cats,Collingwood Magpies,111,93,50160.0,18,H,1.0
20010707_RichmondTigers,2001,14,2001-07-07,Melbourne Cricket Ground,Richmond Tigers,Hawthorn Hawks,71,129,52189.0,-58,A,0.0
20010707_BrisbaneLions,2001,14,2001-07-07,The Gabba,Brisbane Lions,St Kilda Saints,119,62,22911.0,57,H,1.0
20010707_AdelaideCrows,2001,14,2001-07-07,AAMI Stadium,Adelaide Crows,West Coast Eagles,64,51,31534.0,13,H,1.0
20010708_FremantleDockers,2001,14,2001-07-08,Domain Stadium,Fremantle Dockers,Port Adelaide Power,71,163,15961.0,-92,A,0.0
20010708_MelbourneDemons,2001,14,2001-07-08,Melbourne Cricket Ground,Melbourne Demons,North Melbourne Kangaroos,93,121,27464.0,-28,A,0.0
20010708_SydneySwans,2001,14,2001-07-08,Sydney Cricket Ground,Sydney Swans,Carlton Blues,91,81,30488.0,10,H,1.0
20010713_StKildaSaints,2001,15,2001-07-13,Marvel Stadium,St Kilda Saints,Adelaide Crows,59,156,26560.0,-97,A,0.0
20010714_CarltonBlues,2001,15,2001-07-14,Princes Park,Carlton Blues,Melbourne Demons,111,117,23901.0,-6,A,0.0
20010714_PortAdelaidePower,2001,15,2001-07-14,AAMI Stadium,Port Adelaide Power,Richmond Tigers,96,52,26773.0,44,H,1.0
20010714_HawthornHawks,2001,15,2001-07-14,Melbourne Cricket Ground,Hawthorn Hawks,Sydney Swans,77,98,34394.0,-21,A,0.0
20010714_WesternBulldogs,2001,15,2001-07-14,Marvel Stadium,Western Bulldogs,Fremantle Dockers,119,85,15111.0,34,H,1.0
20010715_WestCoastEagles,2001,15,2001-07-15,Domain Stadium,West Coast Eagles,North Melbourne Kangaroos,110,154,34259.0,-44,A,0.0
20010715_CollingwoodMagpies,2001,15,2001-07-15,Melbourne Cricket Ground,Collingwood Magpies,Brisbane Lions,103,129,45016.0,-26,A,0.0
20010715_EssendonBombers,2001,15,2001-07-15,Marvel Stadium,Essendon Bombers,Geelong Cats,127,112,48152.0,15,H,1.0
20010720_RichmondTigers,2001,16,2001-07-20,Melbourne Cricket Ground,Richmond Tigers,Melbourne Demons,127,86,37938.0,41,H,1.0
20010721_CarltonBlues,2001,16,2001-07-21,Princes Park,Carlton Blues,Fremantle Dockers,131,56,15622.0,75,H,1.0
20010721_CollingwoodMagpies,2001,16,2001-07-21,Melbourne Cricket Ground,Collingwood Magpies,Hawthorn Hawks,89,144,52381.0,-55,A,0.0
20010721_StKildaSaints,2001,16,2001-07-21,Marvel Stadium,St Kilda Saints,Western Bulldogs,78,112,21665.0,-34,A,0.0
20010721_BrisbaneLions,2001,16,2001-07-21,The Gabba,Brisbane Lions,Port Adelaide Power,94,60,29547.0,34,H,1.0
20010722_AdelaideCrows,2001,16,2001-07-22,AAMI Stadium,Adelaide Crows,Sydney Swans,56,105,46852.0,-49,A,0.0
20010722_WestCoastEagles,2001,16,2001-07-22,Domain Stadium,West Coast Eagles,Geelong Cats,80,150,31456.0,-70,A,0.0
20010722_NorthMelbourneKangaroos,2001,16,2001-07-22,Melbourne Cricket Ground,North Melbourne Kangaroos,Essendon Bombers,159,171,51878.0,-12,A,0.0
20010727_WesternBulldogs,2001,17,2001-07-27,Marvel Stadium,Western Bulldogs,Richmond Tigers,100,102,43595.0,-2,A,0.0
20010728_MelbourneDemons,2001,17,2001-07-28,Melbourne Cricket Ground,Melbourne Demons,Adelaide Crows,84,100,17566.0,-16,A,0.0
20010728_BrisbaneLions,2001,17,2001-07-28,Marvel Stadium,Brisbane Lions,North Melbourne Kangaroos,136,115,26776.0,21,H,1.0
20010728_GeelongCats,2001,17,2001-07-28,GMHBA Stadium,Geelong Cats,St Kilda Saints,78,66,22414.0,12,H,1.0
20010728_FremantleDockers,2001,17,2001-07-28,Domain Stadium,Fremantle Dockers,Collingwood Magpies,90,119,20498.0,-29,A,0.0
20010729_SydneySwans,2001,17,2001-07-29,Sydney Cricket Ground,Sydney Swans,West Coast Eagles,83,48,20669.0,35,H,1.0
20010729_HawthornHawks,2001,17,2001-07-29,Melbourne Cricket Ground,Hawthorn Hawks,Carlton Blues,96,93,52472.0,3,H,1.0
20010729_PortAdelaidePower,2001,17,2001-07-29,AAMI Stadium,Port Adelaide Power,Essendon Bombers,104,97,37930.0,7,H,1.0
20010803_RichmondTigers,2001,18,2001-08-03,Melbourne Cricket Ground,Richmond Tigers,Collingwood Magpies,71,51,69930.0,20,H,1.0
20010804_MelbourneDemons,2001,18,2001-08-04,Melbourne Cricket Ground,Melbourne Demons,Geelong Cats,103,100,31074.0,3,H,1.0
20010804_SydneySwans,2001,18,2001-08-04,Sydney Cricket Ground,Sydney Swans,North Melbourne Kangaroos,143,36,32689.0,107,H,1.0
20010804_FremantleDockers,2001,18,2001-08-04,Marvel Stadium,Fremantle Dockers,Hawthorn Hawks,106,90,16595.0,16,H,1.0
20010805_PortAdelaidePower,2001,18,2001-08-05,AAMI Stadium,Port Adelaide Power,Adelaide Crows,107,99,49846.0,8,H,1.0
20010805_CarltonBlues,2001,18,2001-08-05,Melbourne Cricket Ground,Carlton Blues,Essendon Bombers,102,95,75873.0,7,H,1.0
20010805_WestCoastEagles,2001,18,2001-08-05,Domain Stadium,West Coast Eagles,St Kilda Saints,171,79,31358.0,92,H,1.0
20010805_BrisbaneLions,2001,18,2001-08-05,The Gabba,Brisbane Lions,Western Bulldogs,136,103,26872.0,33,H,1.0
20010810_NorthMelbourneKangaroos,2001,19,2001-08-10,Marvel Stadium,North Melbourne Kangaroos,Geelong Cats,131,82,30919.0,49,H,1.0
20010811_AdelaideCrows,2001,19,2001-08-11,AAMI Stadium,Adelaide Crows,Carlton Blues,106,53,44542.0,53,H,1.0
20010811_StKildaSaints,2001,19,2001-08-11,Marvel Stadium,St Kilda Saints,Port Adelaide Power,114,125,14018.0,-11,A,0.0
20010811_MelbourneDemons,2001,19,2001-08-11,Melbourne Cricket Ground,Melbourne Demons,Hawthorn Hawks,71,156,26632.0,-85,A,0.0
20010812_WestCoastEagles,2001,19,2001-08-12,Domain Stadium,West Coast Eagles,Fremantle Dockers,98,64,41285.0,34,H,1.0
20010812_BrisbaneLions,2001,19,2001-08-12,The Gabba,Brisbane Lions,Richmond Tigers,128,97,31324.0,31,H,1.0
20010812_CollingwoodMagpies,2001,19,2001-08-12,Melbourne Cricket Ground,Collingwood Magpies,Western Bulldogs,119,77,38793.0,42,H,1.0
20010812_EssendonBombers,2001,19,2001-08-12,Marvel Stadium,Essendon Bombers,Sydney Swans,79,77,45057.0,2,H,1.0
20010817_AdelaideCrows,2001,20,2001-08-17,Marvel Stadium,Adelaide Crows,North Melbourne Kangaroos,162,100,25340.0,62,H,1.0
20010818_PortAdelaidePower,2001,20,2001-08-18,AAMI Stadium,Port Adelaide Power,Geelong Cats,99,69,25536.0,30,H,1.0
20010818_RichmondTigers,2001,20,2001-08-18,Marvel Stadium,Richmond Tigers,West Coast Eagles,138,73,25856.0,65,H,1.0
20010818_CollingwoodMagpies,2001,20,2001-08-18,Melbourne Cricket Ground,Collingwood Magpies,Essendon Bombers,87,107,71518.0,-20,A,0.0
20010819_SydneySwans,2001,20,2001-08-19,Sydney Cricket Ground,Sydney Swans,Melbourne Demons,98,131,28367.0,-33,A,0.0
20010819_HawthornHawks,2001,20,2001-08-19,Melbourne Cricket Ground,Hawthorn Hawks,Western Bulldogs,79,125,26642.0,-46,A,0.0
20010819_StKildaSaints,2001,20,2001-08-19,Marvel Stadium,St Kilda Saints,Carlton Blues,104,148,34521.0,-44,A,0.0
20010819_FremantleDockers,2001,20,2001-08-19,Domain Stadium,Fremantle Dockers,Brisbane Lions,87,138,15136.0,-51,A,0.0
20010824_RichmondTigers,2001,21,2001-08-24,Melbourne Cricket Ground,Richmond Tigers,North Melbourne Kangaroos,92,88,37776.0,4,H,1.0
20010825_CollingwoodMagpies,2001,21,2001-08-25,Melbourne Cricket Ground,Collingwood Magpies,Carlton Blues,62,130,70051.0,-68,A,0.0
20010825_WestCoastEagles,2001,21,2001-08-25,Domain Stadium,West Coast Eagles,Essendon Bombers,47,136,36445.0,-89,A,0.0
20010825_WesternBulldogs,2001,21,2001-08-25,Marvel Stadium,Western Bulldogs,Port Adelaide Power,73,150,19649.0,-77,A,0.0
20010826_MelbourneDemons,2001,21,2001-08-26,Marvel Stadium,Melbourne Demons,Fremantle Dockers,114,79,12566.0,35,H,1.0
20010826_SydneySwans,2001,21,2001-08-26,Sydney Cricket Ground,Sydney Swans,St Kilda Saints,142,55,26334.0,87,H,1.0
20010826_AdelaideCrows,2001,21,2001-08-26,AAMI Stadium,Adelaide Crows,Hawthorn Hawks,91,53,42827.0,38,H,1.0
20010826_GeelongCats,2001,21,2001-08-26,GMHBA Stadium,Geelong Cats,Brisbane Lions,67,110,24325.0,-43,A,0.0
20010831_RichmondTigers,2001,22,2001-08-31,Melbourne Cricket Ground,Richmond Tigers,Essendon Bombers,107,83,77028.0,24,H,1.0
20010901_FremantleDockers,2001,22,2001-09-01,Domain Stadium,Fremantle Dockers,Adelaide Crows,120,83,19535.0,37,H,1.0
20010901_CarltonBlues,2001,22,2001-09-01,Princes Park,Carlton Blues,Geelong Cats,97,27,26314.0,70,H,1.0
20010901_BrisbaneLions,2001,22,2001-09-01,The Gabba,Brisbane Lions,Sydney Swans,93,62,33606.0,31,H,1.0
20010901_HawthornHawks,2001,22,2001-09-01,Melbourne Cricket Ground,Hawthorn Hawks,St Kilda Saints,87,89,24113.0,-2,A,0.0
20010902_CollingwoodMagpies,2001,22,2001-09-02,Manuka Oval,Collingwood Magpies,North Melbourne Kangaroos,126,83,13117.0,43,H,1.0
20010902_PortAdelaidePower,2001,22,2001-09-02,AAMI Stadium,Port Adelaide Power,West Coast Eagles,163,51,22976.0,112,H,1.0
20010902_WesternBulldogs,2001,22,2001-09-02,Marvel Stadium,Western Bulldogs,Melbourne Demons,123,133,21146.0,-10,A,0.0
20010907_EssendonBombers,2001,QF,2001-09-07,Melbourne Cricket Ground,Essendon Bombers,Richmond Tigers,113,43,78253.0,70,H,1.0
20010908_BrisbaneLions,2001,QF,2001-09-08,The Gabba,Brisbane Lions,Port Adelaide Power,88,56,32380.0,32,H,1.0
20010908_CarltonBlues,2001,EF,2001-09-08,Melbourne Cricket Ground,Carlton Blues,Adelaide Crows,118,50,53982.0,68,H,1.0
20010909_HawthornHawks,2001,EF,2001-09-09,Marvel Stadium,Hawthorn Hawks,Sydney Swans,129,74,32910.0,55,H,1.0
20010915_HawthornHawks,2001,SF,2001-09-15,AAMI Stadium,Hawthorn Hawks,Port Adelaide Power,72,69,30613.0,3,H,1.0
20010915_RichmondTigers,2001,SF,2001-09-15,Melbourne Cricket Ground,Richmond Tigers,Carlton Blues,67,56,83323.0,11,H,1.0
20010922_EssendonBombers,2001,PF,2001-09-22,Melbourne Cricket Ground,Essendon Bombers,Hawthorn Hawks,76,67,86468.0,9,H,1.0
20010922_BrisbaneLions,2001,PF,2001-09-22,The Gabba,Brisbane Lions,Richmond Tigers,136,68,37032.0,68,H,1.0
20010929_BrisbaneLions,2001,GF,2001-09-29,Melbourne Cricket Ground,Brisbane Lions,Essendon Bombers,108,82,91482.0,26,H,1.0
20020328_RichmondTigers,2002,1,2002-03-28,Melbourne Cricket Ground,Richmond Tigers,Collingwood Magpies,155,118,65316.0,37,H,1.0
20020330_PortAdelaidePower,2002,1,2002-03-30,AAMI Stadium,Port Adelaide Power,North Melbourne Kangaroos,73,83,28578.0,-10,A,0.0
20020330_EssendonBombers,2002,1,2002-03-30,Melbourne Cricket Ground,Essendon Bombers,Geelong Cats,126,76,42746.0,50,H,1.0
20020330_StKildaSaints,2002,1,2002-03-30,Marvel Stadium,St Kilda Saints,Carlton Blues,89,65,33359.0,24,H,1.0
20020331_SydneySwans,2002,1,2002-03-31,Sydney Cricket Ground,Sydney Swans,Brisbane Lions,87,110,24052.0,-23,A,0.0
20020331_WestCoastEagles,2002,1,2002-03-31,Domain Stadium,West Coast Eagles,Fremantle Dockers,137,118,39467.0,19,H,1.0
20020331_WesternBulldogs,2002,1,2002-03-31,Marvel Stadium,Western Bulldogs,Adelaide Crows,93,112,18475.0,-19,A,0.0
20020401_HawthornHawks,2002,1,2002-04-01,Melbourne Cricket Ground,Hawthorn Hawks,Melbourne Demons,103,129,43484.0,-26,A,0.0
20020405_RichmondTigers,2002,2,2002-04-05,Melbourne Cricket Ground,Richmond Tigers,Essendon Bombers,60,112,67453.0,-52,A,0.0
20020406_CollingwoodMagpies,2002,2,2002-04-06,Melbourne Cricket Ground,Collingwood Magpies,West Coast Eagles,120,119,29348.0,1,H,1.0
20020406_NorthMelbourneKangaroos,2002,2,2002-04-06,Marvel Stadium,North Melbourne Kangaroos,Western Bulldogs,110,97,25985.0,13,H,1.0
20020406_CarltonBlues,2002,2,2002-04-06,Princes Park,Carlton Blues,Sydney Swans,33,111,22435.0,-78,A,0.0
20020406_AdelaideCrows,2002,2,2002-04-06,AAMI Stadium,Adelaide Crows,Geelong Cats,110,79,44386.0,31,H,1.0
20020407_FremantleDockers,2002,2,2002-04-07,Domain Stadium,Fremantle Dockers,St Kilda Saints,76,73,21138.0,3,H,1.0
20020407_BrisbaneLions,2002,2,2002-04-07,The Gabba,Brisbane Lions,Hawthorn Hawks,148,46,25660.0,102,H,1.0
20020407_MelbourneDemons,2002,2,2002-04-07,Melbourne Cricket Ground,Melbourne Demons,Port Adelaide Power,109,82,19611.0,27,H,1.0
20020412_CollingwoodMagpies,2002,3,2002-04-12,Melbourne Cricket Ground,Collingwood Magpies,Carlton Blues,55,75,63864.0,-20,A,0.0
20020413_BrisbaneLions,2002,3,2002-04-13,The Gabba,Brisbane Lions,Essendon Bombers,117,67,35898.0,50,H,1.0
20020413_RichmondTigers,2002,3,2002-04-13,Melbourne Cricket Ground,Richmond Tigers,Melbourne Demons,96,76,37154.0,20,H,1.0
20020413_NorthMelbourneKangaroos,2002,3,2002-04-13,Marvel Stadium,North Melbourne Kangaroos,Geelong Cats,67,75,27286.0,-8,A,0.0
20020413_AdelaideCrows,2002,3,2002-04-13,AAMI Stadium,Adelaide Crows,Sydney Swans,114,84,42246.0,30,H,1.0
20020414_StKildaSaints,2002,3,2002-04-14,Marvel Stadium,St Kilda Saints,Port Adelaide Power,56,139,17641.0,-83,A,0.0
20020414_HawthornHawks,2002,3,2002-04-14,UTAS Stadium,Hawthorn Hawks,Fremantle Dockers,89,79,15066.0,10,H,1.0
20020414_WestCoastEagles,2002,3,2002-04-14,Domain Stadium,West Coast Eagles,Western Bulldogs,113,81,31854.0,32,H,1.0
20020419_EssendonBombers,2002,4,2002-04-19,Marvel Stadium,Essendon Bombers,Adelaide Crows,122,81,40322.0,41,H,1.0
20020420_SydneySwans,2002,4,2002-04-20,Sydney Cricket Ground,Sydney Swans,North Melbourne Kangaroos,103,100,23775.0,3,H,1.0
20020420_MelbourneDemons,2002,4,2002-04-20,Princes Park,Melbourne Demons,West Coast Eagles,137,103,9421.0,34,H,1.0
20020420_CollingwoodMagpies,2002,4,2002-04-20,Melbourne Cricket Ground,Collingwood Magpies,Hawthorn Hawks,104,63,48476.0,41,H,1.0
20020420_WesternBulldogs,2002,4,2002-04-20,Marvel Stadium,Western Bulldogs,Brisbane Lions,78,94,23928.0,-16,A,0.0
20020421_GeelongCats,2002,4,2002-04-21,GMHBA Stadium,Geelong Cats,St Kilda Saints,166,44,23563.0,122,H,1.0
20020421_PortAdelaidePower,2002,4,2002-04-21,AAMI Stadium,Port Adelaide Power,Carlton Blues,148,95,29486.0,53,H,1.0
20020421_FremantleDockers,2002,4,2002-04-21,Domain Stadium,Fremantle Dockers,Richmond Tigers,138,72,23571.0,66,H,1.0
20020425_CollingwoodMagpies,2002,5,2002-04-25,Melbourne Cricket Ground,Collingwood Magpies,Essendon Bombers,66,33,84894.0,33,H,1.0
20020426_WesternBulldogs,2002,5,2002-04-26,Marvel Stadium,Western Bulldogs,Melbourne Demons,81,104,30789.0,-23,A,0.0
20020427_AdelaideCrows,2002,5,2002-04-27,AAMI Stadium,Adelaide Crows,Port Adelaide Power,82,90,49513.0,-8,A,0.0
20020427_HawthornHawks,2002,5,2002-04-27,Melbourne Cricket Ground,Hawthorn Hawks,Richmond Tigers,125,83,39694.0,42,H,1.0
20020427_StKildaSaints,2002,5,2002-04-27,Marvel Stadium,St Kilda Saints,Sydney Swans,56,56,21007.0,0,D,
20020427_WestCoastEagles,2002,5,2002-04-27,Domain Stadium,West Coast Eagles,Brisbane Lions,121,75,33313.0,46,H,1.0
20020428_NorthMelbourneKangaroos,2002,5,2002-04-28,Marvel Stadium,North Melbourne Kangaroos,Carlton Blues,131,112,35138.0,19,H,1.0
20020428_GeelongCats,2002,5,2002-04-28,GMHBA Stadium,Geelong Cats,Fremantle Dockers,111,49,20075.0,62,H,1.0
20020503_StKildaSaints,2002,6,2002-05-03,Marvel Stadium,St Kilda Saints,Collingwood Magpies,28,111,46089.0,-83,A,0.0
20020504_FremantleDockers,2002,6,2002-05-04,Domain Stadium,Fremantle Dockers,Essendon Bombers,89,62,25319.0,27,H,1.0
20020504_HawthornHawks,2002,6,2002-05-04,Melbourne Cricket Ground,Hawthorn Hawks,North Melbourne Kangaroos,155,87,33345.0,68,H,1.0
20020504_BrisbaneLions,2002,6,2002-05-04,The Gabba,Brisbane Lions,Geelong Cats,146,89,27015.0,57,H,1.0
20020504_WesternBulldogs,2002,6,2002-05-04,Marvel Stadium,Western Bulldogs,Carlton Blues,96,68,29783.0,28,H,1.0
20020505_AdelaideCrows,2002,6,2002-05-05,Marvel Stadium,Adelaide Crows,Richmond Tigers,105,73,23355.0,32,H,1.0
20020505_PortAdelaidePower,2002,6,2002-05-05,AAMI Stadium,Port Adelaide Power,West Coast Eagles,133,79,27056.0,54,H,1.0
20020505_SydneySwans,2002,6,2002-05-05,Sydney Cricket Ground,Sydney Swans,Melbourne Demons,99,71,23578.0,28,H,1.0
20020510_EssendonBombers,2002,7,2002-05-10,Melbourne Cricket Ground,Essendon Bombers,Carlton Blues,87,62,55633.0,25,H,1.0
20020511_AdelaideCrows,2002,7,2002-05-11,AAMI Stadium,Adelaide Crows,Fremantle Dockers,118,89,44058.0,29,H,1.0
20020511_HawthornHawks,2002,7,2002-05-11,Melbourne Cricket Ground,Hawthorn Hawks,Geelong Cats,130,78,38709.0,52,H,1.0
20020511_WestCoastEagles,2002,7,2002-05-11,Domain Stadium,West Coast Eagles,North Melbourne Kangaroos,139,90,32815.0,49,H,1.0
20020511_RichmondTigers,2002,7,2002-05-11,Marvel Stadium,Richmond Tigers,Sydney Swans,88,82,29303.0,6,H,1.0
20020512_BrisbaneLions,2002,7,2002-05-12,The Gabba,Brisbane Lions,Port Adelaide Power,129,72,24538.0,57,H,1.0
20020512_MelbourneDemons,2002,7,2002-05-12,Melbourne Cricket Ground,Melbourne Demons,St Kilda Saints,105,102,20892.0,3,H,1.0
20020512_WesternBulldogs,2002,7,2002-05-12,Marvel Stadium,Western Bulldogs,Collingwood Magpies,63,73,34400.0,-10,A,0.0
20020517_HawthornHawks,2002,8,2002-05-17,Melbourne Cricket Ground,Hawthorn Hawks,Carlton Blues,89,80,39142.0,9,H,1.0
20020518_CollingwoodMagpies,2002,8,2002-05-18,Marvel Stadium,Collingwood Magpies,Brisbane Lions,114,111,46279.0,3,H,1.0
20020518_FremantleDockers,2002,8,2002-05-18,Domain Stadium,Fremantle Dockers,Melbourne Demons,94,89,25027.0,5,H,1.0
20020518_RichmondTigers,2002,8,2002-05-18,Melbourne Cricket Ground,Richmond Tigers,West Coast Eagles,94,73,22647.0,21,H,1.0
20020518_PortAdelaidePower,2002,8,2002-05-18,AAMI Stadium,Port Adelaide Power,Geelong Cats,129,54,18193.0,75,H,1.0
20020519_SydneySwans,2002,8,2002-05-19,Sydney Cricket Ground,Sydney Swans,Western Bulldogs,90,159,20934.0,-69,A,0.0
20020519_NorthMelbourneKangaroos,2002,8,2002-05-19,Manuka Oval,North Melbourne Kangaroos,Adelaide Crows,110,93,7671.0,17,H,1.0
20020519_EssendonBombers,2002,8,2002-05-19,Marvel Stadium,Essendon Bombers,St Kilda Saints,171,72,34262.0,99,H,1.0
20020524_PortAdelaidePower,2002,9,2002-05-24,AAMI Stadium,Port Adelaide Power,Collingwood Magpies,91,86,35834.0,5,H,1.0
20020525_SydneySwans,2002,9,2002-05-25,Accor Stadium,Sydney Swans,Essendon Bombers,83,85,54129.0,-2,A,0.0
20020525_StKildaSaints,2002,9,2002-05-25,Marvel Stadium,St Kilda Saints,Richmond Tigers,72,63,30336.0,9,H,1.0
20020525_MelbourneDemons,2002,9,2002-05-25,Melbourne Cricket Ground,Melbourne Demons,North Melbourne Kangaroos,111,107,28625.0,4,H,1.0
20020525_GeelongCats,2002,9,2002-05-25,GMHBA Stadium,Geelong Cats,Western Bulldogs,105,117,22033.0,-12,A,0.0
20020526_WestCoastEagles,2002,9,2002-05-26,Domain Stadium,West Coast Eagles,Hawthorn Hawks,126,88,38646.0,38,H,1.0
20020526_BrisbaneLions,2002,9,2002-05-26,The Gabba,Brisbane Lions,Fremantle Dockers,109,79,21709.0,30,H,1.0
20020526_CarltonBlues,2002,9,2002-05-26,Princes Park,Carlton Blues,Adelaide Crows,75,131,19305.0,-56,A,0.0
20020531_NorthMelbourneKangaroos,2002,10,2002-05-31,Melbourne Cricket Ground,North Melbourne Kangaroos,Essendon Bombers,92,84,34352.0,8,H,1.0
20020601_RichmondTigers,2002,10,2002-06-01,Melbourne Cricket Ground,Richmond Tigers,Western Bulldogs,98,117,31586.0,-19,A,0.0
20020601_AdelaideCrows,2002,10,2002-06-01,AAMI Stadium,Adelaide Crows,Brisbane Lions,101,94,47279.0,7,H,1.0
20020601_GeelongCats,2002,10,2002-06-01,GMHBA Stadium,Geelong Cats,Melbourne Demons,89,63,20031.0,26,H,1.0
20020601_CollingwoodMagpies,2002,10,2002-06-01,Marvel Stadium,Collingwood Magpies,Sydney Swans,95,84,45269.0,11,H,1.0
20020602_StKildaSaints,2002,10,2002-06-02,Marvel Stadium,St Kilda Saints,West Coast Eagles,127,77,18876.0,50,H,1.0
20020602_FremantleDockers,2002,10,2002-06-02,Domain Stadium,Fremantle Dockers,Carlton Blues,96,68,27277.0,28,H,1.0
20020602_PortAdelaidePower,2002,10,2002-06-02,UTAS Stadium,Port Adelaide Power,Hawthorn Hawks,117,77,18112.0,40,H,1.0
20020607_NorthMelbourneKangaroos,2002,11,2002-06-07,Marvel Stadium,North Melbourne Kangaroos,Richmond Tigers,95,84,30889.0,11,H,1.0
20020608_WestCoastEagles,2002,11,2002-06-08,Domain Stadium,West Coast Eagles,Sydney Swans,102,89,35014.0,13,H,1.0
20020608_EssendonBombers,2002,11,2002-06-08,Marvel Stadium,Essendon Bombers,Port Adelaide Power,49,108,40044.0,-59,A,0.0
20020608_AdelaideCrows,2002,11,2002-06-08,AAMI Stadium,Adelaide Crows,Hawthorn Hawks,102,58,42162.0,44,H,1.0
20020609_GeelongCats,2002,11,2002-06-09,Marvel Stadium,Geelong Cats,Carlton Blues,100,96,37294.0,4,H,1.0
20020609_WesternBulldogs,2002,11,2002-06-09,Princes Park,Western Bulldogs,Fremantle Dockers,145,80,11539.0,65,H,1.0
20020609_BrisbaneLions,2002,11,2002-06-09,The Gabba,Brisbane Lions,St Kilda Saints,113,52,23157.0,61,H,1.0
20020610_MelbourneDemons,2002,11,2002-06-10,Melbourne Cricket Ground,Melbourne Demons,Collingwood Magpies,75,126,65860.0,-51,A,0.0
20020614_HawthornHawks,2002,12,2002-06-14,Melbourne Cricket Ground,Hawthorn Hawks,Essendon Bombers,65,72,40470.0,-7,A,0.0
20020615_SydneySwans,2002,12,2002-06-15,Sydney Cricket Ground,Sydney Swans,Geelong Cats,99,101,21767.0,-2,A,0.0
20020615_CarltonBlues,2002,12,2002-06-15,Princes Park,Carlton Blues,West Coast Eagles,88,89,16353.0,-1,A,0.0
20020616_FremantleDockers,2002,12,2002-06-16,Domain Stadium,Fremantle Dockers,Collingwood Magpies,90,79,33088.0,11,H,1.0
20020621_WesternBulldogs,2002,12,2002-06-21,Marvel Stadium,Western Bulldogs,St Kilda Saints,133,86,29453.0,47,H,1.0
20020622_BrisbaneLions,2002,12,2002-06-22,The Gabba,Brisbane Lions,North Melbourne Kangaroos,138,123,27940.0,15,H,1.0
20020622_MelbourneDemons,2002,12,2002-06-22,Princes Park,Melbourne Demons,Adelaide Crows,98,73,12210.0,25,H,1.0
20020623_PortAdelaidePower,2002,12,2002-06-23,AAMI Stadium,Port Adelaide Power,Richmond Tigers,154,70,25770.0,84,H,1.0
20020628_EssendonBombers,2002,13,2002-06-28,Marvel Stadium,Essendon Bombers,Melbourne Demons,120,108,41817.0,12,H,1.0
20020629_PortAdelaidePower,2002,13,2002-06-29,AAMI Stadium,Port Adelaide Power,Western Bulldogs,161,115,24751.0,46,H,1.0
20020629_NorthMelbourneKangaroos,2002,13,2002-06-29,Marvel Stadium,North Melbourne Kangaroos,Collingwood Magpies,60,93,48288.0,-33,A,0.0
20020629_BrisbaneLions,2002,13,2002-06-29,The Gabba,Brisbane Lions,Carlton Blues,124,109,27324.0,15,H,1.0
20020629_RichmondTigers,2002,13,2002-06-29,Melbourne Cricket Ground,Richmond Tigers,Geelong Cats,54,96,30197.0,-42,A,0.0
20020630_SydneySwans,2002,13,2002-06-30,Sydney Cricket Ground,Sydney Swans,Fremantle Dockers,139,62,16844.0,77,H,1.0
20020630_StKildaSaints,2002,13,2002-06-30,Marvel Stadium,St Kilda Saints,Hawthorn Hawks,78,87,28928.0,-9,A,0.0
20020630_WestCoastEagles,2002,13,2002-06-30,Domain Stadium,West Coast Eagles,Adelaide Crows,135,117,34937.0,18,H,1.0
20020705_RichmondTigers,2002,14,2002-07-05,Melbourne Cricket Ground,Richmond Tigers,Carlton Blues,85,86,36941.0,-1,A,0.0
20020706_HawthornHawks,2002,14,2002-07-06,Melbourne Cricket Ground,Hawthorn Hawks,Sydney Swans,74,64,25079.0,10,H,1.0
20020706_GeelongCats,2002,14,2002-07-06,GMHBA Stadium,Geelong Cats,West Coast Eagles,65,33,18608.0,32,H,1.0
20020706_WesternBulldogs,2002,14,2002-07-06,Marvel Stadium,Western Bulldogs,Essendon Bombers,118,118,44864.0,0,D,
20020706_FremantleDockers,2002,14,2002-07-06,Domain Stadium,Fremantle Dockers,Port Adelaide Power,63,147,24193.0,-84,A,0.0
20020707_AdelaideCrows,2002,14,2002-07-07,AAMI Stadium,Adelaide Crows,Collingwood Magpies,116,138,46368.0,-22,A,0.0
20020707_StKildaSaints,2002,14,2002-07-07,Marvel Stadium,St Kilda Saints,North Melbourne Kangaroos,84,128,23864.0,-44,A,0.0
20020707_BrisbaneLions,2002,14,2002-07-07,The Gabba,Brisbane Lions,Melbourne Demons,110,131,25166.0,-21,A,0.0
20020712_WesternBulldogs,2002,15,2002-07-12,Marvel Stadium,Western Bulldogs,Hawthorn Hawks,93,116,35434.0,-23,A,0.0
20020713_BrisbaneLions,2002,15,2002-07-13,Marvel Stadium,Brisbane Lions,Richmond Tigers,118,55,22642.0,63,H,1.0
20020713_AdelaideCrows,2002,15,2002-07-13,AAMI Stadium,Adelaide Crows,St Kilda Saints,99,81,29895.0,18,H,1.0
20020713_CollingwoodMagpies,2002,15,2002-07-13,Melbourne Cricket Ground,Collingwood Magpies,Geelong Cats,99,127,65331.0,-28,A,0.0
20020713_NorthMelbourneKangaroos,2002,15,2002-07-13,Manuka Oval,North Melbourne Kangaroos,Fremantle Dockers,83,82,9242.0,1,H,1.0
20020714_WestCoastEagles,2002,15,2002-07-14,Domain Stadium,West Coast Eagles,Essendon Bombers,90,63,37600.0,27,H,1.0
20020714_MelbourneDemons,2002,15,2002-07-14,Marvel Stadium,Melbourne Demons,Carlton Blues,139,95,37915.0,44,H,1.0
20020714_SydneySwans,2002,15,2002-07-14,Sydney Cricket Ground,Sydney Swans,Port Adelaide Power,92,94,18974.0,-2,A,0.0
20020719_CollingwoodMagpies,2002,16,2002-07-19,Melbourne Cricket Ground,Collingwood Magpies,Richmond Tigers,89,49,48620.0,40,H,1.0
20020720_MelbourneDemons,2002,16,2002-07-20,Melbourne Cricket Ground,Melbourne Demons,Hawthorn Hawks,67,93,37442.0,-26,A,0.0
20020720_NorthMelbourneKangaroos,2002,16,2002-07-20,Princes Park,North Melbourne Kangaroos,Port Adelaide Power,99,70,9398.0,29,H,1.0
20020720_EssendonBombers,2002,16,2002-07-20,Marvel Stadium,Essendon Bombers,Geelong Cats,56,95,47778.0,-39,A,0.0
20020720_FremantleDockers,2002,16,2002-07-20,Domain Stadium,Fremantle Dockers,West Coast Eagles,100,70,41779.0,30,H,1.0
20020721_AdelaideCrows,2002,16,2002-07-21,AAMI Stadium,Adelaide Crows,Western Bulldogs,138,95,41247.0,43,H,1.0
20020721_BrisbaneLions,2002,16,2002-07-21,The Gabba,Brisbane Lions,Sydney Swans,117,79,25720.0,38,H,1.0
20020721_StKildaSaints,2002,16,2002-07-21,Marvel Stadium,St Kilda Saints,Carlton Blues,140,97,33813.0,43,H,1.0
20020726_RichmondTigers,2002,17,2002-07-26,Melbourne Cricket Ground,Richmond Tigers,Essendon Bombers,53,54,39650.0,-1,A,0.0
20020727_WestCoastEagles,2002,17,2002-07-27,Domain Stadium,West Coast Eagles,Collingwood Magpies,114,56,38877.0,58,H,1.0
20020727_PortAdelaidePower,2002,17,2002-07-27,AAMI Stadium,Port Adelaide Power,Melbourne Demons,116,112,25283.0,4,H,1.0
20020727_SydneySwans,2002,17,2002-07-27,Accor Stadium,Sydney Swans,Carlton Blues,92,69,34404.0,23,H,1.0
20020727_HawthornHawks,2002,17,2002-07-27,Melbourne Cricket Ground,Hawthorn Hawks,Brisbane Lions,68,124,35202.0,-56,A,0.0
20020728_WesternBulldogs,2002,17,2002-07-28,Marvel Stadium,Western Bulldogs,North Melbourne Kangaroos,139,105,31576.0,34,H,1.0
20020728_StKildaSaints,2002,17,2002-07-28,Princes Park,St Kilda Saints,Fremantle Dockers,118,79,8078.0,39,H,1.0
20020728_GeelongCats,2002,17,2002-07-28,GMHBA Stadium,Geelong Cats,Adelaide Crows,90,93,24325.0,-3,A,0.0
20020802_CollingwoodMagpies,2002,18,2002-08-02,Melbourne Cricket Ground,Collingwood Magpies,Carlton Blues,141,33,54233.0,108,H,1.0
20020803_GeelongCats,2002,18,2002-08-03,GMHBA Stadium,Geelong Cats,North Melbourne Kangaroos,51,115,23163.0,-64,A,0.0
20020803_PortAdelaidePower,2002,18,2002-08-03,AAMI Stadium,Port Adelaide Power,St Kilda Saints,105,63,22885.0,42,H,1.0
20020803_EssendonBombers,2002,18,2002-08-03,Marvel Stadium,Essendon Bombers,Brisbane Lions,71,108,43036.0,-37,A,0.0
20020803_FremantleDockers,2002,18,2002-08-03,Domain Stadium,Fremantle Dockers,Hawthorn Hawks,96,35,24332.0,61,H,1.0
20020804_SydneySwans,2002,18,2002-08-04,Sydney Cricket Ground,Sydney Swans,Adelaide Crows,98,116,18766.0,-18,A,0.0
20020804_MelbourneDemons,2002,18,2002-08-04,Melbourne Cricket Ground,Melbourne Demons,Richmond Tigers,94,99,28815.0,-5,A,0.0
20020804_WesternBulldogs,2002,18,2002-08-04,Princes Park,Western Bulldogs,West Coast Eagles,142,91,11809.0,51,H,1.0
20020809_HawthornHawks,2002,19,2002-08-09,Melbourne Cricket Ground,Hawthorn Hawks,Collingwood Magpies,105,97,53750.0,8,H,1.0
20020810_SydneySwans,2002,19,2002-08-10,Sydney Cricket Ground,Sydney Swans,North Melbourne Kangaroos,144,97,14776.0,47,H,1.0
20020810_BrisbaneLions,2002,19,2002-08-10,The Gabba,Brisbane Lions,Western Bulldogs,105,67,27443.0,38,H,1.0
20020810_CarltonBlues,2002,19,2002-08-10,Princes Park,Carlton Blues,Port Adelaide Power,45,54,14115.0,-9,A,0.0
20020810_RichmondTigers,2002,19,2002-08-10,Melbourne Cricket Ground,Richmond Tigers,Fremantle Dockers,122,72,19519.0,50,H,1.0
20020811_WestCoastEagles,2002,19,2002-08-11,Domain Stadium,West Coast Eagles,Melbourne Demons,100,106,36195.0,-6,A,0.0
20020811_StKildaSaints,2002,19,2002-08-11,Marvel Stadium,St Kilda Saints,Geelong Cats,101,102,25552.0,-1,A,0.0
20020811_AdelaideCrows,2002,19,2002-08-11,AAMI Stadium,Adelaide Crows,Essendon Bombers,124,76,43720.0,48,H,1.0
20020816_RichmondTigers,2002,20,2002-08-16,Melbourne Cricket Ground,Richmond Tigers,Hawthorn Hawks,107,93,39391.0,14,H,1.0
20020817_FremantleDockers,2002,20,2002-08-17,Domain Stadium,Fremantle Dockers,Geelong Cats,117,72,22610.0,45,H,1.0
20020817_CollingwoodMagpies,2002,20,2002-08-17,Melbourne Cricket Ground,Collingwood Magpies,Essendon Bombers,71,126,69613.0,-55,A,0.0
20020817_NorthMelbourneKangaroos,2002,20,2002-08-17,Marvel Stadium,North Melbourne Kangaroos,Carlton Blues,114,95,23532.0,19,H,1.0
20020817_BrisbaneLions,2002,20,2002-08-17,The Gabba,Brisbane Lions,West Coast Eagles,136,89,29436.0,47,H,1.0
20020818_PortAdelaidePower,2002,20,2002-08-18,AAMI Stadium,Port Adelaide Power,Adelaide Crows,84,76,50275.0,8,H,1.0
20020818_MelbourneDemons,2002,20,2002-08-18,Melbourne Cricket Ground,Melbourne Demons,Western Bulldogs,107,95,29225.0,12,H,1.0
20020818_SydneySwans,2002,20,2002-08-18,Sydney Cricket Ground,Sydney Swans,St Kilda Saints,87,80,16079.0,7,H,1.0
20020823_HawthornHawks,2002,21,2002-08-23,Melbourne Cricket Ground,Hawthorn Hawks,North Melbourne Kangaroos,104,119,32393.0,-15,A,0.0
20020824_GeelongCats,2002,21,2002-08-24,GMHBA Stadium,Geelong Cats,Brisbane Lions,55,110,24003.0,-55,A,0.0
20020824_WesternBulldogs,2002,21,2002-08-24,Marvel Stadium,Western Bulldogs,Carlton Blues,97,99,22938.0,-2,A,0.0
20020824_WestCoastEagles,2002,21,2002-08-24,Domain Stadium,West Coast Eagles,Port Adelaide Power,65,103,36502.0,-38,A,0.0
20020824_MelbourneDemons,2002,21,2002-08-24,Melbourne Cricket Ground,Melbourne Demons,Sydney Swans,77,145,27146.0,-68,A,0.0
20020825_EssendonBombers,2002,21,2002-08-25,Marvel Stadium,Essendon Bombers,Fremantle Dockers,93,72,32667.0,21,H,1.0
20020825_AdelaideCrows,2002,21,2002-08-25,AAMI Stadium,Adelaide Crows,Richmond Tigers,87,65,42878.0,22,H,1.0
20020825_CollingwoodMagpies,2002,21,2002-08-25,Melbourne Cricket Ground,Collingwood Magpies,St Kilda Saints,77,66,42056.0,11,H,1.0
20020830_HawthornHawks,2002,22,2002-08-30,Marvel Stadium,Hawthorn Hawks,Geelong Cats,75,57,41600.0,18,H,1.0
20020831_StKildaSaints,2002,22,2002-08-31,Marvel Stadium,St Kilda Saints,Melbourne Demons,117,135,34185.0,-18,A,0.0
20020831_SydneySwans,2002,22,2002-08-31,Accor Stadium,Sydney Swans,Richmond Tigers,116,76,40386.0,40,H,1.0
20020831_PortAdelaidePower,2002,22,2002-08-31,AAMI Stadium,Port Adelaide Power,Brisbane Lions,90,84,46439.0,6,H,1.0
20020831_CollingwoodMagpies,2002,22,2002-08-31,Melbourne Cricket Ground,Collingwood Magpies,Western Bulldogs,73,114,43894.0,-41,A,0.0
20020901_EssendonBombers,2002,22,2002-09-01,Melbourne Cricket Ground,Essendon Bombers,Carlton Blues,92,37,46649.0,55,H,1.0
20020901_WestCoastEagles,2002,22,2002-09-01,Manuka Oval,West Coast Eagles,North Melbourne Kangaroos,143,126,11613.0,17,H,1.0
20020901_FremantleDockers,2002,22,2002-09-01,Domain Stadium,Fremantle Dockers,Adelaide Crows,80,120,21610.0,-40,A,0.0
20020906_CollingwoodMagpies,2002,QF,2002-09-06,AAMI Stadium,Collingwood Magpies,Port Adelaide Power,108,95,33131.0,13,H,1.0
20020907_BrisbaneLions,2002,QF,2002-09-07,The Gabba,Brisbane Lions,Adelaide Crows,115,44,31854.0,71,H,1.0
20020907_EssendonBombers,2002,EF,2002-09-07,Marvel Stadium,Essendon Bombers,West Coast Eagles,111,78,37475.0,33,H,1.0
20020908_MelbourneDemons,2002,EF,2002-09-08,Melbourne Cricket Ground,Melbourne Demons,North Melbourne Kangaroos,122,84,53967.0,38,H,1.0
20020913_PortAdelaidePower,2002,SF,2002-09-13,AAMI Stadium,Port Adelaide Power,Essendon Bombers,83,59,27661.0,24,H,1.0
20020914_AdelaideCrows,2002,SF,2002-09-14,Melbourne Cricket Ground,Adelaide Crows,Melbourne Demons,130,118,51533.0,12,H,1.0
20020921_CollingwoodMagpies,2002,PF,2002-09-21,Melbourne Cricket Ground,Collingwood Magpies,Adelaide Crows,91,63,88960.0,28,H,1.0
20020921_BrisbaneLions,2002,PF,2002-09-21,The Gabba,Brisbane Lions,Port Adelaide Power,138,82,33047.0,56,H,1.0
20020928_BrisbaneLions,2002,GF,2002-09-28,Melbourne Cricket Ground,Brisbane Lions,Collingwood Magpies,75,66,91817.0,9,H,1.0
20030328_CollingwoodMagpies,2003,1,2003-03-28,Melbourne Cricket Ground,Collingwood Magpies,Richmond Tigers,94,66,61058.0,28,H,1.0
20030329_SydneySwans,2003,1,2003-03-29,Accor Stadium,Sydney Swans,Carlton Blues,146,72,30803.0,74,H,1.0
20030329_NorthMelbourneKangaroos,2003,1,2003-03-29,Melbourne Cricket Ground,North Melbourne Kangaroos,St Kilda Saints,96,70,28361.0,26,H,1.0
20030329_WestCoastEagles,2003,1,2003-03-29,Domain Stadium,West Coast Eagles,Port Adelaide Power,122,74,35083.0,48,H,1.0
20030329_BrisbaneLions,2003,1,2003-03-29,The Gabba,Brisbane Lions,Essendon Bombers,104,61,36197.0,43,H,1.0
20030330_MelbourneDemons,2003,1,2003-03-30,Melbourne Cricket Ground,Melbourne Demons,Hawthorn Hawks,106,100,41888.0,6,H,1.0
20030330_AdelaideCrows,2003,1,2003-03-30,AAMI Stadium,Adelaide Crows,Fremantle Dockers,145,89,45436.0,56,H,1.0
20030330_WesternBulldogs,2003,1,2003-03-30,Marvel Stadium,Western Bulldogs,Geelong Cats,130,91,27931.0,39,H,1.0
20030404_CollingwoodMagpies,2003,2,2003-04-04,Melbourne Cricket Ground,Collingwood Magpies,Carlton Blues,107,91,51894.0,16,H,1.0
20030405_StKildaSaints,2003,2,2003-04-05,Marvel Stadium,St Kilda Saints,Adelaide Crows,99,91,19131.0,8,H,1.0
20030405_MelbourneDemons,2003,2,2003-04-05,Melbourne Cricket Ground,Melbourne Demons,Essendon Bombers,75,112,43448.0,-37,A,0.0
20030405_FremantleDockers,2003,2,2003-04-05,Domain Stadium,Fremantle Dockers,Sydney Swans,86,60,24887.0,26,H,1.0
20030405_PortAdelaidePower,2003,2,2003-04-05,AAMI Stadium,Port Adelaide Power,Brisbane Lions,76,86,27876.0,-10,A,0.0
20030406_HawthornHawks,2003,2,2003-04-06,UTAS Stadium,Hawthorn Hawks,West Coast Eagles,91,89,16217.0,2,H,1.0
20030406_WesternBulldogs,2003,2,2003-04-06,Marvel Stadium,Western Bulldogs,Richmond Tigers,89,111,28847.0,-22,A,0.0
20030406_GeelongCats,2003,2,2003-04-06,GMHBA Stadium,Geelong Cats,North Melbourne Kangaroos,71,94,22588.0,-23,A,0.0
20030411_CarltonBlues,2003,3,2003-04-11,Melbourne Cricket Ground,Carlton Blues,Essendon Bombers,105,94,44268.0,11,H,1.0
20030412_PortAdelaidePower,2003,3,2003-04-12,AAMI Stadium,Port Adelaide Power,Hawthorn Hawks,128,71,24902.0,57,H,1.0
20030412_NorthMelbourneKangaroos,2003,3,2003-04-12,Marvel Stadium,North Melbourne Kangaroos,Brisbane Lions,109,109,24359.0,0,D,
20030412_CollingwoodMagpies,2003,3,2003-04-12,Melbourne Cricket Ground,Collingwood Magpies,Geelong Cats,116,69,43979.0,47,H,1.0
20030412_WestCoastEagles,2003,3,2003-04-12,Domain Stadium,West Coast Eagles,St Kilda Saints,144,74,32009.0,70,H,1.0
20030413_WesternBulldogs,2003,3,2003-04-13,Marvel Stadium,Western Bulldogs,Melbourne Demons,95,127,20790.0,-32,A,0.0
20030413_SydneySwans,2003,3,2003-04-13,Sydney Cricket Ground,Sydney Swans,Adelaide Crows,76,103,23651.0,-27,A,0.0
20030413_RichmondTigers,2003,3,2003-04-13,Melbourne Cricket Ground,Richmond Tigers,Fremantle Dockers,94,46,19677.0,48,H,1.0
20030417_BrisbaneLions,2003,4,2003-04-17,The Gabba,Brisbane Lions,Collingwood Magpies,95,81,36803.0,14,H,1.0
20030419_GeelongCats,2003,4,2003-04-19,GMHBA Stadium,Geelong Cats,Melbourne Demons,90,44,23001.0,46,H,1.0
20030419_HawthornHawks,2003,4,2003-04-19,Melbourne Cricket Ground,Hawthorn Hawks,Sydney Swans,110,68,26359.0,42,H,1.0
20030419_WesternBulldogs,2003,4,2003-04-19,Marvel Stadium,Western Bulldogs,Essendon Bombers,110,129,35238.0,-19,A,0.0
20030420_AdelaideCrows,2003,4,2003-04-20,AAMI Stadium,Adelaide Crows,West Coast Eagles,106,73,43525.0,33,H,1.0
20030420_CarltonBlues,2003,4,2003-04-20,Princes Park,Carlton Blues,Port Adelaide Power,84,114,22507.0,-30,A,0.0
20030420_FremantleDockers,2003,4,2003-04-20,Domain Stadium,Fremantle Dockers,North Melbourne Kangaroos,167,122,25435.0,45,H,1.0
20030421_StKildaSaints,2003,4,2003-04-21,Marvel Stadium,St Kilda Saints,Richmond Tigers,81,107,44382.0,-26,A,0.0
20030425_SydneySwans,2003,5,2003-04-25,Sydney Cricket Ground,Sydney Swans,Melbourne Demons,109,85,24286.0,24,H,1.0
20030425_CollingwoodMagpies,2003,5,2003-04-25,Melbourne Cricket Ground,Collingwood Magpies,Essendon Bombers,81,147,62589.0,-66,A,0.0
20030426_AdelaideCrows,2003,5,2003-04-26,AAMI Stadium,Adelaide Crows,Port Adelaide Power,66,78,51140.0,-12,A,0.0
20030426_NorthMelbourneKangaroos,2003,5,2003-04-26,Marvel Stadium,North Melbourne Kangaroos,Carlton Blues,113,122,38094.0,-9,A,0.0
20030426_HawthornHawks,2003,5,2003-04-26,Melbourne Cricket Ground,Hawthorn Hawks,Richmond Tigers,95,115,45140.0,-20,A,0.0
20030427_BrisbaneLions,2003,5,2003-04-27,The Gabba,Brisbane Lions,Western Bulldogs,106,79,24341.0,27,H,1.0
20030427_StKildaSaints,2003,5,2003-04-27,Marvel Stadium,St Kilda Saints,Geelong Cats,119,74,27240.0,45,H,1.0
20030427_FremantleDockers,2003,5,2003-04-27,Domain Stadium,Fremantle Dockers,West Coast Eagles,73,108,41654.0,-35,A,0.0
20030502_NorthMelbourneKangaroos,2003,6,2003-05-02,Marvel Stadium,North Melbourne Kangaroos,Adelaide Crows,70,124,38469.0,-54,A,0.0
20030503_CarltonBlues,2003,6,2003-05-03,Princes Park,Carlton Blues,Hawthorn Hawks,63,74,27725.0,-11,A,0.0
20030503_PortAdelaidePower,2003,6,2003-05-03,AAMI Stadium,Port Adelaide Power,Richmond Tigers,84,57,29608.0,27,H,1.0
20030503_SydneySwans,2003,6,2003-05-03,Marvel Stadium,Sydney Swans,Collingwood Magpies,109,89,41874.0,20,H,1.0
20030503_MelbourneDemons,2003,6,2003-05-03,Melbourne Cricket Ground,Melbourne Demons,West Coast Eagles,94,127,17534.0,-33,A,0.0
20030504_GeelongCats,2003,6,2003-05-04,GMHBA Stadium,Geelong Cats,Brisbane Lions,78,92,21246.0,-14,A,0.0
20030504_WesternBulldogs,2003,6,2003-05-04,Marvel Stadium,Western Bulldogs,St Kilda Saints,85,100,27278.0,-15,A,0.0
20030504_FremantleDockers,2003,6,2003-05-04,Domain Stadium,Fremantle Dockers,Essendon Bombers,131,100,28492.0,31,H,1.0
20030509_NorthMelbourneKangaroos,2003,7,2003-05-09,Marvel Stadium,North Melbourne Kangaroos,Hawthorn Hawks,117,89,32435.0,28,H,1.0
20030510_WestCoastEagles,2003,7,2003-05-10,Domain Stadium,West Coast Eagles,Geelong Cats,113,97,36268.0,16,H,1.0
20030510_AdelaideCrows,2003,7,2003-05-10,AAMI Stadium,Adelaide Crows,Collingwood Magpies,109,114,44706.0,-5,A,0.0
20030510_StKildaSaints,2003,7,2003-05-10,Marvel Stadium,St Kilda Saints,Carlton Blues,113,101,45122.0,12,H,1.0
20030510_RichmondTigers,2003,7,2003-05-10,Melbourne Cricket Ground,Richmond Tigers,Essendon Bombers,84,42,52196.0,42,H,1.0
20030511_SydneySwans,2003,7,2003-05-11,Sydney Cricket Ground,Sydney Swans,Brisbane Lions,98,79,23276.0,19,H,1.0
20030511_MelbourneDemons,2003,7,2003-05-11,Melbourne Cricket Ground,Melbourne Demons,Port Adelaide Power,111,84,12410.0,27,H,1.0
20030511_WesternBulldogs,2003,7,2003-05-11,Marvel Stadium,Western Bulldogs,Fremantle Dockers,72,155,12542.0,-83,A,0.0
20030516_HawthornHawks,2003,8,2003-05-16,Melbourne Cricket Ground,Hawthorn Hawks,Essendon Bombers,53,106,48006.0,-53,A,0.0
20030517_BrisbaneLions,2003,8,2003-05-17,The Gabba,Brisbane Lions,Adelaide Crows,107,89,34469.0,18,H,1.0
20030517_RichmondTigers,2003,8,2003-05-17,Melbourne Cricket Ground,Richmond Tigers,Melbourne Demons,112,103,38063.0,9,H,1.0
20030517_WestCoastEagles,2003,8,2003-05-17,Marvel Stadium,West Coast Eagles,Collingwood Magpies,119,103,39912.0,16,H,1.0
20030517_PortAdelaidePower,2003,8,2003-05-17,AAMI Stadium,Port Adelaide Power,North Melbourne Kangaroos,103,49,24702.0,54,H,1.0
20030518_FremantleDockers,2003,8,2003-05-18,Domain Stadium,Fremantle Dockers,St Kilda Saints,123,82,26723.0,41,H,1.0
20030518_CarltonBlues,2003,8,2003-05-18,Princes Park,Carlton Blues,Western Bulldogs,107,100,20602.0,7,H,1.0
20030518_SydneySwans,2003,8,2003-05-18,Sydney Cricket Ground,Sydney Swans,Geelong Cats,112,73,22483.0,39,H,1.0
20030523_EssendonBombers,2003,9,2003-05-23,Marvel Stadium,Essendon Bombers,Port Adelaide Power,96,146,35390.0,-50,A,0.0
20030524_CarltonBlues,2003,9,2003-05-24,Princes Park,Carlton Blues,Brisbane Lions,76,153,24906.0,-77,A,0.0
20030524_StKildaSaints,2003,9,2003-05-24,Marvel Stadium,St Kilda Saints,Collingwood Magpies,84,149,46096.0,-65,A,0.0
20030524_MelbourneDemons,2003,9,2003-05-24,Melbourne Cricket Ground,Melbourne Demons,Fremantle Dockers,71,101,17009.0,-30,A,0.0
20030524_WestCoastEagles,2003,9,2003-05-24,Domain Stadium,West Coast Eagles,Richmond Tigers,124,72,40313.0,52,H,1.0
20030525_GeelongCats,2003,9,2003-05-25,Marvel Stadium,Geelong Cats,Hawthorn Hawks,109,75,28001.0,34,H,1.0
20030525_NorthMelbourneKangaroos,2003,9,2003-05-25,Manuka Oval,North Melbourne Kangaroos,Sydney Swans,84,59,13832.0,25,H,1.0
20030525_AdelaideCrows,2003,9,2003-05-25,AAMI Stadium,Adelaide Crows,Western Bulldogs,109,93,44342.0,16,H,1.0
20030530_PortAdelaidePower,2003,10,2003-05-30,AAMI Stadium,Port Adelaide Power,Collingwood Magpies,98,73,43321.0,25,H,1.0
20030531_RichmondTigers,2003,10,2003-05-31,Melbourne Cricket Ground,Richmond Tigers,Sydney Swans,72,104,34569.0,-32,A,0.0
20030531_WesternBulldogs,2003,10,2003-05-31,Marvel Stadium,Western Bulldogs,North Melbourne Kangaroos,145,156,24682.0,-11,A,0.0
20030531_BrisbaneLions,2003,10,2003-05-31,The Gabba,Brisbane Lions,Melbourne Demons,123,63,29634.0,60,H,1.0
20030531_FremantleDockers,2003,10,2003-05-31,Domain Stadium,Fremantle Dockers,Carlton Blues,127,99,33250.0,28,H,1.0
20030601_HawthornHawks,2003,10,2003-06-01,Melbourne Cricket Ground,Hawthorn Hawks,St Kilda Saints,90,118,25745.0,-28,A,0.0
20030601_EssendonBombers,2003,10,2003-06-01,Marvel Stadium,Essendon Bombers,West Coast Eagles,128,106,32715.0,22,H,1.0
20030601_GeelongCats,2003,10,2003-06-01,GMHBA Stadium,Geelong Cats,Adelaide Crows,59,76,19608.0,-17,A,0.0
20030606_NorthMelbourneKangaroos,2003,11,2003-06-06,Marvel Stadium,North Melbourne Kangaroos,Richmond Tigers,92,89,43200.0,3,H,1.0
20030607_HawthornHawks,2003,11,2003-06-07,Melbourne Cricket Ground,Hawthorn Hawks,Adelaide Crows,75,70,25841.0,5,H,1.0
20030607_StKildaSaints,2003,11,2003-06-07,Marvel Stadium,St Kilda Saints,Brisbane Lions,90,85,30313.0,5,H,1.0
20030607_SydneySwans,2003,11,2003-06-07,Accor Stadium,Sydney Swans,Essendon Bombers,133,79,45917.0,54,H,1.0
20030608_GeelongCats,2003,11,2003-06-08,Marvel Stadium,Geelong Cats,Carlton Blues,115,75,43587.0,40,H,1.0
20030608_WestCoastEagles,2003,11,2003-06-08,Domain Stadium,West Coast Eagles,Western Bulldogs,124,124,38540.0,0,D,
20030608_PortAdelaidePower,2003,11,2003-06-08,AAMI Stadium,Port Adelaide Power,Fremantle Dockers,112,63,30745.0,49,H,1.0
20030609_MelbourneDemons,2003,11,2003-06-09,Melbourne Cricket Ground,Melbourne Demons,Collingwood Magpies,77,133,60010.0,-56,A,0.0
20030613_EssendonBombers,2003,12,2003-06-13,Marvel Stadium,Essendon Bombers,North Melbourne Kangaroos,88,96,45331.0,-8,A,0.0
20030614_PortAdelaidePower,2003,12,2003-06-14,UTAS Stadium,Port Adelaide Power,St Kilda Saints,99,57,17763.0,42,H,1.0
20030614_RichmondTigers,2003,12,2003-06-14,Melbourne Cricket Ground,Richmond Tigers,Carlton Blues,86,93,36557.0,-7,A,0.0
20030614_FremantleDockers,2003,12,2003-06-14,Domain Stadium,Fremantle Dockers,Geelong Cats,88,72,30127.0,16,H,1.0
20030614_SydneySwans,2003,12,2003-06-14,Sydney Cricket Ground,Sydney Swans,Western Bulldogs,127,63,21742.0,64,H,1.0
20030615_BrisbaneLions,2003,12,2003-06-15,The Gabba,Brisbane Lions,West Coast Eagles,91,160,31185.0,-69,A,0.0
20030615_CollingwoodMagpies,2003,12,2003-06-15,Melbourne Cricket Ground,Collingwood Magpies,Hawthorn Hawks,51,84,47365.0,-33,A,0.0
20030615_AdelaideCrows,2003,12,2003-06-15,AAMI Stadium,Adelaide Crows,Melbourne Demons,138,65,40178.0,73,H,1.0
20030627_EssendonBombers,2003,13,2003-06-27,Marvel Stadium,Essendon Bombers,Geelong Cats,129,93,48374.0,36,H,1.0
20030628_WesternBulldogs,2003,13,2003-06-28,Marvel Stadium,Western Bulldogs,Collingwood Magpies,85,128,42952.0,-43,A,0.0
20030628_BrisbaneLions,2003,13,2003-06-28,The Gabba,Brisbane Lions,Richmond Tigers,104,61,32623.0,43,H,1.0
20030628_PortAdelaidePower,2003,13,2003-06-28,AAMI Stadium,Port Adelaide Power,Sydney Swans,99,60,24272.0,39,H,1.0
20030628_MelbourneDemons,2003,13,2003-06-28,Melbourne Cricket Ground,Melbourne Demons,St Kilda Saints,136,94,29339.0,42,H,1.0
20030629_WestCoastEagles,2003,13,2003-06-29,Domain Stadium,West Coast Eagles,North Melbourne Kangaroos,76,67,36641.0,9,H,1.0
20030629_HawthornHawks,2003,13,2003-06-29,UTAS Stadium,Hawthorn Hawks,Fremantle Dockers,98,68,17212.0,30,H,1.0
20030629_CarltonBlues,2003,13,2003-06-29,Princes Park,Carlton Blues,Adelaide Crows,50,92,19242.0,-42,A,0.0
20030704_StKildaSaints,2003,14,2003-07-04,Marvel Stadium,St Kilda Saints,Essendon Bombers,51,119,49148.0,-68,A,0.0
20030705_FremantleDockers,2003,14,2003-07-05,Domain Stadium,Fremantle Dockers,Brisbane Lions,75,72,28450.0,3,H,1.0
20030705_AdelaideCrows,2003,14,2003-07-05,AAMI Stadium,Adelaide Crows,Richmond Tigers,72,44,44809.0,28,H,1.0
20030705_HawthornHawks,2003,14,2003-07-05,Melbourne Cricket Ground,Hawthorn Hawks,Western Bulldogs,154,83,31390.0,71,H,1.0
20030705_NorthMelbourneKangaroos,2003,14,2003-07-05,Marvel Stadium,North Melbourne Kangaroos,Collingwood Magpies,50,126,53312.0,-76,A,0.0
20030706_SydneySwans,2003,14,2003-07-06,Sydney Cricket Ground,Sydney Swans,West Coast Eagles,92,84,31121.0,8,H,1.0
20030706_GeelongCats,2003,14,2003-07-06,GMHBA Stadium,Geelong Cats,Port Adelaide Power,70,69,19770.0,1,H,1.0
20030706_CarltonBlues,2003,14,2003-07-06,Princes Park,Carlton Blues,Melbourne Demons,90,97,24289.0,-7,A,0.0
20030711_AdelaideCrows,2003,15,2003-07-11,AAMI Stadium,Adelaide Crows,Essendon Bombers,90,49,41758.0,41,H,1.0
20030712_GeelongCats,2003,15,2003-07-12,Marvel Stadium,Geelong Cats,Richmond Tigers,101,97,38546.0,4,H,1.0
20030712_CollingwoodMagpies,2003,15,2003-07-12,Melbourne Cricket Ground,Collingwood Magpies,Fremantle Dockers,99,58,40964.0,41,H,1.0
20030712_WestCoastEagles,2003,15,2003-07-12,Domain Stadium,West Coast Eagles,Carlton Blues,187,71,39129.0,116,H,1.0
20030712_SydneySwans,2003,15,2003-07-12,Sydney Cricket Ground,Sydney Swans,St Kilda Saints,112,61,27550.0,51,H,1.0
20030713_BrisbaneLions,2003,15,2003-07-13,The Gabba,Brisbane Lions,Hawthorn Hawks,93,81,29684.0,12,H,1.0
20030713_MelbourneDemons,2003,15,2003-07-13,Melbourne Cricket Ground,Melbourne Demons,North Melbourne Kangaroos,94,101,24618.0,-7,A,0.0
20030713_WesternBulldogs,2003,15,2003-07-13,Marvel Stadium,Western Bulldogs,Port Adelaide Power,93,108,14784.0,-15,A,0.0
20030718_RichmondTigers,2003,16,2003-07-18,Melbourne Cricket Ground,Richmond Tigers,Collingwood Magpies,62,131,54655.0,-69,A,0.0
20030719_EssendonBombers,2003,16,2003-07-19,Marvel Stadium,Essendon Bombers,Brisbane Lions,94,86,47744.0,8,H,1.0
20030719_HawthornHawks,2003,16,2003-07-19,Melbourne Cricket Ground,Hawthorn Hawks,Melbourne Demons,113,106,32029.0,7,H,1.0
20030719_PortAdelaidePower,2003,16,2003-07-19,AAMI Stadium,Port Adelaide Power,West Coast Eagles,114,50,37624.0,64,H,1.0
20030719_CarltonBlues,2003,16,2003-07-19,Princes Park,Carlton Blues,Sydney Swans,84,115,21463.0,-31,A,0.0
20030720_StKildaSaints,2003,16,2003-07-20,Marvel Stadium,St Kilda Saints,North Melbourne Kangaroos,132,127,25381.0,5,H,1.0
20030720_GeelongCats,2003,16,2003-07-20,GMHBA Stadium,Geelong Cats,Western Bulldogs,81,99,22067.0,-18,A,0.0
20030720_FremantleDockers,2003,16,2003-07-20,Domain Stadium,Fremantle Dockers,Adelaide Crows,91,90,31225.0,1,H,1.0
20030725_WestCoastEagles,2003,17,2003-07-25,Domain Stadium,West Coast Eagles,Hawthorn Hawks,98,42,40127.0,56,H,1.0
20030726_BrisbaneLions,2003,17,2003-07-26,The Gabba,Brisbane Lions,Port Adelaide Power,103,104,32043.0,-1,A,0.0
20030726_WesternBulldogs,2003,17,2003-07-26,Marvel Stadium,Western Bulldogs,Richmond Tigers,95,155,25204.0,-60,A,0.0
20030726_NorthMelbourneKangaroos,2003,17,2003-07-26,Manuka Oval,North Melbourne Kangaroos,Geelong Cats,104,86,10253.0,18,H,1.0
20030726_MelbourneDemons,2003,17,2003-07-26,Melbourne Cricket Ground,Melbourne Demons,Essendon Bombers,71,88,33368.0,-17,A,0.0
20030727_SydneySwans,2003,17,2003-07-27,Sydney Cricket Ground,Sydney Swans,Fremantle Dockers,111,97,30228.0,14,H,1.0
20030727_AdelaideCrows,2003,17,2003-07-27,AAMI Stadium,Adelaide Crows,St Kilda Saints,143,86,44667.0,57,H,1.0
20030727_CollingwoodMagpies,2003,17,2003-07-27,Melbourne Cricket Ground,Collingwood Magpies,Carlton Blues,135,62,54500.0,73,H,1.0
20030801_WesternBulldogs,2003,18,2003-08-01,Marvel Stadium,Western Bulldogs,Melbourne Demons,101,80,20714.0,21,H,1.0
20030802_EssendonBombers,2003,18,2003-08-02,Melbourne Cricket Ground,Essendon Bombers,Carlton Blues,90,56,40697.0,34,H,1.0
20030802_CollingwoodMagpies,2003,18,2003-08-02,Marvel Stadium,Collingwood Magpies,Geelong Cats,97,73,45887.0,24,H,1.0
20030802_FremantleDockers,2003,18,2003-08-02,Domain Stadium,Fremantle Dockers,Richmond Tigers,104,81,31725.0,23,H,1.0
20030802_BrisbaneLions,2003,18,2003-08-02,The Gabba,Brisbane Lions,North Melbourne Kangaroos,137,83,28044.0,54,H,1.0
20030803_StKildaSaints,2003,18,2003-08-03,Marvel Stadium,St Kilda Saints,West Coast Eagles,128,67,21531.0,61,H,1.0
20030803_AdelaideCrows,2003,18,2003-08-03,AAMI Stadium,Adelaide Crows,Sydney Swans,97,93,46945.0,4,H,1.0
20030803_HawthornHawks,2003,18,2003-08-03,Melbourne Cricket Ground,Hawthorn Hawks,Port Adelaide Power,80,84,21415.0,-4,A,0.0
20030808_MelbourneDemons,2003,19,2003-08-08,Melbourne Cricket Ground,Melbourne Demons,Geelong Cats,45,84,22508.0,-39,A,0.0
20030809_StKildaSaints,2003,19,2003-08-09,Marvel Stadium,St Kilda Saints,Richmond Tigers,130,50,41514.0,80,H,1.0
20030809_WestCoastEagles,2003,19,2003-08-09,Domain Stadium,West Coast Eagles,Adelaide Crows,67,91,39681.0,-24,A,0.0
20030809_SydneySwans,2003,19,2003-08-09,Sydney Cricket Ground,Sydney Swans,Hawthorn Hawks,93,110,33473.0,-17,A,0.0
20030809_CollingwoodMagpies,2003,19,2003-08-09,Melbourne Cricket Ground,Collingwood Magpies,Brisbane Lions,62,101,61868.0,-39,A,0.0
20030810_EssendonBombers,2003,19,2003-08-10,Marvel Stadium,Essendon Bombers,Western Bulldogs,147,80,36138.0,67,H,1.0
20030810_FremantleDockers,2003,19,2003-08-10,Melbourne Cricket Ground,Fremantle Dockers,North Melbourne Kangaroos,99,98,18486.0,1,H,1.0
20030810_PortAdelaidePower,2003,19,2003-08-10,AAMI Stadium,Port Adelaide Power,Carlton Blues,125,81,31083.0,44,H,1.0
20030815_CollingwoodMagpies,2003,20,2003-08-15,Marvel Stadium,Collingwood Magpies,Adelaide Crows,108,71,45367.0,37,H,1.0
20030816_PortAdelaidePower,2003,20,2003-08-16,AAMI Stadium,Port Adelaide Power,Melbourne Demons,112,98,28032.0,14,H,1.0
20030816_GeelongCats,2003,20,2003-08-16,GMHBA Stadium,Geelong Cats,West Coast Eagles,63,63,19202.0,0,D,
20030816_NorthMelbourneKangaroos,2003,20,2003-08-16,Marvel Stadium,North Melbourne Kangaroos,Hawthorn Hawks,96,110,29234.0,-14,A,0.0
20030816_CarltonBlues,2003,20,2003-08-16,Princes Park,Carlton Blues,St Kilda Saints,75,166,22361.0,-91,A,0.0
20030817_BrisbaneLions,2003,20,2003-08-17,The Gabba,Brisbane Lions,Sydney Swans,76,90,32988.0,-14,A,0.0
20030817_FremantleDockers,2003,20,2003-08-17,Domain Stadium,Fremantle Dockers,Western Bulldogs,133,77,35518.0,56,H,1.0
20030817_RichmondTigers,2003,20,2003-08-17,Melbourne Cricket Ground,Richmond Tigers,Essendon Bombers,53,92,40846.0,-39,A,0.0
20030822_HawthornHawks,2003,21,2003-08-22,Melbourne Cricket Ground,Hawthorn Hawks,Carlton Blues,138,64,30406.0,74,H,1.0
20030823_AdelaideCrows,2003,21,2003-08-23,AAMI Stadium,Adelaide Crows,North Melbourne Kangaroos,64,74,42259.0,-10,A,0.0
20030823_EssendonBombers,2003,21,2003-08-23,Marvel Stadium,Essendon Bombers,Fremantle Dockers,133,73,42256.0,60,H,1.0
20030823_BrisbaneLions,2003,21,2003-08-23,The Gabba,Brisbane Lions,Geelong Cats,123,86,30515.0,37,H,1.0
20030823_SydneySwans,2003,21,2003-08-23,Accor Stadium,Sydney Swans,Collingwood Magpies,81,99,72393.0,-18,A,0.0
20030824_WestCoastEagles,2003,21,2003-08-24,Domain Stadium,West Coast Eagles,Melbourne Demons,143,91,38029.0,52,H,1.0
20030824_PortAdelaidePower,2003,21,2003-08-24,Marvel Stadium,Port Adelaide Power,Richmond Tigers,124,104,15920.0,20,H,1.0
20030824_StKildaSaints,2003,21,2003-08-24,UTAS Stadium,St Kilda Saints,Western Bulldogs,95,30,15637.0,65,H,1.0
20030829_CollingwoodMagpies,2003,22,2003-08-29,Melbourne Cricket Ground,Collingwood Magpies,Essendon Bombers,83,67,68381.0,16,H,1.0
20030830_GeelongCats,2003,22,2003-08-30,GMHBA Stadium,Geelong Cats,St Kilda Saints,84,65,20728.0,19,H,1.0
20030830_WesternBulldogs,2003,22,2003-08-30,Marvel Stadium,Western Bulldogs,Brisbane Lions,86,170,22361.0,-84,A,0.0
20030830_WestCoastEagles,2003,22,2003-08-30,Domain Stadium,West Coast Eagles,Fremantle Dockers,82,96,43027.0,-14,A,0.0
20030830_MelbourneDemons,2003,22,2003-08-30,Melbourne Cricket Ground,Melbourne Demons,Sydney Swans,60,94,22969.0,-34,A,0.0
20030831_PortAdelaidePower,2003,22,2003-08-31,AAMI Stadium,Port Adelaide Power,Adelaide Crows,94,78,48131.0,16,H,1.0
20030831_NorthMelbourneKangaroos,2003,22,2003-08-31,Marvel Stadium,North Melbourne Kangaroos,Carlton Blues,187,63,26138.0,124,H,1.0
20030831_RichmondTigers,2003,22,2003-08-31,Melbourne Cricket Ground,Richmond Tigers,Hawthorn Hawks,74,78,31389.0,-4,A,0.0
20030905_EssendonBombers,2003,EF,2003-09-05,Domain Stadium,Essendon Bombers,Fremantle Dockers,101,57,42770.0,44,H,1.0
20030906_CollingwoodMagpies,2003,QF,2003-09-06,Melbourne Cricket Ground,Collingwood Magpies,Brisbane Lions,66,51,66092.0,15,H,1.0
20030906_AdelaideCrows,2003,EF,2003-09-06,AAMI Stadium,Adelaide Crows,West Coast Eagles,113,57,38641.0,56,H,1.0
20030907_SydneySwans,2003,QF,2003-09-07,AAMI Stadium,Sydney Swans,Port Adelaide Power,100,88,33968.0,12,H,1.0
20030912_BrisbaneLions,2003,SF,2003-09-12,The Gabba,Brisbane Lions,Adelaide Crows,124,82,32432.0,42,H,1.0
20030913_PortAdelaidePower,2003,SF,2003-09-13,AAMI Stadium,Port Adelaide Power,Essendon Bombers,83,44,36557.0,39,H,1.0
20030920_BrisbaneLions,2003,PF,2003-09-20,Accor Stadium,Brisbane Lions,Sydney Swans,100,56,71019.0,44,H,1.0
20030920_CollingwoodMagpies,2003,PF,2003-09-20,Melbourne Cricket Ground,Collingwood Magpies,Port Adelaide Power,112,68,77405.0,44,H,1.0
20030927_BrisbaneLions,2003,GF,2003-09-27,Melbourne Cricket Ground,Brisbane Lions,Collingwood Magpies,134,84,79451.0,50,H,1.0
20040326_RichmondTigers,2004,1,2004-03-26,Melbourne Cricket Ground,Richmond Tigers,Collingwood Magpies,97,57,55622.0,40,H,1.0
20040327_StKildaSaints,2004,1,2004-03-27,Marvel Stadium,St Kilda Saints,Geelong Cats,122,61,35042.0,61,H,1.0
20040327_HawthornHawks,2004,1,2004-03-27,Melbourne Cricket Ground,Hawthorn Hawks,Melbourne Demons,119,70,38351.0,49,H,1.0
20040327_BrisbaneLions,2004,1,2004-03-27,The Gabba,Brisbane Lions,Sydney Swans,80,78,34028.0,2,H,1.0
20040327_FremantleDockers,2004,1,2004-03-27,Domain Stadium,Fremantle Dockers,Carlton Blues,107,60,34177.0,47,H,1.0
20040328_PortAdelaidePower,2004,1,2004-03-28,AAMI Stadium,Port Adelaide Power,Essendon Bombers,158,62,28413.0,96,H,1.0
20040328_NorthMelbourneKangaroos,2004,1,2004-03-28,Melbourne Cricket Ground,North Melbourne Kangaroos,Adelaide Crows,149,74,19231.0,75,H,1.0
20040328_WesternBulldogs,2004,1,2004-03-28,Marvel Stadium,Western Bulldogs,West Coast Eagles,137,144,18841.0,-7,A,0.0
20040402_MelbourneDemons,2004,2,2004-04-02,Melbourne Cricket Ground,Melbourne Demons,Richmond Tigers,135,76,33406.0,59,H,1.0
20040403_EssendonBombers,2004,2,2004-04-03,Marvel Stadium,Essendon Bombers,St Kilda Saints,60,94,44876.0,-34,A,0.0
20040403_AdelaideCrows,2004,2,2004-04-03,AAMI Stadium,Adelaide Crows,Brisbane Lions,83,104,41095.0,-21,A,0.0
20040403_CollingwoodMagpies,2004,2,2004-04-03,Melbourne Cricket Ground,Collingwood Magpies,Western Bulldogs,106,97,40044.0,9,H,1.0
20040403_WestCoastEagles,2004,2,2004-04-03,Domain Stadium,West Coast Eagles,Port Adelaide Power,115,118,39760.0,-3,A,0.0
20040404_HawthornHawks,2004,2,2004-04-04,Melbourne Cricket Ground,Hawthorn Hawks,North Melbourne Kangaroos,74,103,35305.0,-29,A,0.0
20040404_SydneySwans,2004,2,2004-04-04,Sydney Cricket Ground,Sydney Swans,Fremantle Dockers,102,71,21366.0,31,H,1.0
20040404_CarltonBlues,2004,2,2004-04-04,Princes Park,Carlton Blues,Geelong Cats,104,50,25037.0,54,H,1.0
20040408_BrisbaneLions,2004,3,2004-04-08,The Gabba,Brisbane Lions,Collingwood Magpies,137,77,36467.0,60,H,1.0
20040410_NorthMelbourneKangaroos,2004,3,2004-04-10,Melbourne Cricket Ground,North Melbourne Kangaroos,Carlton Blues,111,106,36273.0,5,H,1.0
20040410_SydneySwans,2004,3,2004-04-10,Sydney Cricket Ground,Sydney Swans,Geelong Cats,73,67,25451.0,6,H,1.0
20040410_EssendonBombers,2004,3,2004-04-10,Marvel Stadium,Essendon Bombers,West Coast Eagles,137,131,33195.0,6,H,1.0
20040411_WesternBulldogs,2004,3,2004-04-11,Melbourne Cricket Ground,Western Bulldogs,Melbourne Demons,87,97,27767.0,-10,A,0.0
20040411_PortAdelaidePower,2004,3,2004-04-11,AAMI Stadium,Port Adelaide Power,Hawthorn Hawks,171,90,27421.0,81,H,1.0
20040411_FremantleDockers,2004,3,2004-04-11,Domain Stadium,Fremantle Dockers,Adelaide Crows,73,64,32575.0,9,H,1.0
20040412_StKildaSaints,2004,3,2004-04-12,Marvel Stadium,St Kilda Saints,Richmond Tigers,114,69,43468.0,45,H,1.0
20040416_CarltonBlues,2004,4,2004-04-16,Melbourne Cricket Ground,Carlton Blues,Essendon Bombers,80,117,60864.0,-37,A,0.0
20040417_AdelaideCrows,2004,4,2004-04-17,AAMI Stadium,Adelaide Crows,St Kilda Saints,98,113,42219.0,-15,A,0.0
20040417_GeelongCats,2004,4,2004-04-17,Marvel Stadium,Geelong Cats,Richmond Tigers,127,78,31375.0,49,H,1.0
20040417_MelbourneDemons,2004,4,2004-04-17,Melbourne Cricket Ground,Melbourne Demons,Port Adelaide Power,124,71,20093.0,53,H,1.0
20040417_WestCoastEagles,2004,4,2004-04-17,Domain Stadium,West Coast Eagles,Brisbane Lions,79,76,39666.0,3,H,1.0
20040418_HawthornHawks,2004,4,2004-04-18,Melbourne Cricket Ground,Hawthorn Hawks,Western Bulldogs,97,109,24959.0,-12,A,0.0
20040418_NorthMelbourneKangaroos,2004,4,2004-04-18,Manuka Oval,North Melbourne Kangaroos,Sydney Swans,70,121,14891.0,-51,A,0.0
20040418_CollingwoodMagpies,2004,4,2004-04-18,Marvel Stadium,Collingwood Magpies,Fremantle Dockers,54,88,34416.0,-34,A,0.0
20040423_RichmondTigers,2004,5,2004-04-23,Marvel Stadium,Richmond Tigers,Adelaide Crows,59,134,25267.0,-75,A,0.0
20040424_BrisbaneLions,2004,5,2004-04-24,The Gabba,Brisbane Lions,Hawthorn Hawks,110,62,34526.0,48,H,1.0
20040424_SydneySwans,2004,5,2004-04-24,Accor Stadium,Sydney Swans,Melbourne Demons,99,111,33127.0,-12,A,0.0
20040424_StKildaSaints,2004,5,2004-04-24,Marvel Stadium,St Kilda Saints,North Melbourne Kangaroos,130,65,38896.0,65,H,1.0
20040424_CarltonBlues,2004,5,2004-04-24,Princes Park,Carlton Blues,West Coast Eagles,92,43,18018.0,49,H,1.0
20040425_PortAdelaidePower,2004,5,2004-04-25,AAMI Stadium,Port Adelaide Power,Western Bulldogs,119,64,26839.0,55,H,1.0
20040425_CollingwoodMagpies,2004,5,2004-04-25,Melbourne Cricket Ground,Collingwood Magpies,Essendon Bombers,79,112,57294.0,-33,A,0.0
20040425_FremantleDockers,2004,5,2004-04-25,Domain Stadium,Fremantle Dockers,Geelong Cats,117,91,35021.0,26,H,1.0
20040430_RichmondTigers,2004,6,2004-04-30,Marvel Stadium,Richmond Tigers,Hawthorn Hawks,84,83,37947.0,1,H,1.0
20040501_NorthMelbourneKangaroos,2004,6,2004-05-01,Manuka Oval,North Melbourne Kangaroos,Western Bulldogs,119,120,7222.0,-1,A,0.0
20040501_EssendonBombers,2004,6,2004-05-01,Melbourne Cricket Ground,Essendon Bombers,Sydney Swans,108,98,38946.0,10,H,1.0
20040501_WestCoastEagles,2004,6,2004-05-01,Domain Stadium,West Coast Eagles,Fremantle Dockers,73,83,42135.0,-10,A,0.0
20040501_StKildaSaints,2004,6,2004-05-01,Marvel Stadium,St Kilda Saints,Brisbane Lions,92,91,52539.0,1,H,1.0
20040502_GeelongCats,2004,6,2004-05-02,GMHBA Stadium,Geelong Cats,Adelaide Crows,101,58,18224.0,43,H,1.0
20040502_MelbourneDemons,2004,6,2004-05-02,Melbourne Cricket Ground,Melbourne Demons,Carlton Blues,160,55,38799.0,105,H,1.0
20040502_PortAdelaidePower,2004,6,2004-05-02,AAMI Stadium,Port Adelaide Power,Collingwood Magpies,101,84,31174.0,17,H,1.0
20040507_WesternBulldogs,2004,7,2004-05-07,Marvel Stadium,Western Bulldogs,Essendon Bombers,95,121,45119.0,-26,A,0.0
20040508_PortAdelaidePower,2004,7,2004-05-08,AAMI Stadium,Port Adelaide Power,Adelaide Crows,87,119,44733.0,-32,A,0.0
20040508_CarltonBlues,2004,7,2004-05-08,Melbourne Cricket Ground,Carlton Blues,Collingwood Magpies,89,80,56617.0,9,H,1.0
20040508_FremantleDockers,2004,7,2004-05-08,Domain Stadium,Fremantle Dockers,St Kilda Saints,72,95,39931.0,-23,A,0.0
20040508_NorthMelbourneKangaroos,2004,7,2004-05-08,Marvel Stadium,North Melbourne Kangaroos,Brisbane Lions,76,120,27511.0,-44,A,0.0
20040509_HawthornHawks,2004,7,2004-05-09,Marvel Stadium,Hawthorn Hawks,Geelong Cats,52,108,28612.0,-56,A,0.0
20040509_SydneySwans,2004,7,2004-05-09,Sydney Cricket Ground,Sydney Swans,Richmond Tigers,54,67,23014.0,-13,A,0.0
20040509_MelbourneDemons,2004,7,2004-05-09,Melbourne Cricket Ground,Melbourne Demons,West Coast Eagles,122,73,21145.0,49,H,1.0
20040514_AdelaideCrows,2004,8,2004-05-14,AAMI Stadium,Adelaide Crows,Essendon Bombers,84,135,46309.0,-51,A,0.0
20040515_BrisbaneLions,2004,8,2004-05-15,The Gabba,Brisbane Lions,Carlton Blues,140,102,34368.0,38,H,1.0
20040515_WestCoastEagles,2004,8,2004-05-15,Domain Stadium,West Coast Eagles,Sydney Swans,124,97,38870.0,27,H,1.0
20040515_StKildaSaints,2004,8,2004-05-15,Marvel Stadium,St Kilda Saints,Collingwood Magpies,138,91,47898.0,47,H,1.0
20040515_RichmondTigers,2004,8,2004-05-15,Melbourne Cricket Ground,Richmond Tigers,Western Bulldogs,105,82,33960.0,23,H,1.0
20040516_NorthMelbourneKangaroos,2004,8,2004-05-16,Marvel Stadium,North Melbourne Kangaroos,Port Adelaide Power,140,48,16910.0,92,H,1.0
20040516_HawthornHawks,2004,8,2004-05-16,UTAS Stadium,Hawthorn Hawks,Fremantle Dockers,70,61,14554.0,9,H,1.0
20040516_GeelongCats,2004,8,2004-05-16,GMHBA Stadium,Geelong Cats,Melbourne Demons,101,87,21157.0,14,H,1.0
20040521_CollingwoodMagpies,2004,9,2004-05-21,Marvel Stadium,Collingwood Magpies,Adelaide Crows,68,65,37881.0,3,H,1.0
20040522_PortAdelaidePower,2004,9,2004-05-22,AAMI Stadium,Port Adelaide Power,Richmond Tigers,128,50,25761.0,78,H,1.0
20040522_FremantleDockers,2004,9,2004-05-22,Domain Stadium,Fremantle Dockers,Brisbane Lions,137,78,32575.0,59,H,1.0
20040522_MelbourneDemons,2004,9,2004-05-22,Melbourne Cricket Ground,Melbourne Demons,North Melbourne Kangaroos,96,78,31291.0,18,H,1.0
20040522_GeelongCats,2004,9,2004-05-22,Marvel Stadium,Geelong Cats,Essendon Bombers,120,97,51400.0,23,H,1.0
20040523_SydneySwans,2004,9,2004-05-23,Sydney Cricket Ground,Sydney Swans,Hawthorn Hawks,80,79,25127.0,1,H,1.0
20040523_CarltonBlues,2004,9,2004-05-23,Princes Park,Carlton Blues,Western Bulldogs,79,104,26041.0,-25,A,0.0
20040523_StKildaSaints,2004,9,2004-05-23,Marvel Stadium,St Kilda Saints,West Coast Eagles,169,68,30478.0,101,H,1.0
20040528_EssendonBombers,2004,10,2004-05-28,Marvel Stadium,Essendon Bombers,Fremantle Dockers,115,85,38411.0,30,H,1.0
20040529_HawthornHawks,2004,10,2004-05-29,Melbourne Cricket Ground,Hawthorn Hawks,Adelaide Crows,47,133,22942.0,-86,A,0.0
20040529_NorthMelbourneKangaroos,2004,10,2004-05-29,Marvel Stadium,North Melbourne Kangaroos,Collingwood Magpies,65,92,44833.0,-27,A,0.0
20040529_WestCoastEagles,2004,10,2004-05-29,Domain Stadium,West Coast Eagles,Richmond Tigers,100,63,38517.0,37,H,1.0
20040529_WesternBulldogs,2004,10,2004-05-29,Sydney Cricket Ground,Western Bulldogs,Sydney Swans,67,93,23479.0,-26,A,0.0
20040530_MelbourneDemons,2004,10,2004-05-30,The Gabba,Melbourne Demons,Brisbane Lions,83,123,32902.0,-40,A,0.0
20040530_CarltonBlues,2004,10,2004-05-30,Princes Park,Carlton Blues,St Kilda Saints,88,196,37136.0,-108,A,0.0
20040530_PortAdelaidePower,2004,10,2004-05-30,AAMI Stadium,Port Adelaide Power,Geelong Cats,116,112,29177.0,4,H,1.0
20040604_CollingwoodMagpies,2004,11,2004-06-04,Marvel Stadium,Collingwood Magpies,West Coast Eagles,93,75,44401.0,18,H,1.0
20040605_NorthMelbourneKangaroos,2004,11,2004-06-05,Marvel Stadium,North Melbourne Kangaroos,Richmond Tigers,154,80,31700.0,74,H,1.0
20040605_HawthornHawks,2004,11,2004-06-05,Melbourne Cricket Ground,Hawthorn Hawks,Essendon Bombers,80,154,42682.0,-74,A,0.0
20040605_AdelaideCrows,2004,11,2004-06-05,AAMI Stadium,Adelaide Crows,Carlton Blues,87,91,41617.0,-4,A,0.0
20040605_BrisbaneLions,2004,11,2004-06-05,The Gabba,Brisbane Lions,Port Adelaide Power,123,86,34241.0,37,H,1.0
20040606_FremantleDockers,2004,11,2004-06-06,Domain Stadium,Fremantle Dockers,Melbourne Demons,62,93,33125.0,-31,A,0.0
20040606_WesternBulldogs,2004,11,2004-06-06,Marvel Stadium,Western Bulldogs,Geelong Cats,67,113,31811.0,-46,A,0.0
20040606_SydneySwans,2004,11,2004-06-06,Sydney Cricket Ground,Sydney Swans,St Kilda Saints,112,76,36039.0,36,H,1.0
20040611_CarltonBlues,2004,12,2004-06-11,Marvel Stadium,Carlton Blues,Hawthorn Hawks,100,88,47302.0,12,H,1.0
20040612_PortAdelaidePower,2004,12,2004-06-12,AAMI Stadium,Port Adelaide Power,Sydney Swans,132,60,28032.0,72,H,1.0
20040612_WesternBulldogs,2004,12,2004-06-12,Melbourne Cricket Ground,Western Bulldogs,St Kilda Saints,103,80,28306.0,23,H,1.0
20040612_WestCoastEagles,2004,12,2004-06-12,Domain Stadium,West Coast Eagles,Adelaide Crows,108,76,37580.0,32,H,1.0
20040612_EssendonBombers,2004,12,2004-06-12,Marvel Stadium,Essendon Bombers,Brisbane Lions,96,162,50003.0,-66,A,0.0
20040613_GeelongCats,2004,12,2004-06-13,GMHBA Stadium,Geelong Cats,North Melbourne Kangaroos,94,84,21612.0,10,H,1.0
20040613_RichmondTigers,2004,12,2004-06-13,Melbourne Cricket Ground,Richmond Tigers,Fremantle Dockers,71,81,18666.0,-10,A,0.0
20040614_MelbourneDemons,2004,12,2004-06-14,Melbourne Cricket Ground,Melbourne Demons,Collingwood Magpies,82,73,56988.0,9,H,1.0
20040618_StKildaSaints,2004,13,2004-06-18,Marvel Stadium,St Kilda Saints,Hawthorn Hawks,127,61,36925.0,66,H,1.0
20040619_FremantleDockers,2004,13,2004-06-19,Domain Stadium,Fremantle Dockers,Port Adelaide Power,102,112,36507.0,-10,A,0.0
20040619_RichmondTigers,2004,13,2004-06-19,Marvel Stadium,Richmond Tigers,Carlton Blues,93,124,46618.0,-31,A,0.0
20040619_GeelongCats,2004,13,2004-06-19,GMHBA Stadium,Geelong Cats,Brisbane Lions,92,65,17648.0,27,H,1.0
20040620_EssendonBombers,2004,13,2004-06-20,Melbourne Cricket Ground,Essendon Bombers,Melbourne Demons,69,95,47314.0,-26,A,0.0
20040620_AdelaideCrows,2004,13,2004-06-20,AAMI Stadium,Adelaide Crows,Western Bulldogs,133,101,36774.0,32,H,1.0
20040620_NorthMelbourneKangaroos,2004,13,2004-06-20,Manuka Oval,North Melbourne Kangaroos,West Coast Eagles,108,75,8542.0,33,H,1.0
20040626_SydneySwans,2004,13,2004-06-26,Accor Stadium,Sydney Swans,Collingwood Magpies,85,79,50091.0,6,H,1.0
20040702_EssendonBombers,2004,14,2004-07-02,Marvel Stadium,Essendon Bombers,North Melbourne Kangaroos,79,100,49419.0,-21,A,0.0
20040703_CarltonBlues,2004,14,2004-07-03,Princes Park,Carlton Blues,Sydney Swans,84,95,26172.0,-11,A,0.0
20040703_BrisbaneLions,2004,14,2004-07-03,The Gabba,Brisbane Lions,Richmond Tigers,114,96,32744.0,18,H,1.0
20040703_WestCoastEagles,2004,14,2004-07-03,Domain Stadium,West Coast Eagles,Geelong Cats,51,49,36668.0,2,H,1.0
20040703_CollingwoodMagpies,2004,14,2004-07-03,Melbourne Cricket Ground,Collingwood Magpies,Hawthorn Hawks,140,75,44329.0,65,H,1.0
20040704_AdelaideCrows,2004,14,2004-07-04,AAMI Stadium,Adelaide Crows,Melbourne Demons,145,73,39288.0,72,H,1.0
20040704_WesternBulldogs,2004,14,2004-07-04,Marvel Stadium,Western Bulldogs,Fremantle Dockers,76,117,18734.0,-41,A,0.0
20040704_StKildaSaints,2004,14,2004-07-04,UTAS Stadium,St Kilda Saints,Port Adelaide Power,47,93,19223.0,-46,A,0.0
20040709_CollingwoodMagpies,2004,15,2004-07-09,Marvel Stadium,Collingwood Magpies,Geelong Cats,65,94,50627.0,-29,A,0.0
20040710_SydneySwans,2004,15,2004-07-10,Sydney Cricket Ground,Sydney Swans,Adelaide Crows,58,45,28493.0,13,H,1.0
20040710_RichmondTigers,2004,15,2004-07-10,Melbourne Cricket Ground,Richmond Tigers,Essendon Bombers,77,155,48286.0,-78,A,0.0
20040710_FremantleDockers,2004,15,2004-07-10,Domain Stadium,Fremantle Dockers,North Melbourne Kangaroos,79,96,37077.0,-17,A,0.0
20040710_HawthornHawks,2004,15,2004-07-10,UTAS Stadium,Hawthorn Hawks,West Coast Eagles,82,86,15581.0,-4,A,0.0
20040711_PortAdelaidePower,2004,15,2004-07-11,AAMI Stadium,Port Adelaide Power,Carlton Blues,123,40,30109.0,83,H,1.0
20040711_BrisbaneLions,2004,15,2004-07-11,The Gabba,Brisbane Lions,Western Bulldogs,136,68,29295.0,68,H,1.0
20040711_MelbourneDemons,2004,15,2004-07-11,Melbourne Cricket Ground,Melbourne Demons,St Kilda Saints,146,89,54409.0,57,H,1.0
20040716_WestCoastEagles,2004,16,2004-07-16,Domain Stadium,West Coast Eagles,Essendon Bombers,117,73,40674.0,44,H,1.0
20040717_AdelaideCrows,2004,16,2004-07-17,AAMI Stadium,Adelaide Crows,Fremantle Dockers,80,92,34855.0,-12,A,0.0
20040717_RichmondTigers,2004,16,2004-07-17,Marvel Stadium,Richmond Tigers,St Kilda Saints,61,105,34631.0,-44,A,0.0
20040717_CarltonBlues,2004,16,2004-07-17,Princes Park,Carlton Blues,North Melbourne Kangaroos,70,62,20732.0,8,H,1.0
20040717_CollingwoodMagpies,2004,16,2004-07-17,Melbourne Cricket Ground,Collingwood Magpies,Brisbane Lions,73,109,34326.0,-36,A,0.0
20040718_MelbourneDemons,2004,16,2004-07-18,Marvel Stadium,Melbourne Demons,Western Bulldogs,93,55,25107.0,38,H,1.0
20040718_HawthornHawks,2004,16,2004-07-18,Melbourne Cricket Ground,Hawthorn Hawks,Port Adelaide Power,53,105,11682.0,-52,A,0.0
20040718_GeelongCats,2004,16,2004-07-18,GMHBA Stadium,Geelong Cats,Sydney Swans,77,62,20515.0,15,H,1.0
20040723_StKildaSaints,2004,17,2004-07-23,Marvel Stadium,St Kilda Saints,Essendon Bombers,127,92,50392.0,35,H,1.0
20040724_FremantleDockers,2004,17,2004-07-24,Domain Stadium,Fremantle Dockers,Sydney Swans,118,91,35037.0,27,H,1.0
20040724_NorthMelbourneKangaroos,2004,17,2004-07-24,Melbourne Cricket Ground,North Melbourne Kangaroos,Hawthorn Hawks,143,63,20018.0,80,H,1.0
20040724_WesternBulldogs,2004,17,2004-07-24,Marvel Stadium,Western Bulldogs,Collingwood Magpies,66,115,32675.0,-49,A,0.0
20040724_BrisbaneLions,2004,17,2004-07-24,The Gabba,Brisbane Lions,Adelaide Crows,189,48,33443.0,141,H,1.0
20040725_PortAdelaidePower,2004,17,2004-07-25,AAMI Stadium,Port Adelaide Power,West Coast Eagles,102,76,26286.0,26,H,1.0
20040725_RichmondTigers,2004,17,2004-07-25,Melbourne Cricket Ground,Richmond Tigers,Melbourne Demons,70,126,25211.0,-56,A,0.0
20040725_GeelongCats,2004,17,2004-07-25,Marvel Stadium,Geelong Cats,Carlton Blues,131,74,43210.0,57,H,1.0
20040730_AdelaideCrows,2004,18,2004-07-30,AAMI Stadium,Adelaide Crows,North Melbourne Kangaroos,49,42,37562.0,7,H,1.0
20040731_CarltonBlues,2004,18,2004-07-31,Princes Park,Carlton Blues,Fremantle Dockers,63,111,17092.0,-48,A,0.0
20040731_CollingwoodMagpies,2004,18,2004-07-31,Melbourne Cricket Ground,Collingwood Magpies,Richmond Tigers,103,98,39933.0,5,H,1.0
20040731_SydneySwans,2004,18,2004-07-31,Sydney Cricket Ground,Sydney Swans,Brisbane Lions,83,51,34926.0,32,H,1.0
20040731_EssendonBombers,2004,18,2004-07-31,Marvel Stadium,Essendon Bombers,Port Adelaide Power,119,79,35711.0,40,H,1.0
20040801_GeelongCats,2004,18,2004-08-01,GMHBA Stadium,Geelong Cats,St Kilda Saints,101,94,21673.0,7,H,1.0
20040801_WestCoastEagles,2004,18,2004-08-01,Domain Stadium,West Coast Eagles,Western Bulldogs,106,57,36028.0,49,H,1.0
20040801_MelbourneDemons,2004,18,2004-08-01,Melbourne Cricket Ground,Melbourne Demons,Hawthorn Hawks,107,63,28392.0,44,H,1.0
20040806_FremantleDockers,2004,19,2004-08-06,Domain Stadium,Fremantle Dockers,Collingwood Magpies,73,106,40901.0,-33,A,0.0
20040807_StKildaSaints,2004,19,2004-08-07,UTAS Stadium,St Kilda Saints,Adelaide Crows,91,68,17101.0,23,H,1.0
20040807_SydneySwans,2004,19,2004-08-07,Sydney Cricket Ground,Sydney Swans,North Melbourne Kangaroos,112,118,24028.0,-6,A,0.0
20040807_WesternBulldogs,2004,19,2004-08-07,Marvel Stadium,Western Bulldogs,Hawthorn Hawks,109,120,22330.0,-11,A,0.0
20040807_EssendonBombers,2004,19,2004-08-07,Melbourne Cricket Ground,Essendon Bombers,Carlton Blues,57,74,45083.0,-17,A,0.0
20040808_BrisbaneLions,2004,19,2004-08-08,The Gabba,Brisbane Lions,West Coast Eagles,73,87,31754.0,-14,A,0.0
20040808_RichmondTigers,2004,19,2004-08-08,Melbourne Cricket Ground,Richmond Tigers,Geelong Cats,83,114,33176.0,-31,A,0.0
20040808_PortAdelaidePower,2004,19,2004-08-08,AAMI Stadium,Port Adelaide Power,Melbourne Demons,125,52,30702.0,73,H,1.0
20040813_EssendonBombers,2004,20,2004-08-13,Melbourne Cricket Ground,Essendon Bombers,Collingwood Magpies,121,87,52983.0,34,H,1.0
20040814_MelbourneDemons,2004,20,2004-08-14,Marvel Stadium,Melbourne Demons,Sydney Swans,46,67,34991.0,-21,A,0.0
20040814_HawthornHawks,2004,20,2004-08-14,Melbourne Cricket Ground,Hawthorn Hawks,Brisbane Lions,43,66,17159.0,-23,A,0.0
20040814_GeelongCats,2004,20,2004-08-14,GMHBA Stadium,Geelong Cats,Fremantle Dockers,75,25,15209.0,50,H,1.0
20040814_WesternBulldogs,2004,20,2004-08-14,TIO Stadium,Western Bulldogs,Port Adelaide Power,61,147,13271.0,-86,A,0.0
20040815_NorthMelbourneKangaroos,2004,20,2004-08-15,Marvel Stadium,North Melbourne Kangaroos,St Kilda Saints,96,147,41664.0,-51,A,0.0
20040815_AdelaideCrows,2004,20,2004-08-15,AAMI Stadium,Adelaide Crows,Richmond Tigers,138,86,35896.0,52,H,1.0
20040815_WestCoastEagles,2004,20,2004-08-15,Domain Stadium,West Coast Eagles,Carlton Blues,111,49,39631.0,62,H,1.0
20040820_CollingwoodMagpies,2004,21,2004-08-20,Melbourne Cricket Ground,Collingwood Magpies,Port Adelaide Power,70,107,27226.0,-37,A,0.0
20040821_SydneySwans,2004,21,2004-08-21,Accor Stadium,Sydney Swans,Essendon Bombers,110,90,46440.0,20,H,1.0
20040821_CarltonBlues,2004,21,2004-08-21,Princes Park,Carlton Blues,Melbourne Demons,93,62,22254.0,31,H,1.0
20040821_AdelaideCrows,2004,21,2004-08-21,AAMI Stadium,Adelaide Crows,Geelong Cats,109,87,37576.0,22,H,1.0
20040821_WesternBulldogs,2004,21,2004-08-21,Marvel Stadium,Western Bulldogs,North Melbourne Kangaroos,136,106,24741.0,30,H,1.0
20040822_BrisbaneLions,2004,21,2004-08-22,The Gabba,Brisbane Lions,St Kilda Saints,130,85,35823.0,45,H,1.0
20040822_HawthornHawks,2004,21,2004-08-22,Melbourne Cricket Ground,Hawthorn Hawks,Richmond Tigers,109,86,27007.0,23,H,1.0
20040822_WestCoastEagles,2004,21,2004-08-22,Domain Stadium,West Coast Eagles,Fremantle Dockers,93,45,41907.0,48,H,1.0
20040827_CollingwoodMagpies,2004,22,2004-08-27,Melbourne Cricket Ground,Collingwood Magpies,Carlton Blues,107,108,60898.0,-1,A,0.0
20040828_BrisbaneLions,2004,22,2004-08-28,The Gabba,Brisbane Lions,North Melbourne Kangaroos,170,57,33122.0,113,H,1.0
20040828_RichmondTigers,2004,22,2004-08-28,Melbourne Cricket Ground,Richmond Tigers,Sydney Swans,44,108,29777.0,-64,A,0.0
20040828_StKildaSaints,2004,22,2004-08-28,Marvel Stadium,St Kilda Saints,Fremantle Dockers,112,83,35329.0,29,H,1.0
20040828_WestCoastEagles,2004,22,2004-08-28,Domain Stadium,West Coast Eagles,Melbourne Demons,107,67,39882.0,40,H,1.0
20040829_EssendonBombers,2004,22,2004-08-29,Marvel Stadium,Essendon Bombers,Western Bulldogs,113,96,39894.0,17,H,1.0
20040829_GeelongCats,2004,22,2004-08-29,GMHBA Stadium,Geelong Cats,Hawthorn Hawks,123,58,21192.0,65,H,1.0
20040829_AdelaideCrows,2004,22,2004-08-29,AAMI Stadium,Adelaide Crows,Port Adelaide Power,60,85,45473.0,-25,A,0.0
20040903_BrisbaneLions,2004,QF,2004-09-03,The Gabba,Brisbane Lions,St Kilda Saints,149,69,33582.0,80,H,1.0
20040904_MelbourneDemons,2004,EF,2004-09-04,Melbourne Cricket Ground,Melbourne Demons,Essendon Bombers,99,104,60903.0,-5,A,0.0
20040904_SydneySwans,2004,EF,2004-09-04,Accor Stadium,Sydney Swans,West Coast Eagles,75,34,40282.0,41,H,1.0
20040905_PortAdelaidePower,2004,QF,2004-09-05,AAMI Stadium,Port Adelaide Power,Geelong Cats,117,62,39250.0,55,H,1.0
20040910_StKildaSaints,2004,SF,2004-09-10,Melbourne Cricket Ground,St Kilda Saints,Sydney Swans,107,56,50671.0,51,H,1.0
20040911_GeelongCats,2004,SF,2004-09-11,Melbourne Cricket Ground,Geelong Cats,Essendon Bombers,74,64,53356.0,10,H,1.0
20040917_PortAdelaidePower,2004,PF,2004-09-17,AAMI Stadium,Port Adelaide Power,St Kilda Saints,94,88,46978.0,6,H,1.0
20040918_BrisbaneLions,2004,PF,2004-09-18,Melbourne Cricket Ground,Brisbane Lions,Geelong Cats,84,75,55768.0,9,H,1.0
20040925_PortAdelaidePower,2004,GF,2004-09-25,Melbourne Cricket Ground,Port Adelaide Power,Brisbane Lions,113,73,77671.0,40,H,1.0
20050324_BrisbaneLions,2005,1,2005-03-24,The Gabba,Brisbane Lions,St Kilda Saints,116,93,33369.0,23,H,1.0
20050326_FremantleDockers,2005,1,2005-03-26,Domain Stadium,Fremantle Dockers,Port Adelaide Power,88,53,33704.0,35,H,1.0
20050326_NorthMelbourneKangaroos,2005,1,2005-03-26,Marvel Stadium,North Melbourne Kangaroos,Carlton Blues,105,85,40345.0,20,H,1.0
20050326_MelbourneDemons,2005,1,2005-03-26,Melbourne Cricket Ground,Melbourne Demons,Essendon Bombers,103,57,47849.0,46,H,1.0
20050327_SydneySwans,2005,1,2005-03-27,Sydney Cricket Ground,Sydney Swans,Hawthorn Hawks,118,55,27274.0,63,H,1.0
20050327_AdelaideCrows,2005,1,2005-03-27,AAMI Stadium,Adelaide Crows,West Coast Eagles,53,64,39055.0,-11,A,0.0
20050327_RichmondTigers,2005,1,2005-03-27,Melbourne Cricket Ground,Richmond Tigers,Geelong Cats,98,160,48251.0,-62,A,0.0
20050328_CollingwoodMagpies,2005,1,2005-03-28,Melbourne Cricket Ground,Collingwood Magpies,Western Bulldogs,80,112,53259.0,-32,A,0.0
20050401_CarltonBlues,2005,2,2005-04-01,Melbourne Cricket Ground,Carlton Blues,Essendon Bombers,110,106,56446.0,4,H,1.0
20050402_WestCoastEagles,2005,2,2005-04-02,Domain Stadium,West Coast Eagles,Geelong Cats,84,62,39578.0,22,H,1.0
20050402_WesternBulldogs,2005,2,2005-04-02,Marvel Stadium,Western Bulldogs,Melbourne Demons,111,137,26307.0,-26,A,0.0
20050402_NorthMelbourneKangaroos,2005,2,2005-04-02,Manuka Oval,North Melbourne Kangaroos,Sydney Swans,82,59,13481.0,23,H,1.0
20050402_PortAdelaidePower,2005,2,2005-04-02,AAMI Stadium,Port Adelaide Power,Brisbane Lions,75,73,34892.0,2,H,1.0
20050403_HawthornHawks,2005,2,2005-04-03,Melbourne Cricket Ground,Hawthorn Hawks,Richmond Tigers,89,103,33409.0,-14,A,0.0
20050403_CollingwoodMagpies,2005,2,2005-04-03,Marvel Stadium,Collingwood Magpies,Adelaide Crows,75,81,31464.0,-6,A,0.0
20050403_StKildaSaints,2005,2,2005-04-03,UTAS Stadium,St Kilda Saints,Fremantle Dockers,59,58,12465.0,1,H,1.0
20050408_MelbourneDemons,2005,3,2005-04-08,Melbourne Cricket Ground,Melbourne Demons,Geelong Cats,114,66,51793.0,48,H,1.0
20050409_StKildaSaints,2005,3,2005-04-09,Marvel Stadium,St Kilda Saints,North Melbourne Kangaroos,93,100,36140.0,-7,A,0.0
20050409_BrisbaneLions,2005,3,2005-04-09,The Gabba,Brisbane Lions,Sydney Swans,81,87,33960.0,-6,A,0.0
20050409_CarltonBlues,2005,3,2005-04-09,Melbourne Cricket Ground,Carlton Blues,Collingwood Magpies,108,128,61608.0,-20,A,0.0
20050409_FremantleDockers,2005,3,2005-04-09,Domain Stadium,Fremantle Dockers,West Coast Eagles,80,88,42027.0,-8,A,0.0
20050410_WesternBulldogs,2005,3,2005-04-10,Marvel Stadium,Western Bulldogs,Richmond Tigers,84,88,30871.0,-4,A,0.0
20050410_AdelaideCrows,2005,3,2005-04-10,AAMI Stadium,Adelaide Crows,Port Adelaide Power,124,56,44807.0,68,H,1.0
20050410_EssendonBombers,2005,3,2005-04-10,Melbourne Cricket Ground,Essendon Bombers,Hawthorn Hawks,77,75,44971.0,2,H,1.0
20050415_NorthMelbourneKangaroos,2005,4,2005-04-15,Melbourne Cricket Ground,North Melbourne Kangaroos,Collingwood Magpies,93,90,51565.0,3,H,1.0
20050416_HawthornHawks,2005,4,2005-04-16,Melbourne Cricket Ground,Hawthorn Hawks,Brisbane Lions,115,69,27778.0,46,H,1.0
20050416_PortAdelaidePower,2005,4,2005-04-16,AAMI Stadium,Port Adelaide Power,Carlton Blues,109,109,33519.0,0,D,
20050416_GeelongCats,2005,4,2005-04-16,Marvel Stadium,Geelong Cats,Essendon Bombers,131,75,48653.0,56,H,1.0
20050416_WestCoastEagles,2005,4,2005-04-16,Domain Stadium,West Coast Eagles,Western Bulldogs,143,107,39124.0,36,H,1.0
20050417_RichmondTigers,2005,4,2005-04-17,Melbourne Cricket Ground,Richmond Tigers,Fremantle Dockers,100,52,24242.0,48,H,1.0
20050417_StKildaSaints,2005,4,2005-04-17,Marvel Stadium,St Kilda Saints,Melbourne Demons,151,104,40004.0,47,H,1.0
20050417_SydneySwans,2005,4,2005-04-17,Sydney Cricket Ground,Sydney Swans,Adelaide Crows,79,120,30478.0,-41,A,0.0
20050422_PortAdelaidePower,2005,5,2005-04-22,AAMI Stadium,Port Adelaide Power,Geelong Cats,95,99,33405.0,-4,A,0.0
20050423_WesternBulldogs,2005,5,2005-04-23,Marvel Stadium,Western Bulldogs,Adelaide Crows,140,109,27900.0,31,H,1.0
20050423_SydneySwans,2005,5,2005-04-23,Sydney Cricket Ground,Sydney Swans,Melbourne Demons,60,94,29099.0,-34,A,0.0
20050423_FremantleDockers,2005,5,2005-04-23,Domain Stadium,Fremantle Dockers,Carlton Blues,103,84,36056.0,19,H,1.0
20050423_NorthMelbourneKangaroos,2005,5,2005-04-23,Melbourne Cricket Ground,North Melbourne Kangaroos,Hawthorn Hawks,108,89,38764.0,19,H,1.0
20050424_StKildaSaints,2005,5,2005-04-24,Marvel Stadium,St Kilda Saints,Richmond Tigers,147,79,49580.0,68,H,1.0
20050424_BrisbaneLions,2005,5,2005-04-24,The Gabba,Brisbane Lions,West Coast Eagles,84,157,33007.0,-73,A,0.0
20050425_EssendonBombers,2005,5,2005-04-25,Melbourne Cricket Ground,Essendon Bombers,Collingwood Magpies,83,69,70033.0,14,H,1.0
20050429_CarltonBlues,2005,6,2005-04-29,Marvel Stadium,Carlton Blues,Hawthorn Hawks,89,83,49018.0,6,H,1.0
20050430_WestCoastEagles,2005,6,2005-04-30,Domain Stadium,West Coast Eagles,Sydney Swans,104,59,39687.0,45,H,1.0
20050430_EssendonBombers,2005,6,2005-04-30,Marvel Stadium,Essendon Bombers,Brisbane Lions,88,136,44055.0,-48,A,0.0
20050430_MelbourneDemons,2005,6,2005-04-30,Melbourne Cricket Ground,Melbourne Demons,Fremantle Dockers,129,143,21963.0,-14,A,0.0
20050430_AdelaideCrows,2005,6,2005-04-30,AAMI Stadium,Adelaide Crows,North Melbourne Kangaroos,74,64,41867.0,10,H,1.0
20050501_CollingwoodMagpies,2005,6,2005-05-01,Melbourne Cricket Ground,Collingwood Magpies,St Kilda Saints,71,109,44122.0,-38,A,0.0
20050501_RichmondTigers,2005,6,2005-05-01,Marvel Stadium,Richmond Tigers,Port Adelaide Power,123,67,21301.0,56,H,1.0
20050501_GeelongCats,2005,6,2005-05-01,GMHBA Stadium,Geelong Cats,Western Bulldogs,108,73,23019.0,35,H,1.0
20050506_MelbourneDemons,2005,7,2005-05-06,Melbourne Cricket Ground,Melbourne Demons,Adelaide Crows,78,54,39475.0,24,H,1.0
20050507_SydneySwans,2005,7,2005-05-07,Accor Stadium,Sydney Swans,Essendon Bombers,94,88,31668.0,6,H,1.0
20050507_GeelongCats,2005,7,2005-05-07,Marvel Stadium,Geelong Cats,St Kilda Saints,119,101,44814.0,18,H,1.0
20050507_RichmondTigers,2005,7,2005-05-07,Melbourne Cricket Ground,Richmond Tigers,Carlton Blues,151,66,52234.0,85,H,1.0
20050507_BrisbaneLions,2005,7,2005-05-07,The Gabba,Brisbane Lions,Western Bulldogs,87,110,30639.0,-23,A,0.0
20050508_PortAdelaidePower,2005,7,2005-05-08,AAMI Stadium,Port Adelaide Power,North Melbourne Kangaroos,119,72,27050.0,47,H,1.0
20050508_HawthornHawks,2005,7,2005-05-08,UTAS Stadium,Hawthorn Hawks,West Coast Eagles,77,96,16933.0,-19,A,0.0
20050508_FremantleDockers,2005,7,2005-05-08,Domain Stadium,Fremantle Dockers,Collingwood Magpies,180,68,36491.0,112,H,1.0
20050513_CarltonBlues,2005,8,2005-05-13,Marvel Stadium,Carlton Blues,Geelong Cats,73,143,45758.0,-70,A,0.0
20050514_NorthMelbourneKangaroos,2005,8,2005-05-14,Marvel Stadium,North Melbourne Kangaroos,Western Bulldogs,92,118,32901.0,-26,A,0.0
20050514_WestCoastEagles,2005,8,2005-05-14,Domain Stadium,West Coast Eagles,St Kilda Saints,88,52,41177.0,36,H,1.0
20050514_HawthornHawks,2005,8,2005-05-14,Melbourne Cricket Ground,Hawthorn Hawks,Melbourne Demons,128,89,38587.0,39,H,1.0
20050514_AdelaideCrows,2005,8,2005-05-14,AAMI Stadium,Adelaide Crows,Brisbane Lions,63,72,42357.0,-9,A,0.0
20050515_EssendonBombers,2005,8,2005-05-15,Marvel Stadium,Essendon Bombers,Fremantle Dockers,117,82,30383.0,35,H,1.0
20050515_SydneySwans,2005,8,2005-05-15,Sydney Cricket Ground,Sydney Swans,Port Adelaide Power,69,45,24226.0,24,H,1.0
20050515_CollingwoodMagpies,2005,8,2005-05-15,Melbourne Cricket Ground,Collingwood Magpies,Richmond Tigers,58,93,54330.0,-35,A,0.0
20050520_StKildaSaints,2005,9,2005-05-20,Marvel Stadium,St Kilda Saints,Adelaide Crows,57,103,35100.0,-46,A,0.0
20050521_BrisbaneLions,2005,9,2005-05-21,The Gabba,Brisbane Lions,Richmond Tigers,83,87,33684.0,-4,A,0.0
20050521_CarltonBlues,2005,9,2005-05-21,Princes Park,Carlton Blues,Melbourne Demons,92,110,30052.0,-18,A,0.0
20050521_PortAdelaidePower,2005,9,2005-05-21,AAMI Stadium,Port Adelaide Power,Essendon Bombers,85,66,33648.0,19,H,1.0
20050521_CollingwoodMagpies,2005,9,2005-05-21,Melbourne Cricket Ground,Collingwood Magpies,West Coast Eagles,118,95,31105.0,23,H,1.0
20050522_FremantleDockers,2005,9,2005-05-22,Domain Stadium,Fremantle Dockers,Hawthorn Hawks,70,124,35393.0,-54,A,0.0
20050522_GeelongCats,2005,9,2005-05-22,GMHBA Stadium,Geelong Cats,North Melbourne Kangaroos,146,61,24102.0,85,H,1.0
20050522_WesternBulldogs,2005,9,2005-05-22,Sydney Cricket Ground,Western Bulldogs,Sydney Swans,76,89,22358.0,-13,A,0.0
20050527_MelbourneDemons,2005,10,2005-05-27,Marvel Stadium,Melbourne Demons,Richmond Tigers,131,74,44263.0,57,H,1.0
20050528_HawthornHawks,2005,10,2005-05-28,Melbourne Cricket Ground,Hawthorn Hawks,Collingwood Magpies,80,108,49927.0,-28,A,0.0
20050528_BrisbaneLions,2005,10,2005-05-28,The Gabba,Brisbane Lions,North Melbourne Kangaroos,93,112,29500.0,-19,A,0.0
20050528_StKildaSaints,2005,10,2005-05-28,Marvel Stadium,St Kilda Saints,Sydney Swans,101,58,37014.0,43,H,1.0
20050528_GeelongCats,2005,10,2005-05-28,GMHBA Stadium,Geelong Cats,Fremantle Dockers,82,91,20869.0,-9,A,0.0
20050529_AdelaideCrows,2005,10,2005-05-29,AAMI Stadium,Adelaide Crows,Carlton Blues,71,57,43277.0,14,H,1.0
20050529_WestCoastEagles,2005,10,2005-05-29,Domain Stadium,West Coast Eagles,Port Adelaide Power,179,62,40188.0,117,H,1.0
20050529_EssendonBombers,2005,10,2005-05-29,Marvel Stadium,Essendon Bombers,Western Bulldogs,137,110,40454.0,27,H,1.0
20050603_CollingwoodMagpies,2005,11,2005-06-03,Marvel Stadium,Collingwood Magpies,Geelong Cats,121,96,48261.0,25,H,1.0
20050604_FremantleDockers,2005,11,2005-06-04,Domain Stadium,Fremantle Dockers,Brisbane Lions,67,106,34143.0,-39,A,0.0
20050604_CarltonBlues,2005,11,2005-06-04,Marvel Stadium,Carlton Blues,Sydney Swans,91,116,30973.0,-25,A,0.0
20050604_AdelaideCrows,2005,11,2005-06-04,AAMI Stadium,Adelaide Crows,Essendon Bombers,151,63,43486.0,88,H,1.0
20050604_RichmondTigers,2005,11,2005-06-04,Melbourne Cricket Ground,Richmond Tigers,West Coast Eagles,103,105,31704.0,-2,A,0.0
20050605_WesternBulldogs,2005,11,2005-06-05,Marvel Stadium,Western Bulldogs,Hawthorn Hawks,111,89,29240.0,22,H,1.0
20050605_NorthMelbourneKangaroos,2005,11,2005-06-05,Manuka Oval,North Melbourne Kangaroos,Melbourne Demons,80,116,12626.0,-36,A,0.0
20050605_StKildaSaints,2005,11,2005-06-05,UTAS Stadium,St Kilda Saints,Port Adelaide Power,81,104,17402.0,-23,A,0.0
20050610_WestCoastEagles,2005,12,2005-06-10,Domain Stadium,West Coast Eagles,Essendon Bombers,106,82,38558.0,24,H,1.0
20050611_CarltonBlues,2005,12,2005-06-11,Marvel Stadium,Carlton Blues,Brisbane Lions,82,140,37880.0,-58,A,0.0
20050611_PortAdelaidePower,2005,12,2005-06-11,AAMI Stadium,Port Adelaide Power,Western Bulldogs,118,103,27079.0,15,H,1.0
20050611_HawthornHawks,2005,12,2005-06-11,Melbourne Cricket Ground,Hawthorn Hawks,St Kilda Saints,54,100,33905.0,-46,A,0.0
20050612_GeelongCats,2005,12,2005-06-12,GMHBA Stadium,Geelong Cats,Adelaide Crows,61,57,23506.0,4,H,1.0
20050612_NorthMelbourneKangaroos,2005,12,2005-06-12,Marvel Stadium,North Melbourne Kangaroos,Richmond Tigers,109,80,40444.0,29,H,1.0
20050612_SydneySwans,2005,12,2005-06-12,Sydney Cricket Ground,Sydney Swans,Fremantle Dockers,109,71,24933.0,38,H,1.0
20050613_MelbourneDemons,2005,12,2005-06-13,Melbourne Cricket Ground,Melbourne Demons,Collingwood Magpies,117,72,65347.0,45,H,1.0
20050617_PortAdelaidePower,2005,13,2005-06-17,AAMI Stadium,Port Adelaide Power,Hawthorn Hawks,188,71,30212.0,117,H,1.0
20050618_MelbourneDemons,2005,13,2005-06-18,Melbourne Cricket Ground,Melbourne Demons,West Coast Eagles,90,105,35653.0,-15,A,0.0
20050618_WesternBulldogs,2005,13,2005-06-18,TIO Stadium,Western Bulldogs,Carlton Blues,116,70,13037.0,46,H,1.0
20050618_RichmondTigers,2005,13,2005-06-18,Marvel Stadium,Richmond Tigers,Adelaide Crows,62,132,27092.0,-70,A,0.0
20050619_FremantleDockers,2005,13,2005-06-19,Domain Stadium,Fremantle Dockers,North Melbourne Kangaroos,44,66,33550.0,-22,A,0.0
20050619_BrisbaneLions,2005,13,2005-06-19,The Gabba,Brisbane Lions,Geelong Cats,116,47,31307.0,69,H,1.0
20050624_EssendonBombers,2005,13,2005-06-24,Marvel Stadium,Essendon Bombers,St Kilda Saints,119,104,48342.0,15,H,1.0
20050625_SydneySwans,2005,13,2005-06-25,Accor Stadium,Sydney Swans,Collingwood Magpies,77,76,44387.0,1,H,1.0
20050701_CollingwoodMagpies,2005,14,2005-07-01,Marvel Stadium,Collingwood Magpies,Port Adelaide Power,102,71,35844.0,31,H,1.0
20050702_MelbourneDemons,2005,14,2005-07-02,The Gabba,Melbourne Demons,Brisbane Lions,92,166,31259.0,-74,A,0.0
20050702_RichmondTigers,2005,14,2005-07-02,Melbourne Cricket Ground,Richmond Tigers,Sydney Swans,85,84,34572.0,1,H,1.0
20050702_EssendonBombers,2005,14,2005-07-02,Marvel Stadium,Essendon Bombers,North Melbourne Kangaroos,86,128,48696.0,-42,A,0.0
20050702_WestCoastEagles,2005,14,2005-07-02,Domain Stadium,West Coast Eagles,Carlton Blues,139,62,39928.0,77,H,1.0
20050703_WesternBulldogs,2005,14,2005-07-03,Melbourne Cricket Ground,Western Bulldogs,St Kilda Saints,98,116,33622.0,-18,A,0.0
20050703_GeelongCats,2005,14,2005-07-03,Marvel Stadium,Geelong Cats,Hawthorn Hawks,113,58,36667.0,55,H,1.0
20050703_AdelaideCrows,2005,14,2005-07-03,AAMI Stadium,Adelaide Crows,Fremantle Dockers,94,88,41794.0,6,H,1.0
20050708_NorthMelbourneKangaroos,2005,15,2005-07-08,Marvel Stadium,North Melbourne Kangaroos,West Coast Eagles,97,101,33151.0,-4,A,0.0
20050709_RichmondTigers,2005,15,2005-07-09,Melbourne Cricket Ground,Richmond Tigers,Essendon Bombers,92,66,49975.0,26,H,1.0
20050709_BrisbaneLions,2005,15,2005-07-09,The Gabba,Brisbane Lions,Collingwood Magpies,133,55,37224.0,78,H,1.0
20050709_SydneySwans,2005,15,2005-07-09,Sydney Cricket Ground,Sydney Swans,Geelong Cats,105,51,28185.0,54,H,1.0
20050709_PortAdelaidePower,2005,15,2005-07-09,AAMI Stadium,Port Adelaide Power,Melbourne Demons,137,75,28040.0,62,H,1.0
20050710_FremantleDockers,2005,15,2005-07-10,Domain Stadium,Fremantle Dockers,Western Bulldogs,145,92,30991.0,53,H,1.0
20050710_StKildaSaints,2005,15,2005-07-10,Marvel Stadium,St Kilda Saints,Carlton Blues,153,73,39181.0,80,H,1.0
20050710_HawthornHawks,2005,15,2005-07-10,UTAS Stadium,Hawthorn Hawks,Adelaide Crows,68,78,16287.0,-10,A,0.0
20050715_CollingwoodMagpies,2005,16,2005-07-15,Melbourne Cricket Ground,Collingwood Magpies,Essendon Bombers,105,131,52507.0,-26,A,0.0
20050716_RichmondTigers,2005,16,2005-07-16,Melbourne Cricket Ground,Richmond Tigers,St Kilda Saints,37,106,40043.0,-69,A,0.0
20050716_GeelongCats,2005,16,2005-07-16,GMHBA Stadium,Geelong Cats,Port Adelaide Power,126,47,19362.0,79,H,1.0
20050716_WestCoastEagles,2005,16,2005-07-16,Domain Stadium,West Coast Eagles,Brisbane Lions,111,88,41524.0,23,H,1.0
20050716_MelbourneDemons,2005,16,2005-07-16,Marvel Stadium,Melbourne Demons,Sydney Swans,78,104,28749.0,-26,A,0.0
20050717_HawthornHawks,2005,16,2005-07-17,Marvel Stadium,Hawthorn Hawks,North Melbourne Kangaroos,68,109,23722.0,-41,A,0.0
20050717_CarltonBlues,2005,16,2005-07-17,Melbourne Cricket Ground,Carlton Blues,Fremantle Dockers,117,152,16076.0,-35,A,0.0
20050717_AdelaideCrows,2005,16,2005-07-17,AAMI Stadium,Adelaide Crows,Western Bulldogs,109,35,40264.0,74,H,1.0
20050722_StKildaSaints,2005,17,2005-07-22,Marvel Stadium,St Kilda Saints,Collingwood Magpies,143,70,45576.0,73,H,1.0
20050723_WesternBulldogs,2005,17,2005-07-23,Marvel Stadium,Western Bulldogs,Geelong Cats,133,98,29351.0,35,H,1.0
20050723_BrisbaneLions,2005,17,2005-07-23,The Gabba,Brisbane Lions,Essendon Bombers,114,101,36077.0,13,H,1.0
20050723_HawthornHawks,2005,17,2005-07-23,Melbourne Cricket Ground,Hawthorn Hawks,Carlton Blues,127,103,31459.0,24,H,1.0
20050723_PortAdelaidePower,2005,17,2005-07-23,AAMI Stadium,Port Adelaide Power,Richmond Tigers,96,83,27455.0,13,H,1.0
20050724_FremantleDockers,2005,17,2005-07-24,Domain Stadium,Fremantle Dockers,Melbourne Demons,101,76,31028.0,25,H,1.0
20050724_NorthMelbourneKangaroos,2005,17,2005-07-24,Marvel Stadium,North Melbourne Kangaroos,Adelaide Crows,109,122,25263.0,-13,A,0.0
20050724_SydneySwans,2005,17,2005-07-24,Sydney Cricket Ground,Sydney Swans,West Coast Eagles,88,67,37071.0,21,H,1.0
20050729_EssendonBombers,2005,18,2005-07-29,Marvel Stadium,Essendon Bombers,Geelong Cats,107,94,47122.0,13,H,1.0
20050730_AdelaideCrows,2005,18,2005-07-30,AAMI Stadium,Adelaide Crows,Sydney Swans,54,47,45629.0,7,H,1.0
20050730_WesternBulldogs,2005,18,2005-07-30,Marvel Stadium,Western Bulldogs,Brisbane Lions,151,123,29200.0,28,H,1.0
20050730_WestCoastEagles,2005,18,2005-07-30,Domain Stadium,West Coast Eagles,Hawthorn Hawks,97,49,39412.0,48,H,1.0
20050730_MelbourneDemons,2005,18,2005-07-30,Melbourne Cricket Ground,Melbourne Demons,St Kilda Saints,88,176,39584.0,-88,A,0.0
20050731_CarltonBlues,2005,18,2005-07-31,Marvel Stadium,Carlton Blues,Richmond Tigers,141,106,34925.0,35,H,1.0
20050731_NorthMelbourneKangaroos,2005,18,2005-07-31,Manuka Oval,North Melbourne Kangaroos,Port Adelaide Power,100,96,10431.0,4,H,1.0
20050731_CollingwoodMagpies,2005,18,2005-07-31,Melbourne Cricket Ground,Collingwood Magpies,Fremantle Dockers,85,98,26586.0,-13,A,0.0
20050805_StKildaSaints,2005,19,2005-08-05,Marvel Stadium,St Kilda Saints,Geelong Cats,96,55,46848.0,41,H,1.0
20050806_FremantleDockers,2005,19,2005-08-06,Domain Stadium,Fremantle Dockers,Richmond Tigers,93,66,36026.0,27,H,1.0
20050806_EssendonBombers,2005,19,2005-08-06,Marvel Stadium,Essendon Bombers,Sydney Swans,98,118,41629.0,-20,A,0.0
20050806_WesternBulldogs,2005,19,2005-08-06,Melbourne Cricket Ground,Western Bulldogs,West Coast Eagles,140,97,27693.0,43,H,1.0
20050806_AdelaideCrows,2005,19,2005-08-06,AAMI Stadium,Adelaide Crows,Melbourne Demons,100,46,42843.0,54,H,1.0
20050807_CarltonBlues,2005,19,2005-08-07,Melbourne Cricket Ground,Carlton Blues,Port Adelaide Power,109,123,16371.0,-14,A,0.0
20050807_BrisbaneLions,2005,19,2005-08-07,The Gabba,Brisbane Lions,Hawthorn Hawks,121,80,31946.0,41,H,1.0
20050807_CollingwoodMagpies,2005,19,2005-08-07,Marvel Stadium,Collingwood Magpies,North Melbourne Kangaroos,98,104,33587.0,-6,A,0.0
20050812_WestCoastEagles,2005,20,2005-08-12,Domain Stadium,West Coast Eagles,Fremantle Dockers,128,80,40720.0,48,H,1.0
20050813_CollingwoodMagpies,2005,20,2005-08-13,Melbourne Cricket Ground,Collingwood Magpies,Carlton Blues,94,129,48287.0,-35,A,0.0
20050813_GeelongCats,2005,20,2005-08-13,GMHBA Stadium,Geelong Cats,Melbourne Demons,99,100,20148.0,-1,A,0.0
20050813_NorthMelbourneKangaroos,2005,20,2005-08-13,Marvel Stadium,North Melbourne Kangaroos,St Kilda Saints,85,108,39777.0,-23,A,0.0
20050813_PortAdelaidePower,2005,20,2005-08-13,AAMI Stadium,Port Adelaide Power,Adelaide Crows,81,88,45199.0,-7,A,0.0
20050814_HawthornHawks,2005,20,2005-08-14,Melbourne Cricket Ground,Hawthorn Hawks,Essendon Bombers,117,104,32053.0,13,H,1.0
20050814_RichmondTigers,2005,20,2005-08-14,Marvel Stadium,Richmond Tigers,Western Bulldogs,107,119,33482.0,-12,A,0.0
20050814_SydneySwans,2005,20,2005-08-14,Accor Stadium,Sydney Swans,Brisbane Lions,124,40,43512.0,84,H,1.0
20050819_FremantleDockers,2005,21,2005-08-19,Domain Stadium,Fremantle Dockers,St Kilda Saints,80,75,38057.0,5,H,1.0
20050820_BrisbaneLions,2005,21,2005-08-20,The Gabba,Brisbane Lions,Port Adelaide Power,51,81,35221.0,-30,A,0.0
20050820_AdelaideCrows,2005,21,2005-08-20,AAMI Stadium,Adelaide Crows,Collingwood Magpies,151,41,40372.0,110,H,1.0
20050820_GeelongCats,2005,21,2005-08-20,GMHBA Stadium,Geelong Cats,West Coast Eagles,109,33,20372.0,76,H,1.0
20050820_MelbourneDemons,2005,21,2005-08-20,Melbourne Cricket Ground,Melbourne Demons,Western Bulldogs,109,105,32621.0,4,H,1.0
20050821_SydneySwans,2005,21,2005-08-21,Sydney Cricket Ground,Sydney Swans,North Melbourne Kangaroos,101,64,34975.0,37,H,1.0
20050821_RichmondTigers,2005,21,2005-08-21,Marvel Stadium,Richmond Tigers,Hawthorn Hawks,137,133,30906.0,4,H,1.0
20050821_EssendonBombers,2005,21,2005-08-21,Melbourne Cricket Ground,Essendon Bombers,Carlton Blues,182,83,37481.0,99,H,1.0
20050826_WesternBulldogs,2005,22,2005-08-26,Marvel Stadium,Western Bulldogs,Collingwood Magpies,141,100,41947.0,41,H,1.0
20050827_PortAdelaidePower,2005,22,2005-08-27,AAMI Stadium,Port Adelaide Power,Fremantle Dockers,120,75,41518.0,45,H,1.0
20050827_StKildaSaints,2005,22,2005-08-27,Marvel Stadium,St Kilda Saints,Brisbane Lions,186,47,46105.0,139,H,1.0
20050827_WestCoastEagles,2005,22,2005-08-27,Domain Stadium,West Coast Eagles,Adelaide Crows,74,82,43044.0,-8,A,0.0
20050827_HawthornHawks,2005,22,2005-08-27,Melbourne Cricket Ground,Hawthorn Hawks,Sydney Swans,75,129,31891.0,-54,A,0.0
20050828_GeelongCats,2005,22,2005-08-28,GMHBA Stadium,Geelong Cats,Richmond Tigers,69,68,24096.0,1,H,1.0
20050828_EssendonBombers,2005,22,2005-08-28,Melbourne Cricket Ground,Essendon Bombers,Melbourne Demons,85,95,55016.0,-10,A,0.0
20050828_CarltonBlues,2005,22,2005-08-28,Marvel Stadium,Carlton Blues,North Melbourne Kangaroos,83,113,27625.0,-30,A,0.0
20050902_WestCoastEagles,2005,QF,2005-09-02,Domain Stadium,West Coast Eagles,Sydney Swans,69,65,43302.0,4,H,1.0
20050903_AdelaideCrows,2005,QF,2005-09-03,AAMI Stadium,Adelaide Crows,St Kilda Saints,57,65,48768.0,-8,A,0.0
20050903_GeelongCats,2005,EF,2005-09-03,Melbourne Cricket Ground,Geelong Cats,Melbourne Demons,116,61,65018.0,55,H,1.0
20050904_NorthMelbourneKangaroos,2005,EF,2005-09-04,Marvel Stadium,North Melbourne Kangaroos,Port Adelaide Power,77,164,25195.0,-87,A,0.0
20050909_SydneySwans,2005,SF,2005-09-09,Sydney Cricket Ground,Sydney Swans,Geelong Cats,56,53,39079.0,3,H,1.0
20050910_AdelaideCrows,2005,SF,2005-09-10,AAMI Stadium,Adelaide Crows,Port Adelaide Power,123,40,50521.0,83,H,1.0
20050916_StKildaSaints,2005,PF,2005-09-16,Melbourne Cricket Ground,St Kilda Saints,Sydney Swans,65,96,73344.0,-31,A,0.0
20050917_WestCoastEagles,2005,PF,2005-09-17,Domain Stadium,West Coast Eagles,Adelaide Crows,93,77,43009.0,16,H,1.0
20050924_SydneySwans,2005,GF,2005-09-24,Melbourne Cricket Ground,Sydney Swans,West Coast Eagles,58,54,91828.0,4,H,1.0
20060330_WestCoastEagles,2006,1,2006-03-30,Domain Stadium,West Coast Eagles,St Kilda Saints,84,66,40036.0,18,H,1.0
20060331_WesternBulldogs,2006,1,2006-03-31,Marvel Stadium,Western Bulldogs,Richmond Tigers,167,52,43532.0,115,H,1.0
20060401_GeelongCats,2006,1,2006-04-01,GMHBA Stadium,Geelong Cats,Brisbane Lions,115,38,23029.0,77,H,1.0
20060401_EssendonBombers,2006,1,2006-04-01,Marvel Stadium,Essendon Bombers,Sydney Swans,108,81,45355.0,27,H,1.0
20060401_PortAdelaidePower,2006,1,2006-04-01,AAMI Stadium,Port Adelaide Power,North Melbourne Kangaroos,87,128,27680.0,-41,A,0.0
20060402_HawthornHawks,2006,1,2006-04-02,UTAS Stadium,Hawthorn Hawks,Fremantle Dockers,109,87,13862.0,22,H,1.0
20060402_MelbourneDemons,2006,1,2006-04-02,Marvel Stadium,Melbourne Demons,Carlton Blues,72,93,31139.0,-21,A,0.0
20060403_CollingwoodMagpies,2006,1,2006-04-03,Marvel Stadium,Collingwood Magpies,Adelaide Crows,77,111,35434.0,-34,A,0.0
20060407_RichmondTigers,2006,2,2006-04-07,Marvel Stadium,Richmond Tigers,St Kilda Saints,77,88,40740.0,-11,A,0.0
20060408_GeelongCats,2006,2,2006-04-08,GMHBA Stadium,Geelong Cats,North Melbourne Kangaroos,138,69,22839.0,69,H,1.0
20060408_FremantleDockers,2006,2,2006-04-08,Domain Stadium,Fremantle Dockers,Carlton Blues,101,86,34553.0,15,H,1.0
20060408_WesternBulldogs,2006,2,2006-04-08,Marvel Stadium,Western Bulldogs,Melbourne Demons,137,90,28478.0,47,H,1.0
20060408_BrisbaneLions,2006,2,2006-04-08,The Gabba,Brisbane Lions,Essendon Bombers,115,97,34357.0,18,H,1.0
20060409_AdelaideCrows,2006,2,2006-04-09,AAMI Stadium,Adelaide Crows,West Coast Eagles,88,90,43206.0,-2,A,0.0
20060409_HawthornHawks,2006,2,2006-04-09,Marvel Stadium,Hawthorn Hawks,Collingwood Magpies,84,119,43296.0,-35,A,0.0
20060409_SydneySwans,2006,2,2006-04-09,Sydney Cricket Ground,Sydney Swans,Port Adelaide Power,80,106,33551.0,-26,A,0.0
20060413_StKildaSaints,2006,3,2006-04-13,Marvel Stadium,St Kilda Saints,Brisbane Lions,124,87,35760.0,37,H,1.0
20060415_WestCoastEagles,2006,3,2006-04-15,Domain Stadium,West Coast Eagles,Richmond Tigers,136,90,39436.0,46,H,1.0
20060415_GeelongCats,2006,3,2006-04-15,GMHBA Stadium,Geelong Cats,Hawthorn Hawks,49,101,24026.0,-52,A,0.0
20060415_CarltonBlues,2006,3,2006-04-15,Marvel Stadium,Carlton Blues,Sydney Swans,74,81,36930.0,-7,A,0.0
20060416_EssendonBombers,2006,3,2006-04-16,Marvel Stadium,Essendon Bombers,Western Bulldogs,93,104,43947.0,-11,A,0.0
20060416_PortAdelaidePower,2006,3,2006-04-16,AAMI Stadium,Port Adelaide Power,Fremantle Dockers,79,110,25042.0,-31,A,0.0
20060416_MelbourneDemons,2006,3,2006-04-16,People First Stadium,Melbourne Demons,Adelaide Crows,97,102,8258.0,-5,A,0.0
20060417_NorthMelbourneKangaroos,2006,3,2006-04-17,Marvel Stadium,North Melbourne Kangaroos,Collingwood Magpies,76,153,48721.0,-77,A,0.0
20060421_CarltonBlues,2006,4,2006-04-21,Marvel Stadium,Carlton Blues,Hawthorn Hawks,68,100,45102.0,-32,A,0.0
20060422_WesternBulldogs,2006,4,2006-04-22,Marvel Stadium,Western Bulldogs,Geelong Cats,98,97,45922.0,1,H,1.0
20060422_FremantleDockers,2006,4,2006-04-22,Domain Stadium,Fremantle Dockers,Adelaide Crows,59,70,35090.0,-11,A,0.0
20060422_BrisbaneLions,2006,4,2006-04-22,The Gabba,Brisbane Lions,Richmond Tigers,82,96,30266.0,-14,A,0.0
20060423_SydneySwans,2006,4,2006-04-23,Sydney Cricket Ground,Sydney Swans,Melbourne Demons,92,97,29167.0,-5,A,0.0
20060423_NorthMelbourneKangaroos,2006,4,2006-04-23,Manuka Oval,North Melbourne Kangaroos,West Coast Eagles,71,95,9541.0,-24,A,0.0
20060424_PortAdelaidePower,2006,4,2006-04-24,AAMI Stadium,Port Adelaide Power,St Kilda Saints,122,118,32188.0,4,H,1.0
20060425_CollingwoodMagpies,2006,4,2006-04-25,Melbourne Cricket Ground,Collingwood Magpies,Essendon Bombers,106,89,91234.0,17,H,1.0
20060428_RichmondTigers,2006,5,2006-04-28,Melbourne Cricket Ground,Richmond Tigers,Carlton Blues,92,84,54815.0,8,H,1.0
20060429_AdelaideCrows,2006,5,2006-04-29,AAMI Stadium,Adelaide Crows,Western Bulldogs,132,55,41057.0,77,H,1.0
20060429_WestCoastEagles,2006,5,2006-04-29,Domain Stadium,West Coast Eagles,Brisbane Lions,122,63,40519.0,59,H,1.0
20060429_MelbourneDemons,2006,5,2006-04-29,Melbourne Cricket Ground,Melbourne Demons,North Melbourne Kangaroos,90,86,30392.0,4,H,1.0
20060429_SydneySwans,2006,5,2006-04-29,Accor Stadium,Sydney Swans,Geelong Cats,107,85,37032.0,22,H,1.0
20060430_CollingwoodMagpies,2006,5,2006-04-30,Marvel Stadium,Collingwood Magpies,Port Adelaide Power,120,79,32276.0,41,H,1.0
20060430_StKildaSaints,2006,5,2006-04-30,UTAS Stadium,St Kilda Saints,Fremantle Dockers,93,94,15282.0,-1,A,0.0
20060430_HawthornHawks,2006,5,2006-04-30,Melbourne Cricket Ground,Hawthorn Hawks,Essendon Bombers,84,83,40179.0,1,H,1.0
20060505_MelbourneDemons,2006,6,2006-05-05,Melbourne Cricket Ground,Melbourne Demons,Geelong Cats,87,81,36041.0,6,H,1.0
20060506_StKildaSaints,2006,6,2006-05-06,Marvel Stadium,St Kilda Saints,Western Bulldogs,92,78,42760.0,14,H,1.0
20060506_EssendonBombers,2006,6,2006-05-06,Melbourne Cricket Ground,Essendon Bombers,Richmond Tigers,95,97,58439.0,-2,A,0.0
20060506_FremantleDockers,2006,6,2006-05-06,Domain Stadium,Fremantle Dockers,West Coast Eagles,88,83,42213.0,5,H,1.0
20060506_AdelaideCrows,2006,6,2006-05-06,AAMI Stadium,Adelaide Crows,Port Adelaide Power,103,53,42723.0,50,H,1.0
20060507_BrisbaneLions,2006,6,2006-05-07,The Gabba,Brisbane Lions,Sydney Swans,70,102,29872.0,-32,A,0.0
20060507_NorthMelbourneKangaroos,2006,6,2006-05-07,Marvel Stadium,North Melbourne Kangaroos,Hawthorn Hawks,102,80,28470.0,22,H,1.0
20060507_CarltonBlues,2006,6,2006-05-07,Melbourne Cricket Ground,Carlton Blues,Collingwood Magpies,66,138,59675.0,-72,A,0.0
20060512_StKildaSaints,2006,7,2006-05-12,Marvel Stadium,St Kilda Saints,Geelong Cats,64,82,48313.0,-18,A,0.0
20060513_MelbourneDemons,2006,7,2006-05-13,Melbourne Cricket Ground,Melbourne Demons,Fremantle Dockers,117,58,23368.0,59,H,1.0
20060513_WestCoastEagles,2006,7,2006-05-13,Domain Stadium,West Coast Eagles,Collingwood Magpies,112,98,42033.0,14,H,1.0
20060513_HawthornHawks,2006,7,2006-05-13,People First Stadium,Hawthorn Hawks,Brisbane Lions,66,106,12315.0,-40,A,0.0
20060513_RichmondTigers,2006,7,2006-05-13,Marvel Stadium,Richmond Tigers,Sydney Swans,62,180,36477.0,-118,A,0.0
20060514_NorthMelbourneKangaroos,2006,7,2006-05-14,Marvel Stadium,North Melbourne Kangaroos,Adelaide Crows,60,116,16064.0,-56,A,0.0
20060514_CarltonBlues,2006,7,2006-05-14,Melbourne Cricket Ground,Carlton Blues,Essendon Bombers,111,78,32976.0,33,H,1.0
20060514_PortAdelaidePower,2006,7,2006-05-14,AAMI Stadium,Port Adelaide Power,Western Bulldogs,90,166,20233.0,-76,A,0.0
20060519_HawthornHawks,2006,8,2006-05-19,Melbourne Cricket Ground,Hawthorn Hawks,Melbourne Demons,61,136,42985.0,-75,A,0.0
20060520_RichmondTigers,2006,8,2006-05-20,Marvel Stadium,Richmond Tigers,Adelaide Crows,69,66,24461.0,3,H,1.0
20060520_WesternBulldogs,2006,8,2006-05-20,Sydney Cricket Ground,Western Bulldogs,Sydney Swans,90,116,31756.0,-26,A,0.0
20060520_CollingwoodMagpies,2006,8,2006-05-20,Melbourne Cricket Ground,Collingwood Magpies,Geelong Cats,146,44,69819.0,102,H,1.0
20060520_FremantleDockers,2006,8,2006-05-20,Domain Stadium,Fremantle Dockers,North Melbourne Kangaroos,84,49,34072.0,35,H,1.0
20060521_PortAdelaidePower,2006,8,2006-05-21,AAMI Stadium,Port Adelaide Power,Brisbane Lions,78,147,21970.0,-69,A,0.0
20060521_EssendonBombers,2006,8,2006-05-21,Marvel Stadium,Essendon Bombers,West Coast Eagles,92,113,31434.0,-21,A,0.0
20060521_CarltonBlues,2006,8,2006-05-21,Melbourne Cricket Ground,Carlton Blues,St Kilda Saints,34,126,39908.0,-92,A,0.0
20060526_CollingwoodMagpies,2006,9,2006-05-26,Melbourne Cricket Ground,Collingwood Magpies,Western Bulldogs,139,105,67920.0,34,H,1.0
20060527_AdelaideCrows,2006,9,2006-05-27,AAMI Stadium,Adelaide Crows,Carlton Blues,124,60,41157.0,64,H,1.0
20060527_HawthornHawks,2006,9,2006-05-27,Melbourne Cricket Ground,Hawthorn Hawks,Sydney Swans,54,119,28766.0,-65,A,0.0
20060527_GeelongCats,2006,9,2006-05-27,GMHBA Stadium,Geelong Cats,Richmond Tigers,90,110,23386.0,-20,A,0.0
20060527_EssendonBombers,2006,9,2006-05-27,Marvel Stadium,Essendon Bombers,Port Adelaide Power,69,129,29232.0,-60,A,0.0
20060528_StKildaSaints,2006,9,2006-05-28,Marvel Stadium,St Kilda Saints,North Melbourne Kangaroos,74,57,30904.0,17,H,1.0
20060528_BrisbaneLions,2006,9,2006-05-28,The Gabba,Brisbane Lions,Fremantle Dockers,141,73,29999.0,68,H,1.0
20060528_WestCoastEagles,2006,9,2006-05-28,Domain Stadium,West Coast Eagles,Melbourne Demons,97,75,41032.0,22,H,1.0
20060602_AdelaideCrows,2006,10,2006-06-02,AAMI Stadium,Adelaide Crows,Essendon Bombers,188,50,42025.0,138,H,1.0
20060603_GeelongCats,2006,10,2006-06-03,GMHBA Stadium,Geelong Cats,West Coast Eagles,98,101,20428.0,-3,A,0.0
20060603_FremantleDockers,2006,10,2006-06-03,Domain Stadium,Fremantle Dockers,Richmond Tigers,100,89,36032.0,11,H,1.0
20060603_WesternBulldogs,2006,10,2006-06-03,Marvel Stadium,Western Bulldogs,Hawthorn Hawks,109,88,29960.0,21,H,1.0
20060603_CollingwoodMagpies,2006,10,2006-06-03,Melbourne Cricket Ground,Collingwood Magpies,Brisbane Lions,109,83,54820.0,26,H,1.0
20060604_CarltonBlues,2006,10,2006-06-04,Marvel Stadium,Carlton Blues,Port Adelaide Power,84,118,18665.0,-34,A,0.0
20060604_MelbourneDemons,2006,10,2006-06-04,Melbourne Cricket Ground,Melbourne Demons,St Kilda Saints,103,90,41665.0,13,H,1.0
20060604_NorthMelbourneKangaroos,2006,10,2006-06-04,Manuka Oval,North Melbourne Kangaroos,Sydney Swans,98,105,14922.0,-7,A,0.0
20060609_GeelongCats,2006,11,2006-06-09,Marvel Stadium,Geelong Cats,Essendon Bombers,130,88,43600.0,42,H,1.0
20060610_BrisbaneLions,2006,11,2006-06-10,The Gabba,Brisbane Lions,Adelaide Crows,60,75,27516.0,-15,A,0.0
20060610_RichmondTigers,2006,11,2006-06-10,Melbourne Cricket Ground,Richmond Tigers,North Melbourne Kangaroos,102,67,42841.0,35,H,1.0
20060610_SydneySwans,2006,11,2006-06-10,Sydney Cricket Ground,Sydney Swans,St Kilda Saints,50,52,31146.0,-2,A,0.0
20060611_WesternBulldogs,2006,11,2006-06-11,Marvel Stadium,Western Bulldogs,Fremantle Dockers,100,86,23805.0,14,H,1.0
20060611_PortAdelaidePower,2006,11,2006-06-11,AAMI Stadium,Port Adelaide Power,Hawthorn Hawks,145,49,24511.0,96,H,1.0
20060611_WestCoastEagles,2006,11,2006-06-11,Domain Stadium,West Coast Eagles,Carlton Blues,111,101,40090.0,10,H,1.0
20060612_MelbourneDemons,2006,11,2006-06-12,Melbourne Cricket Ground,Melbourne Demons,Collingwood Magpies,141,94,78773.0,47,H,1.0
20060616_StKildaSaints,2006,12,2006-06-16,Marvel Stadium,St Kilda Saints,Adelaide Crows,60,123,34170.0,-63,A,0.0
20060617_FremantleDockers,2006,12,2006-06-17,Domain Stadium,Fremantle Dockers,Geelong Cats,52,118,34236.0,-66,A,0.0
20060617_PortAdelaidePower,2006,12,2006-06-17,AAMI Stadium,Port Adelaide Power,West Coast Eagles,97,60,28125.0,37,H,1.0
20060617_BrisbaneLions,2006,12,2006-06-17,The Gabba,Brisbane Lions,Western Bulldogs,103,145,27745.0,-42,A,0.0
20060618_HawthornHawks,2006,12,2006-06-18,UTAS Stadium,Hawthorn Hawks,Richmond Tigers,105,64,20971.0,41,H,1.0
20060618_EssendonBombers,2006,12,2006-06-18,Marvel Stadium,Essendon Bombers,Melbourne Demons,75,111,35019.0,-36,A,0.0
20060623_NorthMelbourneKangaroos,2006,12,2006-06-23,Marvel Stadium,North Melbourne Kangaroos,Carlton Blues,121,102,34110.0,19,H,1.0
20060624_SydneySwans,2006,12,2006-06-24,Accor Stadium,Sydney Swans,Collingwood Magpies,82,95,60307.0,-13,A,0.0
20060630_NorthMelbourneKangaroos,2006,13,2006-06-30,Marvel Stadium,North Melbourne Kangaroos,Essendon Bombers,96,89,33747.0,7,H,1.0
20060701_MelbourneDemons,2006,13,2006-07-01,Melbourne Cricket Ground,Melbourne Demons,Port Adelaide Power,120,82,24283.0,38,H,1.0
20060701_SydneySwans,2006,13,2006-07-01,Sydney Cricket Ground,Sydney Swans,Fremantle Dockers,91,58,24114.0,33,H,1.0
20060701_StKildaSaints,2006,13,2006-07-01,Marvel Stadium,St Kilda Saints,Hawthorn Hawks,125,55,33869.0,70,H,1.0
20060701_BrisbaneLions,2006,13,2006-07-01,The Gabba,Brisbane Lions,Carlton Blues,71,56,29516.0,15,H,1.0
20060702_RichmondTigers,2006,13,2006-07-02,Melbourne Cricket Ground,Richmond Tigers,Collingwood Magpies,92,45,63016.0,47,H,1.0
20060702_AdelaideCrows,2006,13,2006-07-02,AAMI Stadium,Adelaide Crows,Geelong Cats,147,55,41752.0,92,H,1.0
20060702_WestCoastEagles,2006,13,2006-07-02,Domain Stadium,West Coast Eagles,Western Bulldogs,64,73,40375.0,-9,A,0.0
20060707_FremantleDockers,2006,14,2006-07-07,Domain Stadium,Fremantle Dockers,Essendon Bombers,125,88,34608.0,37,H,1.0
20060708_CarltonBlues,2006,14,2006-07-08,Marvel Stadium,Carlton Blues,Geelong Cats,77,142,32096.0,-65,A,0.0
20060708_HawthornHawks,2006,14,2006-07-08,Melbourne Cricket Ground,Hawthorn Hawks,West Coast Eagles,104,114,21989.0,-10,A,0.0
20060708_MelbourneDemons,2006,14,2006-07-08,The Gabba,Melbourne Demons,Brisbane Lions,98,90,25541.0,8,H,1.0
20060708_PortAdelaidePower,2006,14,2006-07-08,AAMI Stadium,Port Adelaide Power,Richmond Tigers,54,92,25067.0,-38,A,0.0
20060709_WesternBulldogs,2006,14,2006-07-09,Melbourne Cricket Ground,Western Bulldogs,North Melbourne Kangaroos,82,94,28173.0,-12,A,0.0
20060709_SydneySwans,2006,14,2006-07-09,Sydney Cricket Ground,Sydney Swans,Adelaide Crows,62,101,36104.0,-39,A,0.0
20060709_StKildaSaints,2006,14,2006-07-09,Marvel Stadium,St Kilda Saints,Collingwood Magpies,122,63,48564.0,59,H,1.0
20060714_RichmondTigers,2006,15,2006-07-14,Melbourne Cricket Ground,Richmond Tigers,Melbourne Demons,52,70,60086.0,-18,A,0.0
20060715_EssendonBombers,2006,15,2006-07-15,Melbourne Cricket Ground,Essendon Bombers,St Kilda Saints,71,74,33082.0,-3,A,0.0
20060715_AdelaideCrows,2006,15,2006-07-15,AAMI Stadium,Adelaide Crows,Hawthorn Hawks,109,73,37446.0,36,H,1.0
20060715_WestCoastEagles,2006,15,2006-07-15,Domain Stadium,West Coast Eagles,Sydney Swans,67,65,40688.0,2,H,1.0
20060715_NorthMelbourneKangaroos,2006,15,2006-07-15,Marvel Stadium,North Melbourne Kangaroos,Brisbane Lions,84,85,22947.0,-1,A,0.0
20060716_CarltonBlues,2006,15,2006-07-16,Marvel Stadium,Carlton Blues,Western Bulldogs,80,110,26418.0,-30,A,0.0
20060716_GeelongCats,2006,15,2006-07-16,GMHBA Stadium,Geelong Cats,Port Adelaide Power,68,58,19149.0,10,H,1.0
20060716_CollingwoodMagpies,2006,15,2006-07-16,Melbourne Cricket Ground,Collingwood Magpies,Fremantle Dockers,104,119,30373.0,-15,A,0.0
20060721_AdelaideCrows,2006,16,2006-07-21,AAMI Stadium,Adelaide Crows,North Melbourne Kangaroos,124,52,47487.0,72,H,1.0
20060722_EssendonBombers,2006,16,2006-07-22,Melbourne Cricket Ground,Essendon Bombers,Carlton Blues,105,105,49181.0,0,D,
20060722_CollingwoodMagpies,2006,16,2006-07-22,Marvel Stadium,Collingwood Magpies,West Coast Eagles,127,90,38777.0,37,H,1.0
20060722_BrisbaneLions,2006,16,2006-07-22,The Gabba,Brisbane Lions,Hawthorn Hawks,84,74,26738.0,10,H,1.0
20060722_SydneySwans,2006,16,2006-07-22,Sydney Cricket Ground,Sydney Swans,Richmond Tigers,101,53,28371.0,48,H,1.0
20060723_StKildaSaints,2006,16,2006-07-23,UTAS Stadium,St Kilda Saints,Port Adelaide Power,64,60,16588.0,4,H,1.0
20060723_GeelongCats,2006,16,2006-07-23,Marvel Stadium,Geelong Cats,Western Bulldogs,90,89,39417.0,1,H,1.0
20060723_FremantleDockers,2006,16,2006-07-23,Domain Stadium,Fremantle Dockers,Melbourne Demons,96,67,36244.0,29,H,1.0
20060728_CollingwoodMagpies,2006,17,2006-07-28,Melbourne Cricket Ground,Collingwood Magpies,Hawthorn Hawks,113,68,54306.0,45,H,1.0
20060729_StKildaSaints,2006,17,2006-07-29,Melbourne Cricket Ground,St Kilda Saints,Richmond Tigers,174,71,43250.0,103,H,1.0
20060729_WestCoastEagles,2006,17,2006-07-29,Domain Stadium,West Coast Eagles,Adelaide Crows,165,83,40380.0,82,H,1.0
20060729_PortAdelaidePower,2006,17,2006-07-29,AAMI Stadium,Port Adelaide Power,Sydney Swans,50,77,23183.0,-27,A,0.0
20060729_EssendonBombers,2006,17,2006-07-29,Marvel Stadium,Essendon Bombers,Brisbane Lions,160,123,32761.0,37,H,1.0
20060730_MelbourneDemons,2006,17,2006-07-30,Melbourne Cricket Ground,Melbourne Demons,Western Bulldogs,119,68,36466.0,51,H,1.0
20060730_CarltonBlues,2006,17,2006-07-30,Marvel Stadium,Carlton Blues,Fremantle Dockers,89,107,17518.0,-18,A,0.0
20060730_NorthMelbourneKangaroos,2006,17,2006-07-30,Manuka Oval,North Melbourne Kangaroos,Geelong Cats,90,60,9561.0,30,H,1.0
20060804_StKildaSaints,2006,18,2006-08-04,Marvel Stadium,St Kilda Saints,West Coast Eagles,59,98,40177.0,-39,A,0.0
20060805_CarltonBlues,2006,18,2006-08-05,Marvel Stadium,Carlton Blues,Melbourne Demons,80,73,24113.0,7,H,1.0
20060805_SydneySwans,2006,18,2006-08-05,Sydney Cricket Ground,Sydney Swans,Essendon Bombers,116,73,25465.0,43,H,1.0
20060805_RichmondTigers,2006,18,2006-08-05,Melbourne Cricket Ground,Richmond Tigers,Western Bulldogs,78,100,36339.0,-22,A,0.0
20060805_AdelaideCrows,2006,18,2006-08-05,AAMI Stadium,Adelaide Crows,Collingwood Magpies,58,54,45658.0,4,H,1.0
20060806_BrisbaneLions,2006,18,2006-08-06,The Gabba,Brisbane Lions,Geelong Cats,87,104,28055.0,-17,A,0.0
20060806_FremantleDockers,2006,18,2006-08-06,Domain Stadium,Fremantle Dockers,Hawthorn Hawks,104,51,35017.0,53,H,1.0
20060806_NorthMelbourneKangaroos,2006,18,2006-08-06,Marvel Stadium,North Melbourne Kangaroos,Port Adelaide Power,84,65,14815.0,19,H,1.0
20060811_EssendonBombers,2006,19,2006-08-11,Melbourne Cricket Ground,Essendon Bombers,Collingwood Magpies,74,61,62940.0,13,H,1.0
20060812_RichmondTigers,2006,19,2006-08-12,Marvel Stadium,Richmond Tigers,Brisbane Lions,142,60,27211.0,82,H,1.0
20060812_MelbourneDemons,2006,19,2006-08-12,Melbourne Cricket Ground,Melbourne Demons,Sydney Swans,63,95,43794.0,-32,A,0.0
20060812_WestCoastEagles,2006,19,2006-08-12,Domain Stadium,West Coast Eagles,North Melbourne Kangaroos,107,81,40067.0,26,H,1.0
20060812_WesternBulldogs,2006,19,2006-08-12,TIO Stadium,Western Bulldogs,Port Adelaide Power,91,105,14100.0,-14,A,0.0
20060813_HawthornHawks,2006,19,2006-08-13,Melbourne Cricket Ground,Hawthorn Hawks,Carlton Blues,113,90,36817.0,23,H,1.0
20060813_GeelongCats,2006,19,2006-08-13,Marvel Stadium,Geelong Cats,St Kilda Saints,80,103,40986.0,-23,A,0.0
20060813_AdelaideCrows,2006,19,2006-08-13,AAMI Stadium,Adelaide Crows,Fremantle Dockers,80,95,43127.0,-15,A,0.0
20060818_PortAdelaidePower,2006,20,2006-08-18,AAMI Stadium,Port Adelaide Power,Collingwood Magpies,87,89,30281.0,-2,A,0.0
20060819_FremantleDockers,2006,20,2006-08-19,Domain Stadium,Fremantle Dockers,St Kilda Saints,114,56,39069.0,58,H,1.0
20060819_GeelongCats,2006,20,2006-08-19,GMHBA Stadium,Geelong Cats,Sydney Swans,90,63,21775.0,27,H,1.0
20060819_WesternBulldogs,2006,20,2006-08-19,Melbourne Cricket Ground,Western Bulldogs,Adelaide Crows,105,98,29988.0,7,H,1.0
20060819_EssendonBombers,2006,20,2006-08-19,Marvel Stadium,Essendon Bombers,Hawthorn Hawks,106,124,44275.0,-18,A,0.0
20060820_BrisbaneLions,2006,20,2006-08-20,The Gabba,Brisbane Lions,West Coast Eagles,52,114,23764.0,-62,A,0.0
20060820_CarltonBlues,2006,20,2006-08-20,Marvel Stadium,Carlton Blues,Richmond Tigers,95,140,37094.0,-45,A,0.0
20060820_NorthMelbourneKangaroos,2006,20,2006-08-20,Melbourne Cricket Ground,North Melbourne Kangaroos,Melbourne Demons,82,132,29457.0,-50,A,0.0
20060825_WesternBulldogs,2006,21,2006-08-25,Marvel Stadium,Western Bulldogs,St Kilda Saints,92,142,47120.0,-50,A,0.0
20060826_RichmondTigers,2006,21,2006-08-26,Melbourne Cricket Ground,Richmond Tigers,Essendon Bombers,129,113,48710.0,16,H,1.0
20060826_GeelongCats,2006,21,2006-08-26,GMHBA Stadium,Geelong Cats,Melbourne Demons,94,94,23068.0,0,D,
20060826_HawthornHawks,2006,21,2006-08-26,UTAS Stadium,Hawthorn Hawks,North Melbourne Kangaroos,58,36,18836.0,22,H,1.0
20060826_SydneySwans,2006,21,2006-08-26,Accor Stadium,Sydney Swans,Brisbane Lions,97,40,37659.0,57,H,1.0
20060827_PortAdelaidePower,2006,21,2006-08-27,AAMI Stadium,Port Adelaide Power,Adelaide Crows,95,81,41549.0,14,H,1.0
20060827_CollingwoodMagpies,2006,21,2006-08-27,Melbourne Cricket Ground,Collingwood Magpies,Carlton Blues,156,112,57719.0,44,H,1.0
20060827_WestCoastEagles,2006,21,2006-08-27,Domain Stadium,West Coast Eagles,Fremantle Dockers,61,118,43527.0,-57,A,0.0
20060901_WesternBulldogs,2006,22,2006-09-01,Marvel Stadium,Western Bulldogs,Essendon Bombers,147,125,42956.0,22,H,1.0
20060902_BrisbaneLions,2006,22,2006-09-02,The Gabba,Brisbane Lions,St Kilda Saints,57,108,27101.0,-51,A,0.0
20060902_RichmondTigers,2006,22,2006-09-02,Melbourne Cricket Ground,Richmond Tigers,West Coast Eagles,85,173,35016.0,-88,A,0.0
20060902_FremantleDockers,2006,22,2006-09-02,Domain Stadium,Fremantle Dockers,Port Adelaide Power,151,72,41121.0,79,H,1.0
20060902_AdelaideCrows,2006,22,2006-09-02,AAMI Stadium,Adelaide Crows,Melbourne Demons,152,94,41364.0,58,H,1.0
20060903_HawthornHawks,2006,22,2006-09-03,Marvel Stadium,Hawthorn Hawks,Geelong Cats,133,72,28188.0,61,H,1.0
20060903_SydneySwans,2006,22,2006-09-03,Sydney Cricket Ground,Sydney Swans,Carlton Blues,136,44,33943.0,92,H,1.0
20060903_CollingwoodMagpies,2006,22,2006-09-03,Melbourne Cricket Ground,Collingwood Magpies,North Melbourne Kangaroos,139,71,49040.0,68,H,1.0
20060908_StKildaSaints,2006,EF,2006-09-08,Melbourne Cricket Ground,St Kilda Saints,Melbourne Demons,72,90,67528.0,-18,A,0.0
20060909_AdelaideCrows,2006,QF,2006-09-09,AAMI Stadium,Adelaide Crows,Fremantle Dockers,76,46,42208.0,30,H,1.0
20060909_WestCoastEagles,2006,QF,2006-09-09,Domain Stadium,West Coast Eagles,Sydney Swans,84,85,43116.0,-1,A,0.0
20060910_CollingwoodMagpies,2006,EF,2006-09-10,Melbourne Cricket Ground,Collingwood Magpies,Western Bulldogs,80,121,84284.0,-41,A,0.0
20060915_FremantleDockers,2006,SF,2006-09-15,Domain Stadium,Fremantle Dockers,Melbourne Demons,102,74,42505.0,28,H,1.0
20060916_WestCoastEagles,2006,SF,2006-09-16,Domain Stadium,West Coast Eagles,Western Bulldogs,113,39,43219.0,74,H,1.0
20060922_SydneySwans,2006,PF,2006-09-22,Accor Stadium,Sydney Swans,Fremantle Dockers,127,92,61373.0,35,H,1.0
20060923_AdelaideCrows,2006,PF,2006-09-23,AAMI Stadium,Adelaide Crows,West Coast Eagles,75,85,50514.0,-10,A,0.0
20060930_SydneySwans,2006,GF,2006-09-30,Melbourne Cricket Ground,Sydney Swans,West Coast Eagles,84,85,97431.0,-1,A,0.0
20070330_MelbourneDemons,2007,1,2007-03-30,Melbourne Cricket Ground,Melbourne Demons,St Kilda Saints,62,93,49490.0,-31,A,0.0
20070331_NorthMelbourneKangaroos,2007,1,2007-03-31,Melbourne Cricket Ground,North Melbourne Kangaroos,Collingwood Magpies,79,82,42402.0,-3,A,0.0
20070331_FremantleDockers,2007,1,2007-03-31,Domain Stadium,Fremantle Dockers,Port Adelaide Power,105,121,37425.0,-16,A,0.0
20070331_SydneySwans,2007,1,2007-03-31,Accor Stadium,Sydney Swans,West Coast Eagles,73,74,62586.0,-1,A,0.0
20070331_BrisbaneLions,2007,1,2007-03-31,The Gabba,Brisbane Lions,Hawthorn Hawks,69,44,27104.0,25,H,1.0
20070401_AdelaideCrows,2007,1,2007-04-01,AAMI Stadium,Adelaide Crows,Essendon Bombers,74,105,43064.0,-31,A,0.0
20070401_WesternBulldogs,2007,1,2007-04-01,Marvel Stadium,Western Bulldogs,Geelong Cats,113,93,42626.0,20,H,1.0
20070401_CarltonBlues,2007,1,2007-04-01,Melbourne Cricket Ground,Carlton Blues,Richmond Tigers,115,98,59847.0,17,H,1.0
20070405_BrisbaneLions,2007,2,2007-04-05,The Gabba,Brisbane Lions,St Kilda Saints,102,50,28266.0,52,H,1.0
20070407_GeelongCats,2007,2,2007-04-07,Marvel Stadium,Geelong Cats,Carlton Blues,162,84,41113.0,78,H,1.0
20070407_WestCoastEagles,2007,2,2007-04-07,Domain Stadium,West Coast Eagles,Collingwood Magpies,87,75,40413.0,12,H,1.0
20070407_RichmondTigers,2007,2,2007-04-07,Melbourne Cricket Ground,Richmond Tigers,Sydney Swans,72,88,37985.0,-16,A,0.0
20070408_EssendonBombers,2007,2,2007-04-08,Marvel Stadium,Essendon Bombers,Fremantle Dockers,122,112,32623.0,10,H,1.0
20070408_PortAdelaidePower,2007,2,2007-04-08,AAMI Stadium,Port Adelaide Power,North Melbourne Kangaroos,122,104,25054.0,18,H,1.0
20070408_WesternBulldogs,2007,2,2007-04-08,Melbourne Cricket Ground,Western Bulldogs,Adelaide Crows,72,110,27199.0,-38,A,0.0
20070409_HawthornHawks,2007,2,2007-04-09,Melbourne Cricket Ground,Hawthorn Hawks,Melbourne Demons,116,94,43197.0,22,H,1.0
20070413_CollingwoodMagpies,2007,3,2007-04-13,Melbourne Cricket Ground,Collingwood Magpies,Richmond Tigers,115,90,70569.0,25,H,1.0
20070414_FremantleDockers,2007,3,2007-04-14,Domain Stadium,Fremantle Dockers,West Coast Eagles,70,101,42051.0,-31,A,0.0
20070414_PortAdelaidePower,2007,3,2007-04-14,AAMI Stadium,Port Adelaide Power,Adelaide Crows,63,87,36959.0,-24,A,0.0
20070414_CarltonBlues,2007,3,2007-04-14,Melbourne Cricket Ground,Carlton Blues,Essendon Bombers,125,122,64710.0,3,H,1.0
20070414_StKildaSaints,2007,3,2007-04-14,Marvel Stadium,St Kilda Saints,Western Bulldogs,116,66,38474.0,50,H,1.0
20070415_NorthMelbourneKangaroos,2007,3,2007-04-15,Marvel Stadium,North Melbourne Kangaroos,Hawthorn Hawks,70,91,28481.0,-21,A,0.0
20070415_SydneySwans,2007,3,2007-04-15,Sydney Cricket Ground,Sydney Swans,Brisbane Lions,96,69,24854.0,27,H,1.0
20070415_MelbourneDemons,2007,3,2007-04-15,Melbourne Cricket Ground,Melbourne Demons,Geelong Cats,57,109,38438.0,-52,A,0.0
20070420_RichmondTigers,2007,4,2007-04-20,Melbourne Cricket Ground,Richmond Tigers,Western Bulldogs,100,132,36821.0,-32,A,0.0
20070421_NorthMelbourneKangaroos,2007,4,2007-04-21,People First Stadium,North Melbourne Kangaroos,Brisbane Lions,87,63,11133.0,24,H,1.0
20070421_StKildaSaints,2007,4,2007-04-21,Marvel Stadium,St Kilda Saints,Essendon Bombers,68,99,47605.0,-31,A,0.0
20070421_CollingwoodMagpies,2007,4,2007-04-21,Melbourne Cricket Ground,Collingwood Magpies,Port Adelaide Power,66,84,35355.0,-18,A,0.0
20070421_AdelaideCrows,2007,4,2007-04-21,AAMI Stadium,Adelaide Crows,Sydney Swans,61,44,43752.0,17,H,1.0
20070422_HawthornHawks,2007,4,2007-04-22,UTAS Stadium,Hawthorn Hawks,Geelong Cats,76,72,17120.0,4,H,1.0
20070422_WestCoastEagles,2007,4,2007-04-22,Domain Stadium,West Coast Eagles,Carlton Blues,100,39,41016.0,61,H,1.0
20070422_MelbourneDemons,2007,4,2007-04-22,Melbourne Cricket Ground,Melbourne Demons,Fremantle Dockers,92,137,16654.0,-45,A,0.0
20070425_EssendonBombers,2007,5,2007-04-25,Melbourne Cricket Ground,Essendon Bombers,Collingwood Magpies,79,95,90508.0,-16,A,0.0
20070427_PortAdelaidePower,2007,5,2007-04-27,AAMI Stadium,Port Adelaide Power,St Kilda Saints,96,43,24438.0,53,H,1.0
20070428_SydneySwans,2007,5,2007-04-28,Sydney Cricket Ground,Sydney Swans,Melbourne Demons,109,60,23354.0,49,H,1.0
20070428_RichmondTigers,2007,5,2007-04-28,Melbourne Cricket Ground,Richmond Tigers,West Coast Eagles,76,99,27326.0,-23,A,0.0
20070428_CarltonBlues,2007,5,2007-04-28,Marvel Stadium,Carlton Blues,Brisbane Lions,124,136,33598.0,-12,A,0.0
20070429_FremantleDockers,2007,5,2007-04-29,Domain Stadium,Fremantle Dockers,Adelaide Crows,58,57,37172.0,1,H,1.0
20070429_GeelongCats,2007,5,2007-04-29,GMHBA Stadium,Geelong Cats,North Melbourne Kangaroos,102,118,21468.0,-16,A,0.0
20070429_HawthornHawks,2007,5,2007-04-29,Melbourne Cricket Ground,Hawthorn Hawks,Western Bulldogs,93,110,31982.0,-17,A,0.0
20070504_StKildaSaints,2007,6,2007-05-04,Marvel Stadium,St Kilda Saints,Carlton Blues,125,82,45513.0,43,H,1.0
20070505_EssendonBombers,2007,6,2007-05-05,Melbourne Cricket Ground,Essendon Bombers,Hawthorn Hawks,96,131,52047.0,-35,A,0.0
20070505_WestCoastEagles,2007,6,2007-05-05,Domain Stadium,West Coast Eagles,Western Bulldogs,77,62,40668.0,15,H,1.0
20070505_AdelaideCrows,2007,6,2007-05-05,AAMI Stadium,Adelaide Crows,Collingwood Magpies,62,86,43915.0,-24,A,0.0
20070505_NorthMelbourneKangaroos,2007,6,2007-05-05,Marvel Stadium,North Melbourne Kangaroos,Sydney Swans,111,95,27045.0,16,H,1.0
20070506_MelbourneDemons,2007,6,2007-05-06,Melbourne Cricket Ground,Melbourne Demons,Port Adelaide Power,71,76,16266.0,-5,A,0.0
20070506_RichmondTigers,2007,6,2007-05-06,Marvel Stadium,Richmond Tigers,Geelong Cats,65,222,34584.0,-157,A,0.0
20070506_BrisbaneLions,2007,6,2007-05-06,The Gabba,Brisbane Lions,Fremantle Dockers,120,75,27175.0,45,H,1.0
20070511_NorthMelbourneKangaroos,2007,7,2007-05-11,Marvel Stadium,North Melbourne Kangaroos,Essendon Bombers,117,95,42730.0,22,H,1.0
20070512_StKildaSaints,2007,7,2007-05-12,Marvel Stadium,St Kilda Saints,Sydney Swans,97,71,37816.0,26,H,1.0
20070512_PortAdelaidePower,2007,7,2007-05-12,AAMI Stadium,Port Adelaide Power,Richmond Tigers,115,75,26232.0,40,H,1.0
20070512_CollingwoodMagpies,2007,7,2007-05-12,Melbourne Cricket Ground,Collingwood Magpies,Carlton Blues,119,95,77321.0,24,H,1.0
20070512_BrisbaneLions,2007,7,2007-05-12,The Gabba,Brisbane Lions,Adelaide Crows,69,100,26978.0,-31,A,0.0
20070513_GeelongCats,2007,7,2007-05-13,GMHBA Stadium,Geelong Cats,West Coast Eagles,109,70,22014.0,39,H,1.0
20070513_WesternBulldogs,2007,7,2007-05-13,Marvel Stadium,Western Bulldogs,Melbourne Demons,112,106,24584.0,6,H,1.0
20070513_FremantleDockers,2007,7,2007-05-13,Domain Stadium,Fremantle Dockers,Hawthorn Hawks,96,80,36481.0,16,H,1.0
20070518_AdelaideCrows,2007,8,2007-05-18,AAMI Stadium,Adelaide Crows,Richmond Tigers,99,90,40742.0,9,H,1.0
20070519_GeelongCats,2007,8,2007-05-19,GMHBA Stadium,Geelong Cats,Fremantle Dockers,94,69,20435.0,25,H,1.0
20070519_HawthornHawks,2007,8,2007-05-19,Melbourne Cricket Ground,Hawthorn Hawks,St Kilda Saints,72,44,36069.0,28,H,1.0
20070519_EssendonBombers,2007,8,2007-05-19,Marvel Stadium,Essendon Bombers,Brisbane Lions,127,63,35034.0,64,H,1.0
20070519_NorthMelbourneKangaroos,2007,8,2007-05-19,People First Stadium,North Melbourne Kangaroos,Carlton Blues,147,130,11647.0,17,H,1.0
20070520_WestCoastEagles,2007,8,2007-05-20,Domain Stadium,West Coast Eagles,Melbourne Demons,137,60,40068.0,77,H,1.0
20070520_SydneySwans,2007,8,2007-05-20,Sydney Cricket Ground,Sydney Swans,Port Adelaide Power,118,87,25423.0,31,H,1.0
20070520_WesternBulldogs,2007,8,2007-05-20,Marvel Stadium,Western Bulldogs,Collingwood Magpies,135,102,46990.0,33,H,1.0
20070525_FremantleDockers,2007,9,2007-05-25,Domain Stadium,Fremantle Dockers,St Kilda Saints,101,55,39034.0,46,H,1.0
20070526_CarltonBlues,2007,9,2007-05-26,Marvel Stadium,Carlton Blues,Adelaide Crows,86,105,27504.0,-19,A,0.0
20070526_RichmondTigers,2007,9,2007-05-26,Melbourne Cricket Ground,Richmond Tigers,Essendon Bombers,84,92,61837.0,-8,A,0.0
20070526_BrisbaneLions,2007,9,2007-05-26,The Gabba,Brisbane Lions,Collingwood Magpies,87,120,32225.0,-33,A,0.0
20070526_HawthornHawks,2007,9,2007-05-26,UTAS Stadium,Hawthorn Hawks,West Coast Eagles,99,64,18112.0,35,H,1.0
20070527_WesternBulldogs,2007,9,2007-05-27,Manuka Oval,Western Bulldogs,Sydney Swans,57,100,14517.0,-43,A,0.0
20070527_PortAdelaidePower,2007,9,2007-05-27,AAMI Stadium,Port Adelaide Power,Geelong Cats,60,116,26465.0,-56,A,0.0
20070527_MelbourneDemons,2007,9,2007-05-27,Melbourne Cricket Ground,Melbourne Demons,North Melbourne Kangaroos,78,79,30662.0,-1,A,0.0
20070601_CollingwoodMagpies,2007,10,2007-06-01,Melbourne Cricket Ground,Collingwood Magpies,Fremantle Dockers,103,94,44480.0,9,H,1.0
20070602_SydneySwans,2007,10,2007-06-02,Sydney Cricket Ground,Sydney Swans,Essendon Bombers,73,74,26647.0,-1,A,0.0
20070602_RichmondTigers,2007,10,2007-06-02,Marvel Stadium,Richmond Tigers,Brisbane Lions,73,73,28093.0,0,D,
20070602_MelbourneDemons,2007,10,2007-06-02,Melbourne Cricket Ground,Melbourne Demons,Adelaide Crows,89,72,23657.0,17,H,1.0
20070602_WestCoastEagles,2007,10,2007-06-02,Domain Stadium,West Coast Eagles,North Melbourne Kangaroos,121,55,40751.0,66,H,1.0
20070603_StKildaSaints,2007,10,2007-06-03,Marvel Stadium,St Kilda Saints,Geelong Cats,65,125,42188.0,-60,A,0.0
20070603_CarltonBlues,2007,10,2007-06-03,Melbourne Cricket Ground,Carlton Blues,Western Bulldogs,138,128,37535.0,10,H,1.0
20070603_PortAdelaidePower,2007,10,2007-06-03,AAMI Stadium,Port Adelaide Power,Hawthorn Hawks,75,109,23945.0,-34,A,0.0
20070608_EssendonBombers,2007,11,2007-06-08,Marvel Stadium,Essendon Bombers,West Coast Eagles,95,94,48913.0,1,H,1.0
20070609_CarltonBlues,2007,11,2007-06-09,Marvel Stadium,Carlton Blues,Port Adelaide Power,141,102,29678.0,39,H,1.0
20070609_HawthornHawks,2007,11,2007-06-09,Melbourne Cricket Ground,Hawthorn Hawks,Sydney Swans,66,75,48398.0,-9,A,0.0
20070609_BrisbaneLions,2007,11,2007-06-09,The Gabba,Brisbane Lions,Western Bulldogs,72,95,29873.0,-23,A,0.0
20070610_StKildaSaints,2007,11,2007-06-10,Marvel Stadium,St Kilda Saints,North Melbourne Kangaroos,58,80,34569.0,-22,A,0.0
20070610_AdelaideCrows,2007,11,2007-06-10,AAMI Stadium,Adelaide Crows,Geelong Cats,62,69,43108.0,-7,A,0.0
20070610_FremantleDockers,2007,11,2007-06-10,Domain Stadium,Fremantle Dockers,Richmond Tigers,123,102,37177.0,21,H,1.0
20070611_MelbourneDemons,2007,11,2007-06-11,Melbourne Cricket Ground,Melbourne Demons,Collingwood Magpies,94,81,70660.0,13,H,1.0
20070615_CarltonBlues,2007,12,2007-06-15,Marvel Stadium,Carlton Blues,Hawthorn Hawks,80,180,53459.0,-100,A,0.0
20070616_WesternBulldogs,2007,12,2007-06-16,TIO Stadium,Western Bulldogs,Fremantle Dockers,141,115,11449.0,26,H,1.0
20070616_NorthMelbourneKangaroos,2007,12,2007-06-16,People First Stadium,North Melbourne Kangaroos,Adelaide Crows,54,100,11178.0,-46,A,0.0
20070617_PortAdelaidePower,2007,12,2007-06-17,AAMI Stadium,Port Adelaide Power,Essendon Bombers,126,95,25242.0,31,H,1.0
20070617_GeelongCats,2007,12,2007-06-17,GMHBA Stadium,Geelong Cats,Brisbane Lions,85,35,21212.0,50,H,1.0
20070622_RichmondTigers,2007,12,2007-06-22,Melbourne Cricket Ground,Richmond Tigers,Melbourne Demons,124,75,46161.0,49,H,1.0
20070623_SydneySwans,2007,12,2007-06-23,Accor Stadium,Sydney Swans,Collingwood Magpies,57,76,64222.0,-19,A,0.0
20070624_WestCoastEagles,2007,12,2007-06-24,Domain Stadium,West Coast Eagles,St Kilda Saints,76,99,39401.0,-23,A,0.0
20070629_EssendonBombers,2007,13,2007-06-29,Marvel Stadium,Essendon Bombers,Melbourne Demons,125,123,47552.0,2,H,1.0
20070630_FremantleDockers,2007,13,2007-06-30,Domain Stadium,Fremantle Dockers,Carlton Blues,173,96,36307.0,77,H,1.0
20070630_StKildaSaints,2007,13,2007-06-30,Marvel Stadium,St Kilda Saints,Richmond Tigers,117,100,38689.0,17,H,1.0
20070630_BrisbaneLions,2007,13,2007-06-30,The Gabba,Brisbane Lions,Port Adelaide Power,105,112,22124.0,-7,A,0.0
20070630_GeelongCats,2007,13,2007-06-30,GMHBA Stadium,Geelong Cats,Sydney Swans,87,69,23040.0,18,H,1.0
20070701_NorthMelbourneKangaroos,2007,13,2007-07-01,Melbourne Cricket Ground,North Melbourne Kangaroos,Western Bulldogs,111,85,39433.0,26,H,1.0
20070701_AdelaideCrows,2007,13,2007-07-01,AAMI Stadium,Adelaide Crows,West Coast Eagles,74,95,42127.0,-21,A,0.0
20070701_CollingwoodMagpies,2007,13,2007-07-01,Marvel Stadium,Collingwood Magpies,Hawthorn Hawks,87,95,50248.0,-8,A,0.0
20070706_EssendonBombers,2007,14,2007-07-06,Marvel Stadium,Essendon Bombers,Geelong Cats,83,133,51156.0,-50,A,0.0
20070707_AdelaideCrows,2007,14,2007-07-07,AAMI Stadium,Adelaide Crows,Hawthorn Hawks,102,31,34733.0,71,H,1.0
20070707_WestCoastEagles,2007,14,2007-07-07,Domain Stadium,West Coast Eagles,Brisbane Lions,64,91,40763.0,-27,A,0.0
20070707_WesternBulldogs,2007,14,2007-07-07,Marvel Stadium,Western Bulldogs,Port Adelaide Power,133,113,22691.0,20,H,1.0
20070707_CollingwoodMagpies,2007,14,2007-07-07,Melbourne Cricket Ground,Collingwood Magpies,St Kilda Saints,89,80,57247.0,9,H,1.0
20070708_SydneySwans,2007,14,2007-07-08,Sydney Cricket Ground,Sydney Swans,Fremantle Dockers,89,61,25943.0,28,H,1.0
20070708_RichmondTigers,2007,14,2007-07-08,Marvel Stadium,Richmond Tigers,North Melbourne Kangaroos,79,104,33583.0,-25,A,0.0
20070708_CarltonBlues,2007,14,2007-07-08,Melbourne Cricket Ground,Carlton Blues,Melbourne Demons,101,124,33085.0,-23,A,0.0
20070713_StKildaSaints,2007,15,2007-07-13,Marvel Stadium,St Kilda Saints,Adelaide Crows,82,80,32210.0,2,H,1.0
20070714_MelbourneDemons,2007,15,2007-07-14,The Gabba,Melbourne Demons,Brisbane Lions,82,126,22708.0,-44,A,0.0
20070714_EssendonBombers,2007,15,2007-07-14,Marvel Stadium,Essendon Bombers,Western Bulldogs,98,131,45283.0,-33,A,0.0
20070714_GeelongCats,2007,15,2007-07-14,Melbourne Cricket Ground,Geelong Cats,Collingwood Magpies,80,64,85497.0,16,H,1.0
20070714_PortAdelaidePower,2007,15,2007-07-14,AAMI Stadium,Port Adelaide Power,West Coast Eagles,153,62,27879.0,91,H,1.0
20070715_SydneySwans,2007,15,2007-07-15,Sydney Cricket Ground,Sydney Swans,Carlton Blues,162,100,24858.0,62,H,1.0
20070715_FremantleDockers,2007,15,2007-07-15,Domain Stadium,Fremantle Dockers,North Melbourne Kangaroos,78,82,37002.0,-4,A,0.0
20070715_HawthornHawks,2007,15,2007-07-15,Melbourne Cricket Ground,Hawthorn Hawks,Richmond Tigers,129,76,41770.0,53,H,1.0
20070720_GeelongCats,2007,16,2007-07-20,Marvel Stadium,Geelong Cats,Western Bulldogs,138,63,44688.0,75,H,1.0
20070721_AdelaideCrows,2007,16,2007-07-21,AAMI Stadium,Adelaide Crows,Fremantle Dockers,101,126,40190.0,-25,A,0.0
20070721_CollingwoodMagpies,2007,16,2007-07-21,Melbourne Cricket Ground,Collingwood Magpies,Essendon Bombers,122,93,65531.0,29,H,1.0
20070721_WestCoastEagles,2007,16,2007-07-21,Domain Stadium,West Coast Eagles,Sydney Swans,112,100,40014.0,12,H,1.0
20070721_StKildaSaints,2007,16,2007-07-21,Marvel Stadium,St Kilda Saints,Hawthorn Hawks,95,78,37847.0,17,H,1.0
20070722_RichmondTigers,2007,16,2007-07-22,Melbourne Cricket Ground,Richmond Tigers,Port Adelaide Power,100,155,22395.0,-55,A,0.0
20070722_NorthMelbourneKangaroos,2007,16,2007-07-22,Marvel Stadium,North Melbourne Kangaroos,Melbourne Demons,126,62,20187.0,64,H,1.0
20070722_BrisbaneLions,2007,16,2007-07-22,The Gabba,Brisbane Lions,Carlton Blues,163,46,27163.0,117,H,1.0
20070727_WesternBulldogs,2007,17,2007-07-27,Marvel Stadium,Western Bulldogs,West Coast Eagles,71,158,30900.0,-87,A,0.0
20070728_SydneySwans,2007,17,2007-07-28,Sydney Cricket Ground,Sydney Swans,Richmond Tigers,138,72,23199.0,66,H,1.0
20070728_CarltonBlues,2007,17,2007-07-28,Marvel Stadium,Carlton Blues,St Kilda Saints,101,111,32327.0,-10,A,0.0
20070728_FremantleDockers,2007,17,2007-07-28,Domain Stadium,Fremantle Dockers,Geelong Cats,72,140,36741.0,-68,A,0.0
20070728_CollingwoodMagpies,2007,17,2007-07-28,Melbourne Cricket Ground,Collingwood Magpies,Brisbane Lions,56,149,45096.0,-93,A,0.0
20070729_PortAdelaidePower,2007,17,2007-07-29,AAMI Stadium,Port Adelaide Power,Melbourne Demons,163,74,23485.0,89,H,1.0
20070729_HawthornHawks,2007,17,2007-07-29,UTAS Stadium,Hawthorn Hawks,North Melbourne Kangaroos,71,108,19114.0,-37,A,0.0
20070729_EssendonBombers,2007,17,2007-07-29,Marvel Stadium,Essendon Bombers,Adelaide Crows,117,105,35010.0,12,H,1.0
20070803_WesternBulldogs,2007,18,2007-08-03,Marvel Stadium,Western Bulldogs,St Kilda Saints,85,85,33600.0,0,D,
20070804_BrisbaneLions,2007,18,2007-08-04,The Gabba,Brisbane Lions,North Melbourne Kangaroos,77,40,29233.0,37,H,1.0
20070804_GeelongCats,2007,18,2007-08-04,GMHBA Stadium,Geelong Cats,Richmond Tigers,139,69,21951.0,70,H,1.0
20070804_CarltonBlues,2007,18,2007-08-04,Melbourne Cricket Ground,Carlton Blues,Collingwood Magpies,96,120,56341.0,-24,A,0.0
20070804_AdelaideCrows,2007,18,2007-08-04,AAMI Stadium,Adelaide Crows,Port Adelaide Power,73,65,42335.0,8,H,1.0
20070805_MelbourneDemons,2007,18,2007-08-05,Manuka Oval,Melbourne Demons,Sydney Swans,64,112,11266.0,-48,A,0.0
20070805_WestCoastEagles,2007,18,2007-08-05,Domain Stadium,West Coast Eagles,Fremantle Dockers,97,124,43096.0,-27,A,0.0
20070805_HawthornHawks,2007,18,2007-08-05,Melbourne Cricket Ground,Hawthorn Hawks,Essendon Bombers,119,56,55019.0,63,H,1.0
20070810_RichmondTigers,2007,19,2007-08-10,Melbourne Cricket Ground,Richmond Tigers,Collingwood Magpies,116,96,49550.0,20,H,1.0
20070811_SydneySwans,2007,19,2007-08-11,Accor Stadium,Sydney Swans,St Kilda Saints,82,65,63369.0,17,H,1.0
20070811_MelbourneDemons,2007,19,2007-08-11,Marvel Stadium,Melbourne Demons,Western Bulldogs,129,87,18946.0,42,H,1.0
20070811_HawthornHawks,2007,19,2007-08-11,Melbourne Cricket Ground,Hawthorn Hawks,Brisbane Lions,115,91,39007.0,24,H,1.0
20070811_PortAdelaidePower,2007,19,2007-08-11,AAMI Stadium,Port Adelaide Power,Carlton Blues,116,93,27603.0,23,H,1.0
20070812_NorthMelbourneKangaroos,2007,19,2007-08-12,Marvel Stadium,North Melbourne Kangaroos,West Coast Eagles,102,119,26113.0,-17,A,0.0
20070812_GeelongCats,2007,19,2007-08-12,GMHBA Stadium,Geelong Cats,Adelaide Crows,103,70,21267.0,33,H,1.0
20070812_FremantleDockers,2007,19,2007-08-12,Domain Stadium,Fremantle Dockers,Essendon Bombers,140,77,38274.0,63,H,1.0
20070817_CollingwoodMagpies,2007,20,2007-08-17,Melbourne Cricket Ground,Collingwood Magpies,Melbourne Demons,81,70,46277.0,11,H,1.0
20070818_WestCoastEagles,2007,20,2007-08-18,Domain Stadium,West Coast Eagles,Richmond Tigers,117,86,39752.0,31,H,1.0
20070818_EssendonBombers,2007,20,2007-08-18,Melbourne Cricket Ground,Essendon Bombers,Carlton Blues,118,108,48638.0,10,H,1.0
20070818_StKildaSaints,2007,20,2007-08-18,Marvel Stadium,St Kilda Saints,Fremantle Dockers,126,96,24041.0,30,H,1.0
20070818_BrisbaneLions,2007,20,2007-08-18,The Gabba,Brisbane Lions,Sydney Swans,63,63,33077.0,0,D,
20070819_NorthMelbourneKangaroos,2007,20,2007-08-19,Marvel Stadium,North Melbourne Kangaroos,Geelong Cats,91,118,48501.0,-27,A,0.0
20070819_HawthornHawks,2007,20,2007-08-19,UTAS Stadium,Hawthorn Hawks,Port Adelaide Power,82,87,15264.0,-5,A,0.0
20070819_AdelaideCrows,2007,20,2007-08-19,AAMI Stadium,Adelaide Crows,Western Bulldogs,107,73,41437.0,34,H,1.0
20070824_StKildaSaints,2007,21,2007-08-24,Marvel Stadium,St Kilda Saints,West Coast Eagles,98,106,38183.0,-8,A,0.0
20070825_CollingwoodMagpies,2007,21,2007-08-25,Melbourne Cricket Ground,Collingwood Magpies,Sydney Swans,101,76,63842.0,25,H,1.0
20070825_FremantleDockers,2007,21,2007-08-25,Domain Stadium,Fremantle Dockers,Melbourne Demons,144,85,34549.0,59,H,1.0
20070825_AdelaideCrows,2007,21,2007-08-25,AAMI Stadium,Adelaide Crows,Brisbane Lions,86,60,46507.0,26,H,1.0
20070825_CarltonBlues,2007,21,2007-08-25,Marvel Stadium,Carlton Blues,North Melbourne Kangaroos,79,161,29334.0,-82,A,0.0
20070826_GeelongCats,2007,21,2007-08-26,GMHBA Stadium,Geelong Cats,Port Adelaide Power,101,106,24331.0,-5,A,0.0
20070826_EssendonBombers,2007,21,2007-08-26,Melbourne Cricket Ground,Essendon Bombers,Richmond Tigers,92,119,88468.0,-27,A,0.0
20070826_WesternBulldogs,2007,21,2007-08-26,Marvel Stadium,Western Bulldogs,Hawthorn Hawks,67,151,32734.0,-84,A,0.0
20070831_CollingwoodMagpies,2007,22,2007-08-31,Marvel Stadium,Collingwood Magpies,Adelaide Crows,75,94,47915.0,-19,A,0.0
20070901_WestCoastEagles,2007,22,2007-09-01,Domain Stadium,West Coast Eagles,Essendon Bombers,132,124,42761.0,8,H,1.0
20070901_RichmondTigers,2007,22,2007-09-01,Melbourne Cricket Ground,Richmond Tigers,St Kilda Saints,92,102,42472.0,-10,A,0.0
20070901_BrisbaneLions,2007,22,2007-09-01,The Gabba,Brisbane Lions,Geelong Cats,103,145,34107.0,-42,A,0.0
20070901_PortAdelaidePower,2007,22,2007-09-01,AAMI Stadium,Port Adelaide Power,Fremantle Dockers,117,85,39270.0,32,H,1.0
20070902_WesternBulldogs,2007,22,2007-09-02,Marvel Stadium,Western Bulldogs,North Melbourne Kangaroos,93,157,29261.0,-64,A,0.0
20070902_SydneySwans,2007,22,2007-09-02,Sydney Cricket Ground,Sydney Swans,Hawthorn Hawks,141,69,27498.0,72,H,1.0
20070902_MelbourneDemons,2007,22,2007-09-02,Melbourne Cricket Ground,Melbourne Demons,Carlton Blues,139,108,26156.0,31,H,1.0
20070907_PortAdelaidePower,2007,QF,2007-09-07,AAMI Stadium,Port Adelaide Power,West Coast Eagles,68,65,37750.0,3,H,1.0
20070908_HawthornHawks,2007,EF,2007-09-08,Marvel Stadium,Hawthorn Hawks,Adelaide Crows,105,102,36534.0,3,H,1.0
20070908_CollingwoodMagpies,2007,EF,2007-09-08,Melbourne Cricket Ground,Collingwood Magpies,Sydney Swans,125,87,64645.0,38,H,1.0
20070909_GeelongCats,2007,QF,2007-09-09,Melbourne Cricket Ground,Geelong Cats,North Melbourne Kangaroos,156,50,77630.0,106,H,1.0
20070914_WestCoastEagles,2007,SF,2007-09-14,Domain Stadium,West Coast Eagles,Collingwood Magpies,93,74,43627.0,19,H,1.0
20070915_NorthMelbourneKangaroos,2007,SF,2007-09-15,Melbourne Cricket Ground,North Melbourne Kangaroos,Hawthorn Hawks,93,60,74981.0,33,H,1.0
20070921_GeelongCats,2007,PF,2007-09-21,Melbourne Cricket Ground,Geelong Cats,Collingwood Magpies,92,87,98002.0,5,H,1.0
20070922_PortAdelaidePower,2007,PF,2007-09-22,AAMI Stadium,Port Adelaide Power,North Melbourne Kangaroos,133,46,44953.0,87,H,1.0
20070929_GeelongCats,2007,GF,2007-09-29,Melbourne Cricket Ground,Geelong Cats,Port Adelaide Power,163,44,97302.0,119,H,1.0
20080320_PortAdelaidePower,2008,1,2008-03-20,AAMI Stadium,Port Adelaide Power,Geelong Cats,96,105,28206.0,-9,A,0.0
20080320_CarltonBlues,2008,1,2008-03-20,Melbourne Cricket Ground,Carlton Blues,Richmond Tigers,79,109,72552.0,-30,A,0.0
20080322_StKildaSaints,2008,1,2008-03-22,Marvel Stadium,St Kilda Saints,Sydney Swans,51,49,36614.0,2,H,1.0
20080322_WestCoastEagles,2008,1,2008-03-22,Domain Stadium,West Coast Eagles,Brisbane Lions,92,76,39591.0,16,H,1.0
20080322_CollingwoodMagpies,2008,1,2008-03-22,Melbourne Cricket Ground,Collingwood Magpies,Fremantle Dockers,111,85,45383.0,26,H,1.0
20080323_HawthornHawks,2008,1,2008-03-23,Melbourne Cricket Ground,Hawthorn Hawks,Melbourne Demons,154,50,40141.0,104,H,1.0
20080323_WesternBulldogs,2008,1,2008-03-23,Marvel Stadium,Western Bulldogs,Adelaide Crows,126,123,24835.0,3,H,1.0
20080324_NorthMelbourneKangaroos,2008,1,2008-03-24,Marvel Stadium,North Melbourne Kangaroos,Essendon Bombers,67,122,48100.0,-55,A,0.0
20080328_BrisbaneLions,2008,2,2008-03-28,The Gabba,Brisbane Lions,Collingwood Magpies,96,94,33867.0,2,H,1.0
20080329_FremantleDockers,2008,2,2008-03-29,Domain Stadium,Fremantle Dockers,Hawthorn Hawks,97,112,38022.0,-15,A,0.0
20080329_AdelaideCrows,2008,2,2008-03-29,AAMI Stadium,Adelaide Crows,West Coast Eagles,133,57,38162.0,76,H,1.0
20080329_MelbourneDemons,2008,2,2008-03-29,Melbourne Cricket Ground,Melbourne Demons,Western Bulldogs,66,161,27821.0,-95,A,0.0
20080329_StKildaSaints,2008,2,2008-03-29,Marvel Stadium,St Kilda Saints,Carlton Blues,125,85,43396.0,40,H,1.0
20080330_RichmondTigers,2008,2,2008-03-30,Melbourne Cricket Ground,Richmond Tigers,North Melbourne Kangaroos,86,127,39292.0,-41,A,0.0
20080330_GeelongCats,2008,2,2008-03-30,Marvel Stadium,Geelong Cats,Essendon Bombers,150,51,50636.0,99,H,1.0
20080330_SydneySwans,2008,2,2008-03-30,Sydney Cricket Ground,Sydney Swans,Port Adelaide Power,146,78,24761.0,68,H,1.0
20080404_WesternBulldogs,2008,3,2008-04-04,Marvel Stadium,Western Bulldogs,St Kilda Saints,125,87,38667.0,38,H,1.0
20080405_NorthMelbourneKangaroos,2008,3,2008-04-05,Marvel Stadium,North Melbourne Kangaroos,Hawthorn Hawks,86,102,39816.0,-16,A,0.0
20080405_WestCoastEagles,2008,3,2008-04-05,Domain Stadium,West Coast Eagles,Fremantle Dockers,73,87,39027.0,-14,A,0.0
20080405_EssendonBombers,2008,3,2008-04-05,Melbourne Cricket Ground,Essendon Bombers,Carlton Blues,150,134,64388.0,16,H,1.0
20080405_BrisbaneLions,2008,3,2008-04-05,The Gabba,Brisbane Lions,Sydney Swans,71,88,29061.0,-17,A,0.0
20080406_RichmondTigers,2008,3,2008-04-06,Melbourne Cricket Ground,Richmond Tigers,Collingwood Magpies,78,122,70802.0,-44,A,0.0
20080406_GeelongCats,2008,3,2008-04-06,GMHBA Stadium,Geelong Cats,Melbourne Demons,112,82,23969.0,30,H,1.0
20080406_AdelaideCrows,2008,3,2008-04-06,AAMI Stadium,Adelaide Crows,Port Adelaide Power,85,79,45524.0,6,H,1.0
20080411_EssendonBombers,2008,4,2008-04-11,Marvel Stadium,Essendon Bombers,Western Bulldogs,98,128,47641.0,-30,A,0.0
20080412_SydneySwans,2008,4,2008-04-12,Accor Stadium,Sydney Swans,West Coast Eagles,107,45,44235.0,62,H,1.0
20080412_PortAdelaidePower,2008,4,2008-04-12,AAMI Stadium,Port Adelaide Power,Brisbane Lions,104,124,25205.0,-20,A,0.0
20080412_NorthMelbourneKangaroos,2008,4,2008-04-12,People First Stadium,North Melbourne Kangaroos,Melbourne Demons,127,79,23427.0,48,H,1.0
20080412_StKildaSaints,2008,4,2008-04-12,Marvel Stadium,St Kilda Saints,Geelong Cats,94,136,44368.0,-42,A,0.0
20080413_CarltonBlues,2008,4,2008-04-13,Melbourne Cricket Ground,Carlton Blues,Collingwood Magpies,111,88,77873.0,23,H,1.0
20080413_HawthornHawks,2008,4,2008-04-13,UTAS Stadium,Hawthorn Hawks,Adelaide Crows,114,70,15124.0,44,H,1.0
20080413_FremantleDockers,2008,4,2008-04-13,Domain Stadium,Fremantle Dockers,Richmond Tigers,73,137,37541.0,-64,A,0.0
20080418_StKildaSaints,2008,5,2008-04-18,Marvel Stadium,St Kilda Saints,Essendon Bombers,123,87,46792.0,36,H,1.0
20080419_AdelaideCrows,2008,5,2008-04-19,AAMI Stadium,Adelaide Crows,Fremantle Dockers,88,71,39554.0,17,H,1.0
20080419_CollingwoodMagpies,2008,5,2008-04-19,Melbourne Cricket Ground,Collingwood Magpies,North Melbourne Kangaroos,105,112,51990.0,-7,A,0.0
20080419_BrisbaneLions,2008,5,2008-04-19,The Gabba,Brisbane Lions,Hawthorn Hawks,118,130,30019.0,-12,A,0.0
20080419_GeelongCats,2008,5,2008-04-19,GMHBA Stadium,Geelong Cats,Sydney Swans,114,72,24368.0,42,H,1.0
20080420_MelbourneDemons,2008,5,2008-04-20,Melbourne Cricket Ground,Melbourne Demons,Carlton Blues,68,101,44759.0,-33,A,0.0
20080420_WestCoastEagles,2008,5,2008-04-20,Domain Stadium,West Coast Eagles,Port Adelaide Power,104,128,38302.0,-24,A,0.0
20080420_WesternBulldogs,2008,5,2008-04-20,Marvel Stadium,Western Bulldogs,Richmond Tigers,130,130,37767.0,0,D,
20080425_FremantleDockers,2008,6,2008-04-25,Domain Stadium,Fremantle Dockers,Geelong Cats,88,89,38022.0,-1,A,0.0
20080425_CollingwoodMagpies,2008,6,2008-04-25,Melbourne Cricket Ground,Collingwood Magpies,Essendon Bombers,154,81,88999.0,73,H,1.0
20080426_CarltonBlues,2008,6,2008-04-26,Melbourne Cricket Ground,Carlton Blues,Adelaide Crows,81,111,41033.0,-30,A,0.0
20080426_PortAdelaidePower,2008,6,2008-04-26,AAMI Stadium,Port Adelaide Power,St Kilda Saints,82,61,20517.0,21,H,1.0
20080426_WesternBulldogs,2008,6,2008-04-26,Marvel Stadium,Western Bulldogs,West Coast Eagles,134,74,29927.0,60,H,1.0
20080427_NorthMelbourneKangaroos,2008,6,2008-04-27,Marvel Stadium,North Melbourne Kangaroos,Sydney Swans,64,64,28392.0,0,D,
20080427_BrisbaneLions,2008,6,2008-04-27,The Gabba,Brisbane Lions,Melbourne Demons,137,85,22878.0,52,H,1.0
20080427_HawthornHawks,2008,6,2008-04-27,Melbourne Cricket Ground,Hawthorn Hawks,Richmond Tigers,106,94,46076.0,12,H,1.0
20080502_WestCoastEagles,2008,7,2008-05-02,Domain Stadium,West Coast Eagles,Carlton Blues,74,111,41254.0,-37,A,0.0
20080503_HawthornHawks,2008,7,2008-05-03,Melbourne Cricket Ground,Hawthorn Hawks,Collingwood Magpies,154,89,76048.0,65,H,1.0
20080503_GeelongCats,2008,7,2008-05-03,GMHBA Stadium,Geelong Cats,Brisbane Lions,105,78,23388.0,27,H,1.0
20080503_AdelaideCrows,2008,7,2008-05-03,AAMI Stadium,Adelaide Crows,North Melbourne Kangaroos,107,74,41898.0,33,H,1.0
20080503_RichmondTigers,2008,7,2008-05-03,Marvel Stadium,Richmond Tigers,St Kilda Saints,107,110,40585.0,-3,A,0.0
20080504_SydneySwans,2008,7,2008-05-04,Sydney Cricket Ground,Sydney Swans,Western Bulldogs,94,112,29018.0,-18,A,0.0
20080504_EssendonBombers,2008,7,2008-05-04,Marvel Stadium,Essendon Bombers,Port Adelaide Power,94,158,28049.0,-64,A,0.0
20080504_MelbourneDemons,2008,7,2008-05-04,Melbourne Cricket Ground,Melbourne Demons,Fremantle Dockers,119,113,19423.0,6,H,1.0
20080516_StKildaSaints,2008,8,2008-05-16,Marvel Stadium,St Kilda Saints,Collingwood Magpies,94,103,48417.0,-9,A,0.0
20080517_CarltonBlues,2008,8,2008-05-17,Marvel Stadium,Carlton Blues,Brisbane Lions,92,125,38675.0,-33,A,0.0
20080517_RichmondTigers,2008,8,2008-05-17,Melbourne Cricket Ground,Richmond Tigers,Geelong Cats,69,99,37275.0,-30,A,0.0
20080517_NorthMelbourneKangaroos,2008,8,2008-05-17,People First Stadium,North Melbourne Kangaroos,West Coast Eagles,89,83,6354.0,6,H,1.0
20080517_HawthornHawks,2008,8,2008-05-17,UTAS Stadium,Hawthorn Hawks,Port Adelaide Power,117,102,15682.0,15,H,1.0
20080518_FremantleDockers,2008,8,2008-05-18,Domain Stadium,Fremantle Dockers,Western Bulldogs,111,114,35624.0,-3,A,0.0
20080518_SydneySwans,2008,8,2008-05-18,Accor Stadium,Sydney Swans,Essendon Bombers,143,52,34904.0,91,H,1.0
20080518_AdelaideCrows,2008,8,2008-05-18,AAMI Stadium,Adelaide Crows,Melbourne Demons,150,74,35649.0,76,H,1.0
20080523_CollingwoodMagpies,2008,9,2008-05-23,Melbourne Cricket Ground,Collingwood Magpies,Geelong Cats,134,48,78206.0,86,H,1.0
20080524_CarltonBlues,2008,9,2008-05-24,Marvel Stadium,Carlton Blues,Fremantle Dockers,97,88,28955.0,9,H,1.0
20080524_WestCoastEagles,2008,9,2008-05-24,Domain Stadium,West Coast Eagles,Adelaide Crows,97,47,35348.0,50,H,1.0
20080524_PortAdelaidePower,2008,9,2008-05-24,AAMI Stadium,Port Adelaide Power,Sydney Swans,94,105,25013.0,-11,A,0.0
20080524_EssendonBombers,2008,9,2008-05-24,Melbourne Cricket Ground,Essendon Bombers,Richmond Tigers,72,110,60333.0,-38,A,0.0
20080525_WesternBulldogs,2008,9,2008-05-25,Marvel Stadium,Western Bulldogs,North Melbourne Kangaroos,110,113,34971.0,-3,A,0.0
20080525_MelbourneDemons,2008,9,2008-05-25,Melbourne Cricket Ground,Melbourne Demons,Hawthorn Hawks,78,97,41341.0,-19,A,0.0
20080525_BrisbaneLions,2008,9,2008-05-25,The Gabba,Brisbane Lions,St Kilda Saints,141,95,27566.0,46,H,1.0
20080530_AdelaideCrows,2008,10,2008-05-30,AAMI Stadium,Adelaide Crows,Essendon Bombers,74,69,41897.0,5,H,1.0
20080531_CollingwoodMagpies,2008,10,2008-05-31,Melbourne Cricket Ground,Collingwood Magpies,West Coast Eagles,173,73,52968.0,100,H,1.0
20080531_GeelongCats,2008,10,2008-05-31,Marvel Stadium,Geelong Cats,Carlton Blues,133,77,46231.0,56,H,1.0
20080531_HawthornHawks,2008,10,2008-05-31,UTAS Stadium,Hawthorn Hawks,Western Bulldogs,74,106,19378.0,-32,A,0.0
20080531_BrisbaneLions,2008,10,2008-05-31,The Gabba,Brisbane Lions,North Melbourne Kangaroos,129,98,22118.0,31,H,1.0
20080601_StKildaSaints,2008,10,2008-06-01,Marvel Stadium,St Kilda Saints,Melbourne Demons,129,50,27854.0,79,H,1.0
20080601_FremantleDockers,2008,10,2008-06-01,Domain Stadium,Fremantle Dockers,Port Adelaide Power,75,103,34236.0,-28,A,0.0
20080601_SydneySwans,2008,10,2008-06-01,Sydney Cricket Ground,Sydney Swans,Richmond Tigers,139,57,26852.0,82,H,1.0
20080606_NorthMelbourneKangaroos,2008,11,2008-06-06,Marvel Stadium,North Melbourne Kangaroos,Geelong Cats,114,127,38373.0,-13,A,0.0
20080607_EssendonBombers,2008,11,2008-06-07,Marvel Stadium,Essendon Bombers,Hawthorn Hawks,79,130,46377.0,-51,A,0.0
20080607_RichmondTigers,2008,11,2008-06-07,Melbourne Cricket Ground,Richmond Tigers,Adelaide Crows,96,146,32767.0,-50,A,0.0
20080607_WestCoastEagles,2008,11,2008-06-07,Domain Stadium,West Coast Eagles,Sydney Swans,78,83,38802.0,-5,A,0.0
20080608_PortAdelaidePower,2008,11,2008-06-08,AAMI Stadium,Port Adelaide Power,Carlton Blues,63,75,29240.0,-12,A,0.0
20080608_StKildaSaints,2008,11,2008-06-08,Marvel Stadium,St Kilda Saints,Western Bulldogs,79,106,38914.0,-27,A,0.0
20080608_BrisbaneLions,2008,11,2008-06-08,The Gabba,Brisbane Lions,Fremantle Dockers,96,74,24506.0,22,H,1.0
20080609_MelbourneDemons,2008,11,2008-06-09,Melbourne Cricket Ground,Melbourne Demons,Collingwood Magpies,95,116,59548.0,-21,A,0.0
20080613_EssendonBombers,2008,12,2008-06-13,Marvel Stadium,Essendon Bombers,West Coast Eagles,113,91,33386.0,22,H,1.0
20080614_WesternBulldogs,2008,12,2008-06-14,Melbourne Cricket Ground,Western Bulldogs,Brisbane Lions,131,68,39320.0,63,H,1.0
20080614_FremantleDockers,2008,12,2008-06-14,Domain Stadium,Fremantle Dockers,North Melbourne Kangaroos,120,67,34105.0,53,H,1.0
20080614_SydneySwans,2008,12,2008-06-14,Sydney Cricket Ground,Sydney Swans,St Kilda Saints,102,67,25996.0,35,H,1.0
20080614_AdelaideCrows,2008,12,2008-06-14,AAMI Stadium,Adelaide Crows,Hawthorn Hawks,72,76,44559.0,-4,A,0.0
20080615_CollingwoodMagpies,2008,12,2008-06-15,Melbourne Cricket Ground,Collingwood Magpies,Carlton Blues,89,119,80310.0,-30,A,0.0
20080615_RichmondTigers,2008,12,2008-06-15,Marvel Stadium,Richmond Tigers,Melbourne Demons,116,94,27348.0,22,H,1.0
20080615_GeelongCats,2008,12,2008-06-15,GMHBA Stadium,Geelong Cats,Port Adelaide Power,108,49,21642.0,59,H,1.0
20080620_StKildaSaints,2008,13,2008-06-20,Marvel Stadium,St Kilda Saints,Fremantle Dockers,65,57,22440.0,8,H,1.0
20080621_HawthornHawks,2008,13,2008-06-21,Melbourne Cricket Ground,Hawthorn Hawks,North Melbourne Kangaroos,76,103,42508.0,-27,A,0.0
20080621_WestCoastEagles,2008,13,2008-06-21,Domain Stadium,West Coast Eagles,Geelong Cats,47,182,38414.0,-135,A,0.0
20080621_BrisbaneLions,2008,13,2008-06-21,The Gabba,Brisbane Lions,Adelaide Crows,83,70,29964.0,13,H,1.0
20080621_PortAdelaidePower,2008,13,2008-06-21,AAMI Stadium,Port Adelaide Power,Richmond Tigers,123,127,20923.0,-4,A,0.0
20080622_MelbourneDemons,2008,13,2008-06-22,Manuka Oval,Melbourne Demons,Sydney Swans,74,114,11437.0,-40,A,0.0
20080622_CarltonBlues,2008,13,2008-06-22,Melbourne Cricket Ground,Carlton Blues,Essendon Bombers,101,136,59177.0,-35,A,0.0
20080622_CollingwoodMagpies,2008,13,2008-06-22,Marvel Stadium,Collingwood Magpies,Western Bulldogs,89,99,44885.0,-10,A,0.0
20080627_HawthornHawks,2008,14,2008-06-27,Melbourne Cricket Ground,Hawthorn Hawks,West Coast Eagles,126,69,29138.0,57,H,1.0
20080628_WesternBulldogs,2008,14,2008-06-28,TIO Stadium,Western Bulldogs,Port Adelaide Power,135,81,11373.0,54,H,1.0
20080628_NorthMelbourneKangaroos,2008,14,2008-06-28,People First Stadium,North Melbourne Kangaroos,St Kilda Saints,69,84,9128.0,-15,A,0.0
20080628_RichmondTigers,2008,14,2008-06-28,Melbourne Cricket Ground,Richmond Tigers,Carlton Blues,88,118,73503.0,-30,A,0.0
20080629_FremantleDockers,2008,14,2008-06-29,Domain Stadium,Fremantle Dockers,Essendon Bombers,91,95,34239.0,-4,A,0.0
20080629_MelbourneDemons,2008,14,2008-06-29,Melbourne Cricket Ground,Melbourne Demons,Brisbane Lions,93,92,23278.0,1,H,1.0
20080704_AdelaideCrows,2008,14,2008-07-04,AAMI Stadium,Adelaide Crows,Geelong Cats,56,124,44377.0,-68,A,0.0
20080705_SydneySwans,2008,14,2008-07-05,Accor Stadium,Sydney Swans,Collingwood Magpies,50,79,59202.0,-29,A,0.0
20080711_CarltonBlues,2008,15,2008-07-11,Melbourne Cricket Ground,Carlton Blues,St Kilda Saints,87,119,55658.0,-32,A,0.0
20080712_CollingwoodMagpies,2008,15,2008-07-12,Melbourne Cricket Ground,Collingwood Magpies,Adelaide Crows,106,74,52592.0,32,H,1.0
20080712_PortAdelaidePower,2008,15,2008-07-12,AAMI Stadium,Port Adelaide Power,North Melbourne Kangaroos,74,76,19851.0,-2,A,0.0
20080712_GeelongCats,2008,15,2008-07-12,GMHBA Stadium,Geelong Cats,Fremantle Dockers,118,44,21286.0,74,H,1.0
20080712_EssendonBombers,2008,15,2008-07-12,Marvel Stadium,Essendon Bombers,Brisbane Lions,155,118,40053.0,37,H,1.0
20080713_WesternBulldogs,2008,15,2008-07-13,Marvel Stadium,Western Bulldogs,Melbourne Demons,95,64,27446.0,31,H,1.0
20080713_HawthornHawks,2008,15,2008-07-13,Melbourne Cricket Ground,Hawthorn Hawks,Sydney Swans,106,75,49529.0,31,H,1.0
20080713_WestCoastEagles,2008,15,2008-07-13,Domain Stadium,West Coast Eagles,Richmond Tigers,75,152,37085.0,-77,A,0.0
20080718_NorthMelbourneKangaroos,2008,16,2008-07-18,Marvel Stadium,North Melbourne Kangaroos,Collingwood Magpies,114,96,46610.0,18,H,1.0
20080719_GeelongCats,2008,16,2008-07-19,GMHBA Stadium,Geelong Cats,Western Bulldogs,131,70,24801.0,61,H,1.0
20080719_BrisbaneLions,2008,16,2008-07-19,The Gabba,Brisbane Lions,West Coast Eagles,113,67,27784.0,46,H,1.0
20080719_StKildaSaints,2008,16,2008-07-19,Marvel Stadium,St Kilda Saints,Hawthorn Hawks,119,89,41886.0,30,H,1.0
20080719_RichmondTigers,2008,16,2008-07-19,Melbourne Cricket Ground,Richmond Tigers,Essendon Bombers,108,104,56746.0,4,H,1.0
20080720_FremantleDockers,2008,16,2008-07-20,Domain Stadium,Fremantle Dockers,Melbourne Demons,114,68,31638.0,46,H,1.0
20080720_CarltonBlues,2008,16,2008-07-20,Marvel Stadium,Carlton Blues,Sydney Swans,119,121,38401.0,-2,A,0.0
20080720_PortAdelaidePower,2008,16,2008-07-20,AAMI Stadium,Port Adelaide Power,Adelaide Crows,92,80,31662.0,12,H,1.0
20080725_HawthornHawks,2008,17,2008-07-25,Melbourne Cricket Ground,Hawthorn Hawks,Geelong Cats,77,88,86179.0,-11,A,0.0
20080726_SydneySwans,2008,17,2008-07-26,Sydney Cricket Ground,Sydney Swans,Adelaide Crows,53,77,26260.0,-24,A,0.0
20080726_RichmondTigers,2008,17,2008-07-26,Marvel Stadium,Richmond Tigers,Brisbane Lions,117,114,31275.0,3,H,1.0
20080726_WestCoastEagles,2008,17,2008-07-26,Domain Stadium,West Coast Eagles,St Kilda Saints,103,86,34037.0,17,H,1.0
20080726_EssendonBombers,2008,17,2008-07-26,Melbourne Cricket Ground,Essendon Bombers,Collingwood Magpies,128,80,64785.0,48,H,1.0
20080727_MelbourneDemons,2008,17,2008-07-27,Melbourne Cricket Ground,Melbourne Demons,North Melbourne Kangaroos,70,98,21330.0,-28,A,0.0
20080727_PortAdelaidePower,2008,17,2008-07-27,AAMI Stadium,Port Adelaide Power,Fremantle Dockers,101,129,19072.0,-28,A,0.0
20080727_WesternBulldogs,2008,17,2008-07-27,Marvel Stadium,Western Bulldogs,Carlton Blues,98,126,37879.0,-28,A,0.0
20080801_CollingwoodMagpies,2008,18,2008-08-01,Melbourne Cricket Ground,Collingwood Magpies,Hawthorn Hawks,62,116,58307.0,-54,A,0.0
20080802_NorthMelbourneKangaroos,2008,18,2008-08-02,People First Stadium,North Melbourne Kangaroos,Brisbane Lions,92,84,10037.0,8,H,1.0
20080802_EssendonBombers,2008,18,2008-08-02,Melbourne Cricket Ground,Essendon Bombers,Melbourne Demons,124,108,46334.0,16,H,1.0
20080802_GeelongCats,2008,18,2008-08-02,Marvel Stadium,Geelong Cats,Richmond Tigers,134,71,42238.0,63,H,1.0
20080802_AdelaideCrows,2008,18,2008-08-02,AAMI Stadium,Adelaide Crows,Carlton Blues,94,86,40730.0,8,H,1.0
20080803_WesternBulldogs,2008,18,2008-08-03,Manuka Oval,Western Bulldogs,Sydney Swans,113,97,13550.0,16,H,1.0
20080803_FremantleDockers,2008,18,2008-08-03,Domain Stadium,Fremantle Dockers,West Coast Eagles,116,83,42096.0,33,H,1.0
20080803_StKildaSaints,2008,18,2008-08-03,Marvel Stadium,St Kilda Saints,Port Adelaide Power,101,93,22878.0,8,H,1.0
20080808_MelbourneDemons,2008,19,2008-08-08,Melbourne Cricket Ground,Melbourne Demons,Geelong Cats,41,157,34610.0,-116,A,0.0
20080809_CollingwoodMagpies,2008,19,2008-08-09,Melbourne Cricket Ground,Collingwood Magpies,St Kilda Saints,97,83,52135.0,14,H,1.0
20080809_SydneySwans,2008,19,2008-08-09,Sydney Cricket Ground,Sydney Swans,Fremantle Dockers,112,108,20846.0,4,H,1.0
20080809_CarltonBlues,2008,19,2008-08-09,Marvel Stadium,Carlton Blues,Port Adelaide Power,132,66,29696.0,66,H,1.0
20080809_HawthornHawks,2008,19,2008-08-09,UTAS Stadium,Hawthorn Hawks,Brisbane Lions,110,41,19929.0,69,H,1.0
20080810_NorthMelbourneKangaroos,2008,19,2008-08-10,Marvel Stadium,North Melbourne Kangaroos,Western Bulldogs,136,116,31957.0,20,H,1.0
20080810_WestCoastEagles,2008,19,2008-08-10,Domain Stadium,West Coast Eagles,Essendon Bombers,113,103,35288.0,10,H,1.0
20080810_AdelaideCrows,2008,19,2008-08-10,AAMI Stadium,Adelaide Crows,Richmond Tigers,108,45,37562.0,63,H,1.0
20080815_PortAdelaidePower,2008,20,2008-08-15,AAMI Stadium,Port Adelaide Power,Collingwood Magpies,75,106,23694.0,-31,A,0.0
20080816_EssendonBombers,2008,20,2008-08-16,Marvel Stadium,Essendon Bombers,Adelaide Crows,73,129,32184.0,-56,A,0.0
20080816_BrisbaneLions,2008,20,2008-08-16,The Gabba,Brisbane Lions,Western Bulldogs,90,79,27315.0,11,H,1.0
20080816_MelbourneDemons,2008,20,2008-08-16,Melbourne Cricket Ground,Melbourne Demons,West Coast Eagles,79,45,17958.0,34,H,1.0
20080816_SydneySwans,2008,20,2008-08-16,Accor Stadium,Sydney Swans,Geelong Cats,94,133,44955.0,-39,A,0.0
20080817_RichmondTigers,2008,20,2008-08-17,Melbourne Cricket Ground,Richmond Tigers,Hawthorn Hawks,105,76,44523.0,29,H,1.0
20080817_CarltonBlues,2008,20,2008-08-17,Marvel Stadium,Carlton Blues,North Melbourne Kangaroos,90,141,43406.0,-51,A,0.0
20080817_FremantleDockers,2008,20,2008-08-17,Domain Stadium,Fremantle Dockers,St Kilda Saints,69,112,34014.0,-43,A,0.0
20080822_WesternBulldogs,2008,21,2008-08-22,Marvel Stadium,Western Bulldogs,Essendon Bombers,151,105,37294.0,46,H,1.0
20080823_RichmondTigers,2008,21,2008-08-23,Melbourne Cricket Ground,Richmond Tigers,Fremantle Dockers,105,98,24881.0,7,H,1.0
20080823_PortAdelaidePower,2008,21,2008-08-23,AAMI Stadium,Port Adelaide Power,Melbourne Demons,129,51,18875.0,78,H,1.0
20080823_BrisbaneLions,2008,21,2008-08-23,The Gabba,Brisbane Lions,Carlton Blues,109,115,34327.0,-6,A,0.0
20080823_CollingwoodMagpies,2008,21,2008-08-23,Marvel Stadium,Collingwood Magpies,Sydney Swans,118,73,45570.0,45,H,1.0
20080824_GeelongCats,2008,21,2008-08-24,GMHBA Stadium,Geelong Cats,North Melbourne Kangaroos,115,82,24288.0,33,H,1.0
20080824_WestCoastEagles,2008,21,2008-08-24,Domain Stadium,West Coast Eagles,Hawthorn Hawks,62,133,37040.0,-71,A,0.0
20080824_StKildaSaints,2008,21,2008-08-24,Marvel Stadium,St Kilda Saints,Adelaide Crows,95,47,33811.0,48,H,1.0
20080829_FremantleDockers,2008,22,2008-08-29,Domain Stadium,Fremantle Dockers,Collingwood Magpies,80,56,35106.0,24,H,1.0
20080830_GeelongCats,2008,22,2008-08-30,GMHBA Stadium,Geelong Cats,West Coast Eagles,164,65,21752.0,99,H,1.0
20080830_NorthMelbourneKangaroos,2008,22,2008-08-30,Melbourne Cricket Ground,North Melbourne Kangaroos,Port Adelaide Power,72,148,22144.0,-76,A,0.0
20080830_CarltonBlues,2008,22,2008-08-30,Marvel Stadium,Carlton Blues,Hawthorn Hawks,81,159,49057.0,-78,A,0.0
20080830_AdelaideCrows,2008,22,2008-08-30,AAMI Stadium,Adelaide Crows,Western Bulldogs,76,67,37543.0,9,H,1.0
20080830_SydneySwans,2008,22,2008-08-30,Sydney Cricket Ground,Sydney Swans,Brisbane Lions,114,53,24076.0,61,H,1.0
20080831_EssendonBombers,2008,22,2008-08-31,Marvel Stadium,Essendon Bombers,St Kilda Saints,39,147,46161.0,-108,A,0.0
20080831_MelbourneDemons,2008,22,2008-08-31,Melbourne Cricket Ground,Melbourne Demons,Richmond Tigers,41,121,37046.0,-80,A,0.0
20080905_HawthornHawks,2008,QF,2008-09-05,Melbourne Cricket Ground,Hawthorn Hawks,Western Bulldogs,127,76,76703.0,51,H,1.0
20080906_SydneySwans,2008,EF,2008-09-06,Accor Stadium,Sydney Swans,North Melbourne Kangaroos,110,75,19127.0,35,H,1.0
20080906_AdelaideCrows,2008,EF,2008-09-06,AAMI Stadium,Adelaide Crows,Collingwood Magpies,94,125,37685.0,-31,A,0.0
20080907_GeelongCats,2008,QF,2008-09-07,Melbourne Cricket Ground,Geelong Cats,St Kilda Saints,119,61,71653.0,58,H,1.0
20080912_WesternBulldogs,2008,SF,2008-09-12,Melbourne Cricket Ground,Western Bulldogs,Sydney Swans,106,69,42731.0,37,H,1.0
20080913_StKildaSaints,2008,SF,2008-09-13,Melbourne Cricket Ground,St Kilda Saints,Collingwood Magpies,106,72,76707.0,34,H,1.0
20080919_GeelongCats,2008,PF,2008-09-19,Melbourne Cricket Ground,Geelong Cats,Western Bulldogs,83,54,70140.0,29,H,1.0
20080920_HawthornHawks,2008,PF,2008-09-20,Melbourne Cricket Ground,Hawthorn Hawks,St Kilda Saints,118,64,77002.0,54,H,1.0
20080927_GeelongCats,2008,GF,2008-09-27,Melbourne Cricket Ground,Geelong Cats,Hawthorn Hawks,89,115,100012.0,-26,A,0.0
20090326_RichmondTigers,2009,1,2009-03-26,Melbourne Cricket Ground,Richmond Tigers,Carlton Blues,67,150,86972.0,-83,A,0.0
20090327_HawthornHawks,2009,1,2009-03-27,Melbourne Cricket Ground,Hawthorn Hawks,Geelong Cats,103,111,69593.0,-8,A,0.0
20090328_StKildaSaints,2009,1,2009-03-28,Marvel Stadium,St Kilda Saints,Sydney Swans,80,65,32442.0,15,H,1.0
20090328_BrisbaneLions,2009,1,2009-03-28,The Gabba,Brisbane Lions,West Coast Eagles,95,86,26800.0,9,H,1.0
20090328_CollingwoodMagpies,2009,1,2009-03-28,Melbourne Cricket Ground,Collingwood Magpies,Adelaide Crows,86,90,41591.0,-4,A,0.0
20090329_MelbourneDemons,2009,1,2009-03-29,Melbourne Cricket Ground,Melbourne Demons,North Melbourne Kangaroos,67,101,28707.0,-34,A,0.0
20090329_FremantleDockers,2009,1,2009-03-29,Domain Stadium,Fremantle Dockers,Western Bulldogs,94,157,34634.0,-63,A,0.0
20090329_PortAdelaidePower,2009,1,2009-03-29,AAMI Stadium,Port Adelaide Power,Essendon Bombers,107,66,28315.0,41,H,1.0
20090403_AdelaideCrows,2009,2,2009-04-03,AAMI Stadium,Adelaide Crows,St Kilda Saints,69,101,41189.0,-32,A,0.0
20090404_CarltonBlues,2009,2,2009-04-04,Marvel Stadium,Carlton Blues,Brisbane Lions,119,100,42496.0,19,H,1.0
20090404_SydneySwans,2009,2,2009-04-04,Accor Stadium,Sydney Swans,Hawthorn Hawks,143,105,33116.0,38,H,1.0
20090404_CollingwoodMagpies,2009,2,2009-04-04,Melbourne Cricket Ground,Collingwood Magpies,Melbourne Demons,117,64,43176.0,53,H,1.0
20090404_GeelongCats,2009,2,2009-04-04,GMHBA Stadium,Geelong Cats,Richmond Tigers,105,85,22288.0,20,H,1.0
20090405_WestCoastEagles,2009,2,2009-04-05,Domain Stadium,West Coast Eagles,Port Adelaide Power,125,75,37826.0,50,H,1.0
20090405_EssendonBombers,2009,2,2009-04-05,Marvel Stadium,Essendon Bombers,Fremantle Dockers,109,71,27461.0,38,H,1.0
20090405_WesternBulldogs,2009,2,2009-04-05,Melbourne Cricket Ground,Western Bulldogs,North Melbourne Kangaroos,80,65,34466.0,15,H,1.0
20090409_GeelongCats,2009,3,2009-04-09,Melbourne Cricket Ground,Geelong Cats,Collingwood Magpies,122,95,58527.0,27,H,1.0
20090411_BrisbaneLions,2009,3,2009-04-11,The Gabba,Brisbane Lions,Sydney Swans,100,67,24984.0,33,H,1.0
20090411_CarltonBlues,2009,3,2009-04-11,Melbourne Cricket Ground,Carlton Blues,Essendon Bombers,112,116,70411.0,-4,A,0.0
20090411_StKildaSaints,2009,3,2009-04-11,Marvel Stadium,St Kilda Saints,West Coast Eagles,161,64,29066.0,97,H,1.0
20090412_NorthMelbourneKangaroos,2009,3,2009-04-12,Marvel Stadium,North Melbourne Kangaroos,Hawthorn Hawks,69,123,34893.0,-54,A,0.0
20090412_FremantleDockers,2009,3,2009-04-12,Domain Stadium,Fremantle Dockers,Adelaide Crows,80,104,30035.0,-24,A,0.0
20090412_PortAdelaidePower,2009,3,2009-04-12,AAMI Stadium,Port Adelaide Power,Melbourne Demons,147,90,21030.0,57,H,1.0
20090413_WesternBulldogs,2009,3,2009-04-13,Marvel Stadium,Western Bulldogs,Richmond Tigers,110,63,46261.0,47,H,1.0
20090417_BrisbaneLions,2009,4,2009-04-17,The Gabba,Brisbane Lions,Collingwood Magpies,73,90,34912.0,-17,A,0.0
20090418_HawthornHawks,2009,4,2009-04-18,Melbourne Cricket Ground,Hawthorn Hawks,Port Adelaide Power,85,115,33274.0,-30,A,0.0
20090418_StKildaSaints,2009,4,2009-04-18,Marvel Stadium,St Kilda Saints,Fremantle Dockers,111,28,26326.0,83,H,1.0
20090418_SydneySwans,2009,4,2009-04-18,Sydney Cricket Ground,Sydney Swans,Carlton Blues,84,67,30834.0,17,H,1.0
20090418_AdelaideCrows,2009,4,2009-04-18,AAMI Stadium,Adelaide Crows,Geelong Cats,86,134,40418.0,-48,A,0.0
20090419_NorthMelbourneKangaroos,2009,4,2009-04-19,Marvel Stadium,North Melbourne Kangaroos,Essendon Bombers,69,57,33842.0,12,H,1.0
20090419_RichmondTigers,2009,4,2009-04-19,Melbourne Cricket Ground,Richmond Tigers,Melbourne Demons,92,100,40763.0,-8,A,0.0
20090419_WestCoastEagles,2009,4,2009-04-19,Domain Stadium,West Coast Eagles,Western Bulldogs,116,83,37758.0,33,H,1.0
20090424_PortAdelaidePower,2009,5,2009-04-24,AAMI Stadium,Port Adelaide Power,St Kilda Saints,36,102,25426.0,-66,A,0.0
20090425_NorthMelbourneKangaroos,2009,5,2009-04-25,Marvel Stadium,North Melbourne Kangaroos,Richmond Tigers,58,94,29224.0,-36,A,0.0
20090425_EssendonBombers,2009,5,2009-04-25,Melbourne Cricket Ground,Essendon Bombers,Collingwood Magpies,93,88,84829.0,5,H,1.0
20090425_HawthornHawks,2009,5,2009-04-25,UTAS Stadium,Hawthorn Hawks,West Coast Eagles,74,56,17880.0,18,H,1.0
20090425_FremantleDockers,2009,5,2009-04-25,Domain Stadium,Fremantle Dockers,Sydney Swans,121,100,32884.0,21,H,1.0
20090426_MelbourneDemons,2009,5,2009-04-26,Melbourne Cricket Ground,Melbourne Demons,Adelaide Crows,34,51,14129.0,-17,A,0.0
20090426_GeelongCats,2009,5,2009-04-26,GMHBA Stadium,Geelong Cats,Brisbane Lions,126,33,15580.0,93,H,1.0
20090426_WesternBulldogs,2009,5,2009-04-26,Marvel Stadium,Western Bulldogs,Carlton Blues,90,133,44268.0,-43,A,0.0
20090501_NorthMelbourneKangaroos,2009,6,2009-05-01,Marvel Stadium,North Melbourne Kangaroos,Collingwood Magpies,75,127,40087.0,-52,A,0.0
20090502_WestCoastEagles,2009,6,2009-05-02,Domain Stadium,West Coast Eagles,Fremantle Dockers,74,87,41654.0,-13,A,0.0
20090502_PortAdelaidePower,2009,6,2009-05-02,AAMI Stadium,Port Adelaide Power,Adelaide Crows,105,79,41558.0,26,H,1.0
20090502_BrisbaneLions,2009,6,2009-05-02,The Gabba,Brisbane Lions,Essendon Bombers,111,68,29252.0,43,H,1.0
20090502_HawthornHawks,2009,6,2009-05-02,Melbourne Cricket Ground,Hawthorn Hawks,Carlton Blues,106,102,69014.0,4,H,1.0
20090503_WesternBulldogs,2009,6,2009-05-03,Marvel Stadium,Western Bulldogs,St Kilda Saints,76,104,36302.0,-28,A,0.0
20090503_MelbourneDemons,2009,6,2009-05-03,Melbourne Cricket Ground,Melbourne Demons,Geelong Cats,68,111,36932.0,-43,A,0.0
20090503_SydneySwans,2009,6,2009-05-03,Sydney Cricket Ground,Sydney Swans,Richmond Tigers,94,75,25410.0,19,H,1.0
20090508_EssendonBombers,2009,7,2009-05-08,Marvel Stadium,Essendon Bombers,Hawthorn Hawks,116,72,50475.0,44,H,1.0
20090509_RichmondTigers,2009,7,2009-05-09,Melbourne Cricket Ground,Richmond Tigers,Brisbane Lions,71,97,34646.0,-26,A,0.0
20090509_CarltonBlues,2009,7,2009-05-09,People First Stadium,Carlton Blues,Fremantle Dockers,81,88,10294.0,-7,A,0.0
20090509_GeelongCats,2009,7,2009-05-09,GMHBA Stadium,Geelong Cats,Sydney Swans,116,65,22050.0,51,H,1.0
20090509_NorthMelbourneKangaroos,2009,7,2009-05-09,Marvel Stadium,North Melbourne Kangaroos,Port Adelaide Power,125,120,14342.0,5,H,1.0
20090510_WestCoastEagles,2009,7,2009-05-10,Domain Stadium,West Coast Eagles,Melbourne Demons,90,82,35209.0,8,H,1.0
20090510_AdelaideCrows,2009,7,2009-05-10,AAMI Stadium,Adelaide Crows,Western Bulldogs,86,118,31742.0,-32,A,0.0
20090511_CollingwoodMagpies,2009,7,2009-05-11,Marvel Stadium,Collingwood Magpies,St Kilda Saints,40,128,46880.0,-88,A,0.0
20090515_FremantleDockers,2009,8,2009-05-15,Domain Stadium,Fremantle Dockers,Hawthorn Hawks,65,87,39135.0,-22,A,0.0
20090516_GeelongCats,2009,8,2009-05-16,GMHBA Stadium,Geelong Cats,North Melbourne Kangaroos,119,49,20873.0,70,H,1.0
20090516_MelbourneDemons,2009,8,2009-05-16,Melbourne Cricket Ground,Melbourne Demons,Western Bulldogs,97,104,28279.0,-7,A,0.0
20090516_SydneySwans,2009,8,2009-05-16,Accor Stadium,Sydney Swans,West Coast Eagles,106,101,33079.0,5,H,1.0
20090516_BrisbaneLions,2009,8,2009-05-16,The Gabba,Brisbane Lions,Adelaide Crows,119,83,27767.0,36,H,1.0
20090517_StKildaSaints,2009,8,2009-05-17,Marvel Stadium,St Kilda Saints,Essendon Bombers,90,71,45594.0,19,H,1.0
20090517_PortAdelaidePower,2009,8,2009-05-17,AAMI Stadium,Port Adelaide Power,Richmond Tigers,102,99,22034.0,3,H,1.0
20090517_CollingwoodMagpies,2009,8,2009-05-17,Melbourne Cricket Ground,Collingwood Magpies,Carlton Blues,53,104,82834.0,-51,A,0.0
20090522_GeelongCats,2009,9,2009-05-22,Marvel Stadium,Geelong Cats,Western Bulldogs,116,114,44620.0,2,H,1.0
20090523_NorthMelbourneKangaroos,2009,9,2009-05-23,Marvel Stadium,North Melbourne Kangaroos,Fremantle Dockers,98,85,15436.0,13,H,1.0
20090523_RichmondTigers,2009,9,2009-05-23,Melbourne Cricket Ground,Richmond Tigers,Essendon Bombers,85,125,73625.0,-40,A,0.0
20090523_WestCoastEagles,2009,9,2009-05-23,Domain Stadium,West Coast Eagles,Collingwood Magpies,66,88,36658.0,-22,A,0.0
20090523_AdelaideCrows,2009,9,2009-05-23,AAMI Stadium,Adelaide Crows,Carlton Blues,104,60,41107.0,44,H,1.0
20090524_HawthornHawks,2009,9,2009-05-24,Melbourne Cricket Ground,Hawthorn Hawks,Melbourne Demons,114,92,39395.0,22,H,1.0
20090524_StKildaSaints,2009,9,2009-05-24,Marvel Stadium,St Kilda Saints,Brisbane Lions,97,81,30673.0,16,H,1.0
20090524_SydneySwans,2009,9,2009-05-24,Sydney Cricket Ground,Sydney Swans,Port Adelaide Power,123,68,23229.0,55,H,1.0
20090529_CarltonBlues,2009,10,2009-05-29,Marvel Stadium,Carlton Blues,West Coast Eagles,111,70,39611.0,41,H,1.0
20090530_NorthMelbourneKangaroos,2009,10,2009-05-30,Marvel Stadium,North Melbourne Kangaroos,Brisbane Lions,81,99,21583.0,-18,A,0.0
20090530_FremantleDockers,2009,10,2009-05-30,Domain Stadium,Fremantle Dockers,Richmond Tigers,112,115,35391.0,-3,A,0.0
20090530_StKildaSaints,2009,10,2009-05-30,People First Stadium,St Kilda Saints,Melbourne Demons,83,46,9112.0,37,H,1.0
20090530_WesternBulldogs,2009,10,2009-05-30,Manuka Oval,Western Bulldogs,Sydney Swans,117,77,12457.0,40,H,1.0
20090531_EssendonBombers,2009,10,2009-05-31,Marvel Stadium,Essendon Bombers,Geelong Cats,70,134,48852.0,-64,A,0.0
20090531_CollingwoodMagpies,2009,10,2009-05-31,Melbourne Cricket Ground,Collingwood Magpies,Port Adelaide Power,114,76,34793.0,38,H,1.0
20090531_AdelaideCrows,2009,10,2009-05-31,AAMI Stadium,Adelaide Crows,Hawthorn Hawks,106,79,40035.0,27,H,1.0
20090605_RichmondTigers,2009,11,2009-06-05,Marvel Stadium,Richmond Tigers,Western Bulldogs,89,157,36483.0,-68,A,0.0
20090606_BrisbaneLions,2009,11,2009-06-06,The Gabba,Brisbane Lions,Carlton Blues,106,112,33790.0,-6,A,0.0
20090606_PortAdelaidePower,2009,11,2009-06-06,AAMI Stadium,Port Adelaide Power,Fremantle Dockers,94,70,18418.0,24,H,1.0
20090606_NorthMelbourneKangaroos,2009,11,2009-06-06,Marvel Stadium,North Melbourne Kangaroos,St Kilda Saints,57,103,30962.0,-46,A,0.0
20090607_WestCoastEagles,2009,11,2009-06-07,Domain Stadium,West Coast Eagles,Geelong Cats,77,99,35355.0,-22,A,0.0
20090607_HawthornHawks,2009,11,2009-06-07,Melbourne Cricket Ground,Hawthorn Hawks,Sydney Swans,86,75,44464.0,11,H,1.0
20090607_EssendonBombers,2009,11,2009-06-07,Marvel Stadium,Essendon Bombers,Adelaide Crows,114,130,39458.0,-16,A,0.0
20090608_MelbourneDemons,2009,11,2009-06-08,Melbourne Cricket Ground,Melbourne Demons,Collingwood Magpies,60,126,61287.0,-66,A,0.0
20090612_CarltonBlues,2009,12,2009-06-12,Marvel Stadium,Carlton Blues,St Kilda Saints,95,104,50820.0,-9,A,0.0
20090613_RichmondTigers,2009,12,2009-06-13,Marvel Stadium,Richmond Tigers,West Coast Eagles,92,77,30117.0,15,H,1.0
20090613_WesternBulldogs,2009,12,2009-06-13,People First Stadium,Western Bulldogs,Port Adelaide Power,137,44,11306.0,93,H,1.0
20090614_HawthornHawks,2009,12,2009-06-14,UTAS Stadium,Hawthorn Hawks,Brisbane Lions,51,93,16710.0,-42,A,0.0
20090614_AdelaideCrows,2009,12,2009-06-14,AAMI Stadium,Adelaide Crows,North Melbourne Kangaroos,68,24,30173.0,44,H,1.0
20090619_EssendonBombers,2009,12,2009-06-19,Marvel Stadium,Essendon Bombers,Melbourne Demons,131,83,45740.0,48,H,1.0
20090620_SydneySwans,2009,12,2009-06-20,Accor Stadium,Sydney Swans,Collingwood Magpies,66,89,41042.0,-23,A,0.0
20090621_FremantleDockers,2009,12,2009-06-21,Domain Stadium,Fremantle Dockers,Geelong Cats,75,94,33213.0,-19,A,0.0
20090626_EssendonBombers,2009,13,2009-06-26,Melbourne Cricket Ground,Essendon Bombers,Carlton Blues,136,67,83407.0,69,H,1.0
20090627_WestCoastEagles,2009,13,2009-06-27,Domain Stadium,West Coast Eagles,Hawthorn Hawks,107,87,31441.0,20,H,1.0
20090627_BrisbaneLions,2009,13,2009-06-27,The Gabba,Brisbane Lions,Melbourne Demons,111,56,23750.0,55,H,1.0
20090627_AdelaideCrows,2009,13,2009-06-27,AAMI Stadium,Adelaide Crows,Sydney Swans,85,69,38064.0,16,H,1.0
20090627_CollingwoodMagpies,2009,13,2009-06-27,Melbourne Cricket Ground,Collingwood Magpies,Fremantle Dockers,169,85,44114.0,84,H,1.0
20090628_GeelongCats,2009,13,2009-06-28,GMHBA Stadium,Geelong Cats,Port Adelaide Power,122,88,21142.0,34,H,1.0
20090628_StKildaSaints,2009,13,2009-06-28,Marvel Stadium,St Kilda Saints,Richmond Tigers,92,36,38196.0,56,H,1.0
20090628_NorthMelbourneKangaroos,2009,13,2009-06-28,Melbourne Cricket Ground,North Melbourne Kangaroos,Western Bulldogs,86,108,31470.0,-22,A,0.0
20090703_CollingwoodMagpies,2009,14,2009-07-03,Melbourne Cricket Ground,Collingwood Magpies,Essendon Bombers,102,67,77699.0,35,H,1.0
20090704_PortAdelaidePower,2009,14,2009-07-04,AAMI Stadium,Port Adelaide Power,Brisbane Lions,128,80,20293.0,48,H,1.0
20090704_RichmondTigers,2009,14,2009-07-04,People First Stadium,Richmond Tigers,Adelaide Crows,85,102,11174.0,-17,A,0.0
20090704_MelbourneDemons,2009,14,2009-07-04,Melbourne Cricket Ground,Melbourne Demons,West Coast Eagles,112,92,23149.0,20,H,1.0
20090704_WesternBulldogs,2009,14,2009-07-04,Marvel Stadium,Western Bulldogs,Hawthorn Hawks,133,45,36827.0,88,H,1.0
20090705_FremantleDockers,2009,14,2009-07-05,Domain Stadium,Fremantle Dockers,Carlton Blues,100,115,34720.0,-15,A,0.0
20090705_StKildaSaints,2009,14,2009-07-05,Marvel Stadium,St Kilda Saints,Geelong Cats,91,85,54444.0,6,H,1.0
20090705_SydneySwans,2009,14,2009-07-05,Sydney Cricket Ground,Sydney Swans,North Melbourne Kangaroos,100,85,21929.0,15,H,1.0
20090710_WesternBulldogs,2009,15,2009-07-10,Marvel Stadium,Western Bulldogs,Collingwood Magpies,110,111,51382.0,-1,A,0.0
20090711_SydneySwans,2009,15,2009-07-11,Sydney Cricket Ground,Sydney Swans,Essendon Bombers,72,107,30924.0,-35,A,0.0
20090711_AdelaideCrows,2009,15,2009-07-11,AAMI Stadium,Adelaide Crows,Fremantle Dockers,130,13,32451.0,117,H,1.0
20090711_BrisbaneLions,2009,15,2009-07-11,The Gabba,Brisbane Lions,Geelong Cats,108,65,34274.0,43,H,1.0
20090711_CarltonBlues,2009,15,2009-07-11,Melbourne Cricket Ground,Carlton Blues,Richmond Tigers,109,89,50784.0,20,H,1.0
20090712_MelbourneDemons,2009,15,2009-07-12,Melbourne Cricket Ground,Melbourne Demons,Port Adelaide Power,101,90,15888.0,11,H,1.0
20090712_WestCoastEagles,2009,15,2009-07-12,Domain Stadium,West Coast Eagles,St Kilda Saints,70,90,36259.0,-20,A,0.0
20090712_HawthornHawks,2009,15,2009-07-12,UTAS Stadium,Hawthorn Hawks,North Melbourne Kangaroos,73,64,15008.0,9,H,1.0
20090717_EssendonBombers,2009,16,2009-07-17,Marvel Stadium,Essendon Bombers,Western Bulldogs,70,103,47120.0,-33,A,0.0
20090718_FremantleDockers,2009,16,2009-07-18,Domain Stadium,Fremantle Dockers,Brisbane Lions,47,62,22595.0,-15,A,0.0
20090718_GeelongCats,2009,16,2009-07-18,GMHBA Stadium,Geelong Cats,Melbourne Demons,117,71,21160.0,46,H,1.0
20090718_CollingwoodMagpies,2009,16,2009-07-18,Melbourne Cricket Ground,Collingwood Magpies,Hawthorn Hawks,76,121,66149.0,-45,A,0.0
20090718_CarltonBlues,2009,16,2009-07-18,Marvel Stadium,Carlton Blues,Sydney Swans,124,63,42018.0,61,H,1.0
20090719_StKildaSaints,2009,16,2009-07-19,Marvel Stadium,St Kilda Saints,Adelaide Crows,105,48,31940.0,57,H,1.0
20090719_RichmondTigers,2009,16,2009-07-19,Melbourne Cricket Ground,Richmond Tigers,North Melbourne Kangaroos,85,85,30604.0,0,D,
20090719_PortAdelaidePower,2009,16,2009-07-19,AAMI Stadium,Port Adelaide Power,West Coast Eagles,112,76,21106.0,36,H,1.0
20090724_CarltonBlues,2009,17,2009-07-24,Melbourne Cricket Ground,Carlton Blues,Collingwood Magpies,40,94,84938.0,-54,A,0.0
20090725_GeelongCats,2009,17,2009-07-25,Melbourne Cricket Ground,Geelong Cats,Hawthorn Hawks,99,98,64803.0,1,H,1.0
20090725_FremantleDockers,2009,17,2009-07-25,Domain Stadium,Fremantle Dockers,West Coast Eagles,71,66,39536.0,5,H,1.0
20090725_BrisbaneLions,2009,17,2009-07-25,The Gabba,Brisbane Lions,North Melbourne Kangaroos,116,75,25509.0,41,H,1.0
20090725_StKildaSaints,2009,17,2009-07-25,Marvel Stadium,St Kilda Saints,Western Bulldogs,106,61,45082.0,45,H,1.0
20090726_MelbourneDemons,2009,17,2009-07-26,Manuka Oval,Melbourne Demons,Sydney Swans,50,68,7311.0,-18,A,0.0
20090726_EssendonBombers,2009,17,2009-07-26,Melbourne Cricket Ground,Essendon Bombers,Richmond Tigers,96,101,47412.0,-5,A,0.0
20090726_AdelaideCrows,2009,17,2009-07-26,AAMI Stadium,Adelaide Crows,Port Adelaide Power,132,62,46859.0,70,H,1.0
20090731_NorthMelbourneKangaroos,2009,18,2009-07-31,Marvel Stadium,North Melbourne Kangaroos,Carlton Blues,84,94,38554.0,-10,A,0.0
20090801_CollingwoodMagpies,2009,18,2009-08-01,Melbourne Cricket Ground,Collingwood Magpies,Brisbane Lions,95,55,47268.0,40,H,1.0
20090801_WesternBulldogs,2009,18,2009-08-01,Marvel Stadium,Western Bulldogs,Fremantle Dockers,111,80,19065.0,31,H,1.0
20090801_GeelongCats,2009,18,2009-08-01,GMHBA Stadium,Geelong Cats,Adelaide Crows,93,91,21686.0,2,H,1.0
20090801_SydneySwans,2009,18,2009-08-01,Sydney Cricket Ground,Sydney Swans,St Kilda Saints,93,94,27805.0,-1,A,0.0
20090802_WestCoastEagles,2009,18,2009-08-02,Domain Stadium,West Coast Eagles,Essendon Bombers,95,68,35765.0,27,H,1.0
20090802_MelbourneDemons,2009,18,2009-08-02,Melbourne Cricket Ground,Melbourne Demons,Richmond Tigers,82,86,37438.0,-4,A,0.0
20090802_PortAdelaidePower,2009,18,2009-08-02,AAMI Stadium,Port Adelaide Power,Hawthorn Hawks,121,103,25154.0,18,H,1.0
20090807_CarltonBlues,2009,19,2009-08-07,Melbourne Cricket Ground,Carlton Blues,Geelong Cats,97,62,55057.0,35,H,1.0
20090808_AdelaideCrows,2009,19,2009-08-08,AAMI Stadium,Adelaide Crows,Collingwood Magpies,68,89,45128.0,-21,A,0.0
20090808_WesternBulldogs,2009,19,2009-08-08,Marvel Stadium,Western Bulldogs,West Coast Eagles,97,102,22417.0,-5,A,0.0
20090808_HawthornHawks,2009,19,2009-08-08,UTAS Stadium,Hawthorn Hawks,St Kilda Saints,49,74,20011.0,-25,A,0.0
20090808_EssendonBombers,2009,19,2009-08-08,Melbourne Cricket Ground,Essendon Bombers,Brisbane Lions,87,87,41636.0,0,D,
20090809_NorthMelbourneKangaroos,2009,19,2009-08-09,Marvel Stadium,North Melbourne Kangaroos,Melbourne Demons,123,61,16594.0,62,H,1.0
20090809_FremantleDockers,2009,19,2009-08-09,Domain Stadium,Fremantle Dockers,Port Adelaide Power,116,74,30029.0,42,H,1.0
20090809_RichmondTigers,2009,19,2009-08-09,Melbourne Cricket Ground,Richmond Tigers,Sydney Swans,68,123,32216.0,-55,A,0.0
20090814_HawthornHawks,2009,20,2009-08-14,Melbourne Cricket Ground,Hawthorn Hawks,Adelaide Crows,67,94,32583.0,-27,A,0.0
20090815_SydneySwans,2009,20,2009-08-15,Accor Stadium,Sydney Swans,Geelong Cats,87,92,40261.0,-5,A,0.0
20090815_WestCoastEagles,2009,20,2009-08-15,Domain Stadium,West Coast Eagles,North Melbourne Kangaroos,110,72,32472.0,38,H,1.0
20090815_RichmondTigers,2009,20,2009-08-15,Melbourne Cricket Ground,Richmond Tigers,Collingwood Magpies,59,152,63366.0,-93,A,0.0
20090815_BrisbaneLions,2009,20,2009-08-15,The Gabba,Brisbane Lions,Western Bulldogs,84,102,33421.0,-18,A,0.0
20090816_PortAdelaidePower,2009,20,2009-08-16,AAMI Stadium,Port Adelaide Power,Carlton Blues,67,121,27221.0,-54,A,0.0
20090816_MelbourneDemons,2009,20,2009-08-16,Melbourne Cricket Ground,Melbourne Demons,Fremantle Dockers,127,64,13004.0,63,H,1.0
20090816_EssendonBombers,2009,20,2009-08-16,Marvel Stadium,Essendon Bombers,St Kilda Saints,110,108,41410.0,2,H,1.0
20090821_WesternBulldogs,2009,21,2009-08-21,Marvel Stadium,Western Bulldogs,Geelong Cats,110,96,46818.0,14,H,1.0
20090822_RichmondTigers,2009,21,2009-08-22,Melbourne Cricket Ground,Richmond Tigers,Hawthorn Hawks,93,135,34779.0,-42,A,0.0
20090822_AdelaideCrows,2009,21,2009-08-22,AAMI Stadium,Adelaide Crows,West Coast Eagles,122,48,39640.0,74,H,1.0
20090822_BrisbaneLions,2009,21,2009-08-22,The Gabba,Brisbane Lions,Port Adelaide Power,107,92,26437.0,15,H,1.0
20090822_CarltonBlues,2009,21,2009-08-22,Marvel Stadium,Carlton Blues,Melbourne Demons,153,96,37433.0,57,H,1.0
20090823_CollingwoodMagpies,2009,21,2009-08-23,Melbourne Cricket Ground,Collingwood Magpies,Sydney Swans,97,56,54400.0,41,H,1.0
20090823_StKildaSaints,2009,21,2009-08-23,Marvel Stadium,St Kilda Saints,North Melbourne Kangaroos,59,64,30522.0,-5,A,0.0
20090823_FremantleDockers,2009,21,2009-08-23,Domain Stadium,Fremantle Dockers,Essendon Bombers,141,87,32413.0,54,H,1.0
20090828_WestCoastEagles,2009,22,2009-08-28,Domain Stadium,West Coast Eagles,Richmond Tigers,125,45,39755.0,80,H,1.0
20090829_CarltonBlues,2009,22,2009-08-29,Marvel Stadium,Carlton Blues,Adelaide Crows,104,176,42356.0,-72,A,0.0
20090829_PortAdelaidePower,2009,22,2009-08-29,AAMI Stadium,Port Adelaide Power,North Melbourne Kangaroos,67,71,17284.0,-4,A,0.0
20090829_GeelongCats,2009,22,2009-08-29,GMHBA Stadium,Geelong Cats,Fremantle Dockers,94,54,18196.0,40,H,1.0
20090829_HawthornHawks,2009,22,2009-08-29,Melbourne Cricket Ground,Hawthorn Hawks,Essendon Bombers,99,116,77278.0,-17,A,0.0
20090829_SydneySwans,2009,22,2009-08-29,Sydney Cricket Ground,Sydney Swans,Brisbane Lions,92,100,27933.0,-8,A,0.0
20090830_MelbourneDemons,2009,22,2009-08-30,Melbourne Cricket Ground,Melbourne Demons,St Kilda Saints,67,114,36748.0,-47,A,0.0
20090830_CollingwoodMagpies,2009,22,2009-08-30,Marvel Stadium,Collingwood Magpies,Western Bulldogs,76,100,48888.0,-24,A,0.0
20090904_AdelaideCrows,2009,EF,2009-09-04,AAMI Stadium,Adelaide Crows,Essendon Bombers,166,70,50393.0,96,H,1.0
20090905_BrisbaneLions,2009,EF,2009-09-05,The Gabba,Brisbane Lions,Carlton Blues,111,104,32702.0,7,H,1.0
20090905_GeelongCats,2009,QF,2009-09-05,Melbourne Cricket Ground,Geelong Cats,Western Bulldogs,96,82,74007.0,14,H,1.0
20090906_StKildaSaints,2009,QF,2009-09-06,Melbourne Cricket Ground,St Kilda Saints,Collingwood Magpies,80,52,84213.0,28,H,1.0
20090911_WesternBulldogs,2009,SF,2009-09-11,Melbourne Cricket Ground,Western Bulldogs,Brisbane Lions,107,56,47030.0,51,H,1.0
20090912_CollingwoodMagpies,2009,SF,2009-09-12,Melbourne Cricket Ground,Collingwood Magpies,Adelaide Crows,83,78,62184.0,5,H,1.0
20090918_StKildaSaints,2009,PF,2009-09-18,Melbourne Cricket Ground,St Kilda Saints,Western Bulldogs,60,53,78245.0,7,H,1.0
20090919_GeelongCats,2009,PF,2009-09-19,Melbourne Cricket Ground,Geelong Cats,Collingwood Magpies,120,47,87258.0,73,H,1.0
20090926_StKildaSaints,2009,GF,2009-09-26,Melbourne Cricket Ground,St Kilda Saints,Geelong Cats,68,80,99251.0,-12,A,0.0
20100325_RichmondTigers,2010,1,2010-03-25,Melbourne Cricket Ground,Richmond Tigers,Carlton Blues,64,120,72010.0,-56,A,0.0
20100326_GeelongCats,2010,1,2010-03-26,Melbourne Cricket Ground,Geelong Cats,Essendon Bombers,125,94,57772.0,31,H,1.0
20100327_BrisbaneLions,2010,1,2010-03-27,The Gabba,Brisbane Lions,West Coast Eagles,114,82,29201.0,32,H,1.0
20100327_SydneySwans,2010,1,2010-03-27,Accor Stadium,Sydney Swans,St Kilda Saints,88,96,31330.0,-8,A,0.0
20100327_MelbourneDemons,2010,1,2010-03-27,Melbourne Cricket Ground,Melbourne Demons,Hawthorn Hawks,61,117,45615.0,-56,A,0.0
20100328_PortAdelaidePower,2010,1,2010-03-28,AAMI Stadium,Port Adelaide Power,North Melbourne Kangaroos,96,82,21205.0,14,H,1.0
20100328_WesternBulldogs,2010,1,2010-03-28,Marvel Stadium,Western Bulldogs,Collingwood Magpies,93,129,49000.0,-36,A,0.0
20100328_FremantleDockers,2010,1,2010-03-28,Domain Stadium,Fremantle Dockers,Adelaide Crows,118,62,30976.0,56,H,1.0
20100401_BrisbaneLions,2010,2,2010-04-01,The Gabba,Brisbane Lions,Carlton Blues,107,88,36780.0,19,H,1.0
20100403_WestCoastEagles,2010,2,2010-04-03,Domain Stadium,West Coast Eagles,Port Adelaide Power,86,89,37010.0,-3,A,0.0
20100403_CollingwoodMagpies,2010,2,2010-04-03,Melbourne Cricket Ground,Collingwood Magpies,Melbourne Demons,86,85,50421.0,1,H,1.0
20100403_StKildaSaints,2010,2,2010-04-03,Marvel Stadium,St Kilda Saints,North Melbourne Kangaroos,143,39,32006.0,104,H,1.0
20100404_EssendonBombers,2010,2,2010-04-04,Marvel Stadium,Essendon Bombers,Fremantle Dockers,69,113,29651.0,-44,A,0.0
20100404_AdelaideCrows,2010,2,2010-04-04,AAMI Stadium,Adelaide Crows,Sydney Swans,75,118,36041.0,-43,A,0.0
20100404_RichmondTigers,2010,2,2010-04-04,Melbourne Cricket Ground,Richmond Tigers,Western Bulldogs,48,120,27358.0,-72,A,0.0
20100405_HawthornHawks,2010,2,2010-04-05,Melbourne Cricket Ground,Hawthorn Hawks,Geelong Cats,91,100,68628.0,-9,A,0.0
20100409_StKildaSaints,2010,3,2010-04-09,Marvel Stadium,St Kilda Saints,Collingwood Magpies,69,41,49669.0,28,H,1.0
20100410_SydneySwans,2010,3,2010-04-10,Sydney Cricket Ground,Sydney Swans,Richmond Tigers,111,56,28414.0,55,H,1.0
20100410_NorthMelbourneKangaroos,2010,3,2010-04-10,Marvel Stadium,North Melbourne Kangaroos,West Coast Eagles,116,91,18394.0,25,H,1.0
20100410_PortAdelaidePower,2010,3,2010-04-10,AAMI Stadium,Port Adelaide Power,Brisbane Lions,81,108,23306.0,-27,A,0.0
20100410_CarltonBlues,2010,3,2010-04-10,Melbourne Cricket Ground,Carlton Blues,Essendon Bombers,75,95,71006.0,-20,A,0.0
20100411_FremantleDockers,2010,3,2010-04-11,Domain Stadium,Fremantle Dockers,Geelong Cats,125,118,38762.0,7,H,1.0
20100411_WesternBulldogs,2010,3,2010-04-11,Marvel Stadium,Western Bulldogs,Hawthorn Hawks,100,84,35933.0,16,H,1.0
20100411_MelbourneDemons,2010,3,2010-04-11,Melbourne Cricket Ground,Melbourne Demons,Adelaide Crows,57,41,23335.0,16,H,1.0
20100416_WestCoastEagles,2010,4,2010-04-16,Domain Stadium,West Coast Eagles,Essendon Bombers,101,78,38676.0,23,H,1.0
20100417_CollingwoodMagpies,2010,4,2010-04-17,Melbourne Cricket Ground,Collingwood Magpies,Hawthorn Hawks,123,59,67668.0,64,H,1.0
20100417_BrisbaneLions,2010,4,2010-04-17,The Gabba,Brisbane Lions,Western Bulldogs,101,79,33323.0,22,H,1.0
20100417_AdelaideCrows,2010,4,2010-04-17,AAMI Stadium,Adelaide Crows,Carlton Blues,55,103,38321.0,-48,A,0.0
20100417_NorthMelbourneKangaroos,2010,4,2010-04-17,Marvel Stadium,North Melbourne Kangaroos,Sydney Swans,60,100,23646.0,-40,A,0.0
20100418_GeelongCats,2010,4,2010-04-18,GMHBA Stadium,Geelong Cats,Port Adelaide Power,159,64,25579.0,95,H,1.0
20100418_StKildaSaints,2010,4,2010-04-18,Marvel Stadium,St Kilda Saints,Fremantle Dockers,108,93,29814.0,15,H,1.0
20100418_RichmondTigers,2010,4,2010-04-18,Melbourne Cricket Ground,Richmond Tigers,Melbourne Demons,78,133,42594.0,-55,A,0.0
20100423_WesternBulldogs,2010,5,2010-04-23,Marvel Stadium,Western Bulldogs,Adelaide Crows,121,72,26884.0,49,H,1.0
20100424_SydneySwans,2010,5,2010-04-24,Sydney Cricket Ground,Sydney Swans,West Coast Eagles,115,63,28422.0,52,H,1.0
20100424_MelbourneDemons,2010,5,2010-04-24,Melbourne Cricket Ground,Melbourne Demons,Brisbane Lions,103,53,36396.0,50,H,1.0
20100424_PortAdelaidePower,2010,5,2010-04-24,AAMI Stadium,Port Adelaide Power,St Kilda Saints,54,44,23355.0,10,H,1.0
20100425_FremantleDockers,2010,5,2010-04-25,Domain Stadium,Fremantle Dockers,Richmond Tigers,112,73,38010.0,39,H,1.0
20100425_HawthornHawks,2010,5,2010-04-25,UTAS Stadium,Hawthorn Hawks,North Melbourne Kangaroos,70,82,16301.0,-12,A,0.0
20100425_CollingwoodMagpies,2010,5,2010-04-25,Melbourne Cricket Ground,Collingwood Magpies,Essendon Bombers,120,55,90070.0,65,H,1.0
20100426_CarltonBlues,2010,5,2010-04-26,Melbourne Cricket Ground,Carlton Blues,Geelong Cats,104,68,71399.0,36,H,1.0
20100430_WesternBulldogs,2010,6,2010-04-30,Marvel Stadium,Western Bulldogs,St Kilda Saints,46,49,43072.0,-3,A,0.0
20100501_NorthMelbourneKangaroos,2010,6,2010-05-01,Marvel Stadium,North Melbourne Kangaroos,Melbourne Demons,104,78,26763.0,26,H,1.0
20100501_SydneySwans,2010,6,2010-05-01,Sydney Cricket Ground,Sydney Swans,Brisbane Lions,107,87,30975.0,20,H,1.0
20100501_AdelaideCrows,2010,6,2010-05-01,AAMI Stadium,Adelaide Crows,Port Adelaide Power,74,97,40371.0,-23,A,0.0
20100501_EssendonBombers,2010,6,2010-05-01,Melbourne Cricket Ground,Essendon Bombers,Hawthorn Hawks,106,63,61006.0,43,H,1.0
20100502_WestCoastEagles,2010,6,2010-05-02,Domain Stadium,West Coast Eagles,Fremantle Dockers,73,111,40886.0,-38,A,0.0
20100502_GeelongCats,2010,6,2010-05-02,GMHBA Stadium,Geelong Cats,Richmond Tigers,161,53,24106.0,108,H,1.0
20100502_CarltonBlues,2010,6,2010-05-02,Melbourne Cricket Ground,Carlton Blues,Collingwood Magpies,102,155,80645.0,-53,A,0.0
20100507_MelbourneDemons,2010,7,2010-05-07,Melbourne Cricket Ground,Melbourne Demons,Western Bulldogs,66,70,45444.0,-4,A,0.0
20100508_EssendonBombers,2010,7,2010-05-08,Marvel Stadium,Essendon Bombers,Port Adelaide Power,106,109,29248.0,-3,A,0.0
20100508_WestCoastEagles,2010,7,2010-05-08,Domain Stadium,West Coast Eagles,Hawthorn Hawks,102,94,35864.0,8,H,1.0
20100508_CollingwoodMagpies,2010,7,2010-05-08,Melbourne Cricket Ground,Collingwood Magpies,North Melbourne Kangaroos,157,91,52696.0,66,H,1.0
20100508_BrisbaneLions,2010,7,2010-05-08,The Gabba,Brisbane Lions,Fremantle Dockers,100,113,27739.0,-13,A,0.0
20100509_AdelaideCrows,2010,7,2010-05-09,AAMI Stadium,Adelaide Crows,Richmond Tigers,104,54,31196.0,50,H,1.0
20100509_GeelongCats,2010,7,2010-05-09,GMHBA Stadium,Geelong Cats,Sydney Swans,126,59,25970.0,67,H,1.0
20100510_StKildaSaints,2010,7,2010-05-10,Marvel Stadium,St Kilda Saints,Carlton Blues,68,129,42866.0,-61,A,0.0
20100514_FremantleDockers,2010,8,2010-05-14,Domain Stadium,Fremantle Dockers,Collingwood Magpies,97,133,41624.0,-36,A,0.0
20100515_NorthMelbourneKangaroos,2010,8,2010-05-15,Marvel Stadium,North Melbourne Kangaroos,Adelaide Crows,84,75,16479.0,9,H,1.0
20100515_WesternBulldogs,2010,8,2010-05-15,Manuka Oval,Western Bulldogs,Sydney Swans,101,63,14308.0,38,H,1.0
20100515_MelbourneDemons,2010,8,2010-05-15,Melbourne Cricket Ground,Melbourne Demons,West Coast Eagles,46,75,28592.0,-29,A,0.0
20100515_BrisbaneLions,2010,8,2010-05-15,The Gabba,Brisbane Lions,Geelong Cats,74,155,33629.0,-81,A,0.0
20100516_PortAdelaidePower,2010,8,2010-05-16,AAMI Stadium,Port Adelaide Power,Carlton Blues,92,118,30228.0,-26,A,0.0
20100516_StKildaSaints,2010,8,2010-05-16,Marvel Stadium,St Kilda Saints,Essendon Bombers,81,93,39204.0,-12,A,0.0
20100516_RichmondTigers,2010,8,2010-05-16,Melbourne Cricket Ground,Richmond Tigers,Hawthorn Hawks,86,89,41563.0,-3,A,0.0
20100521_CollingwoodMagpies,2010,9,2010-05-21,Melbourne Cricket Ground,Collingwood Magpies,Geelong Cats,50,86,88115.0,-36,A,0.0
20100522_NorthMelbourneKangaroos,2010,9,2010-05-22,Marvel Stadium,North Melbourne Kangaroos,Western Bulldogs,57,127,30794.0,-70,A,0.0
20100522_MelbourneDemons,2010,9,2010-05-22,TIO Stadium,Melbourne Demons,Port Adelaide Power,111,110,8848.0,1,H,1.0
20100522_SydneySwans,2010,9,2010-05-22,Sydney Cricket Ground,Sydney Swans,Fremantle Dockers,63,100,24819.0,-37,A,0.0
20100522_EssendonBombers,2010,9,2010-05-22,Melbourne Cricket Ground,Essendon Bombers,Richmond Tigers,130,95,64709.0,35,H,1.0
20100523_WestCoastEagles,2010,9,2010-05-23,Domain Stadium,West Coast Eagles,St Kilda Saints,56,91,36244.0,-35,A,0.0
20100523_CarltonBlues,2010,9,2010-05-23,Marvel Stadium,Carlton Blues,Hawthorn Hawks,60,110,47484.0,-50,A,0.0
20100523_AdelaideCrows,2010,9,2010-05-23,AAMI Stadium,Adelaide Crows,Brisbane Lions,93,81,31517.0,12,H,1.0
20100528_EssendonBombers,2010,10,2010-05-28,Marvel Stadium,Essendon Bombers,Western Bulldogs,99,90,45742.0,9,H,1.0
20100529_StKildaSaints,2010,10,2010-05-29,Marvel Stadium,St Kilda Saints,Adelaide Crows,123,76,28708.0,47,H,1.0
20100529_BrisbaneLions,2010,10,2010-05-29,The Gabba,Brisbane Lions,Collingwood Magpies,88,80,34239.0,8,H,1.0
20100529_PortAdelaidePower,2010,10,2010-05-29,AAMI Stadium,Port Adelaide Power,Richmond Tigers,30,77,16694.0,-47,A,0.0
20100529_GeelongCats,2010,10,2010-05-29,GMHBA Stadium,Geelong Cats,Melbourne Demons,121,67,24525.0,54,H,1.0
20100530_FremantleDockers,2010,10,2010-05-30,Domain Stadium,Fremantle Dockers,North Melbourne Kangaroos,139,78,36175.0,61,H,1.0
20100530_HawthornHawks,2010,10,2010-05-30,Melbourne Cricket Ground,Hawthorn Hawks,Sydney Swans,79,77,36003.0,2,H,1.0
20100530_CarltonBlues,2010,10,2010-05-30,Marvel Stadium,Carlton Blues,West Coast Eagles,105,76,29175.0,29,H,1.0
20100604_RichmondTigers,2010,11,2010-06-04,Marvel Stadium,Richmond Tigers,St Kilda Saints,59,97,32858.0,-38,A,0.0
20100605_NorthMelbourneKangaroos,2010,11,2010-06-05,Marvel Stadium,North Melbourne Kangaroos,Brisbane Lions,90,89,19100.0,1,H,1.0
20100605_WestCoastEagles,2010,11,2010-06-05,Domain Stadium,West Coast Eagles,Geelong Cats,98,122,33784.0,-24,A,0.0
20100605_CarltonBlues,2010,11,2010-06-05,Melbourne Cricket Ground,Carlton Blues,Melbourne Demons,101,60,49745.0,41,H,1.0
20100605_AdelaideCrows,2010,11,2010-06-05,AAMI Stadium,Adelaide Crows,Fremantle Dockers,105,82,35605.0,23,H,1.0
20100606_SydneySwans,2010,11,2010-06-06,Sydney Cricket Ground,Sydney Swans,Essendon Bombers,89,80,29329.0,9,H,1.0
20100606_CollingwoodMagpies,2010,11,2010-06-06,Marvel Stadium,Collingwood Magpies,Western Bulldogs,113,103,40813.0,10,H,1.0
20100606_HawthornHawks,2010,11,2010-06-06,Melbourne Cricket Ground,Hawthorn Hawks,Port Adelaide Power,74,63,21287.0,11,H,1.0
20100611_NorthMelbourneKangaroos,2010,12,2010-06-11,Marvel Stadium,North Melbourne Kangaroos,Carlton Blues,97,68,43732.0,29,H,1.0
20100612_HawthornHawks,2010,12,2010-06-12,UTAS Stadium,Hawthorn Hawks,Adelaide Crows,124,77,16167.0,47,H,1.0
20100612_PortAdelaidePower,2010,12,2010-06-12,AAMI Stadium,Port Adelaide Power,Sydney Swans,55,93,20106.0,-38,A,0.0
20100612_EssendonBombers,2010,12,2010-06-12,Marvel Stadium,Essendon Bombers,Geelong Cats,83,154,46358.0,-71,A,0.0
20100613_WesternBulldogs,2010,12,2010-06-13,Marvel Stadium,Western Bulldogs,Brisbane Lions,121,56,30831.0,65,H,1.0
20100613_FremantleDockers,2010,12,2010-06-13,Domain Stadium,Fremantle Dockers,St Kilda Saints,67,85,37569.0,-18,A,0.0
20100613_RichmondTigers,2010,12,2010-06-13,Melbourne Cricket Ground,Richmond Tigers,West Coast Eagles,126,77,30870.0,49,H,1.0
20100614_MelbourneDemons,2010,12,2010-06-14,Melbourne Cricket Ground,Melbourne Demons,Collingwood Magpies,76,76,67454.0,0,D,
20100618_HawthornHawks,2010,13,2010-06-18,Melbourne Cricket Ground,Hawthorn Hawks,Essendon Bombers,102,86,54148.0,16,H,1.0
20100619_BrisbaneLions,2010,13,2010-06-19,The Gabba,Brisbane Lions,Richmond Tigers,86,105,28415.0,-19,A,0.0
20100619_CarltonBlues,2010,13,2010-06-19,Marvel Stadium,Carlton Blues,Fremantle Dockers,87,96,28869.0,-9,A,0.0
20100620_NorthMelbourneKangaroos,2010,13,2010-06-20,Marvel Stadium,North Melbourne Kangaroos,Port Adelaide Power,129,93,15109.0,36,H,1.0
20100620_WestCoastEagles,2010,13,2010-06-20,Domain Stadium,West Coast Eagles,Western Bulldogs,59,119,34280.0,-60,A,0.0
20100625_StKildaSaints,2010,13,2010-06-25,Melbourne Cricket Ground,St Kilda Saints,Geelong Cats,70,46,58208.0,24,H,1.0
20100626_SydneySwans,2010,13,2010-06-26,Accor Stadium,Sydney Swans,Collingwood Magpies,71,96,43585.0,-25,A,0.0
20100627_AdelaideCrows,2010,13,2010-06-27,AAMI Stadium,Adelaide Crows,Melbourne Demons,117,73,34422.0,44,H,1.0
20100701_CarltonBlues,2010,14,2010-07-01,Marvel Stadium,Carlton Blues,Brisbane Lions,120,65,35623.0,55,H,1.0
20100702_HawthornHawks,2010,14,2010-07-02,Melbourne Cricket Ground,Hawthorn Hawks,Western Bulldogs,79,76,47454.0,3,H,1.0
20100703_AdelaideCrows,2010,14,2010-07-03,AAMI Stadium,Adelaide Crows,Essendon Bombers,124,40,37296.0,84,H,1.0
20100703_CollingwoodMagpies,2010,14,2010-07-03,Marvel Stadium,Collingwood Magpies,West Coast Eagles,135,52,38781.0,83,H,1.0
20100703_FremantleDockers,2010,14,2010-07-03,Domain Stadium,Fremantle Dockers,Port Adelaide Power,115,58,32442.0,57,H,1.0
20100704_RichmondTigers,2010,14,2010-07-04,Melbourne Cricket Ground,Richmond Tigers,Sydney Swans,89,85,39386.0,4,H,1.0
20100704_GeelongCats,2010,14,2010-07-04,GMHBA Stadium,Geelong Cats,North Melbourne Kangaroos,98,63,25159.0,35,H,1.0
20100704_StKildaSaints,2010,14,2010-07-04,Marvel Stadium,St Kilda Saints,Melbourne Demons,100,65,31993.0,35,H,1.0
20100709_PortAdelaidePower,2010,15,2010-07-09,AAMI Stadium,Port Adelaide Power,Collingwood Magpies,79,105,24260.0,-26,A,0.0
20100710_RichmondTigers,2010,15,2010-07-10,Marvel Stadium,Richmond Tigers,Fremantle Dockers,100,81,25707.0,19,H,1.0
20100710_WestCoastEagles,2010,15,2010-07-10,Domain Stadium,West Coast Eagles,Adelaide Crows,95,117,26976.0,-22,A,0.0
20100710_GeelongCats,2010,15,2010-07-10,Melbourne Cricket Ground,Geelong Cats,Hawthorn Hawks,85,83,69220.0,2,H,1.0
20100710_BrisbaneLions,2010,15,2010-07-10,The Gabba,Brisbane Lions,St Kilda Saints,65,79,29329.0,-14,A,0.0
20100711_MelbourneDemons,2010,15,2010-07-11,Melbourne Cricket Ground,Melbourne Demons,Essendon Bombers,122,103,49203.0,19,H,1.0
20100711_CarltonBlues,2010,15,2010-07-11,Marvel Stadium,Carlton Blues,Western Bulldogs,58,126,37517.0,-68,A,0.0
20100711_SydneySwans,2010,15,2010-07-11,Sydney Cricket Ground,Sydney Swans,North Melbourne Kangaroos,85,55,23856.0,30,H,1.0
20100716_AdelaideCrows,2010,16,2010-07-16,AAMI Stadium,Adelaide Crows,Geelong Cats,74,63,41195.0,11,H,1.0
20100717_CollingwoodMagpies,2010,16,2010-07-17,Melbourne Cricket Ground,Collingwood Magpies,St Kilda Saints,100,52,81386.0,48,H,1.0
20100717_WesternBulldogs,2010,16,2010-07-17,TIO Stadium,Western Bulldogs,Port Adelaide Power,83,47,10108.0,36,H,1.0
20100717_EssendonBombers,2010,16,2010-07-17,Marvel Stadium,Essendon Bombers,West Coast Eagles,100,132,26991.0,-32,A,0.0
20100717_HawthornHawks,2010,16,2010-07-17,UTAS Stadium,Hawthorn Hawks,Brisbane Lions,118,43,16690.0,75,H,1.0
20100718_FremantleDockers,2010,16,2010-07-18,Domain Stadium,Fremantle Dockers,Melbourne Demons,82,71,32816.0,11,H,1.0
20100718_CarltonBlues,2010,16,2010-07-18,Marvel Stadium,Carlton Blues,Sydney Swans,68,107,31915.0,-39,A,0.0
20100718_RichmondTigers,2010,16,2010-07-18,Melbourne Cricket Ground,Richmond Tigers,North Melbourne Kangaroos,53,103,42723.0,-50,A,0.0
20100723_StKildaSaints,2010,17,2010-07-23,Marvel Stadium,St Kilda Saints,Hawthorn Hawks,87,87,49373.0,0,D,
20100724_CollingwoodMagpies,2010,17,2010-07-24,Melbourne Cricket Ground,Collingwood Magpies,Richmond Tigers,127,45,66727.0,82,H,1.0
20100724_GeelongCats,2010,17,2010-07-24,GMHBA Stadium,Geelong Cats,Brisbane Lions,127,64,24508.0,63,H,1.0
20100724_NorthMelbourneKangaroos,2010,17,2010-07-24,Marvel Stadium,North Melbourne Kangaroos,Essendon Bombers,119,122,30330.0,-3,A,0.0
20100724_WestCoastEagles,2010,17,2010-07-24,Domain Stadium,West Coast Eagles,Carlton Blues,83,109,35925.0,-26,A,0.0
20100725_WesternBulldogs,2010,17,2010-07-25,Marvel Stadium,Western Bulldogs,Fremantle Dockers,158,76,26797.0,82,H,1.0
20100725_MelbourneDemons,2010,17,2010-07-25,Melbourne Cricket Ground,Melbourne Demons,Sydney Swans,142,69,29374.0,73,H,1.0
20100725_PortAdelaidePower,2010,17,2010-07-25,AAMI Stadium,Port Adelaide Power,Adelaide Crows,88,69,36788.0,19,H,1.0
20100730_EssendonBombers,2010,18,2010-07-30,Marvel Stadium,Essendon Bombers,St Kilda Saints,108,75,37165.0,33,H,1.0
20100731_SydneySwans,2010,18,2010-07-31,Accor Stadium,Sydney Swans,Geelong Cats,72,125,30710.0,-53,A,0.0
20100731_PortAdelaidePower,2010,18,2010-07-31,AAMI Stadium,Port Adelaide Power,Hawthorn Hawks,92,84,22340.0,8,H,1.0
20100731_BrisbaneLions,2010,18,2010-07-31,The Gabba,Brisbane Lions,Melbourne Demons,64,74,26144.0,-10,A,0.0
20100731_CollingwoodMagpies,2010,18,2010-07-31,Melbourne Cricket Ground,Collingwood Magpies,Carlton Blues,105,57,76980.0,48,H,1.0
20100801_RichmondTigers,2010,18,2010-08-01,Melbourne Cricket Ground,Richmond Tigers,Adelaide Crows,100,80,19181.0,20,H,1.0
20100801_WesternBulldogs,2010,18,2010-08-01,Marvel Stadium,Western Bulldogs,North Melbourne Kangaroos,143,72,28038.0,71,H,1.0
20100801_FremantleDockers,2010,18,2010-08-01,Domain Stadium,Fremantle Dockers,West Coast Eagles,160,85,40451.0,75,H,1.0
20100806_EssendonBombers,2010,19,2010-08-06,Melbourne Cricket Ground,Essendon Bombers,Carlton Blues,73,149,57095.0,-76,A,0.0
20100807_SydneySwans,2010,19,2010-08-07,Sydney Cricket Ground,Sydney Swans,Hawthorn Hawks,129,85,29431.0,44,H,1.0
20100807_GeelongCats,2010,19,2010-08-07,Melbourne Cricket Ground,Geelong Cats,Collingwood Magpies,85,107,84401.0,-22,A,0.0
20100807_NorthMelbourneKangaroos,2010,19,2010-08-07,Marvel Stadium,North Melbourne Kangaroos,Fremantle Dockers,123,69,14891.0,54,H,1.0
20100807_WestCoastEagles,2010,19,2010-08-07,Domain Stadium,West Coast Eagles,Brisbane Lions,65,70,32587.0,-5,A,0.0
20100808_MelbourneDemons,2010,19,2010-08-08,Melbourne Cricket Ground,Melbourne Demons,Richmond Tigers,109,80,45844.0,29,H,1.0
20100808_AdelaideCrows,2010,19,2010-08-08,AAMI Stadium,Adelaide Crows,Western Bulldogs,53,61,29321.0,-8,A,0.0
20100808_StKildaSaints,2010,19,2010-08-08,Marvel Stadium,St Kilda Saints,Port Adelaide Power,151,57,22467.0,94,H,1.0
20100813_EssendonBombers,2010,20,2010-08-13,Melbourne Cricket Ground,Essendon Bombers,Collingwood Magpies,64,162,59277.0,-98,A,0.0
20100814_PortAdelaidePower,2010,20,2010-08-14,AAMI Stadium,Port Adelaide Power,West Coast Eagles,61,60,14113.0,1,H,1.0
20100814_CarltonBlues,2010,20,2010-08-14,Melbourne Cricket Ground,Carlton Blues,Richmond Tigers,156,67,44716.0,89,H,1.0
20100814_WesternBulldogs,2010,20,2010-08-14,Marvel Stadium,Western Bulldogs,Geelong Cats,60,161,42199.0,-101,A,0.0
20100814_FremantleDockers,2010,20,2010-08-14,Domain Stadium,Fremantle Dockers,Sydney Swans,87,96,34087.0,-9,A,0.0
20100815_NorthMelbourneKangaroos,2010,20,2010-08-15,Marvel Stadium,North Melbourne Kangaroos,St Kilda Saints,63,115,23118.0,-52,A,0.0
20100815_HawthornHawks,2010,20,2010-08-15,Melbourne Cricket Ground,Hawthorn Hawks,Melbourne Demons,99,78,48211.0,21,H,1.0
20100815_BrisbaneLions,2010,20,2010-08-15,The Gabba,Brisbane Lions,Adelaide Crows,97,104,25403.0,-7,A,0.0
20100820_GeelongCats,2010,21,2010-08-20,Marvel Stadium,Geelong Cats,Carlton Blues,121,79,45172.0,42,H,1.0
20100821_CollingwoodMagpies,2010,21,2010-08-21,Melbourne Cricket Ground,Collingwood Magpies,Adelaide Crows,54,51,42159.0,3,H,1.0
20100821_SydneySwans,2010,21,2010-08-21,Sydney Cricket Ground,Sydney Swans,Western Bulldogs,114,70,36554.0,44,H,1.0
20100821_StKildaSaints,2010,21,2010-08-21,Marvel Stadium,St Kilda Saints,Richmond Tigers,115,94,33944.0,21,H,1.0
20100821_HawthornHawks,2010,21,2010-08-21,UTAS Stadium,Hawthorn Hawks,Fremantle Dockers,155,39,15532.0,116,H,1.0
20100822_WestCoastEagles,2010,21,2010-08-22,Domain Stadium,West Coast Eagles,North Melbourne Kangaroos,94,110,32007.0,-16,A,0.0
20100822_EssendonBombers,2010,21,2010-08-22,Marvel Stadium,Essendon Bombers,Brisbane Lions,68,95,28785.0,-27,A,0.0
20100822_PortAdelaidePower,2010,21,2010-08-22,AAMI Stadium,Port Adelaide Power,Melbourne Demons,112,83,21086.0,29,H,1.0
20100827_FremantleDockers,2010,22,2010-08-27,Domain Stadium,Fremantle Dockers,Carlton Blues,93,87,39376.0,6,H,1.0
20100828_BrisbaneLions,2010,22,2010-08-28,The Gabba,Brisbane Lions,Sydney Swans,68,106,24789.0,-38,A,0.0
20100828_GeelongCats,2010,22,2010-08-28,GMHBA Stadium,Geelong Cats,West Coast Eagles,112,68,24099.0,44,H,1.0
20100828_AdelaideCrows,2010,22,2010-08-28,AAMI Stadium,Adelaide Crows,St Kilda Saints,65,37,38121.0,28,H,1.0
20100828_HawthornHawks,2010,22,2010-08-28,Melbourne Cricket Ground,Hawthorn Hawks,Collingwood Magpies,98,95,76218.0,3,H,1.0
20100828_WesternBulldogs,2010,22,2010-08-28,Marvel Stadium,Western Bulldogs,Essendon Bombers,107,78,26776.0,29,H,1.0
20100829_RichmondTigers,2010,22,2010-08-29,Marvel Stadium,Richmond Tigers,Port Adelaide Power,112,122,37674.0,-10,A,0.0
20100829_MelbourneDemons,2010,22,2010-08-29,Melbourne Cricket Ground,Melbourne Demons,North Melbourne Kangaroos,103,113,31064.0,-10,A,0.0
20100903_GeelongCats,2010,QF,2010-09-03,Melbourne Cricket Ground,Geelong Cats,St Kilda Saints,79,83,63608.0,-4,A,0.0
20100904_FremantleDockers,2010,EF,2010-09-04,Domain Stadium,Fremantle Dockers,Hawthorn Hawks,94,64,42719.0,30,H,1.0
20100904_CollingwoodMagpies,2010,QF,2010-09-04,Melbourne Cricket Ground,Collingwood Magpies,Western Bulldogs,124,62,66545.0,62,H,1.0
20100905_SydneySwans,2010,EF,2010-09-05,Accor Stadium,Sydney Swans,Carlton Blues,99,94,41596.0,5,H,1.0
20100910_GeelongCats,2010,SF,2010-09-10,Melbourne Cricket Ground,Geelong Cats,Fremantle Dockers,135,66,45056.0,69,H,1.0
20100911_WesternBulldogs,2010,SF,2010-09-11,Melbourne Cricket Ground,Western Bulldogs,Sydney Swans,77,72,39596.0,5,H,1.0
20100917_CollingwoodMagpies,2010,PF,2010-09-17,Melbourne Cricket Ground,Collingwood Magpies,Geelong Cats,120,79,95241.0,41,H,1.0
20100918_StKildaSaints,2010,PF,2010-09-18,Melbourne Cricket Ground,St Kilda Saints,Western Bulldogs,88,64,62694.0,24,H,1.0
20100925_CollingwoodMagpies,2010,GF,2010-09-25,Melbourne Cricket Ground,Collingwood Magpies,St Kilda Saints,68,68,100016.0,0,D,
20101002_CollingwoodMagpies,2010,GF,2010-10-02,Melbourne Cricket Ground,Collingwood Magpies,St Kilda Saints,108,52,93853.0,56,H,1.0
20110324_CarltonBlues,2011,1,2011-03-24,Melbourne Cricket Ground,Carlton Blues,Richmond Tigers,104,84,60654.0,20,H,1.0
20110325_GeelongCats,2011,1,2011-03-25,Melbourne Cricket Ground,Geelong Cats,St Kilda Saints,48,47,42869.0,1,H,1.0
20110326_BrisbaneLions,2011,1,2011-03-26,The Gabba,Brisbane Lions,Fremantle Dockers,92,94,23373.0,-2,A,0.0
20110326_CollingwoodMagpies,2011,1,2011-03-26,Marvel Stadium,Collingwood Magpies,Port Adelaide Power,155,80,35773.0,75,H,1.0
20110326_AdelaideCrows,2011,1,2011-03-26,AAMI Stadium,Adelaide Crows,Hawthorn Hawks,105,85,42536.0,20,H,1.0
20110327_EssendonBombers,2011,1,2011-03-27,Marvel Stadium,Essendon Bombers,Western Bulldogs,113,58,42617.0,55,H,1.0
20110327_WestCoastEagles,2011,1,2011-03-27,Domain Stadium,West Coast Eagles,North Melbourne Kangaroos,92,88,35855.0,4,H,1.0
20110327_MelbourneDemons,2011,1,2011-03-27,Melbourne Cricket Ground,Melbourne Demons,Sydney Swans,84,84,33951.0,0,D,
20110401_StKildaSaints,2011,2,2011-04-01,Melbourne Cricket Ground,St Kilda Saints,Richmond Tigers,95,95,41465.0,0,D,
20110402_NorthMelbourneKangaroos,2011,2,2011-04-02,Marvel Stadium,North Melbourne Kangaroos,Collingwood Magpies,56,143,40578.0,-87,A,0.0
20110402_GoldCoastSuns,2011,2,2011-04-02,The Gabba,Gold Coast Suns,Carlton Blues,52,171,27914.0,-119,A,0.0
20110402_FremantleDockers,2011,2,2011-04-02,Domain Stadium,Fremantle Dockers,Geelong Cats,78,89,37004.0,-11,A,0.0
20110402_PortAdelaidePower,2011,2,2011-04-02,AAMI Stadium,Port Adelaide Power,West Coast Eagles,98,116,23214.0,-18,A,0.0
20110403_SydneySwans,2011,2,2011-04-03,Accor Stadium,Sydney Swans,Essendon Bombers,98,93,28082.0,5,H,1.0
20110403_HawthornHawks,2011,2,2011-04-03,Melbourne Cricket Ground,Hawthorn Hawks,Melbourne Demons,122,77,49905.0,45,H,1.0
20110403_WesternBulldogs,2011,2,2011-04-03,Marvel Stadium,Western Bulldogs,Brisbane Lions,123,45,22331.0,78,H,1.0
20110408_CollingwoodMagpies,2011,3,2011-04-08,Melbourne Cricket Ground,Collingwood Magpies,Carlton Blues,102,74,88181.0,28,H,1.0
20110409_WestCoastEagles,2011,3,2011-04-09,Domain Stadium,West Coast Eagles,Sydney Swans,88,101,37288.0,-13,A,0.0
20110409_RichmondTigers,2011,3,2011-04-09,Melbourne Cricket Ground,Richmond Tigers,Hawthorn Hawks,52,115,46369.0,-63,A,0.0
20110409_WesternBulldogs,2011,3,2011-04-09,Marvel Stadium,Western Bulldogs,Gold Coast Suns,122,51,21373.0,71,H,1.0
20110409_AdelaideCrows,2011,3,2011-04-09,AAMI Stadium,Adelaide Crows,Fremantle Dockers,54,79,33414.0,-25,A,0.0
20110410_MelbourneDemons,2011,3,2011-04-10,Melbourne Cricket Ground,Melbourne Demons,Brisbane Lions,82,71,24380.0,11,H,1.0
20110410_StKildaSaints,2011,3,2011-04-10,Marvel Stadium,St Kilda Saints,Essendon Bombers,84,136,47762.0,-52,A,0.0
20110410_GeelongCats,2011,3,2011-04-10,GMHBA Stadium,Geelong Cats,Port Adelaide Power,122,43,22420.0,79,H,1.0
20110415_RichmondTigers,2011,4,2011-04-15,Melbourne Cricket Ground,Richmond Tigers,Collingwood Magpies,90,161,58050.0,-71,A,0.0
20110416_PortAdelaidePower,2011,4,2011-04-16,AAMI Stadium,Port Adelaide Power,Adelaide Crows,98,66,33143.0,32,H,1.0
20110416_HawthornHawks,2011,4,2011-04-16,UTAS Stadium,Hawthorn Hawks,West Coast Eagles,72,65,15063.0,7,H,1.0
20110416_SydneySwans,2011,4,2011-04-16,Sydney Cricket Ground,Sydney Swans,Geelong Cats,54,81,25300.0,-27,A,0.0
20110416_CarltonBlues,2011,4,2011-04-16,Melbourne Cricket Ground,Carlton Blues,Essendon Bombers,79,79,78065.0,0,D,
20110417_FremantleDockers,2011,4,2011-04-17,Domain Stadium,Fremantle Dockers,North Melbourne Kangaroos,127,98,34779.0,29,H,1.0
20110417_GoldCoastSuns,2011,4,2011-04-17,The Gabba,Gold Coast Suns,Melbourne Demons,69,159,12111.0,-90,A,0.0
20110421_BrisbaneLions,2011,5,2011-04-21,The Gabba,Brisbane Lions,St Kilda Saints,76,89,22543.0,-13,A,0.0
20110423_CarltonBlues,2011,5,2011-04-23,Marvel Stadium,Carlton Blues,Adelaide Crows,85,79,37607.0,6,H,1.0
20110423_PortAdelaidePower,2011,5,2011-04-23,AAMI Stadium,Port Adelaide Power,Gold Coast Suns,101,104,21287.0,-3,A,0.0
20110424_NorthMelbourneKangaroos,2011,5,2011-04-24,Marvel Stadium,North Melbourne Kangaroos,Richmond Tigers,103,112,36461.0,-9,A,0.0
20110425_FremantleDockers,2011,5,2011-04-25,Domain Stadium,Fremantle Dockers,Western Bulldogs,85,78,37551.0,7,H,1.0
20110425_EssendonBombers,2011,5,2011-04-25,Melbourne Cricket Ground,Essendon Bombers,Collingwood Magpies,77,107,89626.0,-30,A,0.0
20110426_HawthornHawks,2011,5,2011-04-26,Melbourne Cricket Ground,Hawthorn Hawks,Geelong Cats,98,117,78579.0,-19,A,0.0
20110428_WestCoastEagles,2011,6,2011-04-28,Domain Stadium,West Coast Eagles,Melbourne Demons,106,52,36298.0,54,H,1.0
20110429_SydneySwans,2011,6,2011-04-29,Sydney Cricket Ground,Sydney Swans,Carlton Blues,71,87,28081.0,-16,A,0.0
20110430_NorthMelbourneKangaroos,2011,6,2011-04-30,Marvel Stadium,North Melbourne Kangaroos,Port Adelaide Power,133,73,16014.0,60,H,1.0
20110430_RichmondTigers,2011,6,2011-04-30,Melbourne Cricket Ground,Richmond Tigers,Brisbane Lions,124,98,37438.0,26,H,1.0
20110430_AdelaideCrows,2011,6,2011-04-30,AAMI Stadium,Adelaide Crows,St Kilda Saints,90,71,33854.0,19,H,1.0
20110501_EssendonBombers,2011,6,2011-05-01,Marvel Stadium,Essendon Bombers,Gold Coast Suns,197,58,33710.0,139,H,1.0
20110501_CollingwoodMagpies,2011,6,2011-05-01,Melbourne Cricket Ground,Collingwood Magpies,Western Bulldogs,105,57,53776.0,48,H,1.0
20110506_PortAdelaidePower,2011,7,2011-05-06,AAMI Stadium,Port Adelaide Power,Hawthorn Hawks,72,104,21819.0,-32,A,0.0
20110507_RichmondTigers,2011,7,2011-05-07,Melbourne Cricket Ground,Richmond Tigers,Fremantle Dockers,148,99,34090.0,49,H,1.0
20110507_GoldCoastSuns,2011,7,2011-05-07,The Gabba,Gold Coast Suns,Brisbane Lions,124,116,25501.0,8,H,1.0
20110507_WesternBulldogs,2011,7,2011-05-07,Manuka Oval,Western Bulldogs,Sydney Swans,65,73,10184.0,-8,A,0.0
20110507_GeelongCats,2011,7,2011-05-07,GMHBA Stadium,Geelong Cats,North Melbourne Kangaroos,127,61,23669.0,66,H,1.0
20110508_EssendonBombers,2011,7,2011-05-08,Marvel Stadium,Essendon Bombers,West Coast Eagles,106,90,33631.0,16,H,1.0
20110508_MelbourneDemons,2011,7,2011-05-08,Melbourne Cricket Ground,Melbourne Demons,Adelaide Crows,149,53,19987.0,96,H,1.0
20110509_StKildaSaints,2011,7,2011-05-09,Marvel Stadium,St Kilda Saints,Carlton Blues,81,84,41576.0,-3,A,0.0
20110513_GeelongCats,2011,8,2011-05-13,Melbourne Cricket Ground,Geelong Cats,Collingwood Magpies,65,62,81691.0,3,H,1.0
20110514_BrisbaneLions,2011,8,2011-05-14,The Gabba,Brisbane Lions,Essendon Bombers,66,102,24921.0,-36,A,0.0
20110514_AdelaideCrows,2011,8,2011-05-14,AAMI Stadium,Adelaide Crows,Gold Coast Suns,130,73,36056.0,57,H,1.0
20110514_NorthMelbourneKangaroos,2011,8,2011-05-14,Marvel Stadium,North Melbourne Kangaroos,Melbourne Demons,124,83,23536.0,41,H,1.0
20110514_SydneySwans,2011,8,2011-05-14,Sydney Cricket Ground,Sydney Swans,Port Adelaide Power,121,59,20719.0,62,H,1.0
20110515_WesternBulldogs,2011,8,2011-05-15,Marvel Stadium,Western Bulldogs,Richmond Tigers,153,118,39141.0,35,H,1.0
20110515_WestCoastEagles,2011,8,2011-05-15,Domain Stadium,West Coast Eagles,Fremantle Dockers,96,63,40567.0,33,H,1.0
20110515_HawthornHawks,2011,8,2011-05-15,Melbourne Cricket Ground,Hawthorn Hawks,St Kilda Saints,99,69,42453.0,30,H,1.0
20110520_CarltonBlues,2011,9,2011-05-20,Marvel Stadium,Carlton Blues,Geelong Cats,100,102,48429.0,-2,A,0.0
20110521_StKildaSaints,2011,9,2011-05-21,Marvel Stadium,St Kilda Saints,Melbourne Demons,106,86,28863.0,20,H,1.0
20110521_BrisbaneLions,2011,9,2011-05-21,The Gabba,Brisbane Lions,North Melbourne Kangaroos,73,59,18404.0,14,H,1.0
20110521_PortAdelaidePower,2011,9,2011-05-21,AAMI Stadium,Port Adelaide Power,Fremantle Dockers,90,142,16274.0,-52,A,0.0
20110521_RichmondTigers,2011,9,2011-05-21,Melbourne Cricket Ground,Richmond Tigers,Essendon Bombers,105,89,83563.0,16,H,1.0
20110522_CollingwoodMagpies,2011,9,2011-05-22,Marvel Stadium,Collingwood Magpies,Adelaide Crows,135,92,38849.0,43,H,1.0
20110522_WestCoastEagles,2011,9,2011-05-22,Domain Stadium,West Coast Eagles,Western Bulldogs,175,52,37308.0,123,H,1.0
20110522_SydneySwans,2011,9,2011-05-22,Sydney Cricket Ground,Sydney Swans,Hawthorn Hawks,60,106,33136.0,-46,A,0.0
20110527_MelbourneDemons,2011,10,2011-05-27,Melbourne Cricket Ground,Melbourne Demons,Carlton Blues,46,93,47464.0,-47,A,0.0
20110528_FremantleDockers,2011,10,2011-05-28,Domain Stadium,Fremantle Dockers,St Kilda Saints,56,102,35483.0,-46,A,0.0
20110528_NorthMelbourneKangaroos,2011,10,2011-05-28,Marvel Stadium,North Melbourne Kangaroos,Sydney Swans,71,72,24267.0,-1,A,0.0
20110528_RichmondTigers,2011,10,2011-05-28,TIO Stadium,Richmond Tigers,Port Adelaide Power,74,89,11506.0,-15,A,0.0
20110528_GoldCoastSuns,2011,10,2011-05-28,People First Stadium,Gold Coast Suns,Geelong Cats,73,139,21485.0,-66,A,0.0
20110529_WesternBulldogs,2011,10,2011-05-29,Marvel Stadium,Western Bulldogs,Hawthorn Hawks,62,91,30747.0,-29,A,0.0
20110529_CollingwoodMagpies,2011,10,2011-05-29,Melbourne Cricket Ground,Collingwood Magpies,West Coast Eagles,105,53,52560.0,52,H,1.0
20110529_AdelaideCrows,2011,10,2011-05-29,AAMI Stadium,Adelaide Crows,Brisbane Lions,61,101,34583.0,-40,A,0.0
20110603_EssendonBombers,2011,11,2011-06-03,Melbourne Cricket Ground,Essendon Bombers,Melbourne Demons,68,101,53077.0,-33,A,0.0
20110604_BrisbaneLions,2011,11,2011-06-04,The Gabba,Brisbane Lions,Sydney Swans,51,116,22150.0,-65,A,0.0
20110604_CollingwoodMagpies,2011,11,2011-06-04,Melbourne Cricket Ground,Collingwood Magpies,St Kilda Saints,108,51,62991.0,57,H,1.0
20110604_GeelongCats,2011,11,2011-06-04,GMHBA Stadium,Geelong Cats,Western Bulldogs,148,87,25078.0,61,H,1.0
20110604_WestCoastEagles,2011,11,2011-06-04,Domain Stadium,West Coast Eagles,Gold Coast Suns,85,67,36815.0,18,H,1.0
20110605_NorthMelbourneKangaroos,2011,11,2011-06-05,Marvel Stadium,North Melbourne Kangaroos,Adelaide Crows,115,68,18185.0,47,H,1.0
20110605_PortAdelaidePower,2011,11,2011-06-05,AAMI Stadium,Port Adelaide Power,Carlton Blues,49,111,23192.0,-62,A,0.0
20110605_HawthornHawks,2011,11,2011-06-05,Melbourne Cricket Ground,Hawthorn Hawks,Fremantle Dockers,111,89,31925.0,22,H,1.0
20110610_StKildaSaints,2011,12,2011-06-10,Marvel Stadium,St Kilda Saints,Western Bulldogs,81,57,31237.0,24,H,1.0
20110611_GeelongCats,2011,12,2011-06-11,Melbourne Cricket Ground,Geelong Cats,Hawthorn Hawks,88,83,63476.0,5,H,1.0
20110611_GoldCoastSuns,2011,12,2011-06-11,People First Stadium,Gold Coast Suns,North Melbourne Kangaroos,63,122,14945.0,-59,A,0.0
20110611_AdelaideCrows,2011,12,2011-06-11,AAMI Stadium,Adelaide Crows,West Coast Eagles,67,106,31412.0,-39,A,0.0
20110612_SydneySwans,2011,12,2011-06-12,Sydney Cricket Ground,Sydney Swans,Richmond Tigers,75,65,23782.0,10,H,1.0
20110612_FremantleDockers,2011,12,2011-06-12,Domain Stadium,Fremantle Dockers,Essendon Bombers,98,64,35824.0,34,H,1.0
20110612_CarltonBlues,2011,12,2011-06-12,Marvel Stadium,Carlton Blues,Brisbane Lions,124,63,43617.0,61,H,1.0
20110613_MelbourneDemons,2011,12,2011-06-13,Melbourne Cricket Ground,Melbourne Demons,Collingwood Magpies,41,129,75998.0,-88,A,0.0
20110617_WesternBulldogs,2011,13,2011-06-17,Marvel Stadium,Western Bulldogs,Adelaide Crows,100,70,19363.0,30,H,1.0
20110618_EssendonBombers,2011,13,2011-06-18,Marvel Stadium,Essendon Bombers,North Melbourne Kangaroos,90,111,42329.0,-21,A,0.0
20110618_HawthornHawks,2011,13,2011-06-18,UTAS Stadium,Hawthorn Hawks,Gold Coast Suns,129,58,16377.0,71,H,1.0
20110618_StKildaSaints,2011,13,2011-06-18,Melbourne Cricket Ground,St Kilda Saints,Geelong Cats,72,100,39539.0,-28,A,0.0
20110618_BrisbaneLions,2011,13,2011-06-18,The Gabba,Brisbane Lions,Richmond Tigers,94,125,21510.0,-31,A,0.0
20110619_MelbourneDemons,2011,13,2011-06-19,Melbourne Cricket Ground,Melbourne Demons,Fremantle Dockers,149,60,19092.0,89,H,1.0
20110619_WestCoastEagles,2011,13,2011-06-19,Domain Stadium,West Coast Eagles,Port Adelaide Power,110,88,35059.0,22,H,1.0
20110619_CarltonBlues,2011,13,2011-06-19,Marvel Stadium,Carlton Blues,Sydney Swans,100,66,42788.0,34,H,1.0
20110624_HawthornHawks,2011,14,2011-06-24,Melbourne Cricket Ground,Hawthorn Hawks,Essendon Bombers,146,81,64537.0,65,H,1.0
20110625_SydneySwans,2011,14,2011-06-25,Accor Stadium,Sydney Swans,Collingwood Magpies,93,99,38053.0,-6,A,0.0
20110625_RichmondTigers,2011,14,2011-06-25,Melbourne Cricket Ground,Richmond Tigers,Melbourne Demons,91,118,61900.0,-27,A,0.0
20110625_GoldCoastSuns,2011,14,2011-06-25,People First Stadium,Gold Coast Suns,Western Bulldogs,88,110,16149.0,-22,A,0.0
20110625_FremantleDockers,2011,14,2011-06-25,Domain Stadium,Fremantle Dockers,Brisbane Lions,88,65,30330.0,23,H,1.0
20110626_CarltonBlues,2011,14,2011-06-26,Marvel Stadium,Carlton Blues,West Coast Eagles,67,103,38241.0,-36,A,0.0
20110626_GeelongCats,2011,14,2011-06-26,GMHBA Stadium,Geelong Cats,Adelaide Crows,125,73,23246.0,52,H,1.0
20110626_PortAdelaidePower,2011,14,2011-06-26,AAMI Stadium,Port Adelaide Power,North Melbourne Kangaroos,91,136,17275.0,-45,A,0.0
20110701_WesternBulldogs,2011,15,2011-07-01,Marvel Stadium,Western Bulldogs,Melbourne Demons,127,63,29516.0,64,H,1.0
20110702_AdelaideCrows,2011,15,2011-07-02,AAMI Stadium,Adelaide Crows,Sydney Swans,57,50,23063.0,7,H,1.0
20110702_RichmondTigers,2011,15,2011-07-02,Melbourne Cricket Ground,Richmond Tigers,Carlton Blues,81,184,59650.0,-103,A,0.0
20110702_EssendonBombers,2011,15,2011-07-02,Marvel Stadium,Essendon Bombers,Geelong Cats,115,111,43806.0,4,H,1.0
20110702_FremantleDockers,2011,15,2011-07-02,Domain Stadium,Fremantle Dockers,Gold Coast Suns,112,62,28646.0,50,H,1.0
20110703_BrisbaneLions,2011,15,2011-07-03,The Gabba,Brisbane Lions,Port Adelaide Power,99,88,17276.0,11,H,1.0
20110703_NorthMelbourneKangaroos,2011,15,2011-07-03,Marvel Stadium,North Melbourne Kangaroos,St Kilda Saints,70,79,29693.0,-9,A,0.0
20110703_CollingwoodMagpies,2011,15,2011-07-03,Melbourne Cricket Ground,Collingwood Magpies,Hawthorn Hawks,106,65,83985.0,41,H,1.0
20110708_WestCoastEagles,2011,16,2011-07-08,Domain Stadium,West Coast Eagles,Geelong Cats,96,88,40164.0,8,H,1.0
20110709_HawthornHawks,2011,16,2011-07-09,UTAS Stadium,Hawthorn Hawks,Brisbane Lions,105,63,14604.0,42,H,1.0
20110709_GoldCoastSuns,2011,16,2011-07-09,People First Stadium,Gold Coast Suns,Sydney Swans,36,106,16488.0,-70,A,0.0
20110709_EssendonBombers,2011,16,2011-07-09,Melbourne Cricket Ground,Essendon Bombers,Richmond Tigers,105,66,55442.0,39,H,1.0
20110710_PortAdelaidePower,2011,16,2011-07-10,AAMI Stadium,Port Adelaide Power,St Kilda Saints,53,109,16887.0,-56,A,0.0
20110710_WesternBulldogs,2011,16,2011-07-10,Marvel Stadium,Western Bulldogs,Carlton Blues,96,69,38582.0,27,H,1.0
20110710_CollingwoodMagpies,2011,16,2011-07-10,Melbourne Cricket Ground,Collingwood Magpies,North Melbourne Kangaroos,147,30,53601.0,117,H,1.0
20110715_AdelaideCrows,2011,17,2011-07-15,AAMI Stadium,Adelaide Crows,Essendon Bombers,73,84,38118.0,-11,A,0.0
20110716_RichmondTigers,2011,17,2011-07-16,Cazaly's Stadium,Richmond Tigers,Gold Coast Suns,70,85,10832.0,-15,A,0.0
20110716_CarltonBlues,2011,17,2011-07-16,Melbourne Cricket Ground,Carlton Blues,Collingwood Magpies,79,98,85936.0,-19,A,0.0
20110716_MelbourneDemons,2011,17,2011-07-16,TIO Stadium,Melbourne Demons,Port Adelaide Power,113,92,7255.0,21,H,1.0
20110716_StKildaSaints,2011,17,2011-07-16,Marvel Stadium,St Kilda Saints,West Coast Eagles,82,61,31416.0,21,H,1.0
20110717_NorthMelbourneKangaroos,2011,17,2011-07-17,Marvel Stadium,North Melbourne Kangaroos,Western Bulldogs,142,111,22754.0,31,H,1.0
20110717_BrisbaneLions,2011,17,2011-07-17,The Gabba,Brisbane Lions,Geelong Cats,104,133,19906.0,-29,A,0.0
20110717_SydneySwans,2011,17,2011-07-17,Sydney Cricket Ground,Sydney Swans,Fremantle Dockers,87,98,23415.0,-11,A,0.0
20110722_StKildaSaints,2011,18,2011-07-22,Marvel Stadium,St Kilda Saints,Adelaide Crows,127,24,26546.0,103,H,1.0
20110723_SydneySwans,2011,18,2011-07-23,Sydney Cricket Ground,Sydney Swans,Western Bulldogs,114,75,19449.0,39,H,1.0
20110723_NorthMelbourneKangaroos,2011,18,2011-07-23,Marvel Stadium,North Melbourne Kangaroos,Brisbane Lions,122,77,20809.0,45,H,1.0
20110723_EssendonBombers,2011,18,2011-07-23,Melbourne Cricket Ground,Essendon Bombers,Carlton Blues,79,153,74123.0,-74,A,0.0
20110723_GoldCoastSuns,2011,18,2011-07-23,People First Stadium,Gold Coast Suns,Collingwood Magpies,75,129,23302.0,-54,A,0.0
20110724_MelbourneDemons,2011,18,2011-07-24,Melbourne Cricket Ground,Melbourne Demons,Hawthorn Hawks,78,132,39782.0,-54,A,0.0
20110724_FremantleDockers,2011,18,2011-07-24,Domain Stadium,Fremantle Dockers,West Coast Eagles,64,65,41055.0,-1,A,0.0
20110724_GeelongCats,2011,18,2011-07-24,Marvel Stadium,Geelong Cats,Richmond Tigers,113,51,33761.0,62,H,1.0
20110729_NorthMelbourneKangaroos,2011,19,2011-07-29,Marvel Stadium,North Melbourne Kangaroos,Carlton Blues,62,80,41332.0,-18,A,0.0
20110730_FremantleDockers,2011,19,2011-07-30,Domain Stadium,Fremantle Dockers,Hawthorn Hawks,44,95,30937.0,-51,A,0.0
20110730_GoldCoastSuns,2011,19,2011-07-30,People First Stadium,Gold Coast Suns,St Kilda Saints,54,74,17482.0,-20,A,0.0
20110730_WesternBulldogs,2011,19,2011-07-30,Marvel Stadium,Western Bulldogs,West Coast Eagles,95,103,20883.0,-8,A,0.0
20110730_GeelongCats,2011,19,2011-07-30,GMHBA Stadium,Geelong Cats,Melbourne Demons,233,47,22716.0,186,H,1.0
20110731_AdelaideCrows,2011,19,2011-07-31,AAMI Stadium,Adelaide Crows,Port Adelaide Power,111,79,40586.0,32,H,1.0
20110731_CollingwoodMagpies,2011,19,2011-07-31,Melbourne Cricket Ground,Collingwood Magpies,Essendon Bombers,166,92,73163.0,74,H,1.0
20110805_StKildaSaints,2011,20,2011-08-05,Marvel Stadium,St Kilda Saints,Fremantle Dockers,113,72,26181.0,41,H,1.0
20110806_PortAdelaidePower,2011,20,2011-08-06,AAMI Stadium,Port Adelaide Power,Collingwood Magpies,21,159,21863.0,-138,A,0.0
20110806_EssendonBombers,2011,20,2011-08-06,Marvel Stadium,Essendon Bombers,Sydney Swans,100,99,38722.0,1,H,1.0
20110806_CarltonBlues,2011,20,2011-08-06,Melbourne Cricket Ground,Carlton Blues,Melbourne Demons,134,58,42342.0,76,H,1.0
20110806_GeelongCats,2011,20,2011-08-06,GMHBA Stadium,Geelong Cats,Gold Coast Suns,188,38,24588.0,150,H,1.0
20110807_WestCoastEagles,2011,20,2011-08-07,Domain Stadium,West Coast Eagles,Richmond Tigers,147,90,38106.0,57,H,1.0
20110807_BrisbaneLions,2011,20,2011-08-07,The Gabba,Brisbane Lions,Adelaide Crows,105,110,17930.0,-5,A,0.0
20110807_HawthornHawks,2011,20,2011-08-07,UTAS Stadium,Hawthorn Hawks,North Melbourne Kangaroos,103,86,16820.0,17,H,1.0
20110812_StKildaSaints,2011,21,2011-08-12,Marvel Stadium,St Kilda Saints,Collingwood Magpies,70,89,46505.0,-19,A,0.0
20110813_BrisbaneLions,2011,21,2011-08-13,The Gabba,Brisbane Lions,Gold Coast Suns,123,61,23565.0,62,H,1.0
20110813_FremantleDockers,2011,21,2011-08-13,Domain Stadium,Fremantle Dockers,Carlton Blues,85,115,34737.0,-30,A,0.0
20110813_WesternBulldogs,2011,21,2011-08-13,Marvel Stadium,Western Bulldogs,Essendon Bombers,101,150,38986.0,-49,A,0.0
20110813_HawthornHawks,2011,21,2011-08-13,Melbourne Cricket Ground,Hawthorn Hawks,Port Adelaide Power,197,32,27532.0,165,H,1.0
20110814_RichmondTigers,2011,21,2011-08-14,Melbourne Cricket Ground,Richmond Tigers,Sydney Swans,99,56,34337.0,43,H,1.0
20110814_MelbourneDemons,2011,21,2011-08-14,Marvel Stadium,Melbourne Demons,West Coast Eagles,62,110,15739.0,-48,A,0.0
20110814_AdelaideCrows,2011,21,2011-08-14,AAMI Stadium,Adelaide Crows,Geelong Cats,85,96,33576.0,-11,A,0.0
20110819_CarltonBlues,2011,22,2011-08-19,Marvel Stadium,Carlton Blues,Hawthorn Hawks,66,78,52052.0,-12,A,0.0
20110820_WestCoastEagles,2011,22,2011-08-20,Domain Stadium,West Coast Eagles,Essendon Bombers,134,77,38253.0,57,H,1.0
20110820_CollingwoodMagpies,2011,22,2011-08-20,Melbourne Cricket Ground,Collingwood Magpies,Brisbane Lions,102,84,47788.0,18,H,1.0
20110820_NorthMelbourneKangaroos,2011,22,2011-08-20,Marvel Stadium,North Melbourne Kangaroos,Fremantle Dockers,143,45,17581.0,98,H,1.0
20110820_GoldCoastSuns,2011,22,2011-08-20,People First Stadium,Gold Coast Suns,Adelaide Crows,64,125,16168.0,-61,A,0.0
20110821_MelbourneDemons,2011,22,2011-08-21,Melbourne Cricket Ground,Melbourne Demons,Richmond Tigers,110,117,36321.0,-7,A,0.0
20110821_PortAdelaidePower,2011,22,2011-08-21,AAMI Stadium,Port Adelaide Power,Western Bulldogs,97,157,14169.0,-60,A,0.0
20110821_SydneySwans,2011,22,2011-08-21,Accor Stadium,Sydney Swans,St Kilda Saints,83,68,25025.0,15,H,1.0
20110826_FremantleDockers,2011,23,2011-08-26,Domain Stadium,Fremantle Dockers,Collingwood Magpies,52,132,31985.0,-80,A,0.0
20110827_StKildaSaints,2011,23,2011-08-27,Marvel Stadium,St Kilda Saints,North Melbourne Kangaroos,135,70,35848.0,65,H,1.0
20110827_BrisbaneLions,2011,23,2011-08-27,The Gabba,Brisbane Lions,West Coast Eagles,81,89,13500.0,-8,A,0.0
20110827_GeelongCats,2011,23,2011-08-27,GMHBA Stadium,Geelong Cats,Sydney Swans,86,99,25900.0,-13,A,0.0
20110827_HawthornHawks,2011,23,2011-08-27,Melbourne Cricket Ground,Hawthorn Hawks,Western Bulldogs,113,67,42198.0,46,H,1.0
20110828_AdelaideCrows,2011,23,2011-08-28,AAMI Stadium,Adelaide Crows,Richmond Tigers,99,121,38023.0,-22,A,0.0
20110828_EssendonBombers,2011,23,2011-08-28,Marvel Stadium,Essendon Bombers,Port Adelaide Power,120,113,34849.0,7,H,1.0
20110828_MelbourneDemons,2011,23,2011-08-28,Melbourne Cricket Ground,Melbourne Demons,Gold Coast Suns,112,82,21534.0,30,H,1.0
20110902_CollingwoodMagpies,2011,24,2011-09-02,Melbourne Cricket Ground,Collingwood Magpies,Geelong Cats,53,149,85705.0,-96,A,0.0
20110903_GoldCoastSuns,2011,24,2011-09-03,People First Stadium,Gold Coast Suns,Hawthorn Hawks,97,106,19314.0,-9,A,0.0
20110903_WesternBulldogs,2011,24,2011-09-03,Marvel Stadium,Western Bulldogs,Fremantle Dockers,107,61,18128.0,46,H,1.0
20110903_WestCoastEagles,2011,24,2011-09-03,Domain Stadium,West Coast Eagles,Adelaide Crows,145,50,36062.0,95,H,1.0
20110903_SydneySwans,2011,24,2011-09-03,Sydney Cricket Ground,Sydney Swans,Brisbane Lions,119,67,27721.0,52,H,1.0
20110903_CarltonBlues,2011,24,2011-09-03,Melbourne Cricket Ground,Carlton Blues,St Kilda Saints,66,86,55606.0,-20,A,0.0
20110904_PortAdelaidePower,2011,24,2011-09-04,Adelaide Oval,Port Adelaide Power,Melbourne Demons,112,104,29314.0,8,H,1.0
20110904_RichmondTigers,2011,24,2011-09-04,Marvel Stadium,Richmond Tigers,North Melbourne Kangaroos,91,104,32890.0,-13,A,0.0
20110909_GeelongCats,2011,QF,2011-09-09,Melbourne Cricket Ground,Geelong Cats,Hawthorn Hawks,98,67,73400.0,31,H,1.0
20110910_StKildaSaints,2011,EF,2011-09-10,Marvel Stadium,St Kilda Saints,Sydney Swans,57,82,39205.0,-25,A,0.0
20110910_CollingwoodMagpies,2011,QF,2011-09-10,Melbourne Cricket Ground,Collingwood Magpies,West Coast Eagles,82,62,67379.0,20,H,1.0
20110911_CarltonBlues,2011,EF,2011-09-11,Melbourne Cricket Ground,Carlton Blues,Essendon Bombers,149,87,90161.0,62,H,1.0
20110916_HawthornHawks,2011,SF,2011-09-16,Melbourne Cricket Ground,Hawthorn Hawks,Sydney Swans,122,86,55198.0,36,H,1.0
20110917_WestCoastEagles,2011,SF,2011-09-17,Domain Stadium,West Coast Eagles,Carlton Blues,101,98,42803.0,3,H,1.0
20110923_CollingwoodMagpies,2011,PF,2011-09-23,Melbourne Cricket Ground,Collingwood Magpies,Hawthorn Hawks,68,65,87112.0,3,H,1.0
20110924_GeelongCats,2011,PF,2011-09-24,Melbourne Cricket Ground,Geelong Cats,West Coast Eagles,117,69,59455.0,48,H,1.0
20111001_CollingwoodMagpies,2011,GF,2011-10-01,Melbourne Cricket Ground,Collingwood Magpies,Geelong Cats,81,119,99537.0,-38,A,0.0
20120324_GreaterWesternSydneyGiants,2012,1,2012-03-24,Accor Stadium,Greater Western Sydney Giants,Sydney Swans,37,100,38203.0,-63,A,0.0
20120329_RichmondTigers,2012,1,2012-03-29,Melbourne Cricket Ground,Richmond Tigers,Carlton Blues,81,125,78285.0,-44,A,0.0
20120330_HawthornHawks,2012,1,2012-03-30,Melbourne Cricket Ground,Hawthorn Hawks,Collingwood Magpies,137,115,78464.0,22,H,1.0
20120331_NorthMelbourneKangaroos,2012,1,2012-03-31,Marvel Stadium,North Melbourne Kangaroos,Essendon Bombers,102,104,45818.0,-2,A,0.0
20120331_FremantleDockers,2012,1,2012-03-31,Domain Stadium,Fremantle Dockers,Geelong Cats,105,101,34601.0,4,H,1.0
20120331_MelbourneDemons,2012,1,2012-03-31,Melbourne Cricket Ground,Melbourne Demons,Brisbane Lions,78,119,33473.0,-41,A,0.0
20120331_GoldCoastSuns,2012,1,2012-03-31,People First Stadium,Gold Coast Suns,Adelaide Crows,68,137,12790.0,-69,A,0.0
20120401_PortAdelaidePower,2012,1,2012-04-01,AAMI Stadium,Port Adelaide Power,St Kilda Saints,89,85,21179.0,4,H,1.0
20120401_WesternBulldogs,2012,1,2012-04-01,Marvel Stadium,Western Bulldogs,West Coast Eagles,87,136,24977.0,-49,A,0.0
20120405_BrisbaneLions,2012,2,2012-04-05,The Gabba,Brisbane Lions,Carlton Blues,63,154,25913.0,-91,A,0.0
20120407_AdelaideCrows,2012,2,2012-04-07,AAMI Stadium,Adelaide Crows,Western Bulldogs,82,64,34021.0,18,H,1.0
20120407_WestCoastEagles,2012,2,2012-04-07,Domain Stadium,West Coast Eagles,Melbourne Demons,166,58,35674.0,108,H,1.0
20120407_CollingwoodMagpies,2012,2,2012-04-07,Melbourne Cricket Ground,Collingwood Magpies,Richmond Tigers,85,64,57268.0,21,H,1.0
20120407_SydneySwans,2012,2,2012-04-07,Sydney Cricket Ground,Sydney Swans,Fremantle Dockers,94,81,22242.0,13,H,1.0
20120407_EssendonBombers,2012,2,2012-04-07,Marvel Stadium,Essendon Bombers,Port Adelaide Power,111,86,34118.0,25,H,1.0
20120408_StKildaSaints,2012,2,2012-04-08,Marvel Stadium,St Kilda Saints,Gold Coast Suns,139,47,21078.0,92,H,1.0
20120408_NorthMelbourneKangaroos,2012,2,2012-04-08,Ninja Stadium,North Melbourne Kangaroos,Greater Western Sydney Giants,183,54,11127.0,129,H,1.0
20120409_GeelongCats,2012,2,2012-04-09,Melbourne Cricket Ground,Geelong Cats,Hawthorn Hawks,92,90,69231.0,2,H,1.0
20120413_CarltonBlues,2012,3,2012-04-13,Melbourne Cricket Ground,Carlton Blues,Collingwood Magpies,122,62,84259.0,60,H,1.0
20120414_GoldCoastSuns,2012,3,2012-04-14,People First Stadium,Gold Coast Suns,Essendon Bombers,88,105,17069.0,-17,A,0.0
20120414_RichmondTigers,2012,3,2012-04-14,Melbourne Cricket Ground,Richmond Tigers,Melbourne Demons,133,74,49826.0,59,H,1.0
20120414_PortAdelaidePower,2012,3,2012-04-14,AAMI Stadium,Port Adelaide Power,Sydney Swans,83,105,19032.0,-22,A,0.0
20120414_WesternBulldogs,2012,3,2012-04-14,Marvel Stadium,Western Bulldogs,St Kilda Saints,40,103,28971.0,-63,A,0.0
20120414_FremantleDockers,2012,3,2012-04-14,Domain Stadium,Fremantle Dockers,Brisbane Lions,64,35,33473.0,29,H,1.0
20120415_NorthMelbourneKangaroos,2012,3,2012-04-15,Marvel Stadium,North Melbourne Kangaroos,Geelong Cats,131,114,29630.0,17,H,1.0
20120415_HawthornHawks,2012,3,2012-04-15,Melbourne Cricket Ground,Hawthorn Hawks,Adelaide Crows,140,84,33524.0,56,H,1.0
20120415_GreaterWesternSydneyGiants,2012,3,2012-04-15,Blacktown International,Greater Western Sydney Giants,West Coast Eagles,69,150,6875.0,-81,A,0.0
20120420_StKildaSaints,2012,4,2012-04-20,Marvel Stadium,St Kilda Saints,Fremantle Dockers,79,92,30172.0,-13,A,0.0
20120421_CarltonBlues,2012,4,2012-04-21,Melbourne Cricket Ground,Carlton Blues,Essendon Bombers,79,109,73172.0,-30,A,0.0
20120421_CollingwoodMagpies,2012,4,2012-04-21,Marvel Stadium,Collingwood Magpies,Port Adelaide Power,97,73,30741.0,24,H,1.0
20120421_WestCoastEagles,2012,4,2012-04-21,Domain Stadium,West Coast Eagles,Hawthorn Hawks,51,46,40080.0,5,H,1.0
20120421_BrisbaneLions,2012,4,2012-04-21,The Gabba,Brisbane Lions,Gold Coast Suns,111,46,21980.0,65,H,1.0
20120421_AdelaideCrows,2012,4,2012-04-21,AAMI Stadium,Adelaide Crows,Greater Western Sydney Giants,96,50,28261.0,46,H,1.0
20120422_MelbourneDemons,2012,4,2012-04-22,Melbourne Cricket Ground,Melbourne Demons,Western Bulldogs,67,88,33565.0,-21,A,0.0
20120422_SydneySwans,2012,4,2012-04-22,Sydney Cricket Ground,Sydney Swans,North Melbourne Kangaroos,113,77,21049.0,36,H,1.0
20120422_GeelongCats,2012,4,2012-04-22,GMHBA Stadium,Geelong Cats,Richmond Tigers,75,65,21952.0,10,H,1.0
20120425_CollingwoodMagpies,2012,5,2012-04-25,Melbourne Cricket Ground,Collingwood Magpies,Essendon Bombers,80,79,86932.0,1,H,1.0
20120427_FremantleDockers,2012,5,2012-04-27,Domain Stadium,Fremantle Dockers,Carlton Blues,57,65,38847.0,-8,A,0.0
20120428_GreaterWesternSydneyGiants,2012,5,2012-04-28,Manuka Oval,Greater Western Sydney Giants,Western Bulldogs,62,104,9128.0,-42,A,0.0
20120428_BrisbaneLions,2012,5,2012-04-28,The Gabba,Brisbane Lions,Geelong Cats,41,79,15528.0,-38,A,0.0
20120428_NorthMelbourneKangaroos,2012,5,2012-04-28,Marvel Stadium,North Melbourne Kangaroos,Gold Coast Suns,127,93,17680.0,34,H,1.0
20120428_MelbourneDemons,2012,5,2012-04-28,Melbourne Cricket Ground,Melbourne Demons,St Kilda Saints,66,84,24798.0,-18,A,0.0
20120429_AdelaideCrows,2012,5,2012-04-29,AAMI Stadium,Adelaide Crows,Port Adelaide Power,110,91,41649.0,19,H,1.0
20120429_RichmondTigers,2012,5,2012-04-29,Marvel Stadium,Richmond Tigers,West Coast Eagles,97,107,28464.0,-10,A,0.0
20120429_HawthornHawks,2012,5,2012-04-29,UTAS Stadium,Hawthorn Hawks,Sydney Swans,69,106,19217.0,-37,A,0.0
20120504_WesternBulldogs,2012,6,2012-05-04,Marvel Stadium,Western Bulldogs,Collingwood Magpies,77,98,38155.0,-21,A,0.0
20120505_SydneySwans,2012,6,2012-05-05,Sydney Cricket Ground,Sydney Swans,Adelaide Crows,94,99,23969.0,-5,A,0.0
20120505_GeelongCats,2012,6,2012-05-05,GMHBA Stadium,Geelong Cats,Melbourne Demons,119,76,18010.0,43,H,1.0
20120505_GoldCoastSuns,2012,6,2012-05-05,People First Stadium,Gold Coast Suns,Fremantle Dockers,87,94,11670.0,-7,A,0.0
20120505_StKildaSaints,2012,6,2012-05-05,Melbourne Cricket Ground,St Kilda Saints,Hawthorn Hawks,88,123,42289.0,-35,A,0.0
20120505_EssendonBombers,2012,6,2012-05-05,Marvel Stadium,Essendon Bombers,Brisbane Lions,129,62,36361.0,67,H,1.0
20120506_CarltonBlues,2012,6,2012-05-06,Marvel Stadium,Carlton Blues,Greater Western Sydney Giants,110,43,28213.0,67,H,1.0
20120506_PortAdelaidePower,2012,6,2012-05-06,AAMI Stadium,Port Adelaide Power,Richmond Tigers,54,91,18522.0,-37,A,0.0
20120506_WestCoastEagles,2012,6,2012-05-06,Domain Stadium,West Coast Eagles,North Melbourne Kangaroos,120,95,37202.0,25,H,1.0
20120511_MelbourneDemons,2012,7,2012-05-11,Melbourne Cricket Ground,Melbourne Demons,Hawthorn Hawks,49,115,36430.0,-66,A,0.0
20120512_GreaterWesternSydneyGiants,2012,7,2012-05-12,Manuka Oval,Greater Western Sydney Giants,Gold Coast Suns,94,67,8603.0,27,H,1.0
20120512_RichmondTigers,2012,7,2012-05-12,Melbourne Cricket Ground,Richmond Tigers,Sydney Swans,91,62,40352.0,29,H,1.0
20120512_AdelaideCrows,2012,7,2012-05-12,AAMI Stadium,Adelaide Crows,Geelong Cats,122,72,35535.0,50,H,1.0
20120512_BrisbaneLions,2012,7,2012-05-12,The Gabba,Brisbane Lions,Collingwood Magpies,58,116,27926.0,-58,A,0.0
20120512_EssendonBombers,2012,7,2012-05-12,Marvel Stadium,Essendon Bombers,West Coast Eagles,113,52,43260.0,61,H,1.0
20120513_FremantleDockers,2012,7,2012-05-13,Domain Stadium,Fremantle Dockers,Port Adelaide Power,87,47,30079.0,40,H,1.0
20120513_NorthMelbourneKangaroos,2012,7,2012-05-13,Marvel Stadium,North Melbourne Kangaroos,Western Bulldogs,83,101,20885.0,-18,A,0.0
20120514_StKildaSaints,2012,7,2012-05-14,Marvel Stadium,St Kilda Saints,Carlton Blues,122,98,38823.0,24,H,1.0
20120518_CollingwoodMagpies,2012,8,2012-05-18,Melbourne Cricket Ground,Collingwood Magpies,Geelong Cats,96,84,75650.0,12,H,1.0
20120519_PortAdelaidePower,2012,8,2012-05-19,AAMI Stadium,Port Adelaide Power,North Melbourne Kangaroos,95,93,14508.0,2,H,1.0
20120519_WesternBulldogs,2012,8,2012-05-19,TIO Stadium,Western Bulldogs,Gold Coast Suns,72,34,8724.0,38,H,1.0
20120519_HawthornHawks,2012,8,2012-05-19,UTAS Stadium,Hawthorn Hawks,Fremantle Dockers,119,63,12959.0,56,H,1.0
20120519_EssendonBombers,2012,8,2012-05-19,Melbourne Cricket Ground,Essendon Bombers,Richmond Tigers,128,109,80900.0,19,H,1.0
20120519_SydneySwans,2012,8,2012-05-19,Sydney Cricket Ground,Sydney Swans,Melbourne Demons,138,37,20818.0,101,H,1.0
20120520_BrisbaneLions,2012,8,2012-05-20,The Gabba,Brisbane Lions,Greater Western Sydney Giants,132,40,16049.0,92,H,1.0
20120520_CarltonBlues,2012,8,2012-05-20,Marvel Stadium,Carlton Blues,Adelaide Crows,55,124,35919.0,-69,A,0.0
20120520_WestCoastEagles,2012,8,2012-05-20,Domain Stadium,West Coast Eagles,St Kilda Saints,121,91,38174.0,30,H,1.0
20120525_WesternBulldogs,2012,9,2012-05-25,Marvel Stadium,Western Bulldogs,Geelong Cats,75,95,29118.0,-20,A,0.0
20120526_GreaterWesternSydneyGiants,2012,9,2012-05-26,ENGIE Stadium,Greater Western Sydney Giants,Essendon Bombers,53,119,11887.0,-66,A,0.0
20120526_AdelaideCrows,2012,9,2012-05-26,AAMI Stadium,Adelaide Crows,Collingwood Magpies,49,75,44238.0,-26,A,0.0
20120526_GoldCoastSuns,2012,9,2012-05-26,People First Stadium,Gold Coast Suns,Port Adelaide Power,70,118,12416.0,-48,A,0.0
20120526_StKildaSaints,2012,9,2012-05-26,Marvel Stadium,St Kilda Saints,Sydney Swans,111,83,34737.0,28,H,1.0
20120526_RichmondTigers,2012,9,2012-05-26,Melbourne Cricket Ground,Richmond Tigers,Hawthorn Hawks,137,75,51617.0,62,H,1.0
20120527_WestCoastEagles,2012,9,2012-05-27,Domain Stadium,West Coast Eagles,Fremantle Dockers,84,36,40905.0,48,H,1.0
20120527_CarltonBlues,2012,9,2012-05-27,Melbourne Cricket Ground,Carlton Blues,Melbourne Demons,107,49,28371.0,58,H,1.0
20120527_NorthMelbourneKangaroos,2012,9,2012-05-27,Marvel Stadium,North Melbourne Kangaroos,Brisbane Lions,112,96,19988.0,16,H,1.0
20120601_StKildaSaints,2012,10,2012-06-01,Marvel Stadium,St Kilda Saints,Richmond Tigers,113,121,49337.0,-8,A,0.0
20120602_EssendonBombers,2012,10,2012-06-02,Melbourne Cricket Ground,Essendon Bombers,Melbourne Demons,52,58,42987.0,-6,A,0.0
20120602_GeelongCats,2012,10,2012-06-02,GMHBA Stadium,Geelong Cats,Greater Western Sydney Giants,126,61,17243.0,65,H,1.0
20120602_HawthornHawks,2012,10,2012-06-02,UTAS Stadium,Hawthorn Hawks,North Melbourne Kangaroos,174,59,16143.0,115,H,1.0
20120602_PortAdelaidePower,2012,10,2012-06-02,AAMI Stadium,Port Adelaide Power,Carlton Blues,99,45,24746.0,54,H,1.0
20120602_FremantleDockers,2012,10,2012-06-02,Domain Stadium,Fremantle Dockers,Adelaide Crows,82,111,31392.0,-29,A,0.0
20120603_CollingwoodMagpies,2012,10,2012-06-03,Melbourne Cricket Ground,Collingwood Magpies,Gold Coast Suns,149,52,36913.0,97,H,1.0
20120603_BrisbaneLions,2012,10,2012-06-03,The Gabba,Brisbane Lions,West Coast Eagles,102,100,15546.0,2,H,1.0
20120603_SydneySwans,2012,10,2012-06-03,Sydney Cricket Ground,Sydney Swans,Western Bulldogs,132,40,13505.0,92,H,1.0
20120608_CarltonBlues,2012,11,2012-06-08,Marvel Stadium,Carlton Blues,Geelong Cats,85,97,47632.0,-12,A,0.0
20120609_EssendonBombers,2012,11,2012-06-09,Marvel Stadium,Essendon Bombers,Sydney Swans,82,86,42785.0,-4,A,0.0
20120609_GoldCoastSuns,2012,11,2012-06-09,People First Stadium,Gold Coast Suns,St Kilda Saints,49,144,12534.0,-95,A,0.0
20120609_RichmondTigers,2012,11,2012-06-09,Melbourne Cricket Ground,Richmond Tigers,Fremantle Dockers,66,78,43801.0,-12,A,0.0
20120610_PortAdelaidePower,2012,11,2012-06-10,AAMI Stadium,Port Adelaide Power,Hawthorn Hawks,62,108,26638.0,-46,A,0.0
20120611_MelbourneDemons,2012,11,2012-06-11,Melbourne Cricket Ground,Melbourne Demons,Collingwood Magpies,87,129,64250.0,-42,A,0.0
20120614_WestCoastEagles,2012,12,2012-06-14,Domain Stadium,West Coast Eagles,Carlton Blues,79,69,34224.0,10,H,1.0
20120615_AdelaideCrows,2012,12,2012-06-15,AAMI Stadium,Adelaide Crows,St Kilda Saints,115,111,36394.0,4,H,1.0
20120616_GoldCoastSuns,2012,12,2012-06-16,People First Stadium,Gold Coast Suns,North Melbourne Kangaroos,80,87,10170.0,-7,A,0.0
20120616_GreaterWesternSydneyGiants,2012,12,2012-06-16,ENGIE Stadium,Greater Western Sydney Giants,Richmond Tigers,74,86,7538.0,-12,A,0.0
20120617_WesternBulldogs,2012,12,2012-06-17,Marvel Stadium,Western Bulldogs,Port Adelaide Power,95,57,16036.0,38,H,1.0
20120617_HawthornHawks,2012,12,2012-06-17,Melbourne Cricket Ground,Hawthorn Hawks,Brisbane Lions,135,70,35492.0,65,H,1.0
20120622_SydneySwans,2012,13,2012-06-22,Sydney Cricket Ground,Sydney Swans,Geelong Cats,80,74,27400.0,6,H,1.0
20120623_CollingwoodMagpies,2012,13,2012-06-23,Melbourne Cricket Ground,Collingwood Magpies,West Coast Eagles,85,82,62957.0,3,H,1.0
20120623_FremantleDockers,2012,13,2012-06-23,Domain Stadium,Fremantle Dockers,Essendon Bombers,89,113,34567.0,-24,A,0.0
20120623_WesternBulldogs,2012,13,2012-06-23,Marvel Stadium,Western Bulldogs,Brisbane Lions,56,114,20146.0,-58,A,0.0
20120624_NorthMelbourneKangaroos,2012,13,2012-06-24,Marvel Stadium,North Melbourne Kangaroos,Adelaide Crows,121,89,18866.0,32,H,1.0
20120624_MelbourneDemons,2012,13,2012-06-24,Melbourne Cricket Ground,Melbourne Demons,Greater Western Sydney Giants,135,57,20070.0,78,H,1.0
20120629_CarltonBlues,2012,14,2012-06-29,Melbourne Cricket Ground,Carlton Blues,Hawthorn Hawks,70,120,65047.0,-50,A,0.0
20120630_EssendonBombers,2012,14,2012-06-30,Marvel Stadium,Essendon Bombers,Western Bulldogs,140,56,40824.0,84,H,1.0
20120630_AdelaideCrows,2012,14,2012-06-30,AAMI Stadium,Adelaide Crows,Richmond Tigers,106,87,33780.0,19,H,1.0
20120630_SydneySwans,2012,14,2012-06-30,Accor Stadium,Sydney Swans,Greater Western Sydney Giants,132,38,22565.0,94,H,1.0
20120630_WestCoastEagles,2012,14,2012-06-30,Domain Stadium,West Coast Eagles,Gold Coast Suns,166,40,34592.0,126,H,1.0
20120630_CollingwoodMagpies,2012,14,2012-06-30,Melbourne Cricket Ground,Collingwood Magpies,Fremantle Dockers,107,78,44891.0,29,H,1.0
20120701_StKildaSaints,2012,14,2012-07-01,Marvel Stadium,St Kilda Saints,North Melbourne Kangaroos,103,136,33106.0,-33,A,0.0
20120701_BrisbaneLions,2012,14,2012-07-01,The Gabba,Brisbane Lions,Melbourne Demons,122,61,22114.0,61,H,1.0
20120701_GeelongCats,2012,14,2012-07-01,GMHBA Stadium,Geelong Cats,Port Adelaide Power,99,61,13736.0,38,H,1.0
20120706_CollingwoodMagpies,2012,15,2012-07-06,Melbourne Cricket Ground,Collingwood Magpies,Carlton Blues,62,85,75755.0,-23,A,0.0
20120707_SydneySwans,2012,15,2012-07-07,Sydney Cricket Ground,Sydney Swans,Brisbane Lions,110,63,19419.0,47,H,1.0
20120707_NorthMelbourneKangaroos,2012,15,2012-07-07,Ninja Stadium,North Melbourne Kangaroos,West Coast Eagles,84,86,14113.0,-2,A,0.0
20120707_StKildaSaints,2012,15,2012-07-07,Marvel Stadium,St Kilda Saints,Essendon Bombers,133,62,45838.0,71,H,1.0
20120707_PortAdelaidePower,2012,15,2012-07-07,AAMI Stadium,Port Adelaide Power,Adelaide Crows,58,116,34829.0,-58,A,0.0
20120707_MelbourneDemons,2012,15,2012-07-07,Melbourne Cricket Ground,Melbourne Demons,Richmond Tigers,78,101,46773.0,-23,A,0.0
20120708_GoldCoastSuns,2012,15,2012-07-08,People First Stadium,Gold Coast Suns,Geelong Cats,96,110,15824.0,-14,A,0.0
20120708_HawthornHawks,2012,15,2012-07-08,Melbourne Cricket Ground,Hawthorn Hawks,Greater Western Sydney Giants,193,31,26518.0,162,H,1.0
20120708_FremantleDockers,2012,15,2012-07-08,Domain Stadium,Fremantle Dockers,Western Bulldogs,95,57,30420.0,38,H,1.0
20120713_NorthMelbourneKangaroos,2012,16,2012-07-13,Marvel Stadium,North Melbourne Kangaroos,Carlton Blues,149,96,46423.0,53,H,1.0
20120714_BrisbaneLions,2012,16,2012-07-14,The Gabba,Brisbane Lions,St Kilda Saints,92,105,19228.0,-13,A,0.0
20120714_PortAdelaidePower,2012,16,2012-07-14,AAMI Stadium,Port Adelaide Power,Essendon Bombers,77,127,17344.0,-50,A,0.0
20120714_RichmondTigers,2012,16,2012-07-14,Cazaly's Stadium,Richmond Tigers,Gold Coast Suns,88,90,10961.0,-2,A,0.0
20120714_MelbourneDemons,2012,16,2012-07-14,Marvel Stadium,Melbourne Demons,Fremantle Dockers,83,117,13284.0,-34,A,0.0
20120714_GeelongCats,2012,16,2012-07-14,Melbourne Cricket Ground,Geelong Cats,Collingwood Magpies,79,110,61717.0,-31,A,0.0
20120715_GreaterWesternSydneyGiants,2012,16,2012-07-15,ENGIE Stadium,Greater Western Sydney Giants,Adelaide Crows,59,178,7669.0,-119,A,0.0
20120715_WestCoastEagles,2012,16,2012-07-15,Domain Stadium,West Coast Eagles,Sydney Swans,69,121,39152.0,-52,A,0.0
20120715_WesternBulldogs,2012,16,2012-07-15,Marvel Stadium,Western Bulldogs,Hawthorn Hawks,44,116,24754.0,-72,A,0.0
20120720_GeelongCats,2012,17,2012-07-20,Marvel Stadium,Geelong Cats,Essendon Bombers,134,67,50066.0,67,H,1.0
20120721_MelbourneDemons,2012,17,2012-07-21,TIO Stadium,Melbourne Demons,Port Adelaide Power,56,84,6714.0,-28,A,0.0
20120721_GoldCoastSuns,2012,17,2012-07-21,The Gabba,Gold Coast Suns,Brisbane Lions,48,59,16550.0,-11,A,0.0
20120721_WesternBulldogs,2012,17,2012-07-21,Marvel Stadium,Western Bulldogs,Carlton Blues,84,102,24615.0,-18,A,0.0
20120721_CollingwoodMagpies,2012,17,2012-07-21,Melbourne Cricket Ground,Collingwood Magpies,Hawthorn Hawks,91,138,83714.0,-47,A,0.0
20120721_AdelaideCrows,2012,17,2012-07-21,AAMI Stadium,Adelaide Crows,West Coast Eagles,124,75,40724.0,49,H,1.0
20120722_SydneySwans,2012,17,2012-07-22,Sydney Cricket Ground,Sydney Swans,St Kilda Saints,105,76,26834.0,29,H,1.0
20120722_FremantleDockers,2012,17,2012-07-22,Domain Stadium,Fremantle Dockers,Greater Western Sydney Giants,132,37,28767.0,95,H,1.0
20120722_RichmondTigers,2012,17,2012-07-22,Melbourne Cricket Ground,Richmond Tigers,North Melbourne Kangaroos,99,103,47432.0,-4,A,0.0
20120727_EssendonBombers,2012,18,2012-07-27,Marvel Stadium,Essendon Bombers,Hawthorn Hawks,86,180,44899.0,-94,A,0.0
20120728_CarltonBlues,2012,18,2012-07-28,Melbourne Cricket Ground,Carlton Blues,Richmond Tigers,95,91,46013.0,4,H,1.0
20120728_GoldCoastSuns,2012,18,2012-07-28,People First Stadium,Gold Coast Suns,Sydney Swans,54,126,11169.0,-72,A,0.0
20120728_GeelongCats,2012,18,2012-07-28,GMHBA Stadium,Geelong Cats,Adelaide Crows,102,75,18377.0,27,H,1.0
20120728_GreaterWesternSydneyGiants,2012,18,2012-07-28,ENGIE Stadium,Greater Western Sydney Giants,Collingwood Magpies,54,174,8102.0,-120,A,0.0
20120728_NorthMelbourneKangaroos,2012,18,2012-07-28,Marvel Stadium,North Melbourne Kangaroos,Melbourne Demons,127,73,20816.0,54,H,1.0
20120729_WestCoastEagles,2012,18,2012-07-29,Domain Stadium,West Coast Eagles,Brisbane Lions,175,77,35767.0,98,H,1.0
20120729_PortAdelaidePower,2012,18,2012-07-29,AAMI Stadium,Port Adelaide Power,Fremantle Dockers,48,75,14583.0,-27,A,0.0
20120729_StKildaSaints,2012,18,2012-07-29,Marvel Stadium,St Kilda Saints,Western Bulldogs,118,42,23498.0,76,H,1.0
20120803_HawthornHawks,2012,19,2012-08-03,Melbourne Cricket Ground,Hawthorn Hawks,Geelong Cats,116,118,65287.0,-2,A,0.0
20120804_CollingwoodMagpies,2012,19,2012-08-04,Melbourne Cricket Ground,Collingwood Magpies,St Kilda Saints,91,85,57873.0,6,H,1.0
20120804_FremantleDockers,2012,19,2012-08-04,Domain Stadium,Fremantle Dockers,West Coast Eagles,113,48,39694.0,65,H,1.0
20120804_GreaterWesternSydneyGiants,2012,19,2012-08-04,ENGIE Stadium,Greater Western Sydney Giants,Port Adelaide Power,107,73,6811.0,34,H,1.0
20120804_WesternBulldogs,2012,19,2012-08-04,Marvel Stadium,Western Bulldogs,North Melbourne Kangaroos,61,115,21599.0,-54,A,0.0
20120804_BrisbaneLions,2012,19,2012-08-04,The Gabba,Brisbane Lions,Richmond Tigers,84,132,22193.0,-48,A,0.0
20120805_CarltonBlues,2012,19,2012-08-05,Marvel Stadium,Carlton Blues,Sydney Swans,71,93,36942.0,-22,A,0.0
20120805_MelbourneDemons,2012,19,2012-08-05,Melbourne Cricket Ground,Melbourne Demons,Gold Coast Suns,108,66,18097.0,42,H,1.0
20120805_AdelaideCrows,2012,19,2012-08-05,AAMI Stadium,Adelaide Crows,Essendon Bombers,104,100,40030.0,4,H,1.0
20120810_WestCoastEagles,2012,20,2012-08-10,Domain Stadium,West Coast Eagles,Geelong Cats,102,97,37812.0,5,H,1.0
20120811_GoldCoastSuns,2012,20,2012-08-11,People First Stadium,Gold Coast Suns,Greater Western Sydney Giants,109,79,14657.0,30,H,1.0
20120811_CarltonBlues,2012,20,2012-08-11,Marvel Stadium,Carlton Blues,Brisbane Lions,113,77,25977.0,36,H,1.0
20120811_SydneySwans,2012,20,2012-08-11,Accor Stadium,Sydney Swans,Collingwood Magpies,70,78,45827.0,-8,A,0.0
20120811_AdelaideCrows,2012,20,2012-08-11,AAMI Stadium,Adelaide Crows,Fremantle Dockers,119,91,35027.0,28,H,1.0
20120811_StKildaSaints,2012,20,2012-08-11,Melbourne Cricket Ground,St Kilda Saints,Melbourne Demons,107,82,23464.0,25,H,1.0
20120812_HawthornHawks,2012,20,2012-08-12,UTAS Stadium,Hawthorn Hawks,Port Adelaide Power,159,87,14431.0,72,H,1.0
20120812_RichmondTigers,2012,20,2012-08-12,Melbourne Cricket Ground,Richmond Tigers,Western Bulldogs,150,80,28286.0,70,H,1.0
20120812_EssendonBombers,2012,20,2012-08-12,Marvel Stadium,Essendon Bombers,North Melbourne Kangaroos,76,100,42674.0,-24,A,0.0
20120817_GeelongCats,2012,21,2012-08-17,Marvel Stadium,Geelong Cats,St Kilda Saints,123,81,38169.0,42,H,1.0
20120818_EssendonBombers,2012,21,2012-08-18,Melbourne Cricket Ground,Essendon Bombers,Carlton Blues,60,156,59381.0,-96,A,0.0
20120818_FremantleDockers,2012,21,2012-08-18,Domain Stadium,Fremantle Dockers,Richmond Tigers,94,72,32721.0,22,H,1.0
20120818_GreaterWesternSydneyGiants,2012,21,2012-08-18,Manuka Oval,Greater Western Sydney Giants,Melbourne Demons,59,84,7561.0,-25,A,0.0
20120818_BrisbaneLions,2012,21,2012-08-18,The Gabba,Brisbane Lions,Adelaide Crows,95,85,18979.0,10,H,1.0
20120818_CollingwoodMagpies,2012,21,2012-08-18,Marvel Stadium,Collingwood Magpies,North Melbourne Kangaroos,61,91,44956.0,-30,A,0.0
20120819_HawthornHawks,2012,21,2012-08-19,Melbourne Cricket Ground,Hawthorn Hawks,Gold Coast Suns,129,65,23098.0,64,H,1.0
20120819_WesternBulldogs,2012,21,2012-08-19,Marvel Stadium,Western Bulldogs,Sydney Swans,85,167,19396.0,-82,A,0.0
20120819_PortAdelaidePower,2012,21,2012-08-19,AAMI Stadium,Port Adelaide Power,West Coast Eagles,50,98,13683.0,-48,A,0.0
20120824_RichmondTigers,2012,22,2012-08-24,Melbourne Cricket Ground,Richmond Tigers,Essendon Bombers,102,57,47590.0,45,H,1.0
20120825_WestCoastEagles,2012,22,2012-08-25,Domain Stadium,West Coast Eagles,Collingwood Magpies,107,58,40527.0,49,H,1.0
20120825_SydneySwans,2012,22,2012-08-25,Sydney Cricket Ground,Sydney Swans,Hawthorn Hawks,95,102,31167.0,-7,A,0.0
20120825_StKildaSaints,2012,22,2012-08-25,Marvel Stadium,St Kilda Saints,Greater Western Sydney Giants,163,35,17327.0,128,H,1.0
20120825_PortAdelaidePower,2012,22,2012-08-25,AAMI Stadium,Port Adelaide Power,Brisbane Lions,93,104,13953.0,-11,A,0.0
20120825_GoldCoastSuns,2012,22,2012-08-25,People First Stadium,Gold Coast Suns,Carlton Blues,98,86,15251.0,12,H,1.0
20120826_MelbourneDemons,2012,22,2012-08-26,Melbourne Cricket Ground,Melbourne Demons,Adelaide Crows,81,150,18450.0,-69,A,0.0
20120826_NorthMelbourneKangaroos,2012,22,2012-08-26,Marvel Stadium,North Melbourne Kangaroos,Fremantle Dockers,79,132,26482.0,-53,A,0.0
20120826_GeelongCats,2012,22,2012-08-26,GMHBA Stadium,Geelong Cats,Western Bulldogs,107,73,18047.0,34,H,1.0
20120831_HawthornHawks,2012,23,2012-08-31,Melbourne Cricket Ground,Hawthorn Hawks,West Coast Eagles,95,70,50023.0,25,H,1.0
20120901_GreaterWesternSydneyGiants,2012,23,2012-09-01,ENGIE Stadium,Greater Western Sydney Giants,North Melbourne Kangaroos,77,105,6696.0,-28,A,0.0
20120901_EssendonBombers,2012,23,2012-09-01,Melbourne Cricket Ground,Essendon Bombers,Collingwood Magpies,72,104,56491.0,-32,A,0.0
20120901_FremantleDockers,2012,23,2012-09-01,Domain Stadium,Fremantle Dockers,Melbourne Demons,101,40,32687.0,61,H,1.0
20120901_AdelaideCrows,2012,23,2012-09-01,AAMI Stadium,Adelaide Crows,Gold Coast Suns,153,62,35463.0,91,H,1.0
20120901_GeelongCats,2012,23,2012-09-01,GMHBA Stadium,Geelong Cats,Sydney Swans,112,78,20045.0,34,H,1.0
20120902_CarltonBlues,2012,23,2012-09-02,Marvel Stadium,Carlton Blues,St Kilda Saints,91,106,31393.0,-15,A,0.0
20120902_BrisbaneLions,2012,23,2012-09-02,The Gabba,Brisbane Lions,Western Bulldogs,128,61,18289.0,67,H,1.0
20120902_RichmondTigers,2012,23,2012-09-02,Melbourne Cricket Ground,Richmond Tigers,Port Adelaide Power,106,106,27893.0,0,D,
20120907_HawthornHawks,2012,QF,2012-09-07,Melbourne Cricket Ground,Hawthorn Hawks,Collingwood Magpies,135,97,85625.0,38,H,1.0
20120908_GeelongCats,2012,EF,2012-09-08,Melbourne Cricket Ground,Geelong Cats,Fremantle Dockers,80,96,44460.0,-16,A,0.0
20120908_AdelaideCrows,2012,QF,2012-09-08,AAMI Stadium,Adelaide Crows,Sydney Swans,42,71,44849.0,-29,A,0.0
20120909_WestCoastEagles,2012,EF,2012-09-09,Domain Stadium,West Coast Eagles,North Melbourne Kangaroos,162,66,41790.0,96,H,1.0
20120914_AdelaideCrows,2012,SF,2012-09-14,AAMI Stadium,Adelaide Crows,Fremantle Dockers,81,71,31742.0,10,H,1.0
20120915_CollingwoodMagpies,2012,SF,2012-09-15,Melbourne Cricket Ground,Collingwood Magpies,West Coast Eagles,73,60,65483.0,13,H,1.0
20120921_SydneySwans,2012,PF,2012-09-21,Accor Stadium,Sydney Swans,Collingwood Magpies,96,70,57156.0,26,H,1.0
20120922_HawthornHawks,2012,PF,2012-09-22,Melbourne Cricket Ground,Hawthorn Hawks,Adelaide Crows,97,92,69146.0,5,H,1.0
20120929_HawthornHawks,2012,GF,2012-09-29,Melbourne Cricket Ground,Hawthorn Hawks,Sydney Swans,81,91,99683.0,-10,A,0.0
20130322_AdelaideCrows,2013,1,2013-03-22,AAMI Stadium,Adelaide Crows,Essendon Bombers,82,117,42218.0,-35,A,0.0
20130323_FremantleDockers,2013,1,2013-03-23,Domain Stadium,Fremantle Dockers,West Coast Eagles,108,80,39629.0,28,H,1.0
20130328_CarltonBlues,2013,1,2013-03-28,Melbourne Cricket Ground,Carlton Blues,Richmond Tigers,101,106,80971.0,-5,A,0.0
20130330_WesternBulldogs,2013,1,2013-03-30,Marvel Stadium,Western Bulldogs,Brisbane Lions,127,59,25263.0,68,H,1.0
20130330_GreaterWesternSydneyGiants,2013,1,2013-03-30,Accor Stadium,Greater Western Sydney Giants,Sydney Swans,76,106,23690.0,-30,A,0.0
20130330_GoldCoastSuns,2013,1,2013-03-30,People First Stadium,Gold Coast Suns,St Kilda Saints,90,77,13832.0,13,H,1.0
20130331_MelbourneDemons,2013,1,2013-03-31,Melbourne Cricket Ground,Melbourne Demons,Port Adelaide Power,54,133,22924.0,-79,A,0.0
20130331_NorthMelbourneKangaroos,2013,1,2013-03-31,Marvel Stadium,North Melbourne Kangaroos,Collingwood Magpies,87,103,41040.0,-16,A,0.0
20130401_HawthornHawks,2013,1,2013-04-01,Melbourne Cricket Ground,Hawthorn Hawks,Geelong Cats,86,93,76300.0,-7,A,0.0
20130405_StKildaSaints,2013,2,2013-04-05,Melbourne Cricket Ground,St Kilda Saints,Richmond Tigers,82,99,56783.0,-17,A,0.0
20130406_BrisbaneLions,2013,2,2013-04-06,The Gabba,Brisbane Lions,Adelaide Crows,77,96,21308.0,-19,A,0.0
20130406_SydneySwans,2013,2,2013-04-06,Sydney Cricket Ground,Sydney Swans,Gold Coast Suns,114,73,20372.0,41,H,1.0
20130406_PortAdelaidePower,2013,2,2013-04-06,AAMI Stadium,Port Adelaide Power,Greater Western Sydney Giants,134,78,25122.0,56,H,1.0
20130406_WesternBulldogs,2013,2,2013-04-06,Marvel Stadium,Western Bulldogs,Fremantle Dockers,78,106,19210.0,-28,A,0.0
20130406_EssendonBombers,2013,2,2013-04-06,Melbourne Cricket Ground,Essendon Bombers,Melbourne Demons,184,36,51153.0,148,H,1.0
20130407_WestCoastEagles,2013,2,2013-04-07,Domain Stadium,West Coast Eagles,Hawthorn Hawks,98,148,38389.0,-50,A,0.0
20130407_CollingwoodMagpies,2013,2,2013-04-07,Melbourne Cricket Ground,Collingwood Magpies,Carlton Blues,117,100,84247.0,17,H,1.0
20130407_GeelongCats,2013,2,2013-04-07,Marvel Stadium,Geelong Cats,North Melbourne Kangaroos,112,108,34152.0,4,H,1.0
20130412_FremantleDockers,2013,3,2013-04-12,Domain Stadium,Fremantle Dockers,Essendon Bombers,68,72,35963.0,-4,A,0.0
20130413_MelbourneDemons,2013,3,2013-04-13,Melbourne Cricket Ground,Melbourne Demons,West Coast Eagles,83,177,18571.0,-94,A,0.0
20130413_NorthMelbourneKangaroos,2013,3,2013-04-13,Ninja Stadium,North Melbourne Kangaroos,Sydney Swans,92,131,13221.0,-39,A,0.0
20130413_GreaterWesternSydneyGiants,2013,3,2013-04-13,Manuka Oval,Greater Western Sydney Giants,St Kilda Saints,68,140,11092.0,-72,A,0.0
20130413_GoldCoastSuns,2013,3,2013-04-13,People First Stadium,Gold Coast Suns,Brisbane Lions,92,94,12961.0,-2,A,0.0
20130413_GeelongCats,2013,3,2013-04-13,Marvel Stadium,Geelong Cats,Carlton Blues,119,103,43241.0,16,H,1.0
20130414_PortAdelaidePower,2013,3,2013-04-14,AAMI Stadium,Port Adelaide Power,Adelaide Crows,118,109,40707.0,9,H,1.0
20130414_CollingwoodMagpies,2013,3,2013-04-14,Melbourne Cricket Ground,Collingwood Magpies,Hawthorn Hawks,90,145,72254.0,-55,A,0.0
20130414_RichmondTigers,2013,3,2013-04-14,Marvel Stadium,Richmond Tigers,Western Bulldogs,135,68,44045.0,67,H,1.0
20130419_SydneySwans,2013,4,2013-04-19,Sydney Cricket Ground,Sydney Swans,Geelong Cats,103,124,31060.0,-21,A,0.0
20130420_RichmondTigers,2013,4,2013-04-20,Melbourne Cricket Ground,Richmond Tigers,Collingwood Magpies,79,113,81950.0,-34,A,0.0
20130420_HawthornHawks,2013,4,2013-04-20,UTAS Stadium,Hawthorn Hawks,Fremantle Dockers,118,76,12619.0,42,H,1.0
20130420_WestCoastEagles,2013,4,2013-04-20,Domain Stadium,West Coast Eagles,Carlton Blues,65,89,38674.0,-24,A,0.0
20130420_StKildaSaints,2013,4,2013-04-20,Marvel Stadium,St Kilda Saints,Essendon Bombers,91,128,46965.0,-37,A,0.0
20130420_GoldCoastSuns,2013,4,2013-04-20,People First Stadium,Gold Coast Suns,Port Adelaide Power,66,104,11332.0,-38,A,0.0
20130421_MelbourneDemons,2013,4,2013-04-21,Melbourne Cricket Ground,Melbourne Demons,Greater Western Sydney Giants,144,103,20018.0,41,H,1.0
20130421_NorthMelbourneKangaroos,2013,4,2013-04-21,Marvel Stadium,North Melbourne Kangaroos,Brisbane Lions,125,62,22776.0,63,H,1.0
20130421_AdelaideCrows,2013,4,2013-04-21,AAMI Stadium,Adelaide Crows,Western Bulldogs,80,28,24684.0,52,H,1.0
20130425_EssendonBombers,2013,5,2013-04-25,Melbourne Cricket Ground,Essendon Bombers,Collingwood Magpies,121,75,93373.0,46,H,1.0
20130425_StKildaSaints,2013,5,2013-04-25,Westpac Stadium,St Kilda Saints,Sydney Swans,63,79,22546.0,-16,A,0.0
20130426_FremantleDockers,2013,5,2013-04-26,Domain Stadium,Fremantle Dockers,Richmond Tigers,81,80,36365.0,1,H,1.0
20130427_WesternBulldogs,2013,5,2013-04-27,Marvel Stadium,Western Bulldogs,Geelong Cats,86,107,26153.0,-21,A,0.0
20130427_GreaterWesternSydneyGiants,2013,5,2013-04-27,Manuka Oval,Greater Western Sydney Giants,Gold Coast Suns,104,148,6832.0,-44,A,0.0
20130427_CarltonBlues,2013,5,2013-04-27,Melbourne Cricket Ground,Carlton Blues,Adelaide Crows,115,83,44711.0,32,H,1.0
20130427_PortAdelaidePower,2013,5,2013-04-27,AAMI Stadium,Port Adelaide Power,West Coast Eagles,84,79,26132.0,5,H,1.0
20130428_BrisbaneLions,2013,5,2013-04-28,The Gabba,Brisbane Lions,Melbourne Demons,122,94,19018.0,28,H,1.0
20130428_HawthornHawks,2013,5,2013-04-28,Melbourne Cricket Ground,Hawthorn Hawks,North Melbourne Kangaroos,99,96,42103.0,3,H,1.0
20130503_CollingwoodMagpies,2013,6,2013-05-03,Marvel Stadium,Collingwood Magpies,St Kilda Saints,103,77,40071.0,26,H,1.0
20130504_AdelaideCrows,2013,6,2013-05-04,AAMI Stadium,Adelaide Crows,Hawthorn Hawks,78,89,37324.0,-11,A,0.0
20130504_RichmondTigers,2013,6,2013-05-04,Melbourne Cricket Ground,Richmond Tigers,Geelong Cats,87,131,55625.0,-44,A,0.0
20130504_GoldCoastSuns,2013,6,2013-05-04,People First Stadium,Gold Coast Suns,Fremantle Dockers,54,99,10552.0,-45,A,0.0
20130504_EssendonBombers,2013,6,2013-05-04,Marvel Stadium,Essendon Bombers,Greater Western Sydney Giants,120,81,30143.0,39,H,1.0
20130504_NorthMelbourneKangaroos,2013,6,2013-05-04,Ninja Stadium,North Melbourne Kangaroos,Port Adelaide Power,93,83,10265.0,10,H,1.0
20130505_CarltonBlues,2013,6,2013-05-05,Melbourne Cricket Ground,Carlton Blues,Melbourne Demons,121,60,35286.0,61,H,1.0
20130505_SydneySwans,2013,6,2013-05-05,Sydney Cricket Ground,Sydney Swans,Brisbane Lions,115,55,23315.0,60,H,1.0
20130505_WestCoastEagles,2013,6,2013-05-05,Domain Stadium,West Coast Eagles,Western Bulldogs,137,67,36163.0,70,H,1.0
20130510_GeelongCats,2013,7,2013-05-10,Marvel Stadium,Geelong Cats,Essendon Bombers,113,85,53014.0,28,H,1.0
20130511_FremantleDockers,2013,7,2013-05-11,Domain Stadium,Fremantle Dockers,Collingwood Magpies,100,73,37214.0,27,H,1.0
20130511_PortAdelaidePower,2013,7,2013-05-11,AAMI Stadium,Port Adelaide Power,Richmond Tigers,73,114,25372.0,-41,A,0.0
20130511_HawthornHawks,2013,7,2013-05-11,Melbourne Cricket Ground,Hawthorn Hawks,Sydney Swans,119,82,54725.0,37,H,1.0
20130511_WesternBulldogs,2013,7,2013-05-11,Marvel Stadium,Western Bulldogs,North Melbourne Kangaroos,97,151,23690.0,-54,A,0.0
20130511_BrisbaneLions,2013,7,2013-05-11,The Gabba,Brisbane Lions,West Coast Eagles,82,108,17615.0,-26,A,0.0
20130512_MelbourneDemons,2013,7,2013-05-12,Melbourne Cricket Ground,Melbourne Demons,Gold Coast Suns,54,114,13304.0,-60,A,0.0
20130512_GreaterWesternSydneyGiants,2013,7,2013-05-12,ENGIE Stadium,Greater Western Sydney Giants,Adelaide Crows,52,187,5830.0,-135,A,0.0
20130513_StKildaSaints,2013,7,2013-05-13,Marvel Stadium,St Kilda Saints,Carlton Blues,77,68,34054.0,9,H,1.0
20130517_WestCoastEagles,2013,8,2013-05-17,Domain Stadium,West Coast Eagles,North Melbourne Kangaroos,90,88,38146.0,2,H,1.0
20130518_EssendonBombers,2013,8,2013-05-18,Marvel Stadium,Essendon Bombers,Brisbane Lions,86,96,33915.0,-10,A,0.0
20130518_CollingwoodMagpies,2013,8,2013-05-18,Melbourne Cricket Ground,Collingwood Magpies,Geelong Cats,102,96,66768.0,6,H,1.0
20130518_SydneySwans,2013,8,2013-05-18,Sydney Cricket Ground,Sydney Swans,Fremantle Dockers,70,70,22546.0,0,D,
20130518_HawthornHawks,2013,8,2013-05-18,UTAS Stadium,Hawthorn Hawks,Greater Western Sydney Giants,140,57,10513.0,83,H,1.0
20130518_GoldCoastSuns,2013,8,2013-05-18,People First Stadium,Gold Coast Suns,Western Bulldogs,93,61,13520.0,32,H,1.0
20130519_CarltonBlues,2013,8,2013-05-19,Marvel Stadium,Carlton Blues,Port Adelaide Power,109,91,29936.0,18,H,1.0
20130519_AdelaideCrows,2013,8,2013-05-19,AAMI Stadium,Adelaide Crows,St Kilda Saints,87,47,34605.0,40,H,1.0
20130519_RichmondTigers,2013,8,2013-05-19,Melbourne Cricket Ground,Richmond Tigers,Melbourne Demons,106,72,39148.0,34,H,1.0
20130524_CollingwoodMagpies,2013,9,2013-05-24,Melbourne Cricket Ground,Collingwood Magpies,Sydney Swans,55,102,65306.0,-47,A,0.0
20130525_PortAdelaidePower,2013,9,2013-05-25,AAMI Stadium,Port Adelaide Power,Geelong Cats,68,116,21309.0,-48,A,0.0
20130525_StKildaSaints,2013,9,2013-05-25,Marvel Stadium,St Kilda Saints,Western Bulldogs,101,110,25982.0,-9,A,0.0
20130525_RichmondTigers,2013,9,2013-05-25,Melbourne Cricket Ground,Richmond Tigers,Essendon Bombers,62,91,84234.0,-29,A,0.0
20130525_GreaterWesternSydneyGiants,2013,9,2013-05-25,ENGIE Stadium,Greater Western Sydney Giants,West Coast Eagles,55,155,6324.0,-100,A,0.0
20130525_BrisbaneLions,2013,9,2013-05-25,The Gabba,Brisbane Lions,Carlton Blues,85,98,24037.0,-13,A,0.0
20130526_HawthornHawks,2013,9,2013-05-26,Melbourne Cricket Ground,Hawthorn Hawks,Gold Coast Suns,118,92,28112.0,26,H,1.0
20130526_FremantleDockers,2013,9,2013-05-26,Domain Stadium,Fremantle Dockers,Melbourne Demons,130,40,32950.0,90,H,1.0
20130526_NorthMelbourneKangaroos,2013,9,2013-05-26,Marvel Stadium,North Melbourne Kangaroos,Adelaide Crows,124,125,23033.0,-1,A,0.0
20130531_BrisbaneLions,2013,10,2013-05-31,The Gabba,Brisbane Lions,Collingwood Magpies,51,100,26626.0,-49,A,0.0
20130601_GeelongCats,2013,10,2013-06-01,GMHBA Stadium,Geelong Cats,Gold Coast Suns,123,71,30082.0,52,H,1.0
20130601_AdelaideCrows,2013,10,2013-06-01,AAMI Stadium,Adelaide Crows,Fremantle Dockers,59,66,27684.0,-7,A,0.0
20130601_CarltonBlues,2013,10,2013-06-01,Marvel Stadium,Carlton Blues,Greater Western Sydney Giants,148,54,25008.0,94,H,1.0
20130601_SydneySwans,2013,10,2013-06-01,Sydney Cricket Ground,Sydney Swans,Essendon Bombers,115,71,29792.0,44,H,1.0
20130601_WesternBulldogs,2013,10,2013-06-01,TIO Stadium,Western Bulldogs,Port Adelaide Power,67,58,7850.0,9,H,1.0
20130602_MelbourneDemons,2013,10,2013-06-02,Melbourne Cricket Ground,Melbourne Demons,Hawthorn Hawks,48,143,28546.0,-95,A,0.0
20130602_NorthMelbourneKangaroos,2013,10,2013-06-02,Marvel Stadium,North Melbourne Kangaroos,St Kilda Saints,133,65,25658.0,68,H,1.0
20130603_WestCoastEagles,2013,10,2013-06-03,Domain Stadium,West Coast Eagles,Richmond Tigers,62,103,37781.0,-41,A,0.0
20130607_EssendonBombers,2013,11,2013-06-07,Melbourne Cricket Ground,Essendon Bombers,Carlton Blues,77,72,82639.0,5,H,1.0
20130608_AdelaideCrows,2013,11,2013-06-08,AAMI Stadium,Adelaide Crows,Sydney Swans,50,127,38374.0,-77,A,0.0
20130608_GoldCoastSuns,2013,11,2013-06-08,People First Stadium,Gold Coast Suns,North Melbourne Kangaroos,66,51,10891.0,15,H,1.0
20130608_GreaterWesternSydneyGiants,2013,11,2013-06-08,ENGIE Stadium,Greater Western Sydney Giants,Geelong Cats,98,157,7809.0,-59,A,0.0
20130609_StKildaSaints,2013,11,2013-06-09,Marvel Stadium,St Kilda Saints,West Coast Eagles,80,84,23795.0,-4,A,0.0
20130610_MelbourneDemons,2013,11,2013-06-10,Melbourne Cricket Ground,Melbourne Demons,Collingwood Magpies,39,122,50835.0,-83,A,0.0
20130614_CarltonBlues,2013,12,2013-06-14,Marvel Stadium,Carlton Blues,Hawthorn Hawks,87,102,45670.0,-15,A,0.0
20130615_FremantleDockers,2013,12,2013-06-15,Domain Stadium,Fremantle Dockers,Brisbane Lions,86,46,33384.0,40,H,1.0
20130615_EssendonBombers,2013,12,2013-06-15,Marvel Stadium,Essendon Bombers,Gold Coast Suns,115,72,31452.0,43,H,1.0
20130615_RichmondTigers,2013,12,2013-06-15,Melbourne Cricket Ground,Richmond Tigers,Adelaide Crows,110,72,43615.0,38,H,1.0
20130616_CollingwoodMagpies,2013,12,2013-06-16,Marvel Stadium,Collingwood Magpies,Western Bulldogs,99,65,32253.0,34,H,1.0
20130616_GreaterWesternSydneyGiants,2013,12,2013-06-16,ENGIE Stadium,Greater Western Sydney Giants,Port Adelaide Power,50,125,6601.0,-75,A,0.0
20130621_HawthornHawks,2013,13,2013-06-21,Marvel Stadium,Hawthorn Hawks,West Coast Eagles,123,103,32567.0,20,H,1.0
20130622_WesternBulldogs,2013,13,2013-06-22,Marvel Stadium,Western Bulldogs,Richmond Tigers,61,121,29788.0,-60,A,0.0
20130622_PortAdelaidePower,2013,13,2013-06-22,AAMI Stadium,Port Adelaide Power,Sydney Swans,72,54,16096.0,18,H,1.0
20130622_StKildaSaints,2013,13,2013-06-22,Melbourne Cricket Ground,St Kilda Saints,Melbourne Demons,104,69,28751.0,35,H,1.0
20130623_BrisbaneLions,2013,13,2013-06-23,The Gabba,Brisbane Lions,Geelong Cats,103,98,24164.0,5,H,1.0
20130623_FremantleDockers,2013,13,2013-06-23,Domain Stadium,Fremantle Dockers,North Melbourne Kangaroos,67,29,31637.0,38,H,1.0
20130627_WestCoastEagles,2013,14,2013-06-27,Domain Stadium,West Coast Eagles,Essendon Bombers,91,98,36451.0,-7,A,0.0
20130628_SydneySwans,2013,14,2013-06-28,Sydney Cricket Ground,Sydney Swans,Carlton Blues,65,43,25349.0,22,H,1.0
20130629_PortAdelaidePower,2013,14,2013-06-29,AAMI Stadium,Port Adelaide Power,Collingwood Magpies,86,51,31121.0,35,H,1.0
20130629_GeelongCats,2013,14,2013-06-29,GMHBA Stadium,Geelong Cats,Fremantle Dockers,85,44,26743.0,41,H,1.0
20130629_GoldCoastSuns,2013,14,2013-06-29,People First Stadium,Gold Coast Suns,Adelaide Crows,83,111,13791.0,-28,A,0.0
20130629_MelbourneDemons,2013,14,2013-06-29,Melbourne Cricket Ground,Melbourne Demons,Western Bulldogs,103,100,21217.0,3,H,1.0
20130630_NorthMelbourneKangaroos,2013,14,2013-06-30,Marvel Stadium,North Melbourne Kangaroos,Greater Western Sydney Giants,130,44,15438.0,86,H,1.0
20130630_RichmondTigers,2013,14,2013-06-30,Melbourne Cricket Ground,Richmond Tigers,St Kilda Saints,119,55,52184.0,64,H,1.0
20130630_HawthornHawks,2013,14,2013-06-30,UTAS Stadium,Hawthorn Hawks,Brisbane Lions,143,85,15796.0,58,H,1.0
20130705_CarltonBlues,2013,15,2013-07-05,Melbourne Cricket Ground,Carlton Blues,Collingwood Magpies,77,118,78224.0,-41,A,0.0
20130706_AdelaideCrows,2013,15,2013-07-06,AAMI Stadium,Adelaide Crows,West Coast Eagles,69,75,26426.0,-6,A,0.0
20130706_GeelongCats,2013,15,2013-07-06,Melbourne Cricket Ground,Geelong Cats,Hawthorn Hawks,82,72,85197.0,10,H,1.0
20130706_NorthMelbourneKangaroos,2013,15,2013-07-06,Marvel Stadium,North Melbourne Kangaroos,Richmond Tigers,128,66,45966.0,62,H,1.0
20130706_GreaterWesternSydneyGiants,2013,15,2013-07-06,Manuka Oval,Greater Western Sydney Giants,Western Bulldogs,83,87,7132.0,-4,A,0.0
20130706_BrisbaneLions,2013,15,2013-07-06,The Gabba,Brisbane Lions,Gold Coast Suns,116,83,27170.0,33,H,1.0
20130707_EssendonBombers,2013,15,2013-07-07,Marvel Stadium,Essendon Bombers,Port Adelaide Power,118,88,40817.0,30,H,1.0
20130707_MelbourneDemons,2013,15,2013-07-07,Melbourne Cricket Ground,Melbourne Demons,Sydney Swans,85,116,26216.0,-31,A,0.0
20130707_FremantleDockers,2013,15,2013-07-07,Domain Stadium,Fremantle Dockers,St Kilda Saints,100,70,34064.0,30,H,1.0
20130712_CollingwoodMagpies,2013,16,2013-07-12,Melbourne Cricket Ground,Collingwood Magpies,Adelaide Crows,111,84,54790.0,27,H,1.0
20130713_CarltonBlues,2013,16,2013-07-13,Marvel Stadium,Carlton Blues,St Kilda Saints,110,74,30949.0,36,H,1.0
20130713_BrisbaneLions,2013,16,2013-07-13,The Gabba,Brisbane Lions,North Melbourne Kangaroos,117,105,18131.0,12,H,1.0
20130713_GeelongCats,2013,16,2013-07-13,GMHBA Stadium,Geelong Cats,Melbourne Demons,98,30,23172.0,68,H,1.0
20130713_RichmondTigers,2013,16,2013-07-13,Cazaly's Stadium,Richmond Tigers,Gold Coast Suns,53,44,11197.0,9,H,1.0
20130713_PortAdelaidePower,2013,16,2013-07-13,AAMI Stadium,Port Adelaide Power,Hawthorn Hawks,79,124,23748.0,-45,A,0.0
20130714_SydneySwans,2013,16,2013-07-14,Sydney Cricket Ground,Sydney Swans,Greater Western Sydney Giants,171,42,21757.0,129,H,1.0
20130714_WesternBulldogs,2013,16,2013-07-14,Marvel Stadium,Western Bulldogs,Essendon Bombers,90,121,32500.0,-31,A,0.0
20130714_WestCoastEagles,2013,16,2013-07-14,Domain Stadium,West Coast Eagles,Fremantle Dockers,93,121,39839.0,-28,A,0.0
20130719_NorthMelbourneKangaroos,2013,17,2013-07-19,Marvel Stadium,North Melbourne Kangaroos,Carlton Blues,108,109,37443.0,-1,A,0.0
20130720_GoldCoastSuns,2013,17,2013-07-20,People First Stadium,Gold Coast Suns,Collingwood Magpies,85,78,19721.0,7,H,1.0
20130720_MelbourneDemons,2013,17,2013-07-20,TIO Stadium,Melbourne Demons,Brisbane Lions,75,94,7615.0,-19,A,0.0
20130720_HawthornHawks,2013,17,2013-07-20,UTAS Stadium,Hawthorn Hawks,Western Bulldogs,95,76,14022.0,19,H,1.0
20130720_StKildaSaints,2013,17,2013-07-20,Marvel Stadium,St Kilda Saints,Port Adelaide Power,92,97,14878.0,-5,A,0.0
20130720_GreaterWesternSydneyGiants,2013,17,2013-07-20,ENGIE Stadium,Greater Western Sydney Giants,Essendon Bombers,77,116,10783.0,-39,A,0.0
20130721_AdelaideCrows,2013,17,2013-07-21,AAMI Stadium,Adelaide Crows,Geelong Cats,94,92,28603.0,2,H,1.0
20130721_WestCoastEagles,2013,17,2013-07-21,Domain Stadium,West Coast Eagles,Sydney Swans,79,113,35166.0,-34,A,0.0
20130721_RichmondTigers,2013,17,2013-07-21,Melbourne Cricket Ground,Richmond Tigers,Fremantle Dockers,84,57,40125.0,27,H,1.0
20130726_EssendonBombers,2013,18,2013-07-26,Marvel Stadium,Essendon Bombers,Hawthorn Hawks,87,143,49505.0,-56,A,0.0
20130727_GoldCoastSuns,2013,18,2013-07-27,People First Stadium,Gold Coast Suns,Carlton Blues,77,120,19460.0,-43,A,0.0
20130727_MelbourneDemons,2013,18,2013-07-27,Marvel Stadium,Melbourne Demons,North Melbourne Kangaroos,28,150,16959.0,-122,A,0.0
20130727_CollingwoodMagpies,2013,18,2013-07-27,Melbourne Cricket Ground,Collingwood Magpies,Greater Western Sydney Giants,106,66,32691.0,40,H,1.0
20130727_GeelongCats,2013,18,2013-07-27,GMHBA Stadium,Geelong Cats,St Kilda Saints,137,36,27200.0,101,H,1.0
20130727_FremantleDockers,2013,18,2013-07-27,Domain Stadium,Fremantle Dockers,Adelaide Crows,75,53,28765.0,22,H,1.0
20130728_SydneySwans,2013,18,2013-07-28,Sydney Cricket Ground,Sydney Swans,Richmond Tigers,110,63,29738.0,47,H,1.0
20130728_WesternBulldogs,2013,18,2013-07-28,Marvel Stadium,Western Bulldogs,West Coast Eagles,111,89,17019.0,22,H,1.0
20130728_PortAdelaidePower,2013,18,2013-07-28,AAMI Stadium,Port Adelaide Power,Brisbane Lions,71,62,22631.0,9,H,1.0
20130802_NorthMelbourneKangaroos,2013,19,2013-08-02,Marvel Stadium,North Melbourne Kangaroos,Geelong Cats,96,86,33584.0,10,H,1.0
20130803_WestCoastEagles,2013,19,2013-08-03,Domain Stadium,West Coast Eagles,Gold Coast Suns,130,113,32140.0,17,H,1.0
20130803_HawthornHawks,2013,19,2013-08-03,Melbourne Cricket Ground,Hawthorn Hawks,Richmond Tigers,66,107,64324.0,-41,A,0.0
20130803_BrisbaneLions,2013,19,2013-08-03,The Gabba,Brisbane Lions,St Kilda Saints,108,77,19856.0,31,H,1.0
20130803_GreaterWesternSydneyGiants,2013,19,2013-08-03,ENGIE Stadium,Greater Western Sydney Giants,Melbourne Demons,124,87,8308.0,37,H,1.0
20130803_CarltonBlues,2013,19,2013-08-03,Marvel Stadium,Carlton Blues,Fremantle Dockers,80,116,30457.0,-36,A,0.0
20130804_CollingwoodMagpies,2013,19,2013-08-04,Melbourne Cricket Ground,Collingwood Magpies,Essendon Bombers,133,54,69821.0,79,H,1.0
20130804_WesternBulldogs,2013,19,2013-08-04,Marvel Stadium,Western Bulldogs,Sydney Swans,99,134,22647.0,-35,A,0.0
20130804_AdelaideCrows,2013,19,2013-08-04,AAMI Stadium,Adelaide Crows,Port Adelaide Power,103,107,43368.0,-4,A,0.0
20130809_StKildaSaints,2013,20,2013-08-09,Marvel Stadium,St Kilda Saints,Hawthorn Hawks,56,102,24765.0,-46,A,0.0
20130810_GeelongCats,2013,20,2013-08-10,GMHBA Stadium,Geelong Cats,Port Adelaide Power,129,104,24784.0,25,H,1.0
20130810_GoldCoastSuns,2013,20,2013-08-10,People First Stadium,Gold Coast Suns,Melbourne Demons,90,77,13840.0,13,H,1.0
20130810_SydneySwans,2013,20,2013-08-10,Accor Stadium,Sydney Swans,Collingwood Magpies,71,100,42627.0,-29,A,0.0
20130810_RichmondTigers,2013,20,2013-08-10,Melbourne Cricket Ground,Richmond Tigers,Brisbane Lions,97,74,46961.0,23,H,1.0
20130810_CarltonBlues,2013,20,2013-08-10,Marvel Stadium,Carlton Blues,Western Bulldogs,89,117,31126.0,-28,A,0.0
20130811_EssendonBombers,2013,20,2013-08-11,Marvel Stadium,Essendon Bombers,West Coast Eagles,67,120,32595.0,-53,A,0.0
20130811_AdelaideCrows,2013,20,2013-08-11,AAMI Stadium,Adelaide Crows,North Melbourne Kangaroos,79,70,31801.0,9,H,1.0
20130811_FremantleDockers,2013,20,2013-08-11,Domain Stadium,Fremantle Dockers,Greater Western Sydney Giants,157,44,31390.0,113,H,1.0
20130816_HawthornHawks,2013,21,2013-08-16,Melbourne Cricket Ground,Hawthorn Hawks,Collingwood Magpies,119,84,71533.0,35,H,1.0
20130817_PortAdelaidePower,2013,21,2013-08-17,AAMI Stadium,Port Adelaide Power,Gold Coast Suns,113,96,18703.0,17,H,1.0
20130817_WestCoastEagles,2013,21,2013-08-17,Domain Stadium,West Coast Eagles,Geelong Cats,41,107,34394.0,-66,A,0.0
20130817_RichmondTigers,2013,21,2013-08-17,Melbourne Cricket Ground,Richmond Tigers,Carlton Blues,96,106,63825.0,-10,A,0.0
20130817_EssendonBombers,2013,21,2013-08-17,Marvel Stadium,Essendon Bombers,North Melbourne Kangaroos,70,115,34102.0,-45,A,0.0
20130817_BrisbaneLions,2013,21,2013-08-17,The Gabba,Brisbane Lions,Greater Western Sydney Giants,123,63,13855.0,60,H,1.0
20130818_MelbourneDemons,2013,21,2013-08-18,Melbourne Cricket Ground,Melbourne Demons,Fremantle Dockers,38,133,13768.0,-95,A,0.0
20130818_WesternBulldogs,2013,21,2013-08-18,Marvel Stadium,Western Bulldogs,Adelaide Crows,131,114,17159.0,17,H,1.0
20130818_SydneySwans,2013,21,2013-08-18,Sydney Cricket Ground,Sydney Swans,St Kilda Saints,118,59,26730.0,59,H,1.0
20130823_CollingwoodMagpies,2013,22,2013-08-23,Melbourne Cricket Ground,Collingwood Magpies,West Coast Eagles,101,39,41198.0,62,H,1.0
20130824_FremantleDockers,2013,22,2013-08-24,Domain Stadium,Fremantle Dockers,Port Adelaide Power,134,60,35565.0,74,H,1.0
20130824_CarltonBlues,2013,22,2013-08-24,Melbourne Cricket Ground,Carlton Blues,Essendon Bombers,76,82,53630.0,-6,A,0.0
20130824_AdelaideCrows,2013,22,2013-08-24,AAMI Stadium,Adelaide Crows,Melbourne Demons,120,52,35643.0,68,H,1.0
20130824_GeelongCats,2013,22,2013-08-24,GMHBA Stadium,Geelong Cats,Sydney Swans,92,48,28459.0,44,H,1.0
20130824_NorthMelbourneKangaroos,2013,22,2013-08-24,Marvel Stadium,North Melbourne Kangaroos,Hawthorn Hawks,103,117,33039.0,-14,A,0.0
20130825_BrisbaneLions,2013,22,2013-08-25,The Gabba,Brisbane Lions,Western Bulldogs,100,93,20130.0,7,H,1.0
20130825_StKildaSaints,2013,22,2013-08-25,Marvel Stadium,St Kilda Saints,Gold Coast Suns,116,70,17622.0,46,H,1.0
20130825_GreaterWesternSydneyGiants,2013,22,2013-08-25,ENGIE Stadium,Greater Western Sydney Giants,Richmond Tigers,42,163,12314.0,-121,A,0.0
20130830_SydneySwans,2013,23,2013-08-30,Accor Stadium,Sydney Swans,Hawthorn Hawks,100,112,37980.0,-12,A,0.0
20130831_EssendonBombers,2013,23,2013-08-31,Melbourne Cricket Ground,Essendon Bombers,Richmond Tigers,65,104,60979.0,-39,A,0.0
20130831_StKildaSaints,2013,23,2013-08-31,Marvel Stadium,St Kilda Saints,Fremantle Dockers,112,41,22476.0,71,H,1.0
20130831_PortAdelaidePower,2013,23,2013-08-31,AAMI Stadium,Port Adelaide Power,Carlton Blues,103,104,45127.0,-1,A,0.0
20130831_WestCoastEagles,2013,23,2013-08-31,Domain Stadium,West Coast Eagles,Adelaide Crows,43,129,29416.0,-86,A,0.0
20130831_GeelongCats,2013,23,2013-08-31,GMHBA Stadium,Geelong Cats,Brisbane Lions,112,111,27467.0,1,H,1.0
20130901_WesternBulldogs,2013,23,2013-09-01,Marvel Stadium,Western Bulldogs,Melbourne Demons,107,87,22176.0,20,H,1.0
20130901_CollingwoodMagpies,2013,23,2013-09-01,Melbourne Cricket Ground,Collingwood Magpies,North Melbourne Kangaroos,114,125,50958.0,-11,A,0.0
20130901_GoldCoastSuns,2013,23,2013-09-01,People First Stadium,Gold Coast Suns,Greater Western Sydney Giants,146,63,13080.0,83,H,1.0
20130906_HawthornHawks,2013,QF,2013-09-06,Melbourne Cricket Ground,Hawthorn Hawks,Sydney Swans,105,51,59615.0,54,H,1.0
20130907_GeelongCats,2013,QF,2013-09-07,GMHBA Stadium,Geelong Cats,Fremantle Dockers,72,87,32815.0,-15,A,0.0
20130907_CollingwoodMagpies,2013,EF,2013-09-07,Melbourne Cricket Ground,Collingwood Magpies,Port Adelaide Power,63,87,51722.0,-24,A,0.0
20130908_RichmondTigers,2013,EF,2013-09-08,Melbourne Cricket Ground,Richmond Tigers,Carlton Blues,96,116,94690.0,-20,A,0.0
20130913_GeelongCats,2013,SF,2013-09-13,Melbourne Cricket Ground,Geelong Cats,Port Adelaide Power,96,80,52744.0,16,H,1.0
20130914_SydneySwans,2013,SF,2013-09-14,Accor Stadium,Sydney Swans,Carlton Blues,86,62,37980.0,24,H,1.0
20130920_HawthornHawks,2013,PF,2013-09-20,Melbourne Cricket Ground,Hawthorn Hawks,Geelong Cats,102,97,85569.0,5,H,1.0
20130921_FremantleDockers,2013,PF,2013-09-21,Domain Stadium,Fremantle Dockers,Sydney Swans,99,74,43249.0,25,H,1.0
20130928_HawthornHawks,2013,GF,2013-09-28,Melbourne Cricket Ground,Hawthorn Hawks,Fremantle Dockers,77,62,100007.0,15,H,1.0
20140314_CollingwoodMagpies,2014,1,2014-03-14,Marvel Stadium,Collingwood Magpies,Fremantle Dockers,46,116,37571.0,-70,A,0.0
20140315_GoldCoastSuns,2014,1,2014-03-15,People First Stadium,Gold Coast Suns,Richmond Tigers,87,69,19425.0,18,H,1.0
20140315_GreaterWesternSydneyGiants,2014,1,2014-03-15,ENGIE Stadium,Greater Western Sydney Giants,Sydney Swans,99,67,17102.0,32,H,1.0
20140316_CarltonBlues,2014,1,2014-03-16,Marvel Stadium,Carlton Blues,Port Adelaide Power,87,120,24460.0,-33,A,0.0
20140320_GeelongCats,2014,1,2014-03-20,GMHBA Stadium,Geelong Cats,Adelaide Crows,119,81,23622.0,38,H,1.0
20140321_NorthMelbourneKangaroos,2014,1,2014-03-21,Marvel Stadium,North Melbourne Kangaroos,Essendon Bombers,60,99,42332.0,-39,A,0.0
20140322_HawthornHawks,2014,1,2014-03-22,UTAS Stadium,Hawthorn Hawks,Brisbane Lions,139,91,12430.0,48,H,1.0
20140322_StKildaSaints,2014,1,2014-03-22,Marvel Stadium,St Kilda Saints,Melbourne Demons,68,51,31607.0,17,H,1.0
20140323_WestCoastEagles,2014,1,2014-03-23,Domain Stadium,West Coast Eagles,Western Bulldogs,134,69,36752.0,65,H,1.0
20140327_RichmondTigers,2014,2,2014-03-27,Melbourne Cricket Ground,Richmond Tigers,Carlton Blues,98,86,62037.0,12,H,1.0
20140328_EssendonBombers,2014,2,2014-03-28,Marvel Stadium,Essendon Bombers,Hawthorn Hawks,86,90,44163.0,-4,A,0.0
20140329_PortAdelaidePower,2014,2,2014-03-29,Adelaide Oval,Port Adelaide Power,Adelaide Crows,127,73,50397.0,54,H,1.0
20140329_StKildaSaints,2014,2,2014-03-29,Marvel Stadium,St Kilda Saints,Greater Western Sydney Giants,95,88,19640.0,7,H,1.0
20140329_SydneySwans,2014,2,2014-03-29,Accor Stadium,Sydney Swans,Collingwood Magpies,69,89,32347.0,-20,A,0.0
20140329_FremantleDockers,2014,2,2014-03-29,Domain Stadium,Fremantle Dockers,Gold Coast Suns,87,39,35583.0,48,H,1.0
20140330_BrisbaneLions,2014,2,2014-03-30,The Gabba,Brisbane Lions,Geelong Cats,68,93,20933.0,-25,A,0.0
20140330_MelbourneDemons,2014,2,2014-03-30,Melbourne Cricket Ground,Melbourne Demons,West Coast Eagles,30,123,22226.0,-93,A,0.0
20140330_WesternBulldogs,2014,2,2014-03-30,Marvel Stadium,Western Bulldogs,North Melbourne Kangaroos,54,83,28512.0,-29,A,0.0
20140404_HawthornHawks,2014,3,2014-04-04,Melbourne Cricket Ground,Hawthorn Hawks,Fremantle Dockers,137,79,43583.0,58,H,1.0
20140405_AdelaideCrows,2014,3,2014-04-05,Adelaide Oval,Adelaide Crows,Sydney Swans,71,134,47426.0,-63,A,0.0
20140405_GoldCoastSuns,2014,3,2014-04-05,People First Stadium,Gold Coast Suns,Brisbane Lions,114,61,16593.0,53,H,1.0
20140405_WestCoastEagles,2014,3,2014-04-05,Domain Stadium,West Coast Eagles,St Kilda Saints,83,58,36448.0,25,H,1.0
20140405_WesternBulldogs,2014,3,2014-04-05,Marvel Stadium,Western Bulldogs,Richmond Tigers,100,98,31724.0,2,H,1.0
20140405_CollingwoodMagpies,2014,3,2014-04-05,Melbourne Cricket Ground,Collingwood Magpies,Geelong Cats,76,87,63152.0,-11,A,0.0
20140406_GreaterWesternSydneyGiants,2014,3,2014-04-06,ENGIE Stadium,Greater Western Sydney Giants,Melbourne Demons,79,47,7016.0,32,H,1.0
20140406_EssendonBombers,2014,3,2014-04-06,Melbourne Cricket Ground,Essendon Bombers,Carlton Blues,138,57,62730.0,81,H,1.0
20140406_NorthMelbourneKangaroos,2014,3,2014-04-06,Marvel Stadium,North Melbourne Kangaroos,Port Adelaide Power,97,90,19111.0,7,H,1.0
20140411_RichmondTigers,2014,4,2014-04-11,Melbourne Cricket Ground,Richmond Tigers,Collingwood Magpies,72,110,62100.0,-38,A,0.0
20140412_PortAdelaidePower,2014,4,2014-04-12,Adelaide Oval,Port Adelaide Power,Brisbane Lions,159,46,36231.0,113,H,1.0
20140412_GeelongCats,2014,4,2014-04-12,GMHBA Stadium,Geelong Cats,West Coast Eagles,107,32,25271.0,75,H,1.0
20140412_GreaterWesternSydneyGiants,2014,4,2014-04-12,Manuka Oval,Greater Western Sydney Giants,Western Bulldogs,83,110,7863.0,-27,A,0.0
20140412_GoldCoastSuns,2014,4,2014-04-12,People First Stadium,Gold Coast Suns,Hawthorn Hawks,49,148,17729.0,-99,A,0.0
20140412_CarltonBlues,2014,4,2014-04-12,Melbourne Cricket Ground,Carlton Blues,Melbourne Demons,58,81,37323.0,-23,A,0.0
20140413_SydneySwans,2014,4,2014-04-13,Sydney Cricket Ground,Sydney Swans,North Melbourne Kangaroos,48,91,25505.0,-43,A,0.0
20140413_FremantleDockers,2014,4,2014-04-13,Domain Stadium,Fremantle Dockers,Essendon Bombers,113,60,36722.0,53,H,1.0
20140413_StKildaSaints,2014,4,2014-04-13,Marvel Stadium,St Kilda Saints,Adelaide Crows,50,136,22923.0,-86,A,0.0
20140417_BrisbaneLions,2014,5,2014-04-17,The Gabba,Brisbane Lions,Richmond Tigers,63,106,20676.0,-43,A,0.0
20140419_WestCoastEagles,2014,5,2014-04-19,Domain Stadium,West Coast Eagles,Port Adelaide Power,56,70,35366.0,-14,A,0.0
20140419_EssendonBombers,2014,5,2014-04-19,Marvel Stadium,Essendon Bombers,St Kilda Saints,65,81,36041.0,-16,A,0.0
20140419_CollingwoodMagpies,2014,5,2014-04-19,Melbourne Cricket Ground,Collingwood Magpies,North Melbourne Kangaroos,93,58,57116.0,35,H,1.0
20140419_SydneySwans,2014,5,2014-04-19,Sydney Cricket Ground,Sydney Swans,Fremantle Dockers,92,75,25376.0,17,H,1.0
20140420_MelbourneDemons,2014,5,2014-04-20,Melbourne Cricket Ground,Melbourne Demons,Gold Coast Suns,78,86,17243.0,-8,A,0.0
20140420_AdelaideCrows,2014,5,2014-04-20,Adelaide Oval,Adelaide Crows,Greater Western Sydney Giants,137,72,44770.0,65,H,1.0
20140420_WesternBulldogs,2014,5,2014-04-20,Marvel Stadium,Western Bulldogs,Carlton Blues,91,119,27986.0,-28,A,0.0
20140421_GeelongCats,2014,5,2014-04-21,Melbourne Cricket Ground,Geelong Cats,Hawthorn Hawks,106,87,80222.0,19,H,1.0
20140425_StKildaSaints,2014,6,2014-04-25,Westpac Stadium,St Kilda Saints,Brisbane Lions,79,82,13409.0,-3,A,0.0
20140425_CollingwoodMagpies,2014,6,2014-04-25,Melbourne Cricket Ground,Collingwood Magpies,Essendon Bombers,83,60,91731.0,23,H,1.0
20140425_FremantleDockers,2014,6,2014-04-25,Domain Stadium,Fremantle Dockers,North Melbourne Kangaroos,61,74,37624.0,-13,A,0.0
20140426_CarltonBlues,2014,6,2014-04-26,Marvel Stadium,Carlton Blues,West Coast Eagles,92,89,31005.0,3,H,1.0
20140426_GoldCoastSuns,2014,6,2014-04-26,People First Stadium,Gold Coast Suns,Greater Western Sydney Giants,134,94,11504.0,40,H,1.0
20140426_MelbourneDemons,2014,6,2014-04-26,Melbourne Cricket Ground,Melbourne Demons,Sydney Swans,38,69,24855.0,-31,A,0.0
20140427_WesternBulldogs,2014,6,2014-04-27,Marvel Stadium,Western Bulldogs,Adelaide Crows,83,92,17404.0,-9,A,0.0
20140427_PortAdelaidePower,2014,6,2014-04-27,Adelaide Oval,Port Adelaide Power,Geelong Cats,107,67,47007.0,40,H,1.0
20140427_RichmondTigers,2014,6,2014-04-27,Melbourne Cricket Ground,Richmond Tigers,Hawthorn Hawks,52,118,52990.0,-66,A,0.0
20140502_CarltonBlues,2014,7,2014-05-02,Melbourne Cricket Ground,Carlton Blues,Collingwood Magpies,70,104,68251.0,-34,A,0.0
20140503_HawthornHawks,2014,7,2014-05-03,Melbourne Cricket Ground,Hawthorn Hawks,St Kilda Saints,175,30,32924.0,145,H,1.0
20140503_GreaterWesternSydneyGiants,2014,7,2014-05-03,Manuka Oval,Greater Western Sydney Giants,Port Adelaide Power,97,132,6549.0,-35,A,0.0
20140503_BrisbaneLions,2014,7,2014-05-03,The Gabba,Brisbane Lions,Sydney Swans,44,123,17957.0,-79,A,0.0
20140503_AdelaideCrows,2014,7,2014-05-03,Adelaide Oval,Adelaide Crows,Melbourne Demons,67,70,44216.0,-3,A,0.0
20140503_EssendonBombers,2014,7,2014-05-03,Marvel Stadium,Essendon Bombers,Western Bulldogs,73,65,33289.0,8,H,1.0
20140504_WestCoastEagles,2014,7,2014-05-04,Domain Stadium,West Coast Eagles,Fremantle Dockers,54,73,40476.0,-19,A,0.0
20140504_NorthMelbourneKangaroos,2014,7,2014-05-04,Marvel Stadium,North Melbourne Kangaroos,Gold Coast Suns,77,120,19819.0,-43,A,0.0
20140504_GeelongCats,2014,7,2014-05-04,Melbourne Cricket Ground,Geelong Cats,Richmond Tigers,81,76,34377.0,5,H,1.0
20140509_SydneySwans,2014,8,2014-05-09,Accor Stadium,Sydney Swans,Hawthorn Hawks,107,88,34506.0,19,H,1.0
20140510_PortAdelaidePower,2014,8,2014-05-10,Adelaide Oval,Port Adelaide Power,Fremantle Dockers,94,76,38234.0,18,H,1.0
20140510_MelbourneDemons,2014,8,2014-05-10,Melbourne Cricket Ground,Melbourne Demons,Western Bulldogs,83,99,36326.0,-16,A,0.0
20140510_BrisbaneLions,2014,8,2014-05-10,The Gabba,Brisbane Lions,Essendon Bombers,57,65,26432.0,-8,A,0.0
20140511_WestCoastEagles,2014,8,2014-05-11,Domain Stadium,West Coast Eagles,Greater Western Sydney Giants,188,77,29391.0,111,H,1.0
20140512_StKildaSaints,2014,8,2014-05-12,Marvel Stadium,St Kilda Saints,Carlton Blues,69,101,26708.0,-32,A,0.0
20140515_AdelaideCrows,2014,9,2014-05-15,Adelaide Oval,Adelaide Crows,Collingwood Magpies,76,55,50051.0,21,H,1.0
20140516_EssendonBombers,2014,9,2014-05-16,Marvel Stadium,Essendon Bombers,Sydney Swans,64,114,41098.0,-50,A,0.0
20140517_RichmondTigers,2014,9,2014-05-17,Melbourne Cricket Ground,Richmond Tigers,Melbourne Demons,74,91,56960.0,-17,A,0.0
20140517_FremantleDockers,2014,9,2014-05-17,Domain Stadium,Fremantle Dockers,Geelong Cats,96,64,38565.0,32,H,1.0
20140517_NorthMelbourneKangaroos,2014,9,2014-05-17,Marvel Stadium,North Melbourne Kangaroos,Brisbane Lions,125,38,21152.0,87,H,1.0
20140518_StKildaSaints,2014,9,2014-05-18,Marvel Stadium,St Kilda Saints,Gold Coast Suns,87,125,14625.0,-38,A,0.0
20140523_GeelongCats,2014,10,2014-05-23,GMHBA Stadium,Geelong Cats,North Melbourne Kangaroos,111,91,27402.0,20,H,1.0
20140524_PortAdelaidePower,2014,10,2014-05-24,Adelaide Oval,Port Adelaide Power,Hawthorn Hawks,100,86,52233.0,14,H,1.0
20140524_GreaterWesternSydneyGiants,2014,10,2014-05-24,ENGIE Stadium,Greater Western Sydney Giants,Richmond Tigers,41,154,8331.0,-113,A,0.0
20140524_CollingwoodMagpies,2014,10,2014-05-24,Melbourne Cricket Ground,Collingwood Magpies,West Coast Eagles,109,101,53049.0,8,H,1.0
20140525_GoldCoastSuns,2014,10,2014-05-25,People First Stadium,Gold Coast Suns,Western Bulldogs,119,74,14235.0,45,H,1.0
20140525_CarltonBlues,2014,10,2014-05-25,Melbourne Cricket Ground,Carlton Blues,Adelaide Crows,81,76,32419.0,5,H,1.0
20140529_SydneySwans,2014,11,2014-05-29,Sydney Cricket Ground,Sydney Swans,Geelong Cats,148,38,37355.0,110,H,1.0
20140530_StKildaSaints,2014,11,2014-05-30,Marvel Stadium,St Kilda Saints,Collingwood Magpies,54,140,34855.0,-86,A,0.0
20140531_MelbourneDemons,2014,11,2014-05-31,TIO Traeger Park,Melbourne Demons,Port Adelaide Power,75,95,5655.0,-20,A,0.0
20140531_BrisbaneLions,2014,11,2014-05-31,The Gabba,Brisbane Lions,Carlton Blues,98,91,24625.0,7,H,1.0
20140531_EssendonBombers,2014,11,2014-05-31,Melbourne Cricket Ground,Essendon Bombers,Richmond Tigers,104,54,74664.0,50,H,1.0
20140601_AdelaideCrows,2014,11,2014-06-01,Adelaide Oval,Adelaide Crows,Gold Coast Suns,109,77,49069.0,32,H,1.0
20140601_WestCoastEagles,2014,11,2014-06-01,Domain Stadium,West Coast Eagles,North Melbourne Kangaroos,44,82,35914.0,-38,A,0.0
20140601_WesternBulldogs,2014,11,2014-06-01,Marvel Stadium,Western Bulldogs,Fremantle Dockers,51,89,14913.0,-38,A,0.0
20140601_HawthornHawks,2014,11,2014-06-01,Melbourne Cricket Ground,Hawthorn Hawks,Greater Western Sydney Giants,94,87,17904.0,7,H,1.0
20140606_GeelongCats,2014,12,2014-06-06,Marvel Stadium,Geelong Cats,Carlton Blues,107,102,36952.0,5,H,1.0
20140607_PortAdelaidePower,2014,12,2014-06-07,Adelaide Oval,Port Adelaide Power,St Kilda Saints,129,59,43374.0,70,H,1.0
20140607_HawthornHawks,2014,12,2014-06-07,UTAS Stadium,Hawthorn Hawks,West Coast Eagles,123,79,15504.0,44,H,1.0
20140607_WesternBulldogs,2014,12,2014-06-07,Marvel Stadium,Western Bulldogs,Brisbane Lions,87,95,18054.0,-8,A,0.0
20140607_GreaterWesternSydneyGiants,2014,12,2014-06-07,ENGIE Stadium,Greater Western Sydney Giants,Essendon Bombers,66,81,8429.0,-15,A,0.0
20140608_GoldCoastSuns,2014,12,2014-06-08,People First Stadium,Gold Coast Suns,Sydney Swans,74,109,21354.0,-35,A,0.0
20140608_NorthMelbourneKangaroos,2014,12,2014-06-08,Marvel Stadium,North Melbourne Kangaroos,Richmond Tigers,116,88,32977.0,28,H,1.0
20140608_FremantleDockers,2014,12,2014-06-08,Domain Stadium,Fremantle Dockers,Adelaide Crows,90,50,35389.0,40,H,1.0
20140609_MelbourneDemons,2014,12,2014-06-09,Melbourne Cricket Ground,Melbourne Demons,Collingwood Magpies,28,61,68124.0,-33,A,0.0
20140613_CarltonBlues,2014,13,2014-06-13,Melbourne Cricket Ground,Carlton Blues,Hawthorn Hawks,90,118,49615.0,-28,A,0.0
20140614_SydneySwans,2014,13,2014-06-14,Sydney Cricket Ground,Sydney Swans,Port Adelaide Power,98,94,41317.0,4,H,1.0
20140614_BrisbaneLions,2014,13,2014-06-14,The Gabba,Brisbane Lions,Greater Western Sydney Giants,80,125,12700.0,-45,A,0.0
20140614_WestCoastEagles,2014,13,2014-06-14,Domain Stadium,West Coast Eagles,Gold Coast Suns,103,100,32942.0,3,H,1.0
20140614_AdelaideCrows,2014,13,2014-06-14,Adelaide Oval,Adelaide Crows,North Melbourne Kangaroos,109,73,47205.0,36,H,1.0
20140614_RichmondTigers,2014,13,2014-06-14,Melbourne Cricket Ground,Richmond Tigers,Fremantle Dockers,85,105,22074.0,-20,A,0.0
20140615_GeelongCats,2014,13,2014-06-15,GMHBA Stadium,Geelong Cats,St Kilda Saints,133,37,25180.0,96,H,1.0
20140615_EssendonBombers,2014,13,2014-06-15,Melbourne Cricket Ground,Essendon Bombers,Melbourne Demons,77,78,44622.0,-1,A,0.0
20140615_CollingwoodMagpies,2014,13,2014-06-15,Marvel Stadium,Collingwood Magpies,Western Bulldogs,98,106,28339.0,-8,A,0.0
20140620_RichmondTigers,2014,14,2014-06-20,Melbourne Cricket Ground,Richmond Tigers,Sydney Swans,51,62,34633.0,-11,A,0.0
20140621_PortAdelaidePower,2014,14,2014-06-21,Adelaide Oval,Port Adelaide Power,Western Bulldogs,128,56,34258.0,72,H,1.0
20140621_FremantleDockers,2014,14,2014-06-21,Domain Stadium,Fremantle Dockers,Brisbane Lions,105,22,25152.0,83,H,1.0
20140621_EssendonBombers,2014,14,2014-06-21,Marvel Stadium,Essendon Bombers,Adelaide Crows,101,92,30948.0,9,H,1.0
20140621_GoldCoastSuns,2014,14,2014-06-21,People First Stadium,Gold Coast Suns,Geelong Cats,118,78,18236.0,40,H,1.0
20140621_HawthornHawks,2014,14,2014-06-21,Melbourne Cricket Ground,Hawthorn Hawks,Collingwood Magpies,115,86,74095.0,29,H,1.0
20140622_MelbourneDemons,2014,14,2014-06-22,Melbourne Cricket Ground,Melbourne Demons,North Melbourne Kangaroos,66,107,26615.0,-41,A,0.0
20140622_GreaterWesternSydneyGiants,2014,14,2014-06-22,ENGIE Stadium,Greater Western Sydney Giants,Carlton Blues,100,92,9059.0,8,H,1.0
20140622_StKildaSaints,2014,14,2014-06-22,Marvel Stadium,St Kilda Saints,West Coast Eagles,70,103,17317.0,-33,A,0.0
20140627_GeelongCats,2014,15,2014-06-27,Marvel Stadium,Geelong Cats,Essendon Bombers,89,80,43732.0,9,H,1.0
20140628_FremantleDockers,2014,15,2014-06-28,Domain Stadium,Fremantle Dockers,West Coast Eagles,88,81,40490.0,7,H,1.0
20140628_SydneySwans,2014,15,2014-06-28,Sydney Cricket Ground,Sydney Swans,Greater Western Sydney Giants,106,60,27778.0,46,H,1.0
20140628_BrisbaneLions,2014,15,2014-06-28,The Gabba,Brisbane Lions,North Melbourne Kangaroos,70,66,15862.0,4,H,1.0
20140628_HawthornHawks,2014,15,2014-06-28,UTAS Stadium,Hawthorn Hawks,Gold Coast Suns,116,63,13178.0,53,H,1.0
20140628_StKildaSaints,2014,15,2014-06-28,Marvel Stadium,St Kilda Saints,Richmond Tigers,73,117,28487.0,-44,A,0.0
20140629_AdelaideCrows,2014,15,2014-06-29,Adelaide Oval,Adelaide Crows,Port Adelaide Power,99,76,50552.0,23,H,1.0
20140629_CollingwoodMagpies,2014,15,2014-06-29,Melbourne Cricket Ground,Collingwood Magpies,Carlton Blues,91,76,40936.0,15,H,1.0
20140629_WesternBulldogs,2014,15,2014-06-29,Marvel Stadium,Western Bulldogs,Melbourne Demons,91,85,24953.0,6,H,1.0
20140704_NorthMelbourneKangaroos,2014,16,2014-07-04,Marvel Stadium,North Melbourne Kangaroos,Hawthorn Hawks,108,88,35025.0,20,H,1.0
20140705_GreaterWesternSydneyGiants,2014,16,2014-07-05,ENGIE Stadium,Greater Western Sydney Giants,Adelaide Crows,72,140,8383.0,-68,A,0.0
20140705_GoldCoastSuns,2014,16,2014-07-05,People First Stadium,Gold Coast Suns,Collingwood Magpies,80,75,24032.0,5,H,1.0
20140705_RichmondTigers,2014,16,2014-07-05,Melbourne Cricket Ground,Richmond Tigers,Brisbane Lions,79,54,34560.0,25,H,1.0
20140705_PortAdelaidePower,2014,16,2014-07-05,Adelaide Oval,Port Adelaide Power,Essendon Bombers,60,62,46786.0,-2,A,0.0
20140705_MelbourneDemons,2014,16,2014-07-05,TIO Stadium,Melbourne Demons,Fremantle Dockers,34,97,9290.0,-63,A,0.0
20140706_CarltonBlues,2014,16,2014-07-06,Marvel Stadium,Carlton Blues,St Kilda Saints,151,66,29997.0,85,H,1.0
20140706_WestCoastEagles,2014,16,2014-07-06,Domain Stadium,West Coast Eagles,Sydney Swans,51,79,25076.0,-28,A,0.0
20140706_GeelongCats,2014,16,2014-07-06,GMHBA Stadium,Geelong Cats,Western Bulldogs,69,56,24766.0,13,H,1.0
20140711_AdelaideCrows,2014,17,2014-07-11,Adelaide Oval,Adelaide Crows,Hawthorn Hawks,92,104,50321.0,-12,A,0.0
20140712_WesternBulldogs,2014,17,2014-07-12,Cazaly's Stadium,Western Bulldogs,Gold Coast Suns,94,66,9746.0,28,H,1.0
20140712_NorthMelbourneKangaroos,2014,17,2014-07-12,Ninja Stadium,North Melbourne Kangaroos,St Kilda Saints,92,33,10641.0,59,H,1.0
20140712_SydneySwans,2014,17,2014-07-12,Sydney Cricket Ground,Sydney Swans,Carlton Blues,122,51,34965.0,71,H,1.0
20140712_MelbourneDemons,2014,17,2014-07-12,Melbourne Cricket Ground,Melbourne Demons,Geelong Cats,36,102,36385.0,-66,A,0.0
20140712_BrisbaneLions,2014,17,2014-07-12,The Gabba,Brisbane Lions,West Coast Eagles,64,76,13610.0,-12,A,0.0
20140713_EssendonBombers,2014,17,2014-07-13,Melbourne Cricket Ground,Essendon Bombers,Collingwood Magpies,103,39,58992.0,64,H,1.0
20140713_RichmondTigers,2014,17,2014-07-13,Marvel Stadium,Richmond Tigers,Port Adelaide Power,126,106,21483.0,20,H,1.0
20140713_FremantleDockers,2014,17,2014-07-13,Domain Stadium,Fremantle Dockers,Greater Western Sydney Giants,136,60,33597.0,76,H,1.0
20140718_CarltonBlues,2014,18,2014-07-18,Marvel Stadium,Carlton Blues,North Melbourne Kangaroos,109,86,36689.0,23,H,1.0
20140719_GreaterWesternSydneyGiants,2014,18,2014-07-19,ENGIE Stadium,Greater Western Sydney Giants,Geelong Cats,87,94,7697.0,-7,A,0.0
20140719_StKildaSaints,2014,18,2014-07-19,Marvel Stadium,St Kilda Saints,Fremantle Dockers,118,60,16594.0,58,H,1.0
20140720_WesternBulldogs,2014,18,2014-07-20,Marvel Stadium,Western Bulldogs,Essendon Bombers,94,101,34476.0,-7,A,0.0
20140720_PortAdelaidePower,2014,18,2014-07-20,Adelaide Oval,Port Adelaide Power,Melbourne Demons,72,69,37894.0,3,H,1.0
20140725_WestCoastEagles,2014,18,2014-07-25,Domain Stadium,West Coast Eagles,Richmond Tigers,42,59,32270.0,-17,A,0.0
20140726_HawthornHawks,2014,18,2014-07-26,Melbourne Cricket Ground,Hawthorn Hawks,Sydney Swans,104,94,72760.0,10,H,1.0
20140726_BrisbaneLions,2014,18,2014-07-26,The Gabba,Brisbane Lions,Gold Coast Suns,110,56,27167.0,54,H,1.0
20140727_CollingwoodMagpies,2014,18,2014-07-27,Melbourne Cricket Ground,Collingwood Magpies,Adelaide Crows,82,98,41482.0,-16,A,0.0
20140731_FremantleDockers,2014,19,2014-07-31,Domain Stadium,Fremantle Dockers,Carlton Blues,83,78,35401.0,5,H,1.0
20140801_SydneySwans,2014,19,2014-08-01,Sydney Cricket Ground,Sydney Swans,Essendon Bombers,79,57,36804.0,22,H,1.0
20140802_GoldCoastSuns,2014,19,2014-08-02,People First Stadium,Gold Coast Suns,St Kilda Saints,117,64,12027.0,53,H,1.0
20140802_RichmondTigers,2014,19,2014-08-02,Melbourne Cricket Ground,Richmond Tigers,Greater Western Sydney Giants,89,62,23093.0,27,H,1.0
20140802_AdelaideCrows,2014,19,2014-08-02,Adelaide Oval,Adelaide Crows,West Coast Eagles,105,136,49470.0,-31,A,0.0
20140802_NorthMelbourneKangaroos,2014,19,2014-08-02,Marvel Stadium,North Melbourne Kangaroos,Geelong Cats,79,111,32564.0,-32,A,0.0
20140803_MelbourneDemons,2014,19,2014-08-03,Marvel Stadium,Melbourne Demons,Brisbane Lions,51,74,18079.0,-23,A,0.0
20140803_HawthornHawks,2014,19,2014-08-03,UTAS Stadium,Hawthorn Hawks,Western Bulldogs,107,45,14187.0,62,H,1.0
20140803_CollingwoodMagpies,2014,19,2014-08-03,Melbourne Cricket Ground,Collingwood Magpies,Port Adelaide Power,76,70,32804.0,6,H,1.0
20140808_RichmondTigers,2014,20,2014-08-08,Melbourne Cricket Ground,Richmond Tigers,Essendon Bombers,95,77,58024.0,18,H,1.0
20140809_HawthornHawks,2014,20,2014-08-09,Melbourne Cricket Ground,Hawthorn Hawks,Melbourne Demons,115,65,37082.0,50,H,1.0
20140809_GreaterWesternSydneyGiants,2014,20,2014-08-09,Manuka Oval,Greater Western Sydney Giants,North Melbourne Kangaroos,51,126,10211.0,-75,A,0.0
20140809_PortAdelaidePower,2014,20,2014-08-09,Adelaide Oval,Port Adelaide Power,Sydney Swans,58,84,50807.0,-26,A,0.0
20140809_CarltonBlues,2014,20,2014-08-09,Marvel Stadium,Carlton Blues,Gold Coast Suns,97,58,28840.0,39,H,1.0
20140809_GeelongCats,2014,20,2014-08-09,GMHBA Stadium,Geelong Cats,Fremantle Dockers,81,79,26855.0,2,H,1.0
20140810_WestCoastEagles,2014,20,2014-08-10,Domain Stadium,West Coast Eagles,Collingwood Magpies,126,66,36458.0,60,H,1.0
20140810_BrisbaneLions,2014,20,2014-08-10,The Gabba,Brisbane Lions,Adelaide Crows,63,168,19657.0,-105,A,0.0
20140810_StKildaSaints,2014,20,2014-08-10,Marvel Stadium,St Kilda Saints,Western Bulldogs,99,122,30095.0,-23,A,0.0
20140815_CarltonBlues,2014,21,2014-08-15,Marvel Stadium,Carlton Blues,Geelong Cats,76,82,38812.0,-6,A,0.0
20140816_AdelaideCrows,2014,21,2014-08-16,Adelaide Oval,Adelaide Crows,Richmond Tigers,69,79,50459.0,-10,A,0.0
20140816_SydneySwans,2014,21,2014-08-16,Sydney Cricket Ground,Sydney Swans,St Kilda Saints,127,56,31361.0,71,H,1.0
20140816_CollingwoodMagpies,2014,21,2014-08-16,Melbourne Cricket Ground,Collingwood Magpies,Brisbane Lions,56,123,32926.0,-67,A,0.0
20140816_GoldCoastSuns,2014,21,2014-08-16,People First Stadium,Gold Coast Suns,Port Adelaide Power,47,56,10042.0,-9,A,0.0
20140816_EssendonBombers,2014,21,2014-08-16,Marvel Stadium,Essendon Bombers,West Coast Eagles,77,74,35905.0,3,H,1.0
20140817_FremantleDockers,2014,21,2014-08-17,Domain Stadium,Fremantle Dockers,Hawthorn Hawks,110,91,35506.0,19,H,1.0
20140817_NorthMelbourneKangaroos,2014,21,2014-08-17,Marvel Stadium,North Melbourne Kangaroos,Western Bulldogs,111,61,27164.0,50,H,1.0
20140817_MelbourneDemons,2014,21,2014-08-17,Melbourne Cricket Ground,Melbourne Demons,Greater Western Sydney Giants,34,98,17218.0,-64,A,0.0
20140822_PortAdelaidePower,2014,22,2014-08-22,Adelaide Oval,Port Adelaide Power,Carlton Blues,140,37,52505.0,103,H,1.0
20140823_GreaterWesternSydneyGiants,2014,22,2014-08-23,ENGIE Stadium,Greater Western Sydney Giants,Collingwood Magpies,67,75,10851.0,-8,A,0.0
20140823_EssendonBombers,2014,22,2014-08-23,Marvel Stadium,Essendon Bombers,Gold Coast Suns,108,89,33281.0,19,H,1.0
20140823_HawthornHawks,2014,22,2014-08-23,Melbourne Cricket Ground,Hawthorn Hawks,Geelong Cats,94,71,72212.0,23,H,1.0
20140823_WestCoastEagles,2014,22,2014-08-23,Domain Stadium,West Coast Eagles,Melbourne Demons,119,53,35083.0,66,H,1.0
20140823_NorthMelbourneKangaroos,2014,22,2014-08-23,Ninja Stadium,North Melbourne Kangaroos,Adelaide Crows,101,94,10702.0,7,H,1.0
20140824_RichmondTigers,2014,22,2014-08-24,Melbourne Cricket Ground,Richmond Tigers,St Kilda Saints,98,72,47188.0,26,H,1.0
20140824_WesternBulldogs,2014,22,2014-08-24,Marvel Stadium,Western Bulldogs,Sydney Swans,67,130,22430.0,-63,A,0.0
20140824_BrisbaneLions,2014,22,2014-08-24,The Gabba,Brisbane Lions,Fremantle Dockers,48,106,17473.0,-58,A,0.0
20140829_CollingwoodMagpies,2014,23,2014-08-29,Melbourne Cricket Ground,Collingwood Magpies,Hawthorn Hawks,56,121,48973.0,-65,A,0.0
20140830_GeelongCats,2014,23,2014-08-30,GMHBA Stadium,Geelong Cats,Brisbane Lions,143,81,24659.0,62,H,1.0
20140830_FremantleDockers,2014,23,2014-08-30,Domain Stadium,Fremantle Dockers,Port Adelaide Power,105,97,38209.0,8,H,1.0
20140830_NorthMelbourneKangaroos,2014,23,2014-08-30,Marvel Stadium,North Melbourne Kangaroos,Melbourne Demons,123,93,17174.0,30,H,1.0
20140830_CarltonBlues,2014,23,2014-08-30,Melbourne Cricket Ground,Carlton Blues,Essendon Bombers,90,90,56658.0,0,D,
20140830_SydneySwans,2014,23,2014-08-30,Accor Stadium,Sydney Swans,Richmond Tigers,65,68,31227.0,-3,A,0.0
20140831_AdelaideCrows,2014,23,2014-08-31,Adelaide Oval,Adelaide Crows,St Kilda Saints,141,62,44969.0,79,H,1.0
20140831_WesternBulldogs,2014,23,2014-08-31,Marvel Stadium,Western Bulldogs,Greater Western Sydney Giants,109,115,14725.0,-6,A,0.0
20140831_GoldCoastSuns,2014,23,2014-08-31,People First Stadium,Gold Coast Suns,West Coast Eagles,99,151,11840.0,-52,A,0.0
20140905_HawthornHawks,2014,QF,2014-09-05,Melbourne Cricket Ground,Hawthorn Hawks,Geelong Cats,104,68,74753.0,36,H,1.0
20140906_SydneySwans,2014,QF,2014-09-06,Accor Stadium,Sydney Swans,Fremantle Dockers,93,69,35998.0,24,H,1.0
20140906_NorthMelbourneKangaroos,2014,EF,2014-09-06,Melbourne Cricket Ground,North Melbourne Kangaroos,Essendon Bombers,93,81,78559.0,12,H,1.0
20140907_PortAdelaidePower,2014,EF,2014-09-07,Adelaide Oval,Port Adelaide Power,Richmond Tigers,132,75,50618.0,57,H,1.0
20140912_GeelongCats,2014,SF,2014-09-12,Melbourne Cricket Ground,Geelong Cats,North Melbourne Kangaroos,92,98,65963.0,-6,A,0.0
20140913_FremantleDockers,2014,SF,2014-09-13,Domain Stadium,Fremantle Dockers,Port Adelaide Power,83,105,42338.0,-22,A,0.0
20140919_SydneySwans,2014,PF,2014-09-19,Accor Stadium,Sydney Swans,North Melbourne Kangaroos,136,65,48029.0,71,H,1.0
20140920_HawthornHawks,2014,PF,2014-09-20,Melbourne Cricket Ground,Hawthorn Hawks,Port Adelaide Power,97,94,74856.0,3,H,1.0
20140927_SydneySwans,2014,GF,2014-09-27,Melbourne Cricket Ground,Sydney Swans,Hawthorn Hawks,74,137,99454.0,-63,A,0.0
20150402_CarltonBlues,2015,1,2015-04-02,Melbourne Cricket Ground,Carlton Blues,Richmond Tigers,78,105,83493.0,-27,A,0.0
20150404_MelbourneDemons,2015,1,2015-04-04,Melbourne Cricket Ground,Melbourne Demons,Gold Coast Suns,115,89,27013.0,26,H,1.0
20150404_SydneySwans,2015,1,2015-04-04,Accor Stadium,Sydney Swans,Essendon Bombers,72,60,23274.0,12,H,1.0
20150404_BrisbaneLions,2015,1,2015-04-04,The Gabba,Brisbane Lions,Collingwood Magpies,74,86,31240.0,-12,A,0.0
20150404_WesternBulldogs,2015,1,2015-04-04,Marvel Stadium,Western Bulldogs,West Coast Eagles,97,87,22366.0,10,H,1.0
20150405_StKildaSaints,2015,1,2015-04-05,Marvel Stadium,St Kilda Saints,Greater Western Sydney Giants,78,87,18794.0,-9,A,0.0
20150405_AdelaideCrows,2015,1,2015-04-05,Adelaide Oval,Adelaide Crows,North Melbourne Kangaroos,140,63,46491.0,77,H,1.0
20150405_FremantleDockers,2015,1,2015-04-05,Domain Stadium,Fremantle Dockers,Port Adelaide Power,75,68,34099.0,7,H,1.0
20150406_HawthornHawks,2015,1,2015-04-06,Melbourne Cricket Ground,Hawthorn Hawks,Geelong Cats,123,61,73584.0,62,H,1.0
20150410_WestCoastEagles,2015,2,2015-04-10,Domain Stadium,West Coast Eagles,Carlton Blues,131,62,34588.0,69,H,1.0
20150411_PortAdelaidePower,2015,2,2015-04-11,Adelaide Oval,Port Adelaide Power,Sydney Swans,44,92,49765.0,-48,A,0.0
20150411_CollingwoodMagpies,2015,2,2015-04-11,Marvel Stadium,Collingwood Magpies,Adelaide Crows,63,90,33771.0,-27,A,0.0
20150411_RichmondTigers,2015,2,2015-04-11,Melbourne Cricket Ground,Richmond Tigers,Western Bulldogs,66,85,49945.0,-19,A,0.0
20150411_GreaterWesternSydneyGiants,2015,2,2015-04-11,Manuka Oval,Greater Western Sydney Giants,Melbourne Demons,101,56,7760.0,45,H,1.0
20150411_GoldCoastSuns,2015,2,2015-04-11,People First Stadium,Gold Coast Suns,St Kilda Saints,76,104,13649.0,-28,A,0.0
20150412_GeelongCats,2015,2,2015-04-12,GMHBA Stadium,Geelong Cats,Fremantle Dockers,60,104,23723.0,-44,A,0.0
20150412_NorthMelbourneKangaroos,2015,2,2015-04-12,Marvel Stadium,North Melbourne Kangaroos,Brisbane Lions,133,51,22275.0,82,H,1.0
20150412_EssendonBombers,2015,2,2015-04-12,Melbourne Cricket Ground,Essendon Bombers,Hawthorn Hawks,78,76,59866.0,2,H,1.0
20150417_CollingwoodMagpies,2015,3,2015-04-17,Melbourne Cricket Ground,Collingwood Magpies,St Kilda Saints,140,66,45197.0,74,H,1.0
20150418_SydneySwans,2015,3,2015-04-18,Sydney Cricket Ground,Sydney Swans,Greater Western Sydney Giants,111,90,31966.0,21,H,1.0
20150418_AdelaideCrows,2015,3,2015-04-18,Adelaide Oval,Adelaide Crows,Melbourne Demons,80,55,43713.0,25,H,1.0
20150418_BrisbaneLions,2015,3,2015-04-18,The Gabba,Brisbane Lions,Richmond Tigers,58,137,22441.0,-79,A,0.0
20150418_CarltonBlues,2015,3,2015-04-18,Melbourne Cricket Ground,Carlton Blues,Essendon Bombers,84,105,54854.0,-21,A,0.0
20150418_NorthMelbourneKangaroos,2015,3,2015-04-18,Marvel Stadium,North Melbourne Kangaroos,Port Adelaide Power,105,113,22586.0,-8,A,0.0
20150419_GeelongCats,2015,3,2015-04-19,GMHBA Stadium,Geelong Cats,Gold Coast Suns,105,96,20813.0,9,H,1.0
20150419_WestCoastEagles,2015,3,2015-04-19,Domain Stadium,West Coast Eagles,Fremantle Dockers,81,111,39138.0,-30,A,0.0
20150419_HawthornHawks,2015,3,2015-04-19,UTAS Stadium,Hawthorn Hawks,Western Bulldogs,127,57,15559.0,70,H,1.0
20150424_RichmondTigers,2015,4,2015-04-24,Melbourne Cricket Ground,Richmond Tigers,Melbourne Demons,51,83,58175.0,-32,A,0.0
20150425_PortAdelaidePower,2015,4,2015-04-25,Adelaide Oval,Port Adelaide Power,Hawthorn Hawks,99,91,50675.0,8,H,1.0
20150425_EssendonBombers,2015,4,2015-04-25,Melbourne Cricket Ground,Essendon Bombers,Collingwood Magpies,49,69,88395.0,-20,A,0.0
20150425_GreaterWesternSydneyGiants,2015,4,2015-04-25,Manuka Oval,Greater Western Sydney Giants,Gold Coast Suns,119,53,6917.0,66,H,1.0
20150425_FremantleDockers,2015,4,2015-04-25,Domain Stadium,Fremantle Dockers,Sydney Swans,74,60,39009.0,14,H,1.0
20150425_StKildaSaints,2015,4,2015-04-25,Westpac Stadium,St Kilda Saints,Carlton Blues,81,121,12125.0,-40,A,0.0
20150426_GeelongCats,2015,4,2015-04-26,GMHBA Stadium,Geelong Cats,North Melbourne Kangaroos,67,83,23452.0,-16,A,0.0
20150426_WesternBulldogs,2015,4,2015-04-26,Marvel Stadium,Western Bulldogs,Adelaide Crows,125,68,19915.0,57,H,1.0
20150426_BrisbaneLions,2015,4,2015-04-26,The Gabba,Brisbane Lions,West Coast Eagles,65,118,16632.0,-53,A,0.0
20150501_CarltonBlues,2015,5,2015-05-01,Melbourne Cricket Ground,Carlton Blues,Collingwood Magpies,45,120,71759.0,-75,A,0.0
20150502_NorthMelbourneKangaroos,2015,5,2015-05-02,Marvel Stadium,North Melbourne Kangaroos,Hawthorn Hawks,70,130,38077.0,-60,A,0.0
20150502_WestCoastEagles,2015,5,2015-05-02,Domain Stadium,West Coast Eagles,Greater Western Sydney Giants,120,33,34554.0,87,H,1.0
20150502_RichmondTigers,2015,5,2015-05-02,Melbourne Cricket Ground,Richmond Tigers,Geelong Cats,76,85,45228.0,-9,A,0.0
20150502_SydneySwans,2015,5,2015-05-02,Sydney Cricket Ground,Sydney Swans,Western Bulldogs,73,77,25541.0,-4,A,0.0
20150502_GoldCoastSuns,2015,5,2015-05-02,People First Stadium,Gold Coast Suns,Brisbane Lions,118,54,12464.0,64,H,1.0
20150503_AdelaideCrows,2015,5,2015-05-03,Adelaide Oval,Adelaide Crows,Port Adelaide Power,91,115,49735.0,-24,A,0.0
20150503_MelbourneDemons,2015,5,2015-05-03,Melbourne Cricket Ground,Melbourne Demons,Fremantle Dockers,50,118,22892.0,-68,A,0.0
20150503_StKildaSaints,2015,5,2015-05-03,Marvel Stadium,St Kilda Saints,Essendon Bombers,80,82,29869.0,-2,A,0.0
20150508_CollingwoodMagpies,2015,6,2015-05-08,Melbourne Cricket Ground,Collingwood Magpies,Geelong Cats,59,100,52152.0,-41,A,0.0
20150509_GreaterWesternSydneyGiants,2015,6,2015-05-09,ENGIE Stadium,Greater Western Sydney Giants,Hawthorn Hawks,108,98,13556.0,10,H,1.0
20150509_MelbourneDemons,2015,6,2015-05-09,Melbourne Cricket Ground,Melbourne Demons,Sydney Swans,50,88,26894.0,-38,A,0.0
20150509_FremantleDockers,2015,6,2015-05-09,Domain Stadium,Fremantle Dockers,Essendon Bombers,80,52,37535.0,28,H,1.0
20150509_NorthMelbourneKangaroos,2015,6,2015-05-09,Ninja Stadium,North Melbourne Kangaroos,Richmond Tigers,109,74,17544.0,35,H,1.0
20150509_GoldCoastSuns,2015,6,2015-05-09,People First Stadium,Gold Coast Suns,Adelaide Crows,78,119,12464.0,-41,A,0.0
20150509_WesternBulldogs,2015,6,2015-05-09,Marvel Stadium,Western Bulldogs,St Kilda Saints,87,94,29619.0,-7,A,0.0
20150510_PortAdelaidePower,2015,6,2015-05-10,Adelaide Oval,Port Adelaide Power,West Coast Eagles,68,78,38508.0,-10,A,0.0
20150510_CarltonBlues,2015,6,2015-05-10,Marvel Stadium,Carlton Blues,Brisbane Lions,75,84,20273.0,-9,A,0.0
20150515_EssendonBombers,2015,7,2015-05-15,Marvel Stadium,Essendon Bombers,North Melbourne Kangaroos,82,93,43972.0,-11,A,0.0
20150516_HawthornHawks,2015,7,2015-05-16,Melbourne Cricket Ground,Hawthorn Hawks,Melbourne Demons,155,50,41935.0,105,H,1.0
20150516_WestCoastEagles,2015,7,2015-05-16,Domain Stadium,West Coast Eagles,Gold Coast Suns,135,43,26964.0,92,H,1.0
20150516_CarltonBlues,2015,7,2015-05-16,Marvel Stadium,Carlton Blues,Greater Western Sydney Giants,57,135,16676.0,-78,A,0.0
20150516_SydneySwans,2015,7,2015-05-16,Accor Stadium,Sydney Swans,Geelong Cats,120,77,28063.0,43,H,1.0
20150516_AdelaideCrows,2015,7,2015-05-16,Adelaide Oval,Adelaide Crows,St Kilda Saints,119,73,43532.0,46,H,1.0
20150517_WesternBulldogs,2015,7,2015-05-17,Marvel Stadium,Western Bulldogs,Fremantle Dockers,88,101,18170.0,-13,A,0.0
20150517_BrisbaneLions,2015,7,2015-05-17,The Gabba,Brisbane Lions,Port Adelaide Power,102,65,15957.0,37,H,1.0
20150517_RichmondTigers,2015,7,2015-05-17,Melbourne Cricket Ground,Richmond Tigers,Collingwood Magpies,105,100,59034.0,5,H,1.0
20150522_GeelongCats,2015,8,2015-05-22,Marvel Stadium,Geelong Cats,Carlton Blues,140,63,32032.0,77,H,1.0
20150523_GreaterWesternSydneyGiants,2015,8,2015-05-23,ENGIE Stadium,Greater Western Sydney Giants,Adelaide Crows,108,84,9481.0,24,H,1.0
20150523_FremantleDockers,2015,8,2015-05-23,Domain Stadium,Fremantle Dockers,North Melbourne Kangaroos,115,42,35836.0,73,H,1.0
20150523_HawthornHawks,2015,8,2015-05-23,Melbourne Cricket Ground,Hawthorn Hawks,Sydney Swans,69,73,63319.0,-4,A,0.0
20150523_GoldCoastSuns,2015,8,2015-05-23,People First Stadium,Gold Coast Suns,Collingwood Magpies,63,132,16440.0,-69,A,0.0
20150523_StKildaSaints,2015,8,2015-05-23,Marvel Stadium,St Kilda Saints,West Coast Eagles,78,131,23598.0,-53,A,0.0
20150524_MelbourneDemons,2015,8,2015-05-24,Melbourne Cricket Ground,Melbourne Demons,Western Bulldogs,103,64,29381.0,39,H,1.0
20150524_PortAdelaidePower,2015,8,2015-05-24,Adelaide Oval,Port Adelaide Power,Richmond Tigers,43,76,45268.0,-33,A,0.0
20150524_EssendonBombers,2015,8,2015-05-24,Marvel Stadium,Essendon Bombers,Brisbane Lions,136,78,36857.0,58,H,1.0
20150529_SydneySwans,2015,9,2015-05-29,Sydney Cricket Ground,Sydney Swans,Carlton Blues,122,62,32105.0,60,H,1.0
20150530_RichmondTigers,2015,9,2015-05-30,Melbourne Cricket Ground,Richmond Tigers,Essendon Bombers,72,59,83804.0,13,H,1.0
20150530_HawthornHawks,2015,9,2015-05-30,UTAS Stadium,Hawthorn Hawks,Gold Coast Suns,93,40,11320.0,53,H,1.0
20150530_WesternBulldogs,2015,9,2015-05-30,Marvel Stadium,Western Bulldogs,Greater Western Sydney Giants,113,68,16395.0,45,H,1.0
20150530_MelbourneDemons,2015,9,2015-05-30,TIO Traeger Park,Melbourne Demons,Port Adelaide Power,54,115,4866.0,-61,A,0.0
20150530_AdelaideCrows,2015,9,2015-05-30,Adelaide Oval,Adelaide Crows,Fremantle Dockers,57,68,45518.0,-11,A,0.0
20150531_WestCoastEagles,2015,9,2015-05-31,Domain Stadium,West Coast Eagles,Geelong Cats,120,64,37676.0,56,H,1.0
20150531_BrisbaneLions,2015,9,2015-05-31,The Gabba,Brisbane Lions,St Kilda Saints,86,108,16898.0,-22,A,0.0
20150531_CollingwoodMagpies,2015,9,2015-05-31,Melbourne Cricket Ground,Collingwood Magpies,North Melbourne Kangaroos,112,95,43452.0,17,H,1.0
20150605_FremantleDockers,2015,10,2015-06-05,Domain Stadium,Fremantle Dockers,Richmond Tigers,70,97,38019.0,-27,A,0.0
20150606_CarltonBlues,2015,10,2015-06-06,Melbourne Cricket Ground,Carlton Blues,Adelaide Crows,90,99,32035.0,-9,A,0.0
20150606_EssendonBombers,2015,10,2015-06-06,Marvel Stadium,Essendon Bombers,Geelong Cats,53,122,40632.0,-69,A,0.0
20150606_PortAdelaidePower,2015,10,2015-06-06,Adelaide Oval,Port Adelaide Power,Western Bulldogs,100,62,41813.0,38,H,1.0
20150606_GoldCoastSuns,2015,10,2015-06-06,People First Stadium,Gold Coast Suns,Sydney Swans,41,93,13068.0,-52,A,0.0
20150607_GreaterWesternSydneyGiants,2015,10,2015-06-07,ENGIE Stadium,Greater Western Sydney Giants,Brisbane Lions,97,67,9079.0,30,H,1.0
20150607_StKildaSaints,2015,10,2015-06-07,Marvel Stadium,St Kilda Saints,Hawthorn Hawks,69,132,33886.0,-63,A,0.0
20150607_NorthMelbourneKangaroos,2015,10,2015-06-07,Ninja Stadium,North Melbourne Kangaroos,West Coast Eagles,85,75,12011.0,10,H,1.0
20150608_MelbourneDemons,2015,10,2015-06-08,Melbourne Cricket Ground,Melbourne Demons,Collingwood Magpies,85,110,66120.0,-25,A,0.0
20150612_PortAdelaidePower,2015,11,2015-06-12,Adelaide Oval,Port Adelaide Power,Geelong Cats,69,92,47058.0,-23,A,0.0
20150613_GoldCoastSuns,2015,11,2015-06-13,People First Stadium,Gold Coast Suns,Fremantle Dockers,46,53,8911.0,-7,A,0.0
20150613_NorthMelbourneKangaroos,2015,11,2015-06-13,Marvel Stadium,North Melbourne Kangaroos,Sydney Swans,75,91,32217.0,-16,A,0.0
20150613_WestCoastEagles,2015,11,2015-06-13,Domain Stadium,West Coast Eagles,Essendon Bombers,96,46,37306.0,50,H,1.0
20150614_StKildaSaints,2015,11,2015-06-14,Marvel Stadium,St Kilda Saints,Melbourne Demons,85,83,25187.0,2,H,1.0
20150614_CollingwoodMagpies,2015,11,2015-06-14,Melbourne Cricket Ground,Collingwood Magpies,Greater Western Sydney Giants,119,77,43390.0,42,H,1.0
20150618_AdelaideCrows,2015,12,2015-06-18,Adelaide Oval,Adelaide Crows,Hawthorn Hawks,85,114,50023.0,-29,A,0.0
20150619_RichmondTigers,2015,12,2015-06-19,Melbourne Cricket Ground,Richmond Tigers,West Coast Eagles,70,90,45178.0,-20,A,0.0
20150620_GreaterWesternSydneyGiants,2015,12,2015-06-20,ENGIE Stadium,Greater Western Sydney Giants,North Melbourne Kangaroos,61,117,7824.0,-56,A,0.0
20150620_CarltonBlues,2015,12,2015-06-20,Melbourne Cricket Ground,Carlton Blues,Port Adelaide Power,110,106,27693.0,4,H,1.0
20150620_WesternBulldogs,2015,12,2015-06-20,Marvel Stadium,Western Bulldogs,Brisbane Lions,146,74,21129.0,72,H,1.0
20150621_GeelongCats,2015,12,2015-06-21,GMHBA Stadium,Geelong Cats,Melbourne Demons,89,113,28007.0,-24,A,0.0
20150625_FremantleDockers,2015,13,2015-06-25,Domain Stadium,Fremantle Dockers,Collingwood Magpies,80,73,37145.0,7,H,1.0
20150626_SydneySwans,2015,13,2015-06-26,Sydney Cricket Ground,Sydney Swans,Richmond Tigers,77,95,37579.0,-18,A,0.0
20150627_HawthornHawks,2015,13,2015-06-27,Melbourne Cricket Ground,Hawthorn Hawks,Essendon Bombers,114,76,62500.0,38,H,1.0
20150627_BrisbaneLions,2015,13,2015-06-27,The Gabba,Brisbane Lions,Adelaide Crows,69,82,18146.0,-13,A,0.0
20150627_StKildaSaints,2015,13,2015-06-27,Marvel Stadium,St Kilda Saints,Western Bulldogs,56,62,26511.0,-6,A,0.0
20150628_CarltonBlues,2015,13,2015-06-28,Marvel Stadium,Carlton Blues,Gold Coast Suns,103,69,30207.0,34,H,1.0
20150702_SydneySwans,2015,14,2015-07-02,Sydney Cricket Ground,Sydney Swans,Port Adelaide Power,94,84,28316.0,10,H,1.0
20150703_CollingwoodMagpies,2015,14,2015-07-03,Melbourne Cricket Ground,Collingwood Magpies,Hawthorn Hawks,91,101,75880.0,-10,A,0.0
20150704_WesternBulldogs,2015,14,2015-07-04,Marvel Stadium,Western Bulldogs,Carlton Blues,64,53,31445.0,11,H,1.0
20150704_MelbourneDemons,2015,14,2015-07-04,TIO Stadium,Melbourne Demons,West Coast Eagles,60,114,11873.0,-54,A,0.0
20150704_GoldCoastSuns,2015,14,2015-07-04,People First Stadium,Gold Coast Suns,North Melbourne Kangaroos,125,70,14444.0,55,H,1.0
20150704_RichmondTigers,2015,14,2015-07-04,Melbourne Cricket Ground,Richmond Tigers,Greater Western Sydney Giants,78,69,35968.0,9,H,1.0
20150705_EssendonBombers,2015,14,2015-07-05,Marvel Stadium,Essendon Bombers,St Kilda Saints,52,162,38020.0,-110,A,0.0
20150705_FremantleDockers,2015,14,2015-07-05,Domain Stadium,Fremantle Dockers,Brisbane Lions,84,48,32970.0,36,H,1.0
20150709_PortAdelaidePower,2015,15,2015-07-09,Adelaide Oval,Port Adelaide Power,Collingwood Magpies,66,63,45418.0,3,H,1.0
20150710_RichmondTigers,2015,15,2015-07-10,Melbourne Cricket Ground,Richmond Tigers,Carlton Blues,71,41,52564.0,30,H,1.0
20150711_WesternBulldogs,2015,15,2015-07-11,Cazaly's Stadium,Western Bulldogs,Gold Coast Suns,95,73,9449.0,22,H,1.0
20150711_EssendonBombers,2015,15,2015-07-11,Melbourne Cricket Ground,Essendon Bombers,Melbourne Demons,69,60,38861.0,9,H,1.0
20150711_NorthMelbourneKangaroos,2015,15,2015-07-11,Marvel Stadium,North Melbourne Kangaroos,Geelong Cats,120,79,31270.0,41,H,1.0
20150711_WestCoastEagles,2015,15,2015-07-11,Domain Stadium,West Coast Eagles,Adelaide Crows,147,91,38133.0,56,H,1.0
20150712_GreaterWesternSydneyGiants,2015,15,2015-07-12,ENGIE Stadium,Greater Western Sydney Giants,St Kilda Saints,84,49,9178.0,35,H,1.0
20150712_HawthornHawks,2015,15,2015-07-12,UTAS Stadium,Hawthorn Hawks,Fremantle Dockers,115,43,16792.0,72,H,1.0
20150712_BrisbaneLions,2015,15,2015-07-12,The Gabba,Brisbane Lions,Sydney Swans,49,70,16936.0,-21,A,0.0
20150717_NorthMelbourneKangaroos,2015,16,2015-07-17,Marvel Stadium,North Melbourne Kangaroos,Essendon Bombers,93,68,31025.0,25,H,1.0
20150718_GeelongCats,2015,16,2015-07-18,GMHBA Stadium,Geelong Cats,Western Bulldogs,72,64,25041.0,8,H,1.0
20150718_FremantleDockers,2015,16,2015-07-18,Domain Stadium,Fremantle Dockers,Carlton Blues,95,53,33581.0,42,H,1.0
20150718_GoldCoastSuns,2015,16,2015-07-18,People First Stadium,Gold Coast Suns,Greater Western Sydney Giants,79,94,9589.0,-15,A,0.0
20150718_SydneySwans,2015,16,2015-07-18,Accor Stadium,Sydney Swans,Hawthorn Hawks,57,146,37369.0,-89,A,0.0
20150718_CollingwoodMagpies,2015,16,2015-07-18,Marvel Stadium,Collingwood Magpies,West Coast Eagles,56,87,36527.0,-31,A,0.0
20150719_MelbourneDemons,2015,16,2015-07-19,Melbourne Cricket Ground,Melbourne Demons,Brisbane Lions,60,36,25149.0,24,H,1.0
20150719_StKildaSaints,2015,16,2015-07-19,Marvel Stadium,St Kilda Saints,Richmond Tigers,73,89,45722.0,-16,A,0.0
20150719_PortAdelaidePower,2015,16,2015-07-19,Adelaide Oval,Port Adelaide Power,Adelaide Crows,113,116,54468.0,-3,A,0.0
20150724_CarltonBlues,2015,17,2015-07-24,Marvel Stadium,Carlton Blues,Hawthorn Hawks,35,173,26815.0,-138,A,0.0
20150725_AdelaideCrows,2015,17,2015-07-25,Adelaide Oval,Adelaide Crows,Gold Coast Suns,125,80,42656.0,45,H,1.0
20150725_GreaterWesternSydneyGiants,2015,17,2015-07-25,Manuka Oval,Greater Western Sydney Giants,Geelong Cats,42,69,14667.0,-27,A,0.0
20150725_BrisbaneLions,2015,17,2015-07-25,The Gabba,Brisbane Lions,North Melbourne Kangaroos,38,110,15563.0,-72,A,0.0
20150725_EssendonBombers,2015,17,2015-07-25,Marvel Stadium,Essendon Bombers,Port Adelaide Power,116,129,23705.0,-13,A,0.0
20150725_RichmondTigers,2015,17,2015-07-25,Melbourne Cricket Ground,Richmond Tigers,Fremantle Dockers,78,82,39777.0,-4,A,0.0
20150726_WestCoastEagles,2015,17,2015-07-26,Domain Stadium,West Coast Eagles,Sydney Swans,103,51,38760.0,52,H,1.0
20150726_WesternBulldogs,2015,17,2015-07-26,Marvel Stadium,Western Bulldogs,Collingwood Magpies,104,86,40581.0,18,H,1.0
20150726_MelbourneDemons,2015,17,2015-07-26,Melbourne Cricket Ground,Melbourne Demons,St Kilda Saints,46,83,22945.0,-37,A,0.0
20150731_HawthornHawks,2015,18,2015-07-31,Melbourne Cricket Ground,Hawthorn Hawks,Richmond Tigers,53,71,66305.0,-18,A,0.0
20150801_GeelongCats,2015,18,2015-08-01,GMHBA Stadium,Geelong Cats,Brisbane Lions,113,57,21914.0,56,H,1.0
20150801_CarltonBlues,2015,18,2015-08-01,Marvel Stadium,Carlton Blues,North Melbourne Kangaroos,54,118,25251.0,-64,A,0.0
20150801_GoldCoastSuns,2015,18,2015-08-01,People First Stadium,Gold Coast Suns,West Coast Eagles,83,83,9341.0,0,D,
20150801_CollingwoodMagpies,2015,18,2015-08-01,Melbourne Cricket Ground,Collingwood Magpies,Melbourne Demons,54,91,37894.0,-37,A,0.0
20150801_SydneySwans,2015,18,2015-08-01,Sydney Cricket Ground,Sydney Swans,Adelaide Crows,117,65,38690.0,52,H,1.0
20150802_PortAdelaidePower,2015,18,2015-08-02,Adelaide Oval,Port Adelaide Power,St Kilda Saints,112,49,36850.0,63,H,1.0
20150802_EssendonBombers,2015,18,2015-08-02,Marvel Stadium,Essendon Bombers,Western Bulldogs,40,127,33466.0,-87,A,0.0
20150802_FremantleDockers,2015,18,2015-08-02,Domain Stadium,Fremantle Dockers,Greater Western Sydney Giants,84,63,34626.0,21,H,1.0
20150807_AdelaideCrows,2015,19,2015-08-07,Adelaide Oval,Adelaide Crows,Richmond Tigers,88,52,50094.0,36,H,1.0
20150808_GeelongCats,2015,19,2015-08-08,GMHBA Stadium,Geelong Cats,Sydney Swans,95,63,27910.0,32,H,1.0
20150808_CollingwoodMagpies,2015,19,2015-08-08,Melbourne Cricket Ground,Collingwood Magpies,Carlton Blues,105,87,48133.0,18,H,1.0
20150808_WestCoastEagles,2015,19,2015-08-08,Domain Stadium,West Coast Eagles,Hawthorn Hawks,74,88,34843.0,-14,A,0.0
20150808_BrisbaneLions,2015,19,2015-08-08,The Gabba,Brisbane Lions,Gold Coast Suns,100,114,20025.0,-14,A,0.0
20150808_WesternBulldogs,2015,19,2015-08-08,Marvel Stadium,Western Bulldogs,Port Adelaide Power,128,64,20590.0,64,H,1.0
20150809_GreaterWesternSydneyGiants,2015,19,2015-08-09,ENGIE Stadium,Greater Western Sydney Giants,Essendon Bombers,93,61,10093.0,32,H,1.0
20150809_MelbourneDemons,2015,19,2015-08-09,Melbourne Cricket Ground,Melbourne Demons,North Melbourne Kangaroos,92,127,30695.0,-35,A,0.0
20150809_StKildaSaints,2015,19,2015-08-09,Marvel Stadium,St Kilda Saints,Fremantle Dockers,59,96,16419.0,-37,A,0.0
20150814_SydneySwans,2015,20,2015-08-14,Sydney Cricket Ground,Sydney Swans,Collingwood Magpies,87,76,38408.0,11,H,1.0
20150815_BrisbaneLions,2015,20,2015-08-15,The Gabba,Brisbane Lions,Carlton Blues,131,67,17744.0,64,H,1.0
20150815_EssendonBombers,2015,20,2015-08-15,Marvel Stadium,Essendon Bombers,Adelaide Crows,59,171,25914.0,-112,A,0.0
20150815_GeelongCats,2015,20,2015-08-15,Melbourne Cricket Ground,Geelong Cats,Hawthorn Hawks,85,121,55802.0,-36,A,0.0
20150815_NorthMelbourneKangaroos,2015,20,2015-08-15,Ninja Stadium,North Melbourne Kangaroos,St Kilda Saints,120,83,14346.0,37,H,1.0
20150815_PortAdelaidePower,2015,20,2015-08-15,Adelaide Oval,Port Adelaide Power,Greater Western Sydney Giants,111,90,33281.0,21,H,1.0
20150816_FremantleDockers,2015,20,2015-08-16,Domain Stadium,Fremantle Dockers,West Coast Eagles,80,104,41959.0,-24,A,0.0
20150816_RichmondTigers,2015,20,2015-08-16,Melbourne Cricket Ground,Richmond Tigers,Gold Coast Suns,138,55,38508.0,83,H,1.0
20150816_WesternBulldogs,2015,20,2015-08-16,Marvel Stadium,Western Bulldogs,Melbourne Demons,153,55,27805.0,98,H,1.0
20150821_HawthornHawks,2015,21,2015-08-21,Marvel Stadium,Hawthorn Hawks,Port Adelaide Power,86,108,28657.0,-22,A,0.0
20150822_StKildaSaints,2015,21,2015-08-22,Marvel Stadium,St Kilda Saints,Geelong Cats,97,97,25245.0,0,D,
20150822_GoldCoastSuns,2015,21,2015-08-22,People First Stadium,Gold Coast Suns,Essendon Bombers,97,95,16253.0,2,H,1.0
20150822_GreaterWesternSydneyGiants,2015,21,2015-08-22,ENGIE Stadium,Greater Western Sydney Giants,Sydney Swans,44,133,19507.0,-89,A,0.0
20150822_CollingwoodMagpies,2015,21,2015-08-22,Melbourne Cricket Ground,Collingwood Magpies,Richmond Tigers,56,147,63178.0,-91,A,0.0
20150822_AdelaideCrows,2015,21,2015-08-22,Adelaide Oval,Adelaide Crows,Brisbane Lions,131,44,47527.0,87,H,1.0
20150823_CarltonBlues,2015,21,2015-08-23,Melbourne Cricket Ground,Carlton Blues,Melbourne Demons,78,55,33962.0,23,H,1.0
20150823_WestCoastEagles,2015,21,2015-08-23,Domain Stadium,West Coast Eagles,Western Bulldogs,162,85,37733.0,77,H,1.0
20150823_NorthMelbourneKangaroos,2015,21,2015-08-23,Marvel Stadium,North Melbourne Kangaroos,Fremantle Dockers,94,83,23857.0,11,H,1.0
20150828_GeelongCats,2015,22,2015-08-28,Melbourne Cricket Ground,Geelong Cats,Collingwood Magpies,62,110,40582.0,-48,A,0.0
20150829_EssendonBombers,2015,22,2015-08-29,Melbourne Cricket Ground,Essendon Bombers,Richmond Tigers,47,74,37864.0,-27,A,0.0
20150829_HawthornHawks,2015,22,2015-08-29,UTAS Stadium,Hawthorn Hawks,Brisbane Lions,134,62,11731.0,72,H,1.0
20150829_NorthMelbourneKangaroos,2015,22,2015-08-29,Marvel Stadium,North Melbourne Kangaroos,Western Bulldogs,73,96,37299.0,-23,A,0.0
20150829_GoldCoastSuns,2015,22,2015-08-29,People First Stadium,Gold Coast Suns,Port Adelaide Power,51,88,9343.0,-37,A,0.0
20150829_GreaterWesternSydneyGiants,2015,22,2015-08-29,ENGIE Stadium,Greater Western Sydney Giants,Carlton Blues,132,51,9538.0,81,H,1.0
20150830_FremantleDockers,2015,22,2015-08-30,Domain Stadium,Fremantle Dockers,Melbourne Demons,108,54,33529.0,54,H,1.0
20150830_AdelaideCrows,2015,22,2015-08-30,Adelaide Oval,Adelaide Crows,West Coast Eagles,126,69,53445.0,57,H,1.0
20150830_StKildaSaints,2015,22,2015-08-30,Marvel Stadium,St Kilda Saints,Sydney Swans,38,135,27856.0,-97,A,0.0
20150904_RichmondTigers,2015,23,2015-09-04,Marvel Stadium,Richmond Tigers,North Melbourne Kangaroos,108,67,40461.0,41,H,1.0
20150905_BrisbaneLions,2015,23,2015-09-05,The Gabba,Brisbane Lions,Western Bulldogs,130,122,15434.0,8,H,1.0
20150905_WestCoastEagles,2015,23,2015-09-05,Domain Stadium,West Coast Eagles,St Kilda Saints,125,30,36165.0,95,H,1.0
20150905_SydneySwans,2015,23,2015-09-05,Sydney Cricket Ground,Sydney Swans,Gold Coast Suns,127,64,25424.0,63,H,1.0
20150905_GeelongCats,2015,23,2015-09-05,GMHBA Stadium,Geelong Cats,Adelaide Crows,119,80,26128.0,39,H,1.0
20150905_PortAdelaidePower,2015,23,2015-09-05,Adelaide Oval,Port Adelaide Power,Fremantle Dockers,122,53,38633.0,69,H,1.0
20150905_HawthornHawks,2015,23,2015-09-05,Melbourne Cricket Ground,Hawthorn Hawks,Carlton Blues,113,56,33182.0,57,H,1.0
20150906_CollingwoodMagpies,2015,23,2015-09-06,Melbourne Cricket Ground,Collingwood Magpies,Essendon Bombers,92,95,40270.0,-3,A,0.0
20150906_MelbourneDemons,2015,23,2015-09-06,Marvel Stadium,Melbourne Demons,Greater Western Sydney Giants,103,77,8974.0,26,H,1.0
20150911_WestCoastEagles,2015,QF,2015-09-11,Domain Stadium,West Coast Eagles,Hawthorn Hawks,96,64,42663.0,32,H,1.0
20150912_WesternBulldogs,2015,EF,2015-09-12,Melbourne Cricket Ground,Western Bulldogs,Adelaide Crows,102,109,60782.0,-7,A,0.0
20150912_FremantleDockers,2015,QF,2015-09-12,Domain Stadium,Fremantle Dockers,Sydney Swans,69,60,40071.0,9,H,1.0
20150913_RichmondTigers,2015,EF,2015-09-13,Melbourne Cricket Ground,Richmond Tigers,North Melbourne Kangaroos,88,105,90186.0,-17,A,0.0
20150918_HawthornHawks,2015,SF,2015-09-18,Melbourne Cricket Ground,Hawthorn Hawks,Adelaide Crows,135,61,70879.0,74,H,1.0
20150919_SydneySwans,2015,SF,2015-09-19,Accor Stadium,Sydney Swans,North Melbourne Kangaroos,51,77,31162.0,-26,A,0.0
20150925_FremantleDockers,2015,PF,2015-09-25,Domain Stadium,Fremantle Dockers,Hawthorn Hawks,67,94,41508.0,-27,A,0.0
20150926_WestCoastEagles,2015,PF,2015-09-26,Domain Stadium,West Coast Eagles,North Melbourne Kangaroos,80,55,43080.0,25,H,1.0
20151003_HawthornHawks,2015,GF,2015-10-03,Melbourne Cricket Ground,Hawthorn Hawks,West Coast Eagles,107,61,98633.0,46,H,1.0
20160324_RichmondTigers,2016,1,2016-03-24,Melbourne Cricket Ground,Richmond Tigers,Carlton Blues,92,83,75706.0,9,H,1.0
20160326_GoldCoastSuns,2016,1,2016-03-26,People First Stadium,Gold Coast Suns,Essendon Bombers,121,60,16239.0,61,H,1.0
20160326_NorthMelbourneKangaroos,2016,1,2016-03-26,Marvel Stadium,North Melbourne Kangaroos,Adelaide Crows,107,97,25485.0,10,H,1.0
20160326_SydneySwans,2016,1,2016-03-26,Accor Stadium,Sydney Swans,Collingwood Magpies,133,53,33857.0,80,H,1.0
20160326_MelbourneDemons,2016,1,2016-03-26,Melbourne Cricket Ground,Melbourne Demons,Greater Western Sydney Giants,80,78,28505.0,2,H,1.0
20160327_WestCoastEagles,2016,1,2016-03-27,Domain Stadium,West Coast Eagles,Brisbane Lions,166,102,35201.0,64,H,1.0
20160327_WesternBulldogs,2016,1,2016-03-27,Marvel Stadium,Western Bulldogs,Fremantle Dockers,103,38,27832.0,65,H,1.0
20160327_PortAdelaidePower,2016,1,2016-03-27,Adelaide Oval,Port Adelaide Power,St Kilda Saints,133,100,43807.0,33,H,1.0
20160328_GeelongCats,2016,1,2016-03-28,Melbourne Cricket Ground,Geelong Cats,Hawthorn Hawks,116,86,74218.0,30,H,1.0
20160401_CollingwoodMagpies,2016,2,2016-04-01,Melbourne Cricket Ground,Collingwood Magpies,Richmond Tigers,87,86,72761.0,1,H,1.0
20160402_FremantleDockers,2016,2,2016-04-02,Domain Stadium,Fremantle Dockers,Gold Coast Suns,100,126,34208.0,-26,A,0.0
20160402_BrisbaneLions,2016,2,2016-04-02,The Gabba,Brisbane Lions,North Melbourne Kangaroos,83,117,18021.0,-34,A,0.0
20160402_EssendonBombers,2016,2,2016-04-02,Melbourne Cricket Ground,Essendon Bombers,Melbourne Demons,80,67,50424.0,13,H,1.0
20160402_AdelaideCrows,2016,2,2016-04-02,Adelaide Oval,Adelaide Crows,Port Adelaide Power,144,86,51585.0,58,H,1.0
20160402_StKildaSaints,2016,2,2016-04-02,Marvel Stadium,St Kilda Saints,Western Bulldogs,36,93,37353.0,-57,A,0.0
20160403_CarltonBlues,2016,2,2016-04-03,Marvel Stadium,Carlton Blues,Sydney Swans,71,131,33146.0,-60,A,0.0
20160403_HawthornHawks,2016,2,2016-04-03,Melbourne Cricket Ground,Hawthorn Hawks,West Coast Eagles,99,53,42977.0,46,H,1.0
20160403_GreaterWesternSydneyGiants,2016,2,2016-04-03,Manuka Oval,Greater Western Sydney Giants,Geelong Cats,89,76,13656.0,13,H,1.0
20160408_PortAdelaidePower,2016,3,2016-04-08,Adelaide Oval,Port Adelaide Power,Essendon Bombers,112,51,44601.0,61,H,1.0
20160409_StKildaSaints,2016,3,2016-04-09,Melbourne Cricket Ground,St Kilda Saints,Collingwood Magpies,119,90,50903.0,29,H,1.0
20160409_SydneySwans,2016,3,2016-04-09,Sydney Cricket Ground,Sydney Swans,Greater Western Sydney Giants,93,68,37045.0,25,H,1.0
20160409_RichmondTigers,2016,3,2016-04-09,Marvel Stadium,Richmond Tigers,Adelaide Crows,92,128,29951.0,-36,A,0.0
20160409_WestCoastEagles,2016,3,2016-04-09,Domain Stadium,West Coast Eagles,Fremantle Dockers,92,59,40555.0,33,H,1.0
20160409_GoldCoastSuns,2016,3,2016-04-09,People First Stadium,Gold Coast Suns,Carlton Blues,95,41,13885.0,54,H,1.0
20160410_GeelongCats,2016,3,2016-04-10,GMHBA Stadium,Geelong Cats,Brisbane Lions,125,56,23320.0,69,H,1.0
20160410_NorthMelbourneKangaroos,2016,3,2016-04-10,Ninja Stadium,North Melbourne Kangaroos,Melbourne Demons,136,131,12607.0,5,H,1.0
20160410_WesternBulldogs,2016,3,2016-04-10,Marvel Stadium,Western Bulldogs,Hawthorn Hawks,90,93,46808.0,-3,A,0.0
20160415_WestCoastEagles,2016,4,2016-04-15,Domain Stadium,West Coast Eagles,Richmond Tigers,125,57,38860.0,68,H,1.0
20160416_EssendonBombers,2016,4,2016-04-16,Melbourne Cricket Ground,Essendon Bombers,Geelong Cats,42,72,42723.0,-30,A,0.0
20160416_BrisbaneLions,2016,4,2016-04-16,The Gabba,Brisbane Lions,Gold Coast Suns,107,94,20041.0,13,H,1.0
20160416_AdelaideCrows,2016,4,2016-04-16,Adelaide Oval,Adelaide Crows,Sydney Swans,113,103,51330.0,10,H,1.0
20160416_HawthornHawks,2016,4,2016-04-16,UTAS Stadium,Hawthorn Hawks,St Kilda Saints,87,84,17052.0,3,H,1.0
20160416_CarltonBlues,2016,4,2016-04-16,Marvel Stadium,Carlton Blues,Western Bulldogs,49,85,27622.0,-36,A,0.0
20160417_NorthMelbourneKangaroos,2016,4,2016-04-17,Marvel Stadium,North Melbourne Kangaroos,Fremantle Dockers,132,101,23393.0,31,H,1.0
20160417_CollingwoodMagpies,2016,4,2016-04-17,Melbourne Cricket Ground,Collingwood Magpies,Melbourne Demons,67,102,47558.0,-35,A,0.0
20160417_GreaterWesternSydneyGiants,2016,4,2016-04-17,Manuka Oval,Greater Western Sydney Giants,Port Adelaide Power,151,65,10028.0,86,H,1.0
20160422_HawthornHawks,2016,5,2016-04-22,Melbourne Cricket Ground,Hawthorn Hawks,Adelaide Crows,112,109,45781.0,3,H,1.0
20160423_WesternBulldogs,2016,5,2016-04-23,Marvel Stadium,Western Bulldogs,Brisbane Lions,120,67,25097.0,53,H,1.0
20160423_SydneySwans,2016,5,2016-04-23,Sydney Cricket Ground,Sydney Swans,West Coast Eagles,88,49,35427.0,39,H,1.0
20160423_PortAdelaidePower,2016,5,2016-04-23,Adelaide Oval,Port Adelaide Power,Geelong Cats,59,107,44937.0,-48,A,0.0
20160423_GoldCoastSuns,2016,5,2016-04-23,People First Stadium,Gold Coast Suns,North Melbourne Kangaroos,81,119,13351.0,-38,A,0.0
20160424_MelbourneDemons,2016,5,2016-04-24,Melbourne Cricket Ground,Melbourne Demons,Richmond Tigers,129,96,59968.0,33,H,1.0
20160424_StKildaSaints,2016,5,2016-04-24,Marvel Stadium,St Kilda Saints,Greater Western Sydney Giants,79,126,21052.0,-47,A,0.0
20160424_FremantleDockers,2016,5,2016-04-24,Domain Stadium,Fremantle Dockers,Carlton Blues,68,72,34796.0,-4,A,0.0
20160425_CollingwoodMagpies,2016,5,2016-04-25,Melbourne Cricket Ground,Collingwood Magpies,Essendon Bombers,142,73,85082.0,69,H,1.0
20160429_NorthMelbourneKangaroos,2016,6,2016-04-29,Marvel Stadium,North Melbourne Kangaroos,Western Bulldogs,61,45,47622.0,16,H,1.0
20160430_GreaterWesternSydneyGiants,2016,6,2016-04-30,ENGIE Stadium,Greater Western Sydney Giants,Hawthorn Hawks,158,83,13766.0,75,H,1.0
20160430_RichmondTigers,2016,6,2016-04-30,Melbourne Cricket Ground,Richmond Tigers,Port Adelaide Power,59,94,27077.0,-35,A,0.0
20160430_MelbourneDemons,2016,6,2016-04-30,Marvel Stadium,Melbourne Demons,St Kilda Saints,96,135,27260.0,-39,A,0.0
20160430_AdelaideCrows,2016,6,2016-04-30,Adelaide Oval,Adelaide Crows,Fremantle Dockers,97,64,47423.0,33,H,1.0
20160430_GeelongCats,2016,6,2016-04-30,GMHBA Stadium,Geelong Cats,Gold Coast Suns,168,48,23007.0,120,H,1.0
20160501_CarltonBlues,2016,6,2016-05-01,Melbourne Cricket Ground,Carlton Blues,Essendon Bombers,72,57,43827.0,15,H,1.0
20160501_WestCoastEagles,2016,6,2016-05-01,Domain Stadium,West Coast Eagles,Collingwood Magpies,124,62,37931.0,62,H,1.0
20160501_BrisbaneLions,2016,6,2016-05-01,The Gabba,Brisbane Lions,Sydney Swans,94,97,14646.0,-3,A,0.0
20160506_RichmondTigers,2016,7,2016-05-06,Melbourne Cricket Ground,Richmond Tigers,Hawthorn Hawks,90,136,49678.0,-46,A,0.0
20160507_FremantleDockers,2016,7,2016-05-07,Domain Stadium,Fremantle Dockers,Greater Western Sydney Giants,77,95,28201.0,-18,A,0.0
20160507_CollingwoodMagpies,2016,7,2016-05-07,Melbourne Cricket Ground,Collingwood Magpies,Carlton Blues,84,99,60222.0,-15,A,0.0
20160507_GeelongCats,2016,7,2016-05-07,GMHBA Stadium,Geelong Cats,West Coast Eagles,123,79,25429.0,44,H,1.0
20160507_SydneySwans,2016,7,2016-05-07,Accor Stadium,Sydney Swans,Essendon Bombers,135,54,29527.0,81,H,1.0
20160507_GoldCoastSuns,2016,7,2016-05-07,People First Stadium,Gold Coast Suns,Melbourne Demons,87,160,12780.0,-73,A,0.0
20160507_WesternBulldogs,2016,7,2016-05-07,Marvel Stadium,Western Bulldogs,Adelaide Crows,123,108,26984.0,15,H,1.0
20160508_PortAdelaidePower,2016,7,2016-05-08,Adelaide Oval,Port Adelaide Power,Brisbane Lions,136,59,32399.0,77,H,1.0
20160508_StKildaSaints,2016,7,2016-05-08,Marvel Stadium,St Kilda Saints,North Melbourne Kangaroos,75,82,27254.0,-7,A,0.0
20160513_AdelaideCrows,2016,8,2016-05-13,Adelaide Oval,Adelaide Crows,Geelong Cats,72,98,53141.0,-26,A,0.0
20160514_HawthornHawks,2016,8,2016-05-14,UTAS Stadium,Hawthorn Hawks,Fremantle Dockers,116,75,12012.0,41,H,1.0
20160514_EssendonBombers,2016,8,2016-05-14,Marvel Stadium,Essendon Bombers,North Melbourne Kangaroos,60,74,30321.0,-14,A,0.0
20160514_GreaterWesternSydneyGiants,2016,8,2016-05-14,ENGIE Stadium,Greater Western Sydney Giants,Gold Coast Suns,149,58,8308.0,91,H,1.0
20160514_BrisbaneLions,2016,8,2016-05-14,The Gabba,Brisbane Lions,Collingwood Magpies,65,143,24552.0,-78,A,0.0
20160514_RichmondTigers,2016,8,2016-05-14,Melbourne Cricket Ground,Richmond Tigers,Sydney Swans,101,100,36014.0,1,H,1.0
20160515_MelbourneDemons,2016,8,2016-05-15,Melbourne Cricket Ground,Melbourne Demons,Western Bulldogs,82,114,39921.0,-32,A,0.0
20160515_WestCoastEagles,2016,8,2016-05-15,Domain Stadium,West Coast Eagles,St Kilda Saints,132,29,36140.0,103,H,1.0
20160515_CarltonBlues,2016,8,2016-05-15,Marvel Stadium,Carlton Blues,Port Adelaide Power,93,91,26924.0,2,H,1.0
20160520_HawthornHawks,2016,9,2016-05-20,Melbourne Cricket Ground,Hawthorn Hawks,Sydney Swans,55,69,61552.0,-14,A,0.0
20160521_PortAdelaidePower,2016,9,2016-05-21,Adelaide Oval,Port Adelaide Power,West Coast Eagles,86,94,38695.0,-8,A,0.0
20160521_FremantleDockers,2016,9,2016-05-21,Domain Stadium,Fremantle Dockers,Richmond Tigers,45,83,20184.0,-38,A,0.0
20160521_NorthMelbourneKangaroos,2016,9,2016-05-21,Marvel Stadium,North Melbourne Kangaroos,Carlton Blues,113,46,38419.0,67,H,1.0
20160521_GoldCoastSuns,2016,9,2016-05-21,People First Stadium,Gold Coast Suns,Adelaide Crows,74,149,11692.0,-75,A,0.0
20160521_CollingwoodMagpies,2016,9,2016-05-21,Melbourne Cricket Ground,Collingwood Magpies,Geelong Cats,104,80,59864.0,24,H,1.0
20160522_MelbourneDemons,2016,9,2016-05-22,Melbourne Cricket Ground,Melbourne Demons,Brisbane Lions,131,68,26892.0,63,H,1.0
20160522_StKildaSaints,2016,9,2016-05-22,Marvel Stadium,St Kilda Saints,Essendon Bombers,109,63,29026.0,46,H,1.0
20160522_GreaterWesternSydneyGiants,2016,9,2016-05-22,ENGIE Stadium,Greater Western Sydney Giants,Western Bulldogs,98,73,9612.0,25,H,1.0
20160527_SydneySwans,2016,10,2016-05-27,Sydney Cricket Ground,Sydney Swans,North Melbourne Kangaroos,91,65,38498.0,26,H,1.0
20160528_EssendonBombers,2016,10,2016-05-28,Melbourne Cricket Ground,Essendon Bombers,Richmond Tigers,67,105,56948.0,-38,A,0.0
20160528_MelbourneDemons,2016,10,2016-05-28,TIO Traeger Park,Melbourne Demons,Port Adelaide Power,76,121,5146.0,-45,A,0.0
20160528_AdelaideCrows,2016,10,2016-05-28,Adelaide Oval,Adelaide Crows,Greater Western Sydney Giants,107,85,46737.0,22,H,1.0
20160528_BrisbaneLions,2016,10,2016-05-28,The Gabba,Brisbane Lions,Hawthorn Hawks,87,135,23691.0,-48,A,0.0
20160528_StKildaSaints,2016,10,2016-05-28,Marvel Stadium,St Kilda Saints,Fremantle Dockers,101,67,17927.0,34,H,1.0
20160529_CollingwoodMagpies,2016,10,2016-05-29,Melbourne Cricket Ground,Collingwood Magpies,Western Bulldogs,53,74,45078.0,-21,A,0.0
20160529_CarltonBlues,2016,10,2016-05-29,Marvel Stadium,Carlton Blues,Geelong Cats,104,85,33535.0,19,H,1.0
20160529_WestCoastEagles,2016,10,2016-05-29,Domain Stadium,West Coast Eagles,Gold Coast Suns,132,55,34945.0,77,H,1.0
20160603_NorthMelbourneKangaroos,2016,11,2016-06-03,Ninja Stadium,North Melbourne Kangaroos,Richmond Tigers,124,54,17844.0,70,H,1.0
20160604_GoldCoastSuns,2016,11,2016-06-04,People First Stadium,Gold Coast Suns,Sydney Swans,41,79,4368.0,-38,A,0.0
20160604_HawthornHawks,2016,11,2016-06-04,Melbourne Cricket Ground,Hawthorn Hawks,Melbourne Demons,82,64,41833.0,18,H,1.0
20160604_GeelongCats,2016,11,2016-06-04,GMHBA Stadium,Geelong Cats,Greater Western Sydney Giants,98,88,22007.0,10,H,1.0
20160604_FremantleDockers,2016,11,2016-06-04,Domain Stadium,Fremantle Dockers,Essendon Bombers,126,47,31199.0,79,H,1.0
20160604_CarltonBlues,2016,11,2016-06-04,Marvel Stadium,Carlton Blues,Brisbane Lions,102,64,30722.0,38,H,1.0
20160605_WesternBulldogs,2016,11,2016-06-05,Marvel Stadium,Western Bulldogs,West Coast Eagles,83,75,28769.0,8,H,1.0
20160605_AdelaideCrows,2016,11,2016-06-05,Adelaide Oval,Adelaide Crows,St Kilda Saints,133,45,40896.0,88,H,1.0
20160605_CollingwoodMagpies,2016,11,2016-06-05,Melbourne Cricket Ground,Collingwood Magpies,Port Adelaide Power,58,125,28567.0,-67,A,0.0
20160610_EssendonBombers,2016,12,2016-06-10,Marvel Stadium,Essendon Bombers,Hawthorn Hawks,43,151,27567.0,-108,A,0.0
20160611_PortAdelaidePower,2016,12,2016-06-11,Adelaide Oval,Port Adelaide Power,Western Bulldogs,97,100,40096.0,-3,A,0.0
20160611_WestCoastEagles,2016,12,2016-06-11,Domain Stadium,West Coast Eagles,Adelaide Crows,76,105,37591.0,-29,A,0.0
20160611_BrisbaneLions,2016,12,2016-06-11,The Gabba,Brisbane Lions,Fremantle Dockers,64,147,12899.0,-83,A,0.0
20160611_GeelongCats,2016,12,2016-06-11,Marvel Stadium,Geelong Cats,North Melbourne Kangaroos,105,74,44025.0,31,H,1.0
20160612_RichmondTigers,2016,12,2016-06-12,Melbourne Cricket Ground,Richmond Tigers,Gold Coast Suns,114,97,30448.0,17,H,1.0
20160612_StKildaSaints,2016,12,2016-06-12,Marvel Stadium,St Kilda Saints,Carlton Blues,110,78,47945.0,32,H,1.0
20160612_GreaterWesternSydneyGiants,2016,12,2016-06-12,ENGIE Stadium,Greater Western Sydney Giants,Sydney Swans,105,63,21541.0,42,H,1.0
20160613_MelbourneDemons,2016,12,2016-06-13,Melbourne Cricket Ground,Melbourne Demons,Collingwood Magpies,104,58,60158.0,46,H,1.0
20160617_NorthMelbourneKangaroos,2016,13,2016-06-17,Marvel Stadium,North Melbourne Kangaroos,Hawthorn Hawks,84,93,37073.0,-9,A,0.0
20160618_BrisbaneLions,2016,13,2016-06-18,The Gabba,Brisbane Lions,West Coast Eagles,82,131,12777.0,-49,A,0.0
20160618_WesternBulldogs,2016,13,2016-06-18,Marvel Stadium,Western Bulldogs,Geelong Cats,43,100,41725.0,-57,A,0.0
20160618_FremantleDockers,2016,13,2016-06-18,Domain Stadium,Fremantle Dockers,Port Adelaide Power,86,69,32448.0,17,H,1.0
20160619_EssendonBombers,2016,13,2016-06-19,Marvel Stadium,Essendon Bombers,Greater Western Sydney Giants,90,117,14463.0,-27,A,0.0
20160619_SydneySwans,2016,13,2016-06-19,Sydney Cricket Ground,Sydney Swans,Melbourne Demons,86,31,19086.0,55,H,1.0
20160623_AdelaideCrows,2016,14,2016-06-23,Adelaide Oval,Adelaide Crows,North Melbourne Kangaroos,100,67,37890.0,33,H,1.0
20160624_CollingwoodMagpies,2016,14,2016-06-24,Melbourne Cricket Ground,Collingwood Magpies,Fremantle Dockers,85,37,20320.0,48,H,1.0
20160625_RichmondTigers,2016,14,2016-06-25,Melbourne Cricket Ground,Richmond Tigers,Brisbane Lions,117,75,28883.0,42,H,1.0
20160625_StKildaSaints,2016,14,2016-06-25,Marvel Stadium,St Kilda Saints,Geelong Cats,93,90,28745.0,3,H,1.0
20160625_GreaterWesternSydneyGiants,2016,14,2016-06-25,ENGIE Stadium,Greater Western Sydney Giants,Carlton Blues,127,65,10355.0,62,H,1.0
20160626_HawthornHawks,2016,14,2016-06-26,UTAS Stadium,Hawthorn Hawks,Gold Coast Suns,86,60,10121.0,26,H,1.0
20160630_WestCoastEagles,2016,15,2016-06-30,Domain Stadium,West Coast Eagles,Essendon Bombers,130,52,33117.0,78,H,1.0
20160701_PortAdelaidePower,2016,15,2016-07-01,Adelaide Oval,Port Adelaide Power,Richmond Tigers,94,56,37848.0,38,H,1.0
20160702_GoldCoastSuns,2016,15,2016-07-02,People First Stadium,Gold Coast Suns,St Kilda Saints,108,68,14071.0,40,H,1.0
20160702_CarltonBlues,2016,15,2016-07-02,Melbourne Cricket Ground,Carlton Blues,Collingwood Magpies,45,57,56157.0,-12,A,0.0
20160702_SydneySwans,2016,15,2016-07-02,Sydney Cricket Ground,Sydney Swans,Western Bulldogs,79,83,33386.0,-4,A,0.0
20160703_MelbourneDemons,2016,15,2016-07-03,Melbourne Cricket Ground,Melbourne Demons,Adelaide Crows,98,120,29133.0,-22,A,0.0
20160707_PortAdelaidePower,2016,16,2016-07-07,Adelaide Oval,Port Adelaide Power,Hawthorn Hawks,79,101,43025.0,-22,A,0.0
20160708_GeelongCats,2016,16,2016-07-08,GMHBA Stadium,Geelong Cats,Sydney Swans,60,98,24339.0,-38,A,0.0
20160709_GoldCoastSuns,2016,16,2016-07-09,People First Stadium,Gold Coast Suns,Brisbane Lions,139,113,13528.0,26,H,1.0
20160709_MelbourneDemons,2016,16,2016-07-09,TIO Stadium,Melbourne Demons,Fremantle Dockers,87,55,8163.0,32,H,1.0
20160709_WesternBulldogs,2016,16,2016-07-09,Marvel Stadium,Western Bulldogs,Richmond Tigers,85,75,39679.0,10,H,1.0
20160709_GreaterWesternSydneyGiants,2016,16,2016-07-09,ENGIE Stadium,Greater Western Sydney Giants,Collingwood Magpies,93,125,13483.0,-32,A,0.0
20160710_WestCoastEagles,2016,16,2016-07-10,Domain Stadium,West Coast Eagles,North Melbourne Kangaroos,104,72,35168.0,32,H,1.0
20160710_CarltonBlues,2016,16,2016-07-10,Melbourne Cricket Ground,Carlton Blues,Adelaide Crows,47,107,32430.0,-60,A,0.0
20160710_EssendonBombers,2016,16,2016-07-10,Marvel Stadium,Essendon Bombers,St Kilda Saints,98,109,25204.0,-11,A,0.0
20160714_SydneySwans,2016,17,2016-07-14,Sydney Cricket Ground,Sydney Swans,Hawthorn Hawks,70,75,42314.0,-5,A,0.0
20160715_FremantleDockers,2016,17,2016-07-15,Domain Stadium,Fremantle Dockers,Geelong Cats,61,78,31042.0,-17,A,0.0
20160716_NorthMelbourneKangaroos,2016,17,2016-07-16,Marvel Stadium,North Melbourne Kangaroos,Port Adelaide Power,77,105,27000.0,-28,A,0.0
20160716_RichmondTigers,2016,17,2016-07-16,Melbourne Cricket Ground,Richmond Tigers,Essendon Bombers,102,83,44908.0,19,H,1.0
20160716_AdelaideCrows,2016,17,2016-07-16,Adelaide Oval,Adelaide Crows,Collingwood Magpies,97,69,50012.0,28,H,1.0
20160716_WesternBulldogs,2016,17,2016-07-16,Cazaly's Stadium,Western Bulldogs,Gold Coast Suns,107,59,8509.0,48,H,1.0
20160717_CarltonBlues,2016,17,2016-07-17,Melbourne Cricket Ground,Carlton Blues,West Coast Eagles,75,82,26389.0,-7,A,0.0
20160717_BrisbaneLions,2016,17,2016-07-17,The Gabba,Brisbane Lions,Greater Western Sydney Giants,67,146,10195.0,-79,A,0.0
20160717_StKildaSaints,2016,17,2016-07-17,Marvel Stadium,St Kilda Saints,Melbourne Demons,110,74,25322.0,36,H,1.0
20160722_CollingwoodMagpies,2016,18,2016-07-22,Marvel Stadium,Collingwood Magpies,North Melbourne Kangaroos,84,124,36041.0,-40,A,0.0
20160723_GoldCoastSuns,2016,18,2016-07-23,People First Stadium,Gold Coast Suns,Fremantle Dockers,105,81,8933.0,24,H,1.0
20160723_WesternBulldogs,2016,18,2016-07-23,Marvel Stadium,Western Bulldogs,St Kilda Saints,60,75,26532.0,-15,A,0.0
20160723_GeelongCats,2016,18,2016-07-23,GMHBA Stadium,Geelong Cats,Adelaide Crows,85,55,21127.0,30,H,1.0
20160723_WestCoastEagles,2016,18,2016-07-23,Domain Stadium,West Coast Eagles,Melbourne Demons,66,60,33908.0,6,H,1.0
20160723_SydneySwans,2016,18,2016-07-23,Sydney Cricket Ground,Sydney Swans,Carlton Blues,74,68,31765.0,6,H,1.0
20160724_HawthornHawks,2016,18,2016-07-24,Melbourne Cricket Ground,Hawthorn Hawks,Richmond Tigers,114,44,51892.0,70,H,1.0
20160724_PortAdelaidePower,2016,18,2016-07-24,Adelaide Oval,Port Adelaide Power,Greater Western Sydney Giants,60,79,27935.0,-19,A,0.0
20160724_EssendonBombers,2016,18,2016-07-24,Marvel Stadium,Essendon Bombers,Brisbane Lions,91,128,34869.0,-37,A,0.0
20160729_GeelongCats,2016,19,2016-07-29,GMHBA Stadium,Geelong Cats,Western Bulldogs,103,78,24331.0,25,H,1.0
20160730_BrisbaneLions,2016,19,2016-07-30,The Gabba,Brisbane Lions,Port Adelaide Power,79,173,13085.0,-94,A,0.0
20160730_HawthornHawks,2016,19,2016-07-30,UTAS Stadium,Hawthorn Hawks,Carlton Blues,74,55,18112.0,19,H,1.0
20160730_NorthMelbourneKangaroos,2016,19,2016-07-30,Marvel Stadium,North Melbourne Kangaroos,St Kilda Saints,85,62,44287.0,23,H,1.0
20160730_CollingwoodMagpies,2016,19,2016-07-30,Melbourne Cricket Ground,Collingwood Magpies,West Coast Eagles,91,72,34929.0,19,H,1.0
20160730_GreaterWesternSydneyGiants,2016,19,2016-07-30,Manuka Oval,Greater Western Sydney Giants,Richmond Tigers,111,23,14974.0,88,H,1.0
20160731_AdelaideCrows,2016,19,2016-07-31,Adelaide Oval,Adelaide Crows,Essendon Bombers,143,61,44264.0,82,H,1.0
20160731_MelbourneDemons,2016,19,2016-07-31,Melbourne Cricket Ground,Melbourne Demons,Gold Coast Suns,66,64,20627.0,2,H,1.0
20160731_FremantleDockers,2016,19,2016-07-31,Domain Stadium,Fremantle Dockers,Sydney Swans,47,137,32401.0,-90,A,0.0
20160805_RichmondTigers,2016,20,2016-08-05,Melbourne Cricket Ground,Richmond Tigers,Collingwood Magpies,92,77,49122.0,15,H,1.0
20160806_AdelaideCrows,2016,20,2016-08-06,Adelaide Oval,Adelaide Crows,Brisbane Lions,177,39,43549.0,138,H,1.0
20160806_WesternBulldogs,2016,20,2016-08-06,Marvel Stadium,Western Bulldogs,North Melbourne Kangaroos,61,47,30740.0,14,H,1.0
20160806_SydneySwans,2016,20,2016-08-06,Sydney Cricket Ground,Sydney Swans,Port Adelaide Power,100,33,30204.0,67,H,1.0
20160806_MelbourneDemons,2016,20,2016-08-06,Melbourne Cricket Ground,Melbourne Demons,Hawthorn Hawks,110,81,38818.0,29,H,1.0
20160806_GoldCoastSuns,2016,20,2016-08-06,People First Stadium,Gold Coast Suns,Greater Western Sydney Giants,84,92,9108.0,-8,A,0.0
20160807_FremantleDockers,2016,20,2016-08-07,Domain Stadium,Fremantle Dockers,West Coast Eagles,64,110,36215.0,-46,A,0.0
20160807_CarltonBlues,2016,20,2016-08-07,Melbourne Cricket Ground,Carlton Blues,St Kilda Saints,51,122,37797.0,-71,A,0.0
20160807_GeelongCats,2016,20,2016-08-07,Marvel Stadium,Geelong Cats,Essendon Bombers,100,34,29254.0,66,H,1.0
20160812_WesternBulldogs,2016,21,2016-08-12,Marvel Stadium,Western Bulldogs,Collingwood Magpies,95,92,35010.0,3,H,1.0
20160813_BrisbaneLions,2016,21,2016-08-13,The Gabba,Brisbane Lions,Carlton Blues,99,95,17432.0,4,H,1.0
20160813_StKildaSaints,2016,21,2016-08-13,Marvel Stadium,St Kilda Saints,Sydney Swans,76,146,33059.0,-70,A,0.0
20160813_PortAdelaidePower,2016,21,2016-08-13,Adelaide Oval,Port Adelaide Power,Melbourne Demons,54,94,33426.0,-40,A,0.0
20160813_HawthornHawks,2016,21,2016-08-13,Melbourne Cricket Ground,Hawthorn Hawks,North Melbourne Kangaroos,96,57,50657.0,39,H,1.0
20160813_GreaterWesternSydneyGiants,2016,21,2016-08-13,ENGIE Stadium,Greater Western Sydney Giants,West Coast Eagles,96,97,10385.0,-1,A,0.0
20160814_EssendonBombers,2016,21,2016-08-14,Marvel Stadium,Essendon Bombers,Gold Coast Suns,75,69,16622.0,6,H,1.0
20160814_FremantleDockers,2016,21,2016-08-14,Domain Stadium,Fremantle Dockers,Adelaide Crows,70,142,30116.0,-72,A,0.0
20160814_RichmondTigers,2016,21,2016-08-14,Melbourne Cricket Ground,Richmond Tigers,Geelong Cats,78,82,45667.0,-4,A,0.0
20160819_WestCoastEagles,2016,22,2016-08-19,Domain Stadium,West Coast Eagles,Hawthorn Hawks,92,67,38581.0,25,H,1.0
20160820_RichmondTigers,2016,22,2016-08-20,Melbourne Cricket Ground,Richmond Tigers,St Kilda Saints,46,55,35255.0,-9,A,0.0
20160820_CollingwoodMagpies,2016,22,2016-08-20,Marvel Stadium,Collingwood Magpies,Gold Coast Suns,118,47,17644.0,71,H,1.0
20160820_PortAdelaidePower,2016,22,2016-08-20,Adelaide Oval,Port Adelaide Power,Adelaide Crows,94,109,49541.0,-15,A,0.0
20160820_NorthMelbourneKangaroos,2016,22,2016-08-20,Ninja Stadium,North Melbourne Kangaroos,Sydney Swans,76,85,16495.0,-9,A,0.0
20160820_GreaterWesternSydneyGiants,2016,22,2016-08-20,ENGIE Stadium,Greater Western Sydney Giants,Fremantle Dockers,129,37,9556.0,92,H,1.0
20160821_BrisbaneLions,2016,22,2016-08-21,The Gabba,Brisbane Lions,Geelong Cats,69,129,20477.0,-60,A,0.0
20160821_EssendonBombers,2016,22,2016-08-21,Marvel Stadium,Essendon Bombers,Western Bulldogs,53,93,25308.0,-40,A,0.0
20160821_CarltonBlues,2016,22,2016-08-21,Melbourne Cricket Ground,Carlton Blues,Melbourne Demons,78,58,40693.0,20,H,1.0
20160826_AdelaideCrows,2016,23,2016-08-26,Adelaide Oval,Adelaide Crows,West Coast Eagles,71,100,50785.0,-29,A,0.0
20160827_GoldCoastSuns,2016,23,2016-08-27,People First Stadium,Gold Coast Suns,Port Adelaide Power,66,89,9213.0,-23,A,0.0
20160827_SydneySwans,2016,23,2016-08-27,Sydney Cricket Ground,Sydney Swans,Richmond Tigers,164,51,36570.0,113,H,1.0
20160827_EssendonBombers,2016,23,2016-08-27,Melbourne Cricket Ground,Essendon Bombers,Carlton Blues,103,79,46566.0,24,H,1.0
20160827_NorthMelbourneKangaroos,2016,23,2016-08-27,Marvel Stadium,North Melbourne Kangaroos,Greater Western Sydney Giants,63,100,22295.0,-37,A,0.0
20160827_GeelongCats,2016,23,2016-08-27,GMHBA Stadium,Geelong Cats,Melbourne Demons,155,44,24413.0,111,H,1.0
20160828_StKildaSaints,2016,23,2016-08-28,Marvel Stadium,St Kilda Saints,Brisbane Lions,161,103,19000.0,58,H,1.0
20160828_FremantleDockers,2016,23,2016-08-28,Domain Stadium,Fremantle Dockers,Western Bulldogs,69,49,34765.0,20,H,1.0
20160828_HawthornHawks,2016,23,2016-08-28,Melbourne Cricket Ground,Hawthorn Hawks,Collingwood Magpies,112,111,52968.0,1,H,1.0
20160908_WestCoastEagles,2016,EF,2016-09-08,Domain Stadium,West Coast Eagles,Western Bulldogs,52,99,42079.0,-47,A,0.0
20160909_GeelongCats,2016,QF,2016-09-09,Melbourne Cricket Ground,Geelong Cats,Hawthorn Hawks,85,83,87533.0,2,H,1.0
20160910_AdelaideCrows,2016,EF,2016-09-10,Adelaide Oval,Adelaide Crows,North Melbourne Kangaroos,141,79,49007.0,62,H,1.0
20160910_SydneySwans,2016,QF,2016-09-10,Accor Stadium,Sydney Swans,Greater Western Sydney Giants,55,91,60222.0,-36,A,0.0
20160916_HawthornHawks,2016,SF,2016-09-16,Melbourne Cricket Ground,Hawthorn Hawks,Western Bulldogs,84,107,87823.0,-23,A,0.0
20160917_SydneySwans,2016,SF,2016-09-17,Sydney Cricket Ground,Sydney Swans,Adelaide Crows,118,82,38136.0,36,H,1.0
20160923_GeelongCats,2016,PF,2016-09-23,Melbourne Cricket Ground,Geelong Cats,Sydney Swans,60,97,71772.0,-37,A,0.0
20160924_GreaterWesternSydneyGiants,2016,PF,2016-09-24,ENGIE Stadium,Greater Western Sydney Giants,Western Bulldogs,83,89,21790.0,-6,A,0.0
20161001_SydneySwans,2016,GF,2016-10-01,Melbourne Cricket Ground,Sydney Swans,Western Bulldogs,67,89,99981.0,-22,A,0.0
20170323_CarltonBlues,2017,1,2017-03-23,Melbourne Cricket Ground,Carlton Blues,Richmond Tigers,89,132,73137.0,-43,A,0.0
20170324_CollingwoodMagpies,2017,1,2017-03-24,Melbourne Cricket Ground,Collingwood Magpies,Western Bulldogs,86,100,66254.0,-14,A,0.0
20170325_StKildaSaints,2017,1,2017-03-25,Marvel Stadium,St Kilda Saints,Melbourne Demons,90,120,36249.0,-30,A,0.0
20170325_GoldCoastSuns,2017,1,2017-03-25,People First Stadium,Gold Coast Suns,Brisbane Lions,96,98,12710.0,-2,A,0.0
20170325_EssendonBombers,2017,1,2017-03-25,Melbourne Cricket Ground,Essendon Bombers,Hawthorn Hawks,116,91,78294.0,25,H,1.0
20170325_SydneySwans,2017,1,2017-03-25,Sydney Cricket Ground,Sydney Swans,Port Adelaide Power,82,110,33129.0,-28,A,0.0
20170326_AdelaideCrows,2017,1,2017-03-26,Adelaide Oval,Adelaide Crows,Greater Western Sydney Giants,147,91,43993.0,56,H,1.0
20170326_NorthMelbourneKangaroos,2017,1,2017-03-26,Marvel Stadium,North Melbourne Kangaroos,West Coast Eagles,93,136,21997.0,-43,A,0.0
20170326_FremantleDockers,2017,1,2017-03-26,Domain Stadium,Fremantle Dockers,Geelong Cats,73,115,34638.0,-42,A,0.0
20170330_RichmondTigers,2017,2,2017-03-30,Melbourne Cricket Ground,Richmond Tigers,Collingwood Magpies,99,80,58236.0,19,H,1.0
20170331_WesternBulldogs,2017,2,2017-03-31,Marvel Stadium,Western Bulldogs,Sydney Swans,110,87,42834.0,23,H,1.0
20170401_HawthornHawks,2017,2,2017-04-01,Melbourne Cricket Ground,Hawthorn Hawks,Adelaide Crows,89,113,37420.0,-24,A,0.0
20170401_WestCoastEagles,2017,2,2017-04-01,Domain Stadium,West Coast Eagles,St Kilda Saints,116,97,37749.0,19,H,1.0
20170401_GreaterWesternSydneyGiants,2017,2,2017-04-01,ENGIE Stadium,Greater Western Sydney Giants,Gold Coast Suns,160,58,8022.0,102,H,1.0
20170401_BrisbaneLions,2017,2,2017-04-01,The Gabba,Brisbane Lions,Essendon Bombers,84,111,21749.0,-27,A,0.0
20170402_MelbourneDemons,2017,2,2017-04-02,Melbourne Cricket Ground,Melbourne Demons,Carlton Blues,86,64,46727.0,22,H,1.0
20170402_PortAdelaidePower,2017,2,2017-04-02,Adelaide Oval,Port Adelaide Power,Fremantle Dockers,145,56,38388.0,89,H,1.0
20170402_GeelongCats,2017,2,2017-04-02,Marvel Stadium,Geelong Cats,North Melbourne Kangaroos,112,111,30917.0,1,H,1.0
20170407_SydneySwans,2017,3,2017-04-07,Sydney Cricket Ground,Sydney Swans,Collingwood Magpies,79,80,35310.0,-1,A,0.0
20170408_NorthMelbourneKangaroos,2017,3,2017-04-08,Ninja Stadium,North Melbourne Kangaroos,Greater Western Sydney Giants,67,109,8758.0,-42,A,0.0
20170408_PortAdelaidePower,2017,3,2017-04-08,Adelaide Oval,Port Adelaide Power,Adelaide Crows,83,100,53698.0,-17,A,0.0
20170408_RichmondTigers,2017,3,2017-04-08,Melbourne Cricket Ground,Richmond Tigers,West Coast Eagles,76,65,42523.0,11,H,1.0
20170408_FremantleDockers,2017,3,2017-04-08,Domain Stadium,Fremantle Dockers,Western Bulldogs,89,73,28865.0,16,H,1.0
20170408_GeelongCats,2017,3,2017-04-08,Marvel Stadium,Geelong Cats,Melbourne Demons,126,97,29733.0,29,H,1.0
20170409_StKildaSaints,2017,3,2017-04-09,Marvel Stadium,St Kilda Saints,Brisbane Lions,107,76,23097.0,31,H,1.0
20170409_CarltonBlues,2017,3,2017-04-09,Melbourne Cricket Ground,Carlton Blues,Essendon Bombers,57,42,48022.0,15,H,1.0
20170409_GoldCoastSuns,2017,3,2017-04-09,People First Stadium,Gold Coast Suns,Hawthorn Hawks,139,53,14728.0,86,H,1.0
20170413_WestCoastEagles,2017,4,2017-04-13,Domain Stadium,West Coast Eagles,Sydney Swans,91,65,38065.0,26,H,1.0
20170414_NorthMelbourneKangaroos,2017,4,2017-04-14,Marvel Stadium,North Melbourne Kangaroos,Western Bulldogs,86,89,42814.0,-3,A,0.0
20170415_MelbourneDemons,2017,4,2017-04-15,Melbourne Cricket Ground,Melbourne Demons,Fremantle Dockers,104,106,27829.0,-2,A,0.0
20170415_GreaterWesternSydneyGiants,2017,4,2017-04-15,Manuka Oval,Greater Western Sydney Giants,Port Adelaide Power,112,81,9185.0,31,H,1.0
20170415_CarltonBlues,2017,4,2017-04-15,Marvel Stadium,Carlton Blues,Gold Coast Suns,82,108,24968.0,-26,A,0.0
20170415_AdelaideCrows,2017,4,2017-04-15,Adelaide Oval,Adelaide Crows,Essendon Bombers,153,88,47492.0,65,H,1.0
20170416_CollingwoodMagpies,2017,4,2017-04-16,Marvel Stadium,Collingwood Magpies,St Kilda Saints,55,69,36650.0,-14,A,0.0
20170416_BrisbaneLions,2017,4,2017-04-16,The Gabba,Brisbane Lions,Richmond Tigers,67,119,21669.0,-52,A,0.0
20170417_HawthornHawks,2017,4,2017-04-17,Melbourne Cricket Ground,Hawthorn Hawks,Geelong Cats,48,134,62360.0,-86,A,0.0
20170421_PortAdelaidePower,2017,5,2017-04-21,Adelaide Oval,Port Adelaide Power,Carlton Blues,137,47,43120.0,90,H,1.0
20170422_FremantleDockers,2017,5,2017-04-22,Domain Stadium,Fremantle Dockers,North Melbourne Kangaroos,67,62,33319.0,5,H,1.0
20170422_GoldCoastSuns,2017,5,2017-04-22,People First Stadium,Gold Coast Suns,Adelaide Crows,86,153,12672.0,-67,A,0.0
20170422_SydneySwans,2017,5,2017-04-22,Sydney Cricket Ground,Sydney Swans,Greater Western Sydney Giants,63,105,34824.0,-42,A,0.0
20170422_WesternBulldogs,2017,5,2017-04-22,Marvel Stadium,Western Bulldogs,Brisbane Lions,122,90,31822.0,32,H,1.0
20170423_HawthornHawks,2017,5,2017-04-23,Melbourne Cricket Ground,Hawthorn Hawks,West Coast Eagles,125,75,28997.0,50,H,1.0
20170423_StKildaSaints,2017,5,2017-04-23,Marvel Stadium,St Kilda Saints,Geelong Cats,88,126,33884.0,-38,A,0.0
20170424_RichmondTigers,2017,5,2017-04-24,Melbourne Cricket Ground,Richmond Tigers,Melbourne Demons,88,75,85657.0,13,H,1.0
20170425_EssendonBombers,2017,5,2017-04-25,Melbourne Cricket Ground,Essendon Bombers,Collingwood Magpies,100,82,87685.0,18,H,1.0
20170428_GreaterWesternSydneyGiants,2017,6,2017-04-28,Manuka Oval,Greater Western Sydney Giants,Western Bulldogs,75,73,14048.0,2,H,1.0
20170429_CarltonBlues,2017,6,2017-04-29,Melbourne Cricket Ground,Carlton Blues,Sydney Swans,97,78,32678.0,19,H,1.0
20170429_WestCoastEagles,2017,6,2017-04-29,Domain Stadium,West Coast Eagles,Fremantle Dockers,103,62,40836.0,41,H,1.0
20170429_NorthMelbourneKangaroos,2017,6,2017-04-29,Marvel Stadium,North Melbourne Kangaroos,Gold Coast Suns,107,94,15431.0,13,H,1.0
20170429_BrisbaneLions,2017,6,2017-04-29,The Gabba,Brisbane Lions,Port Adelaide Power,67,150,13638.0,-83,A,0.0
20170429_HawthornHawks,2017,6,2017-04-29,UTAS Stadium,Hawthorn Hawks,St Kilda Saints,55,130,15571.0,-75,A,0.0
20170430_AdelaideCrows,2017,6,2017-04-30,Adelaide Oval,Adelaide Crows,Richmond Tigers,140,64,51069.0,76,H,1.0
20170430_EssendonBombers,2017,6,2017-04-30,Marvel Stadium,Essendon Bombers,Melbourne Demons,74,112,44040.0,-38,A,0.0
20170430_GeelongCats,2017,6,2017-04-30,Melbourne Cricket Ground,Geelong Cats,Collingwood Magpies,78,107,46457.0,-29,A,0.0
20170505_StKildaSaints,2017,7,2017-05-05,Marvel Stadium,St Kilda Saints,Greater Western Sydney Giants,108,85,21160.0,23,H,1.0
20170506_PortAdelaidePower,2017,7,2017-05-06,Adelaide Oval,Port Adelaide Power,West Coast Eagles,87,97,38333.0,-10,A,0.0
20170506_WesternBulldogs,2017,7,2017-05-06,Marvel Stadium,Western Bulldogs,Richmond Tigers,80,75,46387.0,5,H,1.0
20170506_GoldCoastSuns,2017,7,2017-05-06,People First Stadium,Gold Coast Suns,Geelong Cats,124,99,13648.0,25,H,1.0
20170506_CollingwoodMagpies,2017,7,2017-05-06,Melbourne Cricket Ground,Collingwood Magpies,Carlton Blues,56,79,70279.0,-23,A,0.0
20170506_NorthMelbourneKangaroos,2017,7,2017-05-06,Ninja Stadium,North Melbourne Kangaroos,Adelaide Crows,145,86,10064.0,59,H,1.0
20170507_FremantleDockers,2017,7,2017-05-07,Domain Stadium,Fremantle Dockers,Essendon Bombers,116,79,33393.0,37,H,1.0
20170507_SydneySwans,2017,7,2017-05-07,Sydney Cricket Ground,Sydney Swans,Brisbane Lions,135,81,25619.0,54,H,1.0
20170507_MelbourneDemons,2017,7,2017-05-07,Melbourne Cricket Ground,Melbourne Demons,Hawthorn Hawks,91,94,38693.0,-3,A,0.0
20170512_WestCoastEagles,2017,8,2017-05-12,Domain Stadium,West Coast Eagles,Western Bulldogs,69,61,38934.0,8,H,1.0
20170513_GreaterWesternSydneyGiants,2017,8,2017-05-13,ENGIE Stadium,Greater Western Sydney Giants,Collingwood Magpies,102,99,11360.0,3,H,1.0
20170513_AdelaideCrows,2017,8,2017-05-13,Adelaide Oval,Adelaide Crows,Melbourne Demons,66,107,47882.0,-41,A,0.0
20170513_StKildaSaints,2017,8,2017-05-13,Marvel Stadium,St Kilda Saints,Carlton Blues,85,66,38014.0,19,H,1.0
20170513_HawthornHawks,2017,8,2017-05-13,UTAS Stadium,Hawthorn Hawks,Brisbane Lions,113,75,10553.0,38,H,1.0
20170513_EssendonBombers,2017,8,2017-05-13,Melbourne Cricket Ground,Essendon Bombers,Geelong Cats,110,93,57172.0,17,H,1.0
20170514_RichmondTigers,2017,8,2017-05-14,Melbourne Cricket Ground,Richmond Tigers,Fremantle Dockers,70,72,31200.0,-2,A,0.0
20170514_NorthMelbourneKangaroos,2017,8,2017-05-14,Marvel Stadium,North Melbourne Kangaroos,Sydney Swans,78,120,21589.0,-42,A,0.0
20170514_GoldCoastSuns,2017,8,2017-05-14,Jiangwan Stadium,Gold Coast Suns,Port Adelaide Power,38,110,10118.0,-72,A,0.0
20170519_GeelongCats,2017,9,2017-05-19,GMHBA Stadium,Geelong Cats,Western Bulldogs,104,81,30275.0,23,H,1.0
20170520_BrisbaneLions,2017,9,2017-05-20,The Gabba,Brisbane Lions,Adelaide Crows,60,140,13802.0,-80,A,0.0
20170520_GreaterWesternSydneyGiants,2017,9,2017-05-20,ENGIE Stadium,Greater Western Sydney Giants,Richmond Tigers,78,75,10677.0,3,H,1.0
20170520_CollingwoodMagpies,2017,9,2017-05-20,Melbourne Cricket Ground,Collingwood Magpies,Hawthorn Hawks,90,72,54252.0,18,H,1.0
20170520_StKildaSaints,2017,9,2017-05-20,Marvel Stadium,St Kilda Saints,Sydney Swans,68,118,29778.0,-50,A,0.0
20170521_EssendonBombers,2017,9,2017-05-21,Marvel Stadium,Essendon Bombers,West Coast Eagles,125,64,36403.0,61,H,1.0
20170521_FremantleDockers,2017,9,2017-05-21,Domain Stadium,Fremantle Dockers,Carlton Blues,86,51,30313.0,35,H,1.0
20170521_MelbourneDemons,2017,9,2017-05-21,Melbourne Cricket Ground,Melbourne Demons,North Melbourne Kangaroos,90,104,33218.0,-14,A,0.0
20170525_GeelongCats,2017,10,2017-05-25,GMHBA Stadium,Geelong Cats,Port Adelaide Power,81,79,24909.0,2,H,1.0
20170526_SydneySwans,2017,10,2017-05-26,Sydney Cricket Ground,Sydney Swans,Hawthorn Hawks,75,81,36221.0,-6,A,0.0
20170527_AdelaideCrows,2017,10,2017-05-27,Adelaide Oval,Adelaide Crows,Fremantle Dockers,143,43,42415.0,100,H,1.0
20170527_WesternBulldogs,2017,10,2017-05-27,Marvel Stadium,Western Bulldogs,St Kilda Saints,90,50,34685.0,40,H,1.0
20170527_MelbourneDemons,2017,10,2017-05-27,TIO Traeger Park,Melbourne Demons,Gold Coast Suns,122,87,5072.0,35,H,1.0
20170527_RichmondTigers,2017,10,2017-05-27,Melbourne Cricket Ground,Richmond Tigers,Essendon Bombers,81,66,85656.0,15,H,1.0
20170528_CollingwoodMagpies,2017,10,2017-05-28,Melbourne Cricket Ground,Collingwood Magpies,Brisbane Lions,129,84,32750.0,45,H,1.0
20170528_WestCoastEagles,2017,10,2017-05-28,Domain Stadium,West Coast Eagles,Greater Western Sydney Giants,90,98,37057.0,-8,A,0.0
20170528_CarltonBlues,2017,10,2017-05-28,Marvel Stadium,Carlton Blues,North Melbourne Kangaroos,96,113,32802.0,-17,A,0.0
20170601_PortAdelaidePower,2017,11,2017-06-01,Adelaide Oval,Port Adelaide Power,Hawthorn Hawks,98,47,37910.0,51,H,1.0
20170602_GeelongCats,2017,11,2017-06-02,GMHBA Stadium,Geelong Cats,Adelaide Crows,96,74,30468.0,22,H,1.0
20170603_GreaterWesternSydneyGiants,2017,11,2017-06-03,ENGIE Stadium,Greater Western Sydney Giants,Essendon Bombers,117,101,13671.0,16,H,1.0
20170603_NorthMelbourneKangaroos,2017,11,2017-06-03,Marvel Stadium,North Melbourne Kangaroos,Richmond Tigers,66,101,36100.0,-35,A,0.0
20170603_GoldCoastSuns,2017,11,2017-06-03,People First Stadium,Gold Coast Suns,West Coast Eagles,80,77,11402.0,3,H,1.0
20170604_FremantleDockers,2017,11,2017-06-04,Domain Stadium,Fremantle Dockers,Collingwood Magpies,85,105,34259.0,-20,A,0.0
20170608_SydneySwans,2017,12,2017-06-08,Sydney Cricket Ground,Sydney Swans,Western Bulldogs,88,42,20692.0,46,H,1.0
20170609_AdelaideCrows,2017,12,2017-06-09,Adelaide Oval,Adelaide Crows,St Kilda Saints,111,54,46082.0,57,H,1.0
20170610_EssendonBombers,2017,12,2017-06-10,Marvel Stadium,Essendon Bombers,Port Adelaide Power,131,61,34022.0,70,H,1.0
20170610_BrisbaneLions,2017,12,2017-06-10,The Gabba,Brisbane Lions,Fremantle Dockers,121,64,11742.0,57,H,1.0
20170610_HawthornHawks,2017,12,2017-06-10,Melbourne Cricket Ground,Hawthorn Hawks,Gold Coast Suns,79,95,27392.0,-16,A,0.0
20170611_CarltonBlues,2017,12,2017-06-11,Marvel Stadium,Carlton Blues,Greater Western Sydney Giants,71,70,23194.0,1,H,1.0
20170612_MelbourneDemons,2017,12,2017-06-12,Melbourne Cricket Ground,Melbourne Demons,Collingwood Magpies,104,100,70926.0,4,H,1.0
20170615_WestCoastEagles,2017,13,2017-06-15,Domain Stadium,West Coast Eagles,Geelong Cats,83,70,35719.0,13,H,1.0
20170616_NorthMelbourneKangaroos,2017,13,2017-06-16,Marvel Stadium,North Melbourne Kangaroos,St Kilda Saints,72,89,26107.0,-17,A,0.0
20170617_GoldCoastSuns,2017,13,2017-06-17,People First Stadium,Gold Coast Suns,Carlton Blues,73,83,11936.0,-10,A,0.0
20170617_RichmondTigers,2017,13,2017-06-17,Melbourne Cricket Ground,Richmond Tigers,Sydney Swans,71,80,58721.0,-9,A,0.0
20170617_PortAdelaidePower,2017,13,2017-06-17,Adelaide Oval,Port Adelaide Power,Brisbane Lions,121,81,31772.0,40,H,1.0
20170618_WesternBulldogs,2017,13,2017-06-18,Marvel Stadium,Western Bulldogs,Melbourne Demons,56,113,33667.0,-57,A,0.0
20170622_AdelaideCrows,2017,14,2017-06-22,Adelaide Oval,Adelaide Crows,Hawthorn Hawks,82,96,45312.0,-14,A,0.0
20170623_SydneySwans,2017,14,2017-06-23,Sydney Cricket Ground,Sydney Swans,Essendon Bombers,86,85,34575.0,1,H,1.0
20170624_CollingwoodMagpies,2017,14,2017-06-24,Melbourne Cricket Ground,Collingwood Magpies,Port Adelaide Power,62,93,35933.0,-31,A,0.0
20170624_WestCoastEagles,2017,14,2017-06-24,Domain Stadium,West Coast Eagles,Melbourne Demons,96,99,36622.0,-3,A,0.0
20170624_WesternBulldogs,2017,14,2017-06-24,Marvel Stadium,Western Bulldogs,North Melbourne Kangaroos,107,106,28263.0,1,H,1.0
20170624_BrisbaneLions,2017,14,2017-06-24,The Gabba,Brisbane Lions,Greater Western Sydney Giants,86,146,11455.0,-60,A,0.0
20170625_GeelongCats,2017,14,2017-06-25,GMHBA Stadium,Geelong Cats,Fremantle Dockers,74,72,29928.0,2,H,1.0
20170625_RichmondTigers,2017,14,2017-06-25,Melbourne Cricket Ground,Richmond Tigers,Carlton Blues,84,58,64448.0,26,H,1.0
20170625_StKildaSaints,2017,14,2017-06-25,Marvel Stadium,St Kilda Saints,Gold Coast Suns,103,72,15844.0,31,H,1.0
20170630_MelbourneDemons,2017,15,2017-06-30,Melbourne Cricket Ground,Melbourne Demons,Sydney Swans,50,85,47464.0,-35,A,0.0
20170701_PortAdelaidePower,2017,15,2017-07-01,Adelaide Oval,Port Adelaide Power,Richmond Tigers,63,76,39979.0,-13,A,0.0
20170701_GreaterWesternSydneyGiants,2017,15,2017-07-01,ENGIE Stadium,Greater Western Sydney Giants,Geelong Cats,68,68,15007.0,0,D,
20170701_CarltonBlues,2017,15,2017-07-01,Melbourne Cricket Ground,Carlton Blues,Adelaide Crows,77,89,33433.0,-12,A,0.0
20170701_GoldCoastSuns,2017,15,2017-07-01,People First Stadium,Gold Coast Suns,North Melbourne Kangaroos,118,99,12779.0,19,H,1.0
20170701_WesternBulldogs,2017,15,2017-07-01,Marvel Stadium,Western Bulldogs,West Coast Eagles,80,87,29671.0,-7,A,0.0
20170702_EssendonBombers,2017,15,2017-07-02,Marvel Stadium,Essendon Bombers,Brisbane Lions,82,90,41246.0,-8,A,0.0
20170702_HawthornHawks,2017,15,2017-07-02,Melbourne Cricket Ground,Hawthorn Hawks,Collingwood Magpies,118,94,56593.0,24,H,1.0
20170702_FremantleDockers,2017,15,2017-07-02,Domain Stadium,Fremantle Dockers,St Kilda Saints,80,89,30541.0,-9,A,0.0
20170707_AdelaideCrows,2017,16,2017-07-07,Adelaide Oval,Adelaide Crows,Western Bulldogs,104,45,41948.0,59,H,1.0
20170708_HawthornHawks,2017,16,2017-07-08,UTAS Stadium,Hawthorn Hawks,Greater Western Sydney Giants,97,97,12156.0,0,D,
20170708_SydneySwans,2017,16,2017-07-08,Sydney Cricket Ground,Sydney Swans,Gold Coast Suns,118,51,32987.0,67,H,1.0
20170708_BrisbaneLions,2017,16,2017-07-08,The Gabba,Brisbane Lions,Geelong Cats,78,163,18769.0,-85,A,0.0
20170708_StKildaSaints,2017,16,2017-07-08,Marvel Stadium,St Kilda Saints,Richmond Tigers,138,71,47514.0,67,H,1.0
20170708_CollingwoodMagpies,2017,16,2017-07-08,Melbourne Cricket Ground,Collingwood Magpies,Essendon Bombers,80,117,63537.0,-37,A,0.0
20170709_WestCoastEagles,2017,16,2017-07-09,Domain Stadium,West Coast Eagles,Port Adelaide Power,88,120,36766.0,-32,A,0.0
20170709_NorthMelbourneKangaroos,2017,16,2017-07-09,Marvel Stadium,North Melbourne Kangaroos,Fremantle Dockers,82,86,19267.0,-4,A,0.0
20170709_CarltonBlues,2017,16,2017-07-09,Melbourne Cricket Ground,Carlton Blues,Melbourne Demons,82,90,47266.0,-8,A,0.0
20170714_StKildaSaints,2017,17,2017-07-14,Marvel Stadium,St Kilda Saints,Essendon Bombers,57,118,47156.0,-61,A,0.0
20170715_MelbourneDemons,2017,17,2017-07-15,TIO Stadium,Melbourne Demons,Adelaide Crows,70,116,12104.0,-46,A,0.0
20170715_GreaterWesternSydneyGiants,2017,17,2017-07-15,ENGIE Stadium,Greater Western Sydney Giants,Sydney Swans,83,96,21924.0,-13,A,0.0
20170715_GeelongCats,2017,17,2017-07-15,Melbourne Cricket Ground,Geelong Cats,Hawthorn Hawks,88,85,70345.0,3,H,1.0
20170715_GoldCoastSuns,2017,17,2017-07-15,People First Stadium,Gold Coast Suns,Collingwood Magpies,88,103,17275.0,-15,A,0.0
20170715_PortAdelaidePower,2017,17,2017-07-15,Adelaide Oval,Port Adelaide Power,North Melbourne Kangaroos,127,57,34138.0,70,H,1.0
20170716_RichmondTigers,2017,17,2017-07-16,Marvel Stadium,Richmond Tigers,Brisbane Lions,112,81,28188.0,31,H,1.0
20170716_CarltonBlues,2017,17,2017-07-16,Melbourne Cricket Ground,Carlton Blues,Western Bulldogs,62,82,35157.0,-20,A,0.0
20170716_FremantleDockers,2017,17,2017-07-16,Domain Stadium,Fremantle Dockers,West Coast Eagles,44,74,38722.0,-30,A,0.0
20170721_AdelaideCrows,2017,18,2017-07-21,Adelaide Oval,Adelaide Crows,Geelong Cats,91,70,50464.0,21,H,1.0
20170722_EssendonBombers,2017,18,2017-07-22,Marvel Stadium,Essendon Bombers,North Melbourne Kangaroos,132,105,40359.0,27,H,1.0
20170722_SydneySwans,2017,18,2017-07-22,Sydney Cricket Ground,Sydney Swans,St Kilda Saints,101,59,35773.0,42,H,1.0
20170722_FremantleDockers,2017,18,2017-07-22,Domain Stadium,Fremantle Dockers,Hawthorn Hawks,48,100,30818.0,-52,A,0.0
20170722_WesternBulldogs,2017,18,2017-07-22,Cazaly's Stadium,Western Bulldogs,Gold Coast Suns,110,56,9364.0,54,H,1.0
20170722_MelbourneDemons,2017,18,2017-07-22,Melbourne Cricket Ground,Melbourne Demons,Port Adelaide Power,88,65,27068.0,23,H,1.0
20170723_CollingwoodMagpies,2017,18,2017-07-23,Marvel Stadium,Collingwood Magpies,West Coast Eagles,93,85,22927.0,8,H,1.0
20170723_BrisbaneLions,2017,18,2017-07-23,The Gabba,Brisbane Lions,Carlton Blues,112,82,18847.0,30,H,1.0
20170723_RichmondTigers,2017,18,2017-07-23,Melbourne Cricket Ground,Richmond Tigers,Greater Western Sydney Giants,64,45,33467.0,19,H,1.0
20170728_HawthornHawks,2017,19,2017-07-28,Melbourne Cricket Ground,Hawthorn Hawks,Sydney Swans,72,66,52181.0,6,H,1.0
20170729_CarltonBlues,2017,19,2017-07-29,Marvel Stadium,Carlton Blues,Geelong Cats,58,123,35460.0,-65,A,0.0
20170729_NorthMelbourneKangaroos,2017,19,2017-07-29,Ninja Stadium,North Melbourne Kangaroos,Melbourne Demons,76,72,13939.0,4,H,1.0
20170729_GoldCoastSuns,2017,19,2017-07-29,People First Stadium,Gold Coast Suns,Richmond Tigers,65,98,16207.0,-33,A,0.0
20170729_PortAdelaidePower,2017,19,2017-07-29,Adelaide Oval,Port Adelaide Power,St Kilda Saints,63,61,30335.0,2,H,1.0
20170729_GreaterWesternSydneyGiants,2017,19,2017-07-29,ENGIE Stadium,Greater Western Sydney Giants,Fremantle Dockers,98,86,11233.0,12,H,1.0
20170730_WestCoastEagles,2017,19,2017-07-30,Domain Stadium,West Coast Eagles,Brisbane Lions,113,45,32652.0,68,H,1.0
20170730_CollingwoodMagpies,2017,19,2017-07-30,Melbourne Cricket Ground,Collingwood Magpies,Adelaide Crows,103,103,33269.0,0,D,
20170730_WesternBulldogs,2017,19,2017-07-30,Marvel Stadium,Western Bulldogs,Essendon Bombers,127,97,48754.0,30,H,1.0
20170804_GeelongCats,2017,20,2017-08-04,GMHBA Stadium,Geelong Cats,Sydney Swans,61,107,30833.0,-46,A,0.0
20170805_FremantleDockers,2017,20,2017-08-05,Domain Stadium,Fremantle Dockers,Gold Coast Suns,90,67,27050.0,23,H,1.0
20170805_EssendonBombers,2017,20,2017-08-05,Melbourne Cricket Ground,Essendon Bombers,Carlton Blues,84,76,58562.0,8,H,1.0
20170805_GreaterWesternSydneyGiants,2017,20,2017-08-05,Manuka Oval,Greater Western Sydney Giants,Melbourne Demons,97,62,14274.0,35,H,1.0
20170805_BrisbaneLions,2017,20,2017-08-05,The Gabba,Brisbane Lions,Western Bulldogs,89,103,16148.0,-14,A,0.0
20170805_NorthMelbourneKangaroos,2017,20,2017-08-05,Marvel Stadium,North Melbourne Kangaroos,Collingwood Magpies,57,111,33394.0,-54,A,0.0
20170806_RichmondTigers,2017,20,2017-08-06,Melbourne Cricket Ground,Richmond Tigers,Hawthorn Hawks,93,64,58342.0,29,H,1.0
20170806_AdelaideCrows,2017,20,2017-08-06,Adelaide Oval,Adelaide Crows,Port Adelaide Power,130,46,45028.0,84,H,1.0
20170806_StKildaSaints,2017,20,2017-08-06,Marvel Stadium,St Kilda Saints,West Coast Eagles,103,95,22688.0,8,H,1.0
20170811_WesternBulldogs,2017,21,2017-08-11,Marvel Stadium,Western Bulldogs,Greater Western Sydney Giants,57,105,30672.0,-48,A,0.0
20170812_BrisbaneLions,2017,21,2017-08-12,The Gabba,Brisbane Lions,Gold Coast Suns,142,84,17772.0,58,H,1.0
20170812_SydneySwans,2017,21,2017-08-12,Sydney Cricket Ground,Sydney Swans,Fremantle Dockers,143,39,39281.0,104,H,1.0
20170812_GeelongCats,2017,21,2017-08-12,GMHBA Stadium,Geelong Cats,Richmond Tigers,80,66,32266.0,14,H,1.0
20170812_WestCoastEagles,2017,21,2017-08-12,Domain Stadium,West Coast Eagles,Carlton Blues,100,83,30491.0,17,H,1.0
20170812_EssendonBombers,2017,21,2017-08-12,Marvel Stadium,Essendon Bombers,Adelaide Crows,80,123,38487.0,-43,A,0.0
20170813_MelbourneDemons,2017,21,2017-08-13,Melbourne Cricket Ground,Melbourne Demons,St Kilda Saints,96,72,53115.0,24,H,1.0
20170813_HawthornHawks,2017,21,2017-08-13,UTAS Stadium,Hawthorn Hawks,North Melbourne Kangaroos,116,89,14509.0,27,H,1.0
20170813_PortAdelaidePower,2017,21,2017-08-13,Adelaide Oval,Port Adelaide Power,Collingwood Magpies,98,71,37533.0,27,H,1.0
20170818_AdelaideCrows,2017,22,2017-08-18,Adelaide Oval,Adelaide Crows,Sydney Swans,80,83,51466.0,-3,A,0.0
20170819_WesternBulldogs,2017,22,2017-08-19,Mars Stadium,Western Bulldogs,Port Adelaide Power,79,96,10087.0,-17,A,0.0
20170819_CarltonBlues,2017,22,2017-08-19,Marvel Stadium,Carlton Blues,Hawthorn Hawks,77,70,35799.0,7,H,1.0
20170819_GreaterWesternSydneyGiants,2017,22,2017-08-19,ENGIE Stadium,Greater Western Sydney Giants,West Coast Eagles,81,60,15751.0,21,H,1.0
20170819_GoldCoastSuns,2017,22,2017-08-19,People First Stadium,Gold Coast Suns,Essendon Bombers,57,90,16817.0,-33,A,0.0
20170819_CollingwoodMagpies,2017,22,2017-08-19,Melbourne Cricket Ground,Collingwood Magpies,Geelong Cats,59,70,47889.0,-11,A,0.0
20170820_MelbourneDemons,2017,22,2017-08-20,Melbourne Cricket Ground,Melbourne Demons,Brisbane Lions,104,91,30422.0,13,H,1.0
20170820_FremantleDockers,2017,22,2017-08-20,Domain Stadium,Fremantle Dockers,Richmond Tigers,51,155,34204.0,-104,A,0.0
20170820_StKildaSaints,2017,22,2017-08-20,Marvel Stadium,St Kilda Saints,North Melbourne Kangaroos,127,78,29126.0,49,H,1.0
20170825_HawthornHawks,2017,23,2017-08-25,Marvel Stadium,Hawthorn Hawks,Western Bulldogs,99,90,48090.0,9,H,1.0
20170826_SydneySwans,2017,23,2017-08-26,Sydney Cricket Ground,Sydney Swans,Carlton Blues,138,57,38965.0,81,H,1.0
20170826_CollingwoodMagpies,2017,23,2017-08-26,Melbourne Cricket Ground,Collingwood Magpies,Melbourne Demons,99,83,51223.0,16,H,1.0
20170826_BrisbaneLions,2017,23,2017-08-26,The Gabba,Brisbane Lions,North Melbourne Kangaroos,79,130,15416.0,-51,A,0.0
20170826_GeelongCats,2017,23,2017-08-26,GMHBA Stadium,Geelong Cats,Greater Western Sydney Giants,103,59,30087.0,44,H,1.0
20170826_PortAdelaidePower,2017,23,2017-08-26,Adelaide Oval,Port Adelaide Power,Gold Coast Suns,135,20,34288.0,115,H,1.0
20170827_EssendonBombers,2017,23,2017-08-27,Marvel Stadium,Essendon Bombers,Fremantle Dockers,107,92,42665.0,15,H,1.0
20170827_RichmondTigers,2017,23,2017-08-27,Melbourne Cricket Ground,Richmond Tigers,St Kilda Saints,122,81,69104.0,41,H,1.0
20170827_WestCoastEagles,2017,23,2017-08-27,Domain Stadium,West Coast Eagles,Adelaide Crows,100,71,39367.0,29,H,1.0
20170907_AdelaideCrows,2017,QF,2017-09-07,Adelaide Oval,Adelaide Crows,Greater Western Sydney Giants,84,48,52805.0,36,H,1.0
20170908_GeelongCats,2017,QF,2017-09-08,Melbourne Cricket Ground,Geelong Cats,Richmond Tigers,40,91,95028.0,-51,A,0.0
20170909_SydneySwans,2017,EF,2017-09-09,Sydney Cricket Ground,Sydney Swans,Essendon Bombers,121,56,46323.0,65,H,1.0
20170909_PortAdelaidePower,2017,EF,2017-09-09,Adelaide Oval,Port Adelaide Power,West Coast Eagles,76,78,41172.0,-2,A,0.0
20170915_GeelongCats,2017,SF,2017-09-15,Melbourne Cricket Ground,Geelong Cats,Sydney Swans,98,39,55529.0,59,H,1.0
20170916_GreaterWesternSydneyGiants,2017,SF,2017-09-16,ENGIE Stadium,Greater Western Sydney Giants,West Coast Eagles,125,58,14865.0,67,H,1.0
20170922_AdelaideCrows,2017,PF,2017-09-22,Adelaide Oval,Adelaide Crows,Geelong Cats,136,75,53817.0,61,H,1.0
20170923_RichmondTigers,2017,PF,2017-09-23,Melbourne Cricket Ground,Richmond Tigers,Greater Western Sydney Giants,103,67,94258.0,36,H,1.0
20170930_AdelaideCrows,2017,GF,2017-09-30,Melbourne Cricket Ground,Adelaide Crows,Richmond Tigers,60,108,100021.0,-48,A,0.0
20180322_RichmondTigers,2018,1,2018-03-22,Melbourne Cricket Ground,Richmond Tigers,Carlton Blues,121,95,90151.0,26,H,1.0
20180323_EssendonBombers,2018,1,2018-03-23,Marvel Stadium,Essendon Bombers,Adelaide Crows,99,87,43016.0,12,H,1.0
20180324_StKildaSaints,2018,1,2018-03-24,Marvel Stadium,St Kilda Saints,Brisbane Lions,107,82,23731.0,25,H,1.0
20180324_PortAdelaidePower,2018,1,2018-03-24,Adelaide Oval,Port Adelaide Power,Fremantle Dockers,110,60,38324.0,50,H,1.0
20180324_GoldCoastSuns,2018,1,2018-03-24,Cazaly's Stadium,Gold Coast Suns,North Melbourne Kangaroos,55,39,3722.0,16,H,1.0
20180324_HawthornHawks,2018,1,2018-03-24,Melbourne Cricket Ground,Hawthorn Hawks,Collingwood Magpies,101,67,58051.0,34,H,1.0
20180325_MelbourneDemons,2018,1,2018-03-25,Melbourne Cricket Ground,Melbourne Demons,Geelong Cats,94,97,54112.0,-3,A,0.0
20180325_WestCoastEagles,2018,1,2018-03-25,Optus Stadium,West Coast Eagles,Sydney Swans,86,115,53553.0,-29,A,0.0
20180325_GreaterWesternSydneyGiants,2018,1,2018-03-25,Manuka Oval,Greater Western Sydney Giants,Western Bulldogs,133,51,10454.0,82,H,1.0
20180329_AdelaideCrows,2018,2,2018-03-29,Adelaide Oval,Adelaide Crows,Richmond Tigers,118,82,49743.0,36,H,1.0
20180330_NorthMelbourneKangaroos,2018,2,2018-03-30,Marvel Stadium,North Melbourne Kangaroos,St Kilda Saints,95,43,33966.0,52,H,1.0
20180331_CarltonBlues,2018,2,2018-03-31,Marvel Stadium,Carlton Blues,Gold Coast Suns,67,101,28025.0,-34,A,0.0
20180331_BrisbaneLions,2018,2,2018-03-31,The Gabba,Brisbane Lions,Melbourne Demons,74,100,17141.0,-26,A,0.0
20180331_FremantleDockers,2018,2,2018-03-31,Optus Stadium,Fremantle Dockers,Essendon Bombers,106,90,49021.0,16,H,1.0
20180331_CollingwoodMagpies,2018,2,2018-03-31,Melbourne Cricket Ground,Collingwood Magpies,Greater Western Sydney Giants,79,95,30941.0,-16,A,0.0
20180401_SydneySwans,2018,2,2018-04-01,Sydney Cricket Ground,Sydney Swans,Port Adelaide Power,71,94,34636.0,-23,A,0.0
20180401_WesternBulldogs,2018,2,2018-04-01,Marvel Stadium,Western Bulldogs,West Coast Eagles,70,121,22868.0,-51,A,0.0
20180402_GeelongCats,2018,2,2018-04-02,Melbourne Cricket Ground,Geelong Cats,Hawthorn Hawks,117,118,73189.0,-1,A,0.0
20180406_CarltonBlues,2018,3,2018-04-06,Melbourne Cricket Ground,Carlton Blues,Collingwood Magpies,76,100,68548.0,-24,A,0.0
20180407_GoldCoastSuns,2018,3,2018-04-07,Optus Stadium,Gold Coast Suns,Fremantle Dockers,68,96,33388.0,-28,A,0.0
20180407_SydneySwans,2018,3,2018-04-07,Sydney Cricket Ground,Sydney Swans,Greater Western Sydney Giants,103,87,34711.0,16,H,1.0
20180407_StKildaSaints,2018,3,2018-04-07,Marvel Stadium,St Kilda Saints,Adelaide Crows,55,104,19324.0,-49,A,0.0
20180407_PortAdelaidePower,2018,3,2018-04-07,Adelaide Oval,Port Adelaide Power,Brisbane Lions,97,92,36363.0,5,H,1.0
20180407_MelbourneDemons,2018,3,2018-04-07,Melbourne Cricket Ground,Melbourne Demons,North Melbourne Kangaroos,123,86,35518.0,37,H,1.0
20180408_RichmondTigers,2018,3,2018-04-08,Melbourne Cricket Ground,Richmond Tigers,Hawthorn Hawks,102,89,70701.0,13,H,1.0
20180408_WesternBulldogs,2018,3,2018-04-08,Marvel Stadium,Western Bulldogs,Essendon Bombers,104,83,40499.0,21,H,1.0
20180408_WestCoastEagles,2018,3,2018-04-08,Optus Stadium,West Coast Eagles,Geelong Cats,95,80,54535.0,15,H,1.0
20180413_AdelaideCrows,2018,4,2018-04-13,Adelaide Oval,Adelaide Crows,Collingwood Magpies,58,106,45495.0,-48,A,0.0
20180414_WesternBulldogs,2018,4,2018-04-14,Marvel Stadium,Western Bulldogs,Sydney Swans,79,86,28058.0,-7,A,0.0
20180414_RichmondTigers,2018,4,2018-04-14,Melbourne Cricket Ground,Richmond Tigers,Brisbane Lions,110,17,32870.0,93,H,1.0
20180414_GreaterWesternSydneyGiants,2018,4,2018-04-14,Manuka Oval,Greater Western Sydney Giants,Fremantle Dockers,82,51,11356.0,31,H,1.0
20180414_WestCoastEagles,2018,4,2018-04-14,Optus Stadium,West Coast Eagles,Gold Coast Suns,139,59,51774.0,80,H,1.0
20180414_NorthMelbourneKangaroos,2018,4,2018-04-14,Ninja Stadium,North Melbourne Kangaroos,Carlton Blues,116,30,14266.0,86,H,1.0
20180415_EssendonBombers,2018,4,2018-04-15,Marvel Stadium,Essendon Bombers,Port Adelaide Power,106,84,30900.0,22,H,1.0
20180415_GeelongCats,2018,4,2018-04-15,GMHBA Stadium,Geelong Cats,St Kilda Saints,103,56,27338.0,47,H,1.0
20180415_HawthornHawks,2018,4,2018-04-15,Melbourne Cricket Ground,Hawthorn Hawks,Melbourne Demons,115,48,41973.0,67,H,1.0
20180420_SydneySwans,2018,5,2018-04-20,Sydney Cricket Ground,Sydney Swans,Adelaide Crows,75,85,38017.0,-10,A,0.0
20180421_StKildaSaints,2018,5,2018-04-21,Marvel Stadium,St Kilda Saints,Greater Western Sydney Giants,73,73,14956.0,0,D,
20180421_CarltonBlues,2018,5,2018-04-21,Melbourne Cricket Ground,Carlton Blues,West Coast Eagles,69,79,27900.0,-10,A,0.0
20180421_PortAdelaidePower,2018,5,2018-04-21,Adelaide Oval,Port Adelaide Power,Geelong Cats,50,84,45372.0,-34,A,0.0
20180421_FremantleDockers,2018,5,2018-04-21,Optus Stadium,Fremantle Dockers,Western Bulldogs,108,54,43056.0,54,H,1.0
20180422_NorthMelbourneKangaroos,2018,5,2018-04-22,Marvel Stadium,North Melbourne Kangaroos,Hawthorn Hawks,98,70,27981.0,28,H,1.0
20180422_BrisbaneLions,2018,5,2018-04-22,The Gabba,Brisbane Lions,Gold Coast Suns,71,76,16087.0,-5,A,0.0
20180424_MelbourneDemons,2018,5,2018-04-24,Melbourne Cricket Ground,Melbourne Demons,Richmond Tigers,56,102,77071.0,-46,A,0.0
20180425_CollingwoodMagpies,2018,5,2018-04-25,Melbourne Cricket Ground,Collingwood Magpies,Essendon Bombers,101,52,91440.0,49,H,1.0
20180427_WesternBulldogs,2018,6,2018-04-27,Marvel Stadium,Western Bulldogs,Carlton Blues,80,59,33915.0,21,H,1.0
20180428_GreaterWesternSydneyGiants,2018,6,2018-04-28,ENGIE Stadium,Greater Western Sydney Giants,Brisbane Lions,77,43,10046.0,34,H,1.0
20180428_HawthornHawks,2018,6,2018-04-28,UTAS Stadium,Hawthorn Hawks,St Kilda Saints,89,54,15741.0,35,H,1.0
20180428_GeelongCats,2018,6,2018-04-28,GMHBA Stadium,Geelong Cats,Sydney Swans,69,86,31036.0,-17,A,0.0
20180428_AdelaideCrows,2018,6,2018-04-28,Adelaide Oval,Adelaide Crows,Gold Coast Suns,110,62,44835.0,48,H,1.0
20180428_NorthMelbourneKangaroos,2018,6,2018-04-28,Marvel Stadium,North Melbourne Kangaroos,Port Adelaide Power,69,102,17617.0,-33,A,0.0
20180429_EssendonBombers,2018,6,2018-04-29,Marvel Stadium,Essendon Bombers,Melbourne Demons,72,108,35964.0,-36,A,0.0
20180429_FremantleDockers,2018,6,2018-04-29,Optus Stadium,Fremantle Dockers,West Coast Eagles,81,89,56521.0,-8,A,0.0
20180429_CollingwoodMagpies,2018,6,2018-04-29,Melbourne Cricket Ground,Collingwood Magpies,Richmond Tigers,70,113,72157.0,-43,A,0.0
20180504_GeelongCats,2018,7,2018-05-04,GMHBA Stadium,Geelong Cats,Greater Western Sydney Giants,93,32,25079.0,61,H,1.0
20180505_WesternBulldogs,2018,7,2018-05-05,Mars Stadium,Western Bulldogs,Gold Coast Suns,81,72,6833.0,9,H,1.0
20180505_AdelaideCrows,2018,7,2018-05-05,Adelaide Oval,Adelaide Crows,Carlton Blues,125,70,47422.0,55,H,1.0
20180505_WestCoastEagles,2018,7,2018-05-05,Optus Stadium,West Coast Eagles,Port Adelaide Power,102,60,50516.0,42,H,1.0
20180505_SydneySwans,2018,7,2018-05-05,Sydney Cricket Ground,Sydney Swans,North Melbourne Kangaroos,66,68,29124.0,-2,A,0.0
20180505_EssendonBombers,2018,7,2018-05-05,Melbourne Cricket Ground,Essendon Bombers,Hawthorn Hawks,67,90,53018.0,-23,A,0.0
20180506_StKildaSaints,2018,7,2018-05-06,Marvel Stadium,St Kilda Saints,Melbourne Demons,67,106,25496.0,-39,A,0.0
20180506_BrisbaneLions,2018,7,2018-05-06,The Gabba,Brisbane Lions,Collingwood Magpies,114,121,21850.0,-7,A,0.0
20180506_RichmondTigers,2018,7,2018-05-06,Melbourne Cricket Ground,Richmond Tigers,Fremantle Dockers,110,33,43240.0,77,H,1.0
20180511_HawthornHawks,2018,8,2018-05-11,Melbourne Cricket Ground,Hawthorn Hawks,Sydney Swans,71,79,32784.0,-8,A,0.0
20180512_CarltonBlues,2018,8,2018-05-12,Melbourne Cricket Ground,Carlton Blues,Essendon Bombers,91,78,44669.0,13,H,1.0
20180512_FremantleDockers,2018,8,2018-05-12,Optus Stadium,Fremantle Dockers,St Kilda Saints,89,59,41752.0,30,H,1.0
20180512_PortAdelaidePower,2018,8,2018-05-12,Adelaide Oval,Port Adelaide Power,Adelaide Crows,95,90,50967.0,5,H,1.0
20180512_WesternBulldogs,2018,8,2018-05-12,Marvel Stadium,Western Bulldogs,Brisbane Lions,107,93,20865.0,14,H,1.0
20180512_GoldCoastSuns,2018,8,2018-05-12,The Gabba,Gold Coast Suns,Melbourne Demons,77,146,6060.0,-69,A,0.0
20180512_GreaterWesternSydneyGiants,2018,8,2018-05-12,ENGIE Stadium,Greater Western Sydney Giants,West Coast Eagles,61,86,9253.0,-25,A,0.0
20180513_CollingwoodMagpies,2018,8,2018-05-13,Melbourne Cricket Ground,Collingwood Magpies,Geelong Cats,45,66,44602.0,-21,A,0.0
20180513_NorthMelbourneKangaroos,2018,8,2018-05-13,Marvel Stadium,North Melbourne Kangaroos,Richmond Tigers,72,82,29153.0,-10,A,0.0
20180518_AdelaideCrows,2018,9,2018-05-18,Adelaide Oval,Adelaide Crows,Western Bulldogs,63,26,39407.0,37,H,1.0
20180519_NorthMelbourneKangaroos,2018,9,2018-05-19,Ninja Stadium,North Melbourne Kangaroos,Greater Western Sydney Giants,112,69,7194.0,43,H,1.0
20180519_StKildaSaints,2018,9,2018-05-19,Marvel Stadium,St Kilda Saints,Collingwood Magpies,72,100,33994.0,-28,A,0.0
20180519_SydneySwans,2018,9,2018-05-19,Sydney Cricket Ground,Sydney Swans,Fremantle Dockers,111,52,27481.0,59,H,1.0
20180519_GoldCoastSuns,2018,9,2018-05-19,Jiangwan Stadium,Gold Coast Suns,Port Adelaide Power,42,82,10689.0,-40,A,0.0
20180519_EssendonBombers,2018,9,2018-05-19,Melbourne Cricket Ground,Essendon Bombers,Geelong Cats,84,50,50228.0,34,H,1.0
20180520_CarltonBlues,2018,9,2018-05-20,Melbourne Cricket Ground,Carlton Blues,Melbourne Demons,50,159,44142.0,-109,A,0.0
20180520_BrisbaneLions,2018,9,2018-05-20,The Gabba,Brisbane Lions,Hawthorn Hawks,129,73,20628.0,56,H,1.0
20180520_WestCoastEagles,2018,9,2018-05-20,Optus Stadium,West Coast Eagles,Richmond Tigers,130,83,57616.0,47,H,1.0
20180525_CollingwoodMagpies,2018,10,2018-05-25,Marvel Stadium,Collingwood Magpies,Western Bulldogs,90,55,37985.0,35,H,1.0
20180526_GreaterWesternSydneyGiants,2018,10,2018-05-26,ENGIE Stadium,Greater Western Sydney Giants,Essendon Bombers,60,95,10789.0,-35,A,0.0
20180526_GeelongCats,2018,10,2018-05-26,GMHBA Stadium,Geelong Cats,Carlton Blues,73,45,31090.0,28,H,1.0
20180526_BrisbaneLions,2018,10,2018-05-26,The Gabba,Brisbane Lions,Sydney Swans,49,67,18702.0,-18,A,0.0
20180526_RichmondTigers,2018,10,2018-05-26,Melbourne Cricket Ground,Richmond Tigers,St Kilda Saints,105,77,48850.0,28,H,1.0
20180527_HawthornHawks,2018,10,2018-05-27,Marvel Stadium,Hawthorn Hawks,West Coast Eagles,60,75,28077.0,-15,A,0.0
20180527_FremantleDockers,2018,10,2018-05-27,Optus Stadium,Fremantle Dockers,North Melbourne Kangaroos,58,86,37575.0,-28,A,0.0
20180527_MelbourneDemons,2018,10,2018-05-27,TIO Traeger Park,Melbourne Demons,Adelaide Crows,146,55,6989.0,91,H,1.0
20180601_SydneySwans,2018,11,2018-06-01,Sydney Cricket Ground,Sydney Swans,Carlton Blues,91,61,27351.0,30,H,1.0
20180602_WestCoastEagles,2018,11,2018-06-02,Optus Stadium,West Coast Eagles,St Kilda Saints,101,88,54188.0,13,H,1.0
20180602_EssendonBombers,2018,11,2018-06-02,Melbourne Cricket Ground,Essendon Bombers,Richmond Tigers,43,114,81046.0,-71,A,0.0
20180602_GoldCoastSuns,2018,11,2018-06-02,People First Stadium,Gold Coast Suns,Geelong Cats,36,121,17490.0,-85,A,0.0
20180602_WesternBulldogs,2018,11,2018-06-02,Marvel Stadium,Western Bulldogs,Melbourne Demons,51,100,28485.0,-49,A,0.0
20180602_HawthornHawks,2018,11,2018-06-02,UTAS Stadium,Hawthorn Hawks,Port Adelaide Power,64,61,13007.0,3,H,1.0
20180603_AdelaideCrows,2018,11,2018-06-03,Adelaide Oval,Adelaide Crows,Greater Western Sydney Giants,81,97,44120.0,-16,A,0.0
20180603_CollingwoodMagpies,2018,11,2018-06-03,Melbourne Cricket Ground,Collingwood Magpies,Fremantle Dockers,138,77,34542.0,61,H,1.0
20180603_NorthMelbourneKangaroos,2018,11,2018-06-03,Marvel Stadium,North Melbourne Kangaroos,Brisbane Lions,141,87,22133.0,54,H,1.0
20180608_PortAdelaidePower,2018,12,2018-06-08,Adelaide Oval,Port Adelaide Power,Richmond Tigers,72,58,39936.0,14,H,1.0
20180609_GreaterWesternSydneyGiants,2018,12,2018-06-09,ENGIE Stadium,Greater Western Sydney Giants,Gold Coast Suns,134,26,7131.0,108,H,1.0
20180609_GeelongCats,2018,12,2018-06-09,GMHBA Stadium,Geelong Cats,North Melbourne Kangaroos,96,59,31265.0,37,H,1.0
20180609_StKildaSaints,2018,12,2018-06-09,Marvel Stadium,St Kilda Saints,Sydney Swans,55,126,27569.0,-71,A,0.0
20180610_FremantleDockers,2018,12,2018-06-10,Optus Stadium,Fremantle Dockers,Adelaide Crows,71,68,33421.0,3,H,1.0
20180610_BrisbaneLions,2018,12,2018-06-10,The Gabba,Brisbane Lions,Essendon Bombers,62,84,20476.0,-22,A,0.0
20180611_MelbourneDemons,2018,12,2018-06-11,Melbourne Cricket Ground,Melbourne Demons,Collingwood Magpies,91,133,83518.0,-42,A,0.0
20180614_PortAdelaidePower,2018,13,2018-06-14,Adelaide Oval,Port Adelaide Power,Western Bulldogs,132,75,26137.0,57,H,1.0
20180615_SydneySwans,2018,13,2018-06-15,Sydney Cricket Ground,Sydney Swans,West Coast Eagles,72,57,36402.0,15,H,1.0
20180616_CarltonBlues,2018,13,2018-06-16,Marvel Stadium,Carlton Blues,Fremantle Dockers,46,103,21430.0,-57,A,0.0
20180616_HawthornHawks,2018,13,2018-06-16,Melbourne Cricket Ground,Hawthorn Hawks,Adelaide Crows,88,32,26693.0,56,H,1.0
20180616_GoldCoastSuns,2018,13,2018-06-16,People First Stadium,Gold Coast Suns,St Kilda Saints,78,80,10181.0,-2,A,0.0
20180617_GeelongCats,2018,13,2018-06-17,Melbourne Cricket Ground,Geelong Cats,Richmond Tigers,65,83,46423.0,-18,A,0.0
20180621_WestCoastEagles,2018,14,2018-06-21,Optus Stadium,West Coast Eagles,Essendon Bombers,52,80,51409.0,-28,A,0.0
20180622_PortAdelaidePower,2018,14,2018-06-22,Adelaide Oval,Port Adelaide Power,Melbourne Demons,75,65,40751.0,10,H,1.0
20180623_BrisbaneLions,2018,14,2018-06-23,The Gabba,Brisbane Lions,Greater Western Sydney Giants,82,109,11267.0,-27,A,0.0
20180623_WesternBulldogs,2018,14,2018-06-23,Marvel Stadium,Western Bulldogs,North Melbourne Kangaroos,75,77,26301.0,-2,A,0.0
20180623_HawthornHawks,2018,14,2018-06-23,UTAS Stadium,Hawthorn Hawks,Gold Coast Suns,96,43,9007.0,53,H,1.0
20180624_CollingwoodMagpies,2018,14,2018-06-24,Melbourne Cricket Ground,Collingwood Magpies,Carlton Blues,79,59,53706.0,20,H,1.0
20180628_RichmondTigers,2018,15,2018-06-28,Marvel Stadium,Richmond Tigers,Sydney Swans,93,67,43519.0,26,H,1.0
20180629_WesternBulldogs,2018,15,2018-06-29,Marvel Stadium,Western Bulldogs,Geelong Cats,103,101,29499.0,2,H,1.0
20180630_GoldCoastSuns,2018,15,2018-06-30,People First Stadium,Gold Coast Suns,Collingwood Magpies,60,99,13637.0,-39,A,0.0
20180630_CarltonBlues,2018,15,2018-06-30,Melbourne Cricket Ground,Carlton Blues,Port Adelaide Power,69,90,26562.0,-21,A,0.0
20180630_GreaterWesternSydneyGiants,2018,15,2018-06-30,ENGIE Stadium,Greater Western Sydney Giants,Hawthorn Hawks,95,84,10866.0,11,H,1.0
20180630_AdelaideCrows,2018,15,2018-06-30,Adelaide Oval,Adelaide Crows,West Coast Eagles,88,78,44771.0,10,H,1.0
20180701_EssendonBombers,2018,15,2018-07-01,Marvel Stadium,Essendon Bombers,North Melbourne Kangaroos,125,108,45580.0,17,H,1.0
20180701_FremantleDockers,2018,15,2018-07-01,Optus Stadium,Fremantle Dockers,Brisbane Lions,64,119,41674.0,-55,A,0.0
20180701_MelbourneDemons,2018,15,2018-07-01,Melbourne Cricket Ground,Melbourne Demons,St Kilda Saints,117,119,38910.0,-2,A,0.0
20180705_SydneySwans,2018,16,2018-07-05,Sydney Cricket Ground,Sydney Swans,Geelong Cats,59,71,34363.0,-12,A,0.0
20180706_RichmondTigers,2018,16,2018-07-06,Melbourne Cricket Ground,Richmond Tigers,Adelaide Crows,103,56,54934.0,47,H,1.0
20180707_MelbourneDemons,2018,16,2018-07-07,TIO Stadium,Melbourne Demons,Fremantle Dockers,102,48,8689.0,54,H,1.0
20180707_BrisbaneLions,2018,16,2018-07-07,The Gabba,Brisbane Lions,Carlton Blues,120,55,21074.0,65,H,1.0
20180707_PortAdelaidePower,2018,16,2018-07-07,Adelaide Oval,Port Adelaide Power,St Kilda Saints,86,50,36253.0,36,H,1.0
20180707_WesternBulldogs,2018,16,2018-07-07,Marvel Stadium,Western Bulldogs,Hawthorn Hawks,59,122,35320.0,-63,A,0.0
20180708_NorthMelbourneKangaroos,2018,16,2018-07-08,Marvel Stadium,North Melbourne Kangaroos,Gold Coast Suns,95,58,14389.0,37,H,1.0
20180708_WestCoastEagles,2018,16,2018-07-08,Optus Stadium,West Coast Eagles,Greater Western Sydney Giants,86,75,52105.0,11,H,1.0
20180708_EssendonBombers,2018,16,2018-07-08,Melbourne Cricket Ground,Essendon Bombers,Collingwood Magpies,62,78,69868.0,-16,A,0.0
20180712_AdelaideCrows,2018,17,2018-07-12,Adelaide Oval,Adelaide Crows,Geelong Cats,112,97,46095.0,15,H,1.0
20180713_StKildaSaints,2018,17,2018-07-13,Marvel Stadium,St Kilda Saints,Carlton Blues,116,52,33780.0,64,H,1.0
20180714_MelbourneDemons,2018,17,2018-07-14,Melbourne Cricket Ground,Melbourne Demons,Western Bulldogs,119,69,30305.0,50,H,1.0
20180714_HawthornHawks,2018,17,2018-07-14,UTAS Stadium,Hawthorn Hawks,Brisbane Lions,65,98,12557.0,-33,A,0.0
20180714_GoldCoastSuns,2018,17,2018-07-14,People First Stadium,Gold Coast Suns,Essendon Bombers,51,95,13061.0,-44,A,0.0
20180714_GreaterWesternSydneyGiants,2018,17,2018-07-14,ENGIE Stadium,Greater Western Sydney Giants,Richmond Tigers,79,77,14456.0,2,H,1.0
20180715_NorthMelbourneKangaroos,2018,17,2018-07-15,Marvel Stadium,North Melbourne Kangaroos,Sydney Swans,98,104,25633.0,-6,A,0.0
20180715_FremantleDockers,2018,17,2018-07-15,Optus Stadium,Fremantle Dockers,Port Adelaide Power,59,50,33190.0,9,H,1.0
20180715_CollingwoodMagpies,2018,17,2018-07-15,Melbourne Cricket Ground,Collingwood Magpies,West Coast Eagles,67,102,53439.0,-35,A,0.0
20180720_StKildaSaints,2018,18,2018-07-20,Marvel Stadium,St Kilda Saints,Richmond Tigers,57,111,36269.0,-54,A,0.0
20180721_GeelongCats,2018,18,2018-07-21,GMHBA Stadium,Geelong Cats,Melbourne Demons,100,98,30125.0,2,H,1.0
20180721_SydneySwans,2018,18,2018-07-21,Sydney Cricket Ground,Sydney Swans,Gold Coast Suns,64,88,32565.0,-24,A,0.0
20180721_EssendonBombers,2018,18,2018-07-21,Marvel Stadium,Essendon Bombers,Fremantle Dockers,99,70,31564.0,29,H,1.0
20180721_BrisbaneLions,2018,18,2018-07-21,The Gabba,Brisbane Lions,Adelaide Crows,88,93,20475.0,-5,A,0.0
20180721_CollingwoodMagpies,2018,18,2018-07-21,Melbourne Cricket Ground,Collingwood Magpies,North Melbourne Kangaroos,130,64,50393.0,66,H,1.0
20180722_PortAdelaidePower,2018,18,2018-07-22,Adelaide Oval,Port Adelaide Power,Greater Western Sydney Giants,58,80,34693.0,-22,A,0.0
20180722_CarltonBlues,2018,18,2018-07-22,Marvel Stadium,Carlton Blues,Hawthorn Hawks,52,124,30405.0,-72,A,0.0
20180722_WestCoastEagles,2018,18,2018-07-22,Optus Stadium,West Coast Eagles,Western Bulldogs,100,46,46854.0,54,H,1.0
20180727_EssendonBombers,2018,19,2018-07-27,Marvel Stadium,Essendon Bombers,Sydney Swans,109,66,42251.0,43,H,1.0
20180728_RichmondTigers,2018,19,2018-07-28,Melbourne Cricket Ground,Richmond Tigers,Collingwood Magpies,105,77,88180.0,28,H,1.0
20180728_GeelongCats,2018,19,2018-07-28,GMHBA Stadium,Geelong Cats,Brisbane Lions,120,78,28226.0,42,H,1.0
20180728_AdelaideCrows,2018,19,2018-07-28,Adelaide Oval,Adelaide Crows,Melbourne Demons,77,90,45880.0,-13,A,0.0
20180728_GreaterWesternSydneyGiants,2018,19,2018-07-28,ENGIE Stadium,Greater Western Sydney Giants,St Kilda Saints,86,61,12014.0,25,H,1.0
20180728_GoldCoastSuns,2018,19,2018-07-28,People First Stadium,Gold Coast Suns,Carlton Blues,44,79,10776.0,-35,A,0.0
20180729_NorthMelbourneKangaroos,2018,19,2018-07-29,Ninja Stadium,North Melbourne Kangaroos,West Coast Eagles,81,41,11176.0,40,H,1.0
20180729_FremantleDockers,2018,19,2018-07-29,Optus Stadium,Fremantle Dockers,Hawthorn Hawks,53,112,41845.0,-59,A,0.0
20180729_WesternBulldogs,2018,19,2018-07-29,Mars Stadium,Western Bulldogs,Port Adelaide Power,34,78,6450.0,-44,A,0.0
20180803_RichmondTigers,2018,20,2018-08-03,Melbourne Cricket Ground,Richmond Tigers,Geelong Cats,85,82,67054.0,3,H,1.0
20180804_AdelaideCrows,2018,20,2018-08-04,Adelaide Oval,Adelaide Crows,Port Adelaide Power,96,93,50377.0,3,H,1.0
20180804_SydneySwans,2018,20,2018-08-04,Sydney Cricket Ground,Sydney Swans,Collingwood Magpies,73,71,39238.0,2,H,1.0
20180804_HawthornHawks,2018,20,2018-08-04,Melbourne Cricket Ground,Hawthorn Hawks,Essendon Bombers,107,103,68857.0,4,H,1.0
20180804_StKildaSaints,2018,20,2018-08-04,Marvel Stadium,St Kilda Saints,Western Bulldogs,68,103,20748.0,-35,A,0.0
20180804_BrisbaneLions,2018,20,2018-08-04,The Gabba,Brisbane Lions,North Melbourne Kangaroos,104,107,18395.0,-3,A,0.0
20180805_CarltonBlues,2018,20,2018-08-05,Marvel Stadium,Carlton Blues,Greater Western Sydney Giants,46,151,16697.0,-105,A,0.0
20180805_WestCoastEagles,2018,20,2018-08-05,Optus Stadium,West Coast Eagles,Fremantle Dockers,142,84,57375.0,58,H,1.0
20180805_MelbourneDemons,2018,20,2018-08-05,Melbourne Cricket Ground,Melbourne Demons,Gold Coast Suns,143,47,23072.0,96,H,1.0
20180810_EssendonBombers,2018,21,2018-08-10,Marvel Stadium,Essendon Bombers,St Kilda Saints,122,79,37483.0,43,H,1.0
20180811_GoldCoastSuns,2018,21,2018-08-11,People First Stadium,Gold Coast Suns,Richmond Tigers,51,125,18102.0,-74,A,0.0
20180811_GreaterWesternSydneyGiants,2018,21,2018-08-11,Manuka Oval,Greater Western Sydney Giants,Adelaide Crows,106,92,13249.0,14,H,1.0
20180811_PortAdelaidePower,2018,21,2018-08-11,Adelaide Oval,Port Adelaide Power,West Coast Eagles,58,62,32534.0,-4,A,0.0
20180811_CollingwoodMagpies,2018,21,2018-08-11,Marvel Stadium,Collingwood Magpies,Brisbane Lions,104,73,33390.0,31,H,1.0
20180811_HawthornHawks,2018,21,2018-08-11,Melbourne Cricket Ground,Hawthorn Hawks,Geelong Cats,71,60,59529.0,11,H,1.0
20180812_FremantleDockers,2018,21,2018-08-12,Optus Stadium,Fremantle Dockers,Carlton Blues,101,72,40028.0,29,H,1.0
20180812_MelbourneDemons,2018,21,2018-08-12,Melbourne Cricket Ground,Melbourne Demons,Sydney Swans,78,87,51424.0,-9,A,0.0
20180812_NorthMelbourneKangaroos,2018,21,2018-08-12,Marvel Stadium,North Melbourne Kangaroos,Western Bulldogs,85,92,27031.0,-7,A,0.0
20180817_RichmondTigers,2018,22,2018-08-17,Melbourne Cricket Ground,Richmond Tigers,Essendon Bombers,81,73,76424.0,8,H,1.0
20180818_GreaterWesternSydneyGiants,2018,22,2018-08-18,ENGIE Stadium,Greater Western Sydney Giants,Sydney Swans,60,80,21433.0,-20,A,0.0
20180818_GeelongCats,2018,22,2018-08-18,GMHBA Stadium,Geelong Cats,Fremantle Dockers,158,25,24507.0,133,H,1.0
20180818_GoldCoastSuns,2018,22,2018-08-18,People First Stadium,Gold Coast Suns,Brisbane Lions,74,78,11907.0,-4,A,0.0
20180818_CollingwoodMagpies,2018,22,2018-08-18,Melbourne Cricket Ground,Collingwood Magpies,Port Adelaide Power,115,64,46286.0,51,H,1.0
20180818_StKildaSaints,2018,22,2018-08-18,Marvel Stadium,St Kilda Saints,Hawthorn Hawks,76,80,24795.0,-4,A,0.0
20180819_CarltonBlues,2018,22,2018-08-19,Marvel Stadium,Carlton Blues,Western Bulldogs,49,66,24143.0,-17,A,0.0
20180819_AdelaideCrows,2018,22,2018-08-19,Adelaide Oval,Adelaide Crows,North Melbourne Kangaroos,86,77,41444.0,9,H,1.0
20180819_WestCoastEagles,2018,22,2018-08-19,Optus Stadium,West Coast Eagles,Melbourne Demons,91,108,55824.0,-17,A,0.0
20180824_PortAdelaidePower,2018,23,2018-08-24,Adelaide Oval,Port Adelaide Power,Essendon Bombers,89,111,39168.0,-22,A,0.0
20180825_SydneySwans,2018,23,2018-08-25,Sydney Cricket Ground,Sydney Swans,Hawthorn Hawks,74,83,39660.0,-9,A,0.0
20180825_GeelongCats,2018,23,2018-08-25,GMHBA Stadium,Geelong Cats,Gold Coast Suns,142,40,28004.0,102,H,1.0
20180825_RichmondTigers,2018,23,2018-08-25,Melbourne Cricket Ground,Richmond Tigers,Western Bulldogs,98,95,56998.0,3,H,1.0
20180825_FremantleDockers,2018,23,2018-08-25,Optus Stadium,Fremantle Dockers,Collingwood Magpies,67,76,41320.0,-9,A,0.0
20180825_CarltonBlues,2018,23,2018-08-25,Marvel Stadium,Carlton Blues,Adelaide Crows,61,165,17000.0,-104,A,0.0
20180826_BrisbaneLions,2018,23,2018-08-26,The Gabba,Brisbane Lions,West Coast Eagles,72,98,16367.0,-26,A,0.0
20180826_StKildaSaints,2018,23,2018-08-26,Marvel Stadium,St Kilda Saints,North Melbourne Kangaroos,94,117,19866.0,-23,A,0.0
20180826_MelbourneDemons,2018,23,2018-08-26,Melbourne Cricket Ground,Melbourne Demons,Greater Western Sydney Giants,102,57,37285.0,45,H,1.0
20180906_RichmondTigers,2018,QF,2018-09-06,Melbourne Cricket Ground,Richmond Tigers,Hawthorn Hawks,95,64,91446.0,31,H,1.0
20180907_MelbourneDemons,2018,EF,2018-09-07,Melbourne Cricket Ground,Melbourne Demons,Geelong Cats,75,46,91767.0,29,H,1.0
20180908_WestCoastEagles,2018,QF,2018-09-08,Optus Stadium,West Coast Eagles,Collingwood Magpies,86,70,59585.0,16,H,1.0
20180908_SydneySwans,2018,EF,2018-09-08,Sydney Cricket Ground,Sydney Swans,Greater Western Sydney Giants,30,79,40350.0,-49,A,0.0
20180914_HawthornHawks,2018,SF,2018-09-14,Melbourne Cricket Ground,Hawthorn Hawks,Melbourne Demons,71,104,90152.0,-33,A,0.0
20180915_CollingwoodMagpies,2018,SF,2018-09-15,Melbourne Cricket Ground,Collingwood Magpies,Greater Western Sydney Giants,69,59,72504.0,10,H,1.0
20180921_RichmondTigers,2018,PF,2018-09-21,Melbourne Cricket Ground,Richmond Tigers,Collingwood Magpies,58,97,94959.0,-39,A,0.0
20180922_WestCoastEagles,2018,PF,2018-09-22,Optus Stadium,West Coast Eagles,Melbourne Demons,121,55,59608.0,66,H,1.0
20180929_WestCoastEagles,2018,GF,2018-09-29,Melbourne Cricket Ground,West Coast Eagles,Collingwood Magpies,79,74,100022.0,5,H,1.0
20190321_CarltonBlues,2019,1,2019-03-21,Melbourne Cricket Ground,Carlton Blues,Richmond Tigers,64,97,85016.0,-33,A,0.0
20190322_CollingwoodMagpies,2019,1,2019-03-22,Melbourne Cricket Ground,Collingwood Magpies,Geelong Cats,65,72,78017.0,-7,A,0.0
20190323_AdelaideCrows,2019,1,2019-03-23,Adelaide Oval,Adelaide Crows,Hawthorn Hawks,55,87,50180.0,-32,A,0.0
20190323_MelbourneDemons,2019,1,2019-03-23,Melbourne Cricket Ground,Melbourne Demons,Port Adelaide Power,61,87,38866.0,-26,A,0.0
20190323_BrisbaneLions,2019,1,2019-03-23,The Gabba,Brisbane Lions,West Coast Eagles,102,58,20029.0,44,H,1.0
20190323_WesternBulldogs,2019,1,2019-03-23,Marvel Stadium,Western Bulldogs,Sydney Swans,82,65,32303.0,17,H,1.0
20190324_GreaterWesternSydneyGiants,2019,1,2019-03-24,ENGIE Stadium,Greater Western Sydney Giants,Essendon Bombers,112,40,15424.0,72,H,1.0
20190324_FremantleDockers,2019,1,2019-03-24,Optus Stadium,Fremantle Dockers,North Melbourne Kangaroos,141,59,40033.0,82,H,1.0
20190324_StKildaSaints,2019,1,2019-03-24,Marvel Stadium,St Kilda Saints,Gold Coast Suns,85,84,20291.0,1,H,1.0
20190328_RichmondTigers,2019,2,2019-03-28,Melbourne Cricket Ground,Richmond Tigers,Collingwood Magpies,66,110,70699.0,-44,A,0.0
20190329_SydneySwans,2019,2,2019-03-29,Sydney Cricket Ground,Sydney Swans,Adelaide Crows,62,88,32575.0,-26,A,0.0
20190330_GeelongCats,2019,2,2019-03-30,GMHBA Stadium,Geelong Cats,Melbourne Demons,126,46,27561.0,80,H,1.0
20190330_PortAdelaidePower,2019,2,2019-03-30,Adelaide Oval,Port Adelaide Power,Carlton Blues,88,72,41552.0,16,H,1.0
20190330_WestCoastEagles,2019,2,2019-03-30,Optus Stadium,West Coast Eagles,Greater Western Sydney Giants,104,52,54985.0,52,H,1.0
20190330_EssendonBombers,2019,2,2019-03-30,Marvel Stadium,Essendon Bombers,St Kilda Saints,65,76,44252.0,-11,A,0.0
20190331_GoldCoastSuns,2019,2,2019-03-31,People First Stadium,Gold Coast Suns,Fremantle Dockers,61,58,10119.0,3,H,1.0
20190331_NorthMelbourneKangaroos,2019,2,2019-03-31,Marvel Stadium,North Melbourne Kangaroos,Brisbane Lions,87,107,23100.0,-20,A,0.0
20190331_HawthornHawks,2019,2,2019-03-31,Melbourne Cricket Ground,Hawthorn Hawks,Western Bulldogs,87,106,39368.0,-19,A,0.0
20190404_AdelaideCrows,2019,3,2019-04-04,Adelaide Oval,Adelaide Crows,Geelong Cats,75,99,45631.0,-24,A,0.0
20190405_MelbourneDemons,2019,3,2019-04-05,Melbourne Cricket Ground,Melbourne Demons,Essendon Bombers,112,130,52475.0,-18,A,0.0
20190406_GreaterWesternSydneyGiants,2019,3,2019-04-06,ENGIE Stadium,Greater Western Sydney Giants,Richmond Tigers,125,76,12697.0,49,H,1.0
20190406_CollingwoodMagpies,2019,3,2019-04-06,Melbourne Cricket Ground,Collingwood Magpies,West Coast Eagles,76,98,60878.0,-22,A,0.0
20190406_BrisbaneLions,2019,3,2019-04-06,The Gabba,Brisbane Lions,Port Adelaide Power,107,90,19958.0,17,H,1.0
20190406_CarltonBlues,2019,3,2019-04-06,Marvel Stadium,Carlton Blues,Sydney Swans,74,93,39290.0,-19,A,0.0
20190407_HawthornHawks,2019,3,2019-04-07,Melbourne Cricket Ground,Hawthorn Hawks,North Melbourne Kangaroos,87,71,36174.0,16,H,1.0
20190407_FremantleDockers,2019,3,2019-04-07,Optus Stadium,Fremantle Dockers,St Kilda Saints,71,66,38227.0,5,H,1.0
20190407_WesternBulldogs,2019,3,2019-04-07,Marvel Stadium,Western Bulldogs,Gold Coast Suns,68,73,22499.0,-5,A,0.0
20190411_SydneySwans,2019,4,2019-04-11,Sydney Cricket Ground,Sydney Swans,Melbourne Demons,78,100,26669.0,-22,A,0.0
20190412_CollingwoodMagpies,2019,4,2019-04-12,Melbourne Cricket Ground,Collingwood Magpies,Western Bulldogs,78,64,59257.0,14,H,1.0
20190413_WestCoastEagles,2019,4,2019-04-13,Optus Stadium,West Coast Eagles,Fremantle Dockers,69,56,58219.0,13,H,1.0
20190413_GeelongCats,2019,4,2019-04-13,GMHBA Stadium,Geelong Cats,Greater Western Sydney Giants,75,79,28780.0,-4,A,0.0
20190413_NorthMelbourneKangaroos,2019,4,2019-04-13,Marvel Stadium,North Melbourne Kangaroos,Adelaide Crows,71,59,17207.0,12,H,1.0
20190413_PortAdelaidePower,2019,4,2019-04-13,Adelaide Oval,Port Adelaide Power,Richmond Tigers,92,99,38864.0,-7,A,0.0
20190413_EssendonBombers,2019,4,2019-04-13,Melbourne Cricket Ground,Essendon Bombers,Brisbane Lions,112,65,48289.0,47,H,1.0
20190414_GoldCoastSuns,2019,4,2019-04-14,People First Stadium,Gold Coast Suns,Carlton Blues,59,57,14176.0,2,H,1.0
20190414_StKildaSaints,2019,4,2019-04-14,Marvel Stadium,St Kilda Saints,Hawthorn Hawks,74,69,35883.0,5,H,1.0
20190418_BrisbaneLions,2019,5,2019-04-18,The Gabba,Brisbane Lions,Collingwood Magpies,61,123,34017.0,-62,A,0.0
20190419_NorthMelbourneKangaroos,2019,5,2019-04-19,Marvel Stadium,North Melbourne Kangaroos,Essendon Bombers,58,116,48278.0,-58,A,0.0
20190419_WestCoastEagles,2019,5,2019-04-19,Optus Stadium,West Coast Eagles,Port Adelaide Power,53,95,49290.0,-42,A,0.0
20190420_GreaterWesternSydneyGiants,2019,5,2019-04-20,Manuka Oval,Greater Western Sydney Giants,Fremantle Dockers,82,106,11277.0,-24,A,0.0
20190420_RichmondTigers,2019,5,2019-04-20,Marvel Stadium,Richmond Tigers,Sydney Swans,89,67,40053.0,22,H,1.0
20190420_MelbourneDemons,2019,5,2019-04-20,Melbourne Cricket Ground,Melbourne Demons,St Kilda Saints,55,95,35558.0,-40,A,0.0
20190421_AdelaideCrows,2019,5,2019-04-21,Adelaide Oval,Adelaide Crows,Gold Coast Suns,119,46,40847.0,73,H,1.0
20190421_WesternBulldogs,2019,5,2019-04-21,Marvel Stadium,Western Bulldogs,Carlton Blues,57,101,35069.0,-44,A,0.0
20190422_HawthornHawks,2019,5,2019-04-22,Melbourne Cricket Ground,Hawthorn Hawks,Geelong Cats,90,113,66347.0,-23,A,0.0
20190424_RichmondTigers,2019,6,2019-04-24,Melbourne Cricket Ground,Richmond Tigers,Melbourne Demons,85,42,72704.0,43,H,1.0
20190425_EssendonBombers,2019,6,2019-04-25,Melbourne Cricket Ground,Essendon Bombers,Collingwood Magpies,69,73,92241.0,-4,A,0.0
20190426_PortAdelaidePower,2019,6,2019-04-26,Adelaide Oval,Port Adelaide Power,North Melbourne Kangaroos,88,72,36099.0,16,H,1.0
20190427_SydneySwans,2019,6,2019-04-27,Sydney Cricket Ground,Sydney Swans,Greater Western Sydney Giants,79,120,29780.0,-41,A,0.0
20190427_StKildaSaints,2019,6,2019-04-27,Marvel Stadium,St Kilda Saints,Adelaide Crows,68,97,28404.0,-29,A,0.0
20190427_FremantleDockers,2019,6,2019-04-27,Optus Stadium,Fremantle Dockers,Western Bulldogs,88,69,43732.0,19,H,1.0
20190427_GoldCoastSuns,2019,6,2019-04-27,People First Stadium,Gold Coast Suns,Brisbane Lions,62,111,13694.0,-49,A,0.0
20190428_GeelongCats,2019,6,2019-04-28,GMHBA Stadium,Geelong Cats,West Coast Eagles,104,46,28085.0,58,H,1.0
20190428_HawthornHawks,2019,6,2019-04-28,UTAS Stadium,Hawthorn Hawks,Carlton Blues,93,88,15888.0,5,H,1.0
20190503_CollingwoodMagpies,2019,7,2019-05-03,Marvel Stadium,Collingwood Magpies,Port Adelaide Power,108,69,37559.0,39,H,1.0
20190504_WesternBulldogs,2019,7,2019-05-04,Marvel Stadium,Western Bulldogs,Richmond Tigers,99,52,36151.0,47,H,1.0
20190504_WestCoastEagles,2019,7,2019-05-04,Optus Stadium,West Coast Eagles,Gold Coast Suns,80,57,47497.0,23,H,1.0
20190504_MelbourneDemons,2019,7,2019-05-04,Melbourne Cricket Ground,Melbourne Demons,Hawthorn Hawks,79,74,40864.0,5,H,1.0
20190504_BrisbaneLions,2019,7,2019-05-04,The Gabba,Brisbane Lions,Sydney Swans,103,81,20075.0,22,H,1.0
20190504_GreaterWesternSydneyGiants,2019,7,2019-05-04,Manuka Oval,Greater Western Sydney Giants,St Kilda Saints,114,70,12633.0,44,H,1.0
20190505_CarltonBlues,2019,7,2019-05-05,Marvel Stadium,Carlton Blues,North Melbourne Kangaroos,62,120,42430.0,-58,A,0.0
20190505_GeelongCats,2019,7,2019-05-05,Melbourne Cricket Ground,Geelong Cats,Essendon Bombers,86,54,63527.0,32,H,1.0
20190505_AdelaideCrows,2019,7,2019-05-05,Adelaide Oval,Adelaide Crows,Fremantle Dockers,51,34,42383.0,17,H,1.0
20190510_SydneySwans,2019,8,2019-05-10,Sydney Cricket Ground,Sydney Swans,Essendon Bombers,77,72,26502.0,5,H,1.0
20190511_CarltonBlues,2019,8,2019-05-11,Melbourne Cricket Ground,Carlton Blues,Collingwood Magpies,87,106,69289.0,-19,A,0.0
20190511_WesternBulldogs,2019,8,2019-05-11,Mars Stadium,Western Bulldogs,Brisbane Lions,92,76,9039.0,16,H,1.0
20190511_GoldCoastSuns,2019,8,2019-05-11,People First Stadium,Gold Coast Suns,Melbourne Demons,60,61,9765.0,-1,A,0.0
20190511_PortAdelaidePower,2019,8,2019-05-11,Adelaide Oval,Port Adelaide Power,Adelaide Crows,68,88,49675.0,-20,A,0.0
20190511_StKildaSaints,2019,8,2019-05-11,Marvel Stadium,St Kilda Saints,West Coast Eagles,70,88,24246.0,-18,A,0.0
20190512_NorthMelbourneKangaroos,2019,8,2019-05-12,Marvel Stadium,North Melbourne Kangaroos,Geelong Cats,80,104,21156.0,-24,A,0.0
20190512_HawthornHawks,2019,8,2019-05-12,Melbourne Cricket Ground,Hawthorn Hawks,Greater Western Sydney Giants,71,38,14636.0,33,H,1.0
20190512_FremantleDockers,2019,8,2019-05-12,Optus Stadium,Fremantle Dockers,Richmond Tigers,86,111,42641.0,-25,A,0.0
20190517_WestCoastEagles,2019,9,2019-05-17,Optus Stadium,West Coast Eagles,Melbourne Demons,85,69,51162.0,16,H,1.0
20190518_GeelongCats,2019,9,2019-05-18,GMHBA Stadium,Geelong Cats,Western Bulldogs,133,89,31373.0,44,H,1.0
20190518_EssendonBombers,2019,9,2019-05-18,Marvel Stadium,Essendon Bombers,Fremantle Dockers,60,53,29176.0,7,H,1.0
20190518_CollingwoodMagpies,2019,9,2019-05-18,Melbourne Cricket Ground,Collingwood Magpies,St Kilda Saints,112,71,60702.0,41,H,1.0
20190518_BrisbaneLions,2019,9,2019-05-18,The Gabba,Brisbane Lions,Adelaide Crows,93,92,20405.0,1,H,1.0
20190518_NorthMelbourneKangaroos,2019,9,2019-05-18,Ninja Stadium,North Melbourne Kangaroos,Sydney Swans,72,77,12799.0,-5,A,0.0
20190519_GreaterWesternSydneyGiants,2019,9,2019-05-19,ENGIE Stadium,Greater Western Sydney Giants,Carlton Blues,138,45,9599.0,93,H,1.0
20190519_RichmondTigers,2019,9,2019-05-19,Melbourne Cricket Ground,Richmond Tigers,Hawthorn Hawks,95,59,64936.0,36,H,1.0
20190519_PortAdelaidePower,2019,9,2019-05-19,Adelaide Oval,Port Adelaide Power,Gold Coast Suns,89,51,26129.0,38,H,1.0
20190524_SydneySwans,2019,10,2019-05-24,Sydney Cricket Ground,Sydney Swans,Collingwood Magpies,73,80,34649.0,-7,A,0.0
20190525_AdelaideCrows,2019,10,2019-05-25,Adelaide Oval,Adelaide Crows,West Coast Eagles,73,85,41630.0,-12,A,0.0
20190525_GoldCoastSuns,2019,10,2019-05-25,People First Stadium,Gold Coast Suns,Geelong Cats,64,91,13144.0,-27,A,0.0
20190525_HawthornHawks,2019,10,2019-05-25,UTAS Stadium,Hawthorn Hawks,Port Adelaide Power,80,49,11637.0,31,H,1.0
20190525_RichmondTigers,2019,10,2019-05-25,Melbourne Cricket Ground,Richmond Tigers,Essendon Bombers,73,50,80176.0,23,H,1.0
20190525_WesternBulldogs,2019,10,2019-05-25,Marvel Stadium,Western Bulldogs,North Melbourne Kangaroos,90,115,26156.0,-25,A,0.0
20190526_FremantleDockers,2019,10,2019-05-26,Optus Stadium,Fremantle Dockers,Brisbane Lions,73,72,36383.0,1,H,1.0
20190526_MelbourneDemons,2019,10,2019-05-26,Melbourne Cricket Ground,Melbourne Demons,Greater Western Sydney Giants,68,94,20023.0,-26,A,0.0
20190526_StKildaSaints,2019,10,2019-05-26,Marvel Stadium,St Kilda Saints,Carlton Blues,68,55,35058.0,13,H,1.0
20190531_NorthMelbourneKangaroos,2019,11,2019-05-31,Marvel Stadium,North Melbourne Kangaroos,Richmond Tigers,99,62,29326.0,37,H,1.0
20190601_GeelongCats,2019,11,2019-06-01,GMHBA Stadium,Geelong Cats,Sydney Swans,85,63,29021.0,22,H,1.0
20190601_MelbourneDemons,2019,11,2019-06-01,TIO Stadium,Melbourne Demons,Adelaide Crows,88,90,10634.0,-2,A,0.0
20190601_GreaterWesternSydneyGiants,2019,11,2019-06-01,ENGIE Stadium,Greater Western Sydney Giants,Gold Coast Suns,126,43,7581.0,83,H,1.0
20190601_CollingwoodMagpies,2019,11,2019-06-01,Melbourne Cricket Ground,Collingwood Magpies,Fremantle Dockers,75,79,41774.0,-4,A,0.0
20190601_BrisbaneLions,2019,11,2019-06-01,The Gabba,Brisbane Lions,Hawthorn Hawks,85,66,25051.0,19,H,1.0
20190602_WestCoastEagles,2019,11,2019-06-02,Optus Stadium,West Coast Eagles,Western Bulldogs,133,72,53195.0,61,H,1.0
20190602_EssendonBombers,2019,11,2019-06-02,Melbourne Cricket Ground,Essendon Bombers,Carlton Blues,74,33,50423.0,41,H,1.0
20190602_StKildaSaints,2019,11,2019-06-02,Jiangwan Stadium,St Kilda Saints,Port Adelaide Power,69,139,9412.0,-70,A,0.0
20190607_RichmondTigers,2019,12,2019-06-07,Melbourne Cricket Ground,Richmond Tigers,Geelong Cats,37,104,65214.0,-67,A,0.0
20190608_CarltonBlues,2019,12,2019-06-08,Marvel Stadium,Carlton Blues,Brisbane Lions,78,63,32211.0,15,H,1.0
20190608_AdelaideCrows,2019,12,2019-06-08,Adelaide Oval,Adelaide Crows,Greater Western Sydney Giants,82,61,41710.0,21,H,1.0
20190608_GoldCoastSuns,2019,12,2019-06-08,People First Stadium,Gold Coast Suns,North Melbourne Kangaroos,72,99,9305.0,-27,A,0.0
20190609_SydneySwans,2019,12,2019-06-09,Sydney Cricket Ground,Sydney Swans,West Coast Eagles,116,71,36640.0,45,H,1.0
20190610_CollingwoodMagpies,2019,12,2019-06-10,Melbourne Cricket Ground,Collingwood Magpies,Melbourne Demons,98,57,74036.0,41,H,1.0
20190613_AdelaideCrows,2019,13,2019-06-13,Adelaide Oval,Adelaide Crows,Richmond Tigers,101,68,40837.0,33,H,1.0
20190614_EssendonBombers,2019,13,2019-06-14,Marvel Stadium,Essendon Bombers,Hawthorn Hawks,96,77,44846.0,19,H,1.0
20190615_GoldCoastSuns,2019,13,2019-06-15,Riverway Stadium,Gold Coast Suns,St Kilda Saints,76,80,7243.0,-4,A,0.0
20190615_CarltonBlues,2019,13,2019-06-15,Marvel Stadium,Carlton Blues,Western Bulldogs,100,103,35479.0,-3,A,0.0
20190615_FremantleDockers,2019,13,2019-06-15,Optus Stadium,Fremantle Dockers,Port Adelaide Power,100,79,37451.0,21,H,1.0
20190616_NorthMelbourneKangaroos,2019,13,2019-06-16,Ninja Stadium,North Melbourne Kangaroos,Greater Western Sydney Giants,68,91,7832.0,-23,A,0.0
20190620_WestCoastEagles,2019,14,2019-06-20,Optus Stadium,West Coast Eagles,Essendon Bombers,106,71,52810.0,35,H,1.0
20190621_SydneySwans,2019,14,2019-06-21,Sydney Cricket Ground,Sydney Swans,Hawthorn Hawks,82,63,29553.0,19,H,1.0
20190622_MelbourneDemons,2019,14,2019-06-22,Melbourne Cricket Ground,Melbourne Demons,Fremantle Dockers,85,71,20211.0,14,H,1.0
20190622_PortAdelaidePower,2019,14,2019-06-22,Adelaide Oval,Port Adelaide Power,Geelong Cats,67,56,37726.0,11,H,1.0
20190622_StKildaSaints,2019,14,2019-06-22,Marvel Stadium,St Kilda Saints,Brisbane Lions,59,115,22885.0,-56,A,0.0
20190623_WesternBulldogs,2019,14,2019-06-23,Marvel Stadium,Western Bulldogs,Collingwood Magpies,73,82,39836.0,-9,A,0.0
20190627_EssendonBombers,2019,15,2019-06-27,Marvel Stadium,Essendon Bombers,Greater Western Sydney Giants,77,71,25195.0,6,H,1.0
20190628_GeelongCats,2019,15,2019-06-28,GMHBA Stadium,Geelong Cats,Adelaide Crows,96,69,28108.0,27,H,1.0
20190629_HawthornHawks,2019,15,2019-06-29,Melbourne Cricket Ground,Hawthorn Hawks,West Coast Eagles,71,77,31895.0,-6,A,0.0
20190629_SydneySwans,2019,15,2019-06-29,Sydney Cricket Ground,Sydney Swans,Gold Coast Suns,93,51,26194.0,42,H,1.0
20190629_PortAdelaidePower,2019,15,2019-06-29,Adelaide Oval,Port Adelaide Power,Western Bulldogs,41,66,25623.0,-25,A,0.0
20190629_CollingwoodMagpies,2019,15,2019-06-29,Marvel Stadium,Collingwood Magpies,North Melbourne Kangaroos,37,81,38801.0,-44,A,0.0
20190630_StKildaSaints,2019,15,2019-06-30,Marvel Stadium,St Kilda Saints,Richmond Tigers,70,103,40962.0,-33,A,0.0
20190630_BrisbaneLions,2019,15,2019-06-30,The Gabba,Brisbane Lions,Melbourne Demons,107,74,24809.0,33,H,1.0
20190630_FremantleDockers,2019,15,2019-06-30,Optus Stadium,Fremantle Dockers,Carlton Blues,75,79,37293.0,-4,A,0.0
20190705_HawthornHawks,2019,16,2019-07-05,Melbourne Cricket Ground,Hawthorn Hawks,Collingwood Magpies,67,63,66407.0,4,H,1.0
20190706_WesternBulldogs,2019,16,2019-07-06,Marvel Stadium,Western Bulldogs,Geelong Cats,71,55,35641.0,16,H,1.0
20190706_AdelaideCrows,2019,16,2019-07-06,Adelaide Oval,Adelaide Crows,Port Adelaide Power,44,101,50544.0,-57,A,0.0
20190706_GoldCoastSuns,2019,16,2019-07-06,People First Stadium,Gold Coast Suns,Richmond Tigers,58,150,16031.0,-92,A,0.0
20190706_EssendonBombers,2019,16,2019-07-06,Melbourne Cricket Ground,Essendon Bombers,Sydney Swans,76,66,60199.0,10,H,1.0
20190706_FremantleDockers,2019,16,2019-07-06,Optus Stadium,Fremantle Dockers,West Coast Eagles,31,122,56358.0,-91,A,0.0
20190707_CarltonBlues,2019,16,2019-07-07,Melbourne Cricket Ground,Carlton Blues,Melbourne Demons,100,105,55593.0,-5,A,0.0
20190707_NorthMelbourneKangaroos,2019,16,2019-07-07,Ninja Stadium,North Melbourne Kangaroos,St Kilda Saints,112,73,10696.0,39,H,1.0
20190707_GreaterWesternSydneyGiants,2019,16,2019-07-07,ENGIE Stadium,Greater Western Sydney Giants,Brisbane Lions,74,94,12268.0,-20,A,0.0
20190712_WestCoastEagles,2019,17,2019-07-12,Optus Stadium,West Coast Eagles,Collingwood Magpies,77,78,56251.0,-1,A,0.0
20190713_EssendonBombers,2019,17,2019-07-13,Marvel Stadium,Essendon Bombers,North Melbourne Kangaroos,86,81,45682.0,5,H,1.0
20190713_HawthornHawks,2019,17,2019-07-13,UTAS Stadium,Hawthorn Hawks,Fremantle Dockers,84,53,13006.0,31,H,1.0
20190713_GoldCoastSuns,2019,17,2019-07-13,People First Stadium,Gold Coast Suns,Adelaide Crows,56,151,8741.0,-95,A,0.0
20190713_GeelongCats,2019,17,2019-07-13,GMHBA Stadium,Geelong Cats,St Kilda Saints,84,57,24035.0,27,H,1.0
20190713_SydneySwans,2019,17,2019-07-13,Sydney Cricket Ground,Sydney Swans,Carlton Blues,62,69,32570.0,-7,A,0.0
20190714_WesternBulldogs,2019,17,2019-07-14,Marvel Stadium,Western Bulldogs,Melbourne Demons,74,66,26781.0,8,H,1.0
20190714_RichmondTigers,2019,17,2019-07-14,Melbourne Cricket Ground,Richmond Tigers,Greater Western Sydney Giants,94,67,38986.0,27,H,1.0
20190714_PortAdelaidePower,2019,17,2019-07-14,Adelaide Oval,Port Adelaide Power,Brisbane Lions,49,97,33118.0,-48,A,0.0
20190719_AdelaideCrows,2019,18,2019-07-19,Adelaide Oval,Adelaide Crows,Essendon Bombers,75,96,47735.0,-21,A,0.0
20190720_GreaterWesternSydneyGiants,2019,18,2019-07-20,ENGIE Stadium,Greater Western Sydney Giants,Collingwood Magpies,122,75,15467.0,47,H,1.0
20190720_CarltonBlues,2019,18,2019-07-20,Marvel Stadium,Carlton Blues,Gold Coast Suns,99,75,31765.0,24,H,1.0
20190720_FremantleDockers,2019,18,2019-07-20,Optus Stadium,Fremantle Dockers,Sydney Swans,52,51,33594.0,1,H,1.0
20190720_RichmondTigers,2019,18,2019-07-20,Melbourne Cricket Ground,Richmond Tigers,Port Adelaide Power,101,63,41642.0,38,H,1.0
20190720_BrisbaneLions,2019,18,2019-07-20,The Gabba,Brisbane Lions,North Melbourne Kangaroos,87,75,23833.0,12,H,1.0
20190721_StKildaSaints,2019,18,2019-07-21,Marvel Stadium,St Kilda Saints,Western Bulldogs,116,89,21705.0,27,H,1.0
20190721_MelbourneDemons,2019,18,2019-07-21,TIO Traeger Park,Melbourne Demons,West Coast Eagles,78,91,7164.0,-13,A,0.0
20190721_GeelongCats,2019,18,2019-07-21,Melbourne Cricket Ground,Geelong Cats,Hawthorn Hawks,61,85,53636.0,-24,A,0.0
20190726_CollingwoodMagpies,2019,19,2019-07-26,Melbourne Cricket Ground,Collingwood Magpies,Richmond Tigers,66,98,78722.0,-32,A,0.0
20190727_CarltonBlues,2019,19,2019-07-27,Melbourne Cricket Ground,Carlton Blues,Adelaide Crows,87,60,38369.0,27,H,1.0
20190727_WestCoastEagles,2019,19,2019-07-27,Optus Stadium,West Coast Eagles,North Melbourne Kangaroos,121,72,54376.0,49,H,1.0
20190727_PortAdelaidePower,2019,19,2019-07-27,Adelaide Oval,Port Adelaide Power,Greater Western Sydney Giants,55,56,27591.0,-1,A,0.0
20190727_StKildaSaints,2019,19,2019-07-27,Marvel Stadium,St Kilda Saints,Melbourne Demons,104,85,22854.0,19,H,1.0
20190727_HawthornHawks,2019,19,2019-07-27,UTAS Stadium,Hawthorn Hawks,Brisbane Lions,60,87,15157.0,-27,A,0.0
20190728_WesternBulldogs,2019,19,2019-07-28,Marvel Stadium,Western Bulldogs,Fremantle Dockers,113,66,21181.0,47,H,1.0
20190728_SydneySwans,2019,19,2019-07-28,Sydney Cricket Ground,Sydney Swans,Geelong Cats,80,107,32911.0,-27,A,0.0
20190728_GoldCoastSuns,2019,19,2019-07-28,People First Stadium,Gold Coast Suns,Essendon Bombers,96,106,15759.0,-10,A,0.0
20190802_NorthMelbourneKangaroos,2019,20,2019-08-02,Marvel Stadium,North Melbourne Kangaroos,Hawthorn Hawks,86,64,33226.0,22,H,1.0
20190803_FremantleDockers,2019,20,2019-08-03,Optus Stadium,Fremantle Dockers,Geelong Cats,95,61,36310.0,34,H,1.0
20190803_GreaterWesternSydneyGiants,2019,20,2019-08-03,ENGIE Stadium,Greater Western Sydney Giants,Sydney Swans,83,81,16116.0,2,H,1.0
20190803_AdelaideCrows,2019,20,2019-08-03,Adelaide Oval,Adelaide Crows,St Kilda Saints,92,70,39984.0,22,H,1.0
20190803_EssendonBombers,2019,20,2019-08-03,Marvel Stadium,Essendon Bombers,Port Adelaide Power,67,126,42940.0,-59,A,0.0
20190803_MelbourneDemons,2019,20,2019-08-03,Melbourne Cricket Ground,Melbourne Demons,Richmond Tigers,60,93,37254.0,-33,A,0.0
20190804_CarltonBlues,2019,20,2019-08-04,Marvel Stadium,Carlton Blues,West Coast Eagles,75,99,32802.0,-24,A,0.0
20190804_CollingwoodMagpies,2019,20,2019-08-04,Melbourne Cricket Ground,Collingwood Magpies,Gold Coast Suns,120,51,33577.0,69,H,1.0
20190804_BrisbaneLions,2019,20,2019-08-04,The Gabba,Brisbane Lions,Western Bulldogs,98,80,25831.0,18,H,1.0
20190809_GreaterWesternSydneyGiants,2019,21,2019-08-09,Manuka Oval,Greater Western Sydney Giants,Hawthorn Hawks,29,85,11741.0,-56,A,0.0
20190810_BrisbaneLions,2019,21,2019-08-10,The Gabba,Brisbane Lions,Gold Coast Suns,144,53,22530.0,91,H,1.0
20190810_MelbourneDemons,2019,21,2019-08-10,Melbourne Cricket Ground,Melbourne Demons,Collingwood Magpies,53,70,31903.0,-17,A,0.0
20190810_EssendonBombers,2019,21,2019-08-10,Marvel Stadium,Essendon Bombers,Western Bulldogs,33,137,41816.0,-104,A,0.0
20190810_PortAdelaidePower,2019,21,2019-08-10,Adelaide Oval,Port Adelaide Power,Sydney Swans,103,56,29568.0,47,H,1.0
20190810_GeelongCats,2019,21,2019-08-10,GMHBA Stadium,Geelong Cats,North Melbourne Kangaroos,69,14,21664.0,55,H,1.0
20190811_WestCoastEagles,2019,21,2019-08-11,Optus Stadium,West Coast Eagles,Adelaide Crows,90,80,54994.0,10,H,1.0
20190811_StKildaSaints,2019,21,2019-08-11,Marvel Stadium,St Kilda Saints,Fremantle Dockers,72,69,17715.0,3,H,1.0
20190811_RichmondTigers,2019,21,2019-08-11,Melbourne Cricket Ground,Richmond Tigers,Carlton Blues,73,45,51039.0,28,H,1.0
20190816_MelbourneDemons,2019,22,2019-08-16,Melbourne Cricket Ground,Melbourne Demons,Sydney Swans,42,95,23700.0,-53,A,0.0
20190817_NorthMelbourneKangaroos,2019,22,2019-08-17,Marvel Stadium,North Melbourne Kangaroos,Port Adelaide Power,144,58,17063.0,86,H,1.0
20190817_CarltonBlues,2019,22,2019-08-17,Melbourne Cricket Ground,Carlton Blues,St Kilda Saints,78,68,51786.0,10,H,1.0
20190817_BrisbaneLions,2019,22,2019-08-17,The Gabba,Brisbane Lions,Geelong Cats,75,74,35608.0,1,H,1.0
20190817_AdelaideCrows,2019,22,2019-08-17,Adelaide Oval,Adelaide Crows,Collingwood Magpies,48,114,48175.0,-66,A,0.0
20190817_FremantleDockers,2019,22,2019-08-17,Optus Stadium,Fremantle Dockers,Essendon Bombers,55,87,47833.0,-32,A,0.0
20190818_HawthornHawks,2019,22,2019-08-18,Marvel Stadium,Hawthorn Hawks,Gold Coast Suns,118,48,31331.0,70,H,1.0
20190818_GreaterWesternSydneyGiants,2019,22,2019-08-18,ENGIE Stadium,Greater Western Sydney Giants,Western Bulldogs,65,126,10139.0,-61,A,0.0
20190818_RichmondTigers,2019,22,2019-08-18,Melbourne Cricket Ground,Richmond Tigers,West Coast Eagles,88,82,57415.0,6,H,1.0
20190823_CollingwoodMagpies,2019,23,2019-08-23,Melbourne Cricket Ground,Collingwood Magpies,Essendon Bombers,76,65,85405.0,11,H,1.0
20190824_GeelongCats,2019,23,2019-08-24,GMHBA Stadium,Geelong Cats,Carlton Blues,129,61,31669.0,68,H,1.0
20190824_GoldCoastSuns,2019,23,2019-08-24,People First Stadium,Gold Coast Suns,Greater Western Sydney Giants,55,127,7610.0,-72,A,0.0
20190824_SydneySwans,2019,23,2019-08-24,Sydney Cricket Ground,Sydney Swans,St Kilda Saints,109,64,33722.0,45,H,1.0
20190824_WestCoastEagles,2019,23,2019-08-24,Optus Stadium,West Coast Eagles,Hawthorn Hawks,67,105,55859.0,-38,A,0.0
20190824_NorthMelbourneKangaroos,2019,23,2019-08-24,Ninja Stadium,North Melbourne Kangaroos,Melbourne Demons,88,83,8202.0,5,H,1.0
20190825_RichmondTigers,2019,23,2019-08-25,Melbourne Cricket Ground,Richmond Tigers,Brisbane Lions,82,55,76995.0,27,H,1.0
20190825_PortAdelaidePower,2019,23,2019-08-25,Adelaide Oval,Port Adelaide Power,Fremantle Dockers,110,67,27504.0,43,H,1.0
20190825_WesternBulldogs,2019,23,2019-08-25,Mars Stadium,Western Bulldogs,Adelaide Crows,121,87,9560.0,34,H,1.0
20190905_WestCoastEagles,2019,EF,2019-09-05,Optus Stadium,West Coast Eagles,Essendon Bombers,116,61,59216.0,55,H,1.0
20190906_GeelongCats,2019,QF,2019-09-06,Melbourne Cricket Ground,Geelong Cats,Collingwood Magpies,51,61,93436.0,-10,A,0.0
20190907_GreaterWesternSydneyGiants,2019,EF,2019-09-07,ENGIE Stadium,Greater Western Sydney Giants,Western Bulldogs,113,55,19218.0,58,H,1.0
20190907_BrisbaneLions,2019,QF,2019-09-07,The Gabba,Brisbane Lions,Richmond Tigers,65,112,37478.0,-47,A,0.0
20190913_GeelongCats,2019,SF,2019-09-13,Melbourne Cricket Ground,Geelong Cats,West Coast Eagles,88,68,51813.0,20,H,1.0
20190914_BrisbaneLions,2019,SF,2019-09-14,The Gabba,Brisbane Lions,Greater Western Sydney Giants,80,83,30034.0,-3,A,0.0
20190920_RichmondTigers,2019,PF,2019-09-20,Melbourne Cricket Ground,Richmond Tigers,Geelong Cats,85,66,94423.0,19,H,1.0
20190921_CollingwoodMagpies,2019,PF,2019-09-21,Melbourne Cricket Ground,Collingwood Magpies,Greater Western Sydney Giants,52,56,77828.0,-4,A,0.0
20190928_RichmondTigers,2019,GF,2019-09-28,Melbourne Cricket Ground,Richmond Tigers,Greater Western Sydney Giants,114,25,100014.0,89,H,1.0
20200319_RichmondTigers,2020,1,2020-03-19,Melbourne Cricket Ground,Richmond Tigers,Carlton Blues,105,81,,24,H,1.0
20200320_WesternBulldogs,2020,1,2020-03-20,Marvel Stadium,Western Bulldogs,Collingwood Magpies,34,86,,-52,A,0.0
20200321_GreaterWesternSydneyGiants,2020,1,2020-03-21,ENGIE Stadium,Greater Western Sydney Giants,Geelong Cats,105,73,,32,H,1.0
20200321_EssendonBombers,2020,1,2020-03-21,Marvel Stadium,Essendon Bombers,Fremantle Dockers,63,57,,6,H,1.0
20200321_GoldCoastSuns,2020,1,2020-03-21,People First Stadium,Gold Coast Suns,Port Adelaide Power,29,76,,-47,A,0.0
20200321_AdelaideCrows,2020,1,2020-03-21,Adelaide Oval,Adelaide Crows,Sydney Swans,71,74,,-3,A,0.0
20200322_NorthMelbourneKangaroos,2020,1,2020-03-22,Marvel Stadium,North Melbourne Kangaroos,St Kilda Saints,56,54,,2,H,1.0
20200322_HawthornHawks,2020,1,2020-03-22,Melbourne Cricket Ground,Hawthorn Hawks,Brisbane Lions,90,62,,28,H,1.0
20200322_WestCoastEagles,2020,1,2020-03-22,Optus Stadium,West Coast Eagles,Melbourne Demons,78,51,,27,H,1.0
20200611_CollingwoodMagpies,2020,2,2020-06-11,Melbourne Cricket Ground,Collingwood Magpies,Richmond Tigers,36,36,,0,D,
20200612_GeelongCats,2020,2,2020-06-12,GMHBA Stadium,Geelong Cats,Hawthorn Hawks,108,47,,61,H,1.0
20200613_BrisbaneLions,2020,2,2020-06-13,The Gabba,Brisbane Lions,Fremantle Dockers,81,69,,12,H,1.0
20200613_GoldCoastSuns,2020,2,2020-06-13,People First Stadium,Gold Coast Suns,West Coast Eagles,90,46,,44,H,1.0
20200613_PortAdelaidePower,2020,2,2020-06-13,Adelaide Oval,Port Adelaide Power,Adelaide Crows,110,35,,75,H,1.0
20200613_CarltonBlues,2020,2,2020-06-13,Marvel Stadium,Carlton Blues,Melbourne Demons,53,54,,-1,A,0.0
20200614_SydneySwans,2020,2,2020-06-14,Sydney Cricket Ground,Sydney Swans,Essendon Bombers,73,79,,-6,A,0.0
20200614_GreaterWesternSydneyGiants,2020,2,2020-06-14,ENGIE Stadium,Greater Western Sydney Giants,North Melbourne Kangaroos,60,80,,-20,A,0.0
20200614_StKildaSaints,2020,2,2020-06-14,Marvel Stadium,St Kilda Saints,Western Bulldogs,88,49,,39,H,1.0
20200618_RichmondTigers,2020,3,2020-06-18,Melbourne Cricket Ground,Richmond Tigers,Hawthorn Hawks,39,71,,-32,A,0.0
20200619_WesternBulldogs,2020,3,2020-06-19,Marvel Stadium,Western Bulldogs,Greater Western Sydney Giants,57,33,,24,H,1.0
20200620_GeelongCats,2020,3,2020-06-20,GMHBA Stadium,Geelong Cats,Carlton Blues,77,79,,-2,A,0.0
20200620_BrisbaneLions,2020,3,2020-06-20,The Gabba,Brisbane Lions,West Coast Eagles,74,44,,30,H,1.0
20200620_NorthMelbourneKangaroos,2020,3,2020-06-20,Marvel Stadium,North Melbourne Kangaroos,Sydney Swans,60,71,,-11,A,0.0
20200620_CollingwoodMagpies,2020,3,2020-06-20,Melbourne Cricket Ground,Collingwood Magpies,St Kilda Saints,81,37,,44,H,1.0
20200621_GoldCoastSuns,2020,3,2020-06-21,People First Stadium,Gold Coast Suns,Adelaide Crows,82,29,,53,H,1.0
20200621_FremantleDockers,2020,3,2020-06-21,People First Stadium,Fremantle Dockers,Port Adelaide Power,41,70,,-29,A,0.0
20200625_SydneySwans,2020,4,2020-06-25,Sydney Cricket Ground,Sydney Swans,Western Bulldogs,39,67,,-28,A,0.0
20200626_GreaterWesternSydneyGiants,2020,4,2020-06-26,ENGIE Stadium,Greater Western Sydney Giants,Collingwood Magpies,66,64,,2,H,1.0
20200627_EssendonBombers,2020,4,2020-06-27,Melbourne Cricket Ground,Essendon Bombers,Carlton Blues,51,52,,-1,A,0.0
20200627_PortAdelaidePower,2020,4,2020-06-27,People First Stadium,Port Adelaide Power,West Coast Eagles,89,41,,48,H,1.0
20200627_GoldCoastSuns,2020,4,2020-06-27,People First Stadium,Gold Coast Suns,Fremantle Dockers,64,51,,13,H,1.0
20200627_StKildaSaints,2020,4,2020-06-27,Marvel Stadium,St Kilda Saints,Richmond Tigers,93,67,,26,H,1.0
20200628_MelbourneDemons,2020,4,2020-06-28,Melbourne Cricket Ground,Melbourne Demons,Geelong Cats,44,47,,-3,A,0.0
20200628_BrisbaneLions,2020,4,2020-06-28,The Gabba,Brisbane Lions,Adelaide Crows,83,46,,37,H,1.0
20200628_HawthornHawks,2020,4,2020-06-28,Marvel Stadium,Hawthorn Hawks,North Melbourne Kangaroos,58,54,,4,H,1.0
20200702_CarltonBlues,2020,5,2020-07-02,Marvel Stadium,Carlton Blues,St Kilda Saints,55,73,,-18,A,0.0
20200703_CollingwoodMagpies,2020,5,2020-07-03,Melbourne Cricket Ground,Collingwood Magpies,Essendon Bombers,48,63,,-15,A,0.0
20200704_WestCoastEagles,2020,5,2020-07-04,People First Stadium,West Coast Eagles,Sydney Swans,77,43,,34,H,1.0
20200704_GeelongCats,2020,5,2020-07-04,GMHBA Stadium,Geelong Cats,Gold Coast Suns,89,52,,37,H,1.0
20200704_WesternBulldogs,2020,5,2020-07-04,Marvel Stadium,Western Bulldogs,North Melbourne Kangaroos,87,38,,49,H,1.0
20200704_BrisbaneLions,2020,5,2020-07-04,The Gabba,Brisbane Lions,Port Adelaide Power,85,48,,37,H,1.0
20200705_MelbourneDemons,2020,5,2020-07-05,Melbourne Cricket Ground,Melbourne Demons,Richmond Tigers,52,79,,-27,A,0.0
20200705_AdelaideCrows,2020,5,2020-07-05,People First Stadium,Adelaide Crows,Fremantle Dockers,34,54,,-20,A,0.0
20200705_GreaterWesternSydneyGiants,2020,5,2020-07-05,ENGIE Stadium,Greater Western Sydney Giants,Hawthorn Hawks,83,49,,34,H,1.0
20200709_GeelongCats,2020,6,2020-07-09,Sydney Cricket Ground,Geelong Cats,Brisbane Lions,73,46,,27,H,1.0
20200710_CollingwoodMagpies,2020,6,2020-07-10,ENGIE Stadium,Collingwood Magpies,Hawthorn Hawks,59,27,,32,H,1.0
20200711_MelbourneDemons,2020,6,2020-07-11,ENGIE Stadium,Melbourne Demons,Gold Coast Suns,80,63,,17,H,1.0
20200711_FremantleDockers,2020,6,2020-07-11,People First Stadium,Fremantle Dockers,St Kilda Saints,79,73,,6,H,1.0
20200711_WestCoastEagles,2020,6,2020-07-11,The Gabba,West Coast Eagles,Adelaide Crows,67,34,,33,H,1.0
20200711_EssendonBombers,2020,6,2020-07-11,People First Stadium,Essendon Bombers,North Melbourne Kangaroos,67,53,,14,H,1.0
20200712_CarltonBlues,2020,6,2020-07-12,People First Stadium,Carlton Blues,Western Bulldogs,103,51,,52,H,1.0
20200712_RichmondTigers,2020,6,2020-07-12,The Gabba,Richmond Tigers,Sydney Swans,34,26,,8,H,1.0
20200712_PortAdelaidePower,2020,6,2020-07-12,People First Stadium,Port Adelaide Power,Greater Western Sydney Giants,63,46,,17,H,1.0
20200716_GeelongCats,2020,7,2020-07-16,Optus Stadium,Geelong Cats,Collingwood Magpies,35,57,,-22,A,0.0
20200717_EssendonBombers,2020,7,2020-07-17,People First Stadium,Essendon Bombers,Western Bulldogs,51,93,,-42,A,0.0
20200718_GreaterWesternSydneyGiants,2020,7,2020-07-18,ENGIE Stadium,Greater Western Sydney Giants,Brisbane Lions,68,88,,-20,A,0.0
20200718_RichmondTigers,2020,7,2020-07-18,People First Stadium,Richmond Tigers,North Melbourne Kangaroos,77,23,,54,H,1.0
20200718_SydneySwans,2020,7,2020-07-18,Sydney Cricket Ground,Sydney Swans,Gold Coast Suns,60,92,,-32,A,0.0
20200719_HawthornHawks,2020,7,2020-07-19,ENGIE Stadium,Hawthorn Hawks,Melbourne Demons,48,91,,-43,A,0.0
20200719_CarltonBlues,2020,7,2020-07-19,The Gabba,Carlton Blues,Port Adelaide Power,61,64,,-3,A,0.0
20200719_FremantleDockers,2020,7,2020-07-19,Optus Stadium,Fremantle Dockers,West Coast Eagles,32,62,,-30,A,0.0
20200720_AdelaideCrows,2020,7,2020-07-20,Adelaide Oval,Adelaide Crows,St Kilda Saints,55,78,,-23,A,0.0
20200723_GoldCoastSuns,2020,8,2020-07-23,People First Stadium,Gold Coast Suns,Western Bulldogs,46,51,,-5,A,0.0
20200724_GreaterWesternSydneyGiants,2020,8,2020-07-24,ENGIE Stadium,Greater Western Sydney Giants,Richmond Tigers,62,50,,12,H,1.0
20200725_NorthMelbourneKangaroos,2020,8,2020-07-25,The Gabba,North Melbourne Kangaroos,Carlton Blues,57,64,,-7,A,0.0
20200725_PortAdelaidePower,2020,8,2020-07-25,Adelaide Oval,Port Adelaide Power,St Kilda Saints,44,73,,-29,A,0.0
20200725_SydneySwans,2020,8,2020-07-25,Sydney Cricket Ground,Sydney Swans,Hawthorn Hawks,60,53,,7,H,1.0
20200726_MelbourneDemons,2020,8,2020-07-26,People First Stadium,Melbourne Demons,Brisbane Lions,49,53,,-4,A,0.0
20200726_WestCoastEagles,2020,8,2020-07-26,Optus Stadium,West Coast Eagles,Collingwood Magpies,111,45,,66,H,1.0
20200726_AdelaideCrows,2020,8,2020-07-26,Adelaide Oval,Adelaide Crows,Essendon Bombers,59,62,,-3,A,0.0
20200727_FremantleDockers,2020,8,2020-07-27,Optus Stadium,Fremantle Dockers,Geelong Cats,16,48,,-32,A,0.0
20200729_WesternBulldogs,2020,9,2020-07-29,People First Stadium,Western Bulldogs,Richmond Tigers,49,90,,-41,A,0.0
20200730_MelbourneDemons,2020,9,2020-07-30,The Gabba,Melbourne Demons,Port Adelaide Power,32,83,,-51,A,0.0
20200731_CarltonBlues,2020,9,2020-07-31,Optus Stadium,Carlton Blues,Hawthorn Hawks,58,89,,-31,A,0.0
20200731_EssendonBombers,2020,9,2020-07-31,People First Stadium,Essendon Bombers,Brisbane Lions,28,91,,-63,A,0.0
20200801_StKildaSaints,2020,9,2020-08-01,The Gabba,St Kilda Saints,Sydney Swans,101,48,,53,H,1.0
20200801_WestCoastEagles,2020,9,2020-08-01,Optus Stadium,West Coast Eagles,Geelong Cats,73,64,,9,H,1.0
20200801_NorthMelbourneKangaroos,2020,9,2020-08-01,People First Stadium,North Melbourne Kangaroos,Adelaide Crows,119,50,,69,H,1.0
20200802_GoldCoastSuns,2020,9,2020-08-02,People First Stadium,Gold Coast Suns,Greater Western Sydney Giants,35,61,,-26,A,0.0
20200802_FremantleDockers,2020,9,2020-08-02,Optus Stadium,Fremantle Dockers,Collingwood Magpies,61,49,,12,H,1.0
20200803_PortAdelaidePower,2020,10,2020-08-03,Adelaide Oval,Port Adelaide Power,Western Bulldogs,55,42,,13,H,1.0
20200804_RichmondTigers,2020,10,2020-08-04,People First Stadium,Richmond Tigers,Brisbane Lions,82,41,,41,H,1.0
20200805_AdelaideCrows,2020,10,2020-08-05,Adelaide Oval,Adelaide Crows,Melbourne Demons,37,88,,-51,A,0.0
20200805_GeelongCats,2020,10,2020-08-05,The Gabba,Geelong Cats,North Melbourne Kangaroos,90,57,,33,H,1.0
20200806_GoldCoastSuns,2020,10,2020-08-06,People First Stadium,Gold Coast Suns,St Kilda Saints,74,78,,-4,A,0.0
20200806_CollingwoodMagpies,2020,10,2020-08-06,The Gabba,Collingwood Magpies,Sydney Swans,50,41,,9,H,1.0
20200807_EssendonBombers,2020,10,2020-08-07,People First Stadium,Essendon Bombers,Greater Western Sydney Giants,55,59,,-4,A,0.0
20200808_PortAdelaidePower,2020,11,2020-08-08,Adelaide Oval,Port Adelaide Power,Richmond Tigers,93,72,,21,H,1.0
20200808_BrisbaneLions,2020,11,2020-08-08,The Gabba,Brisbane Lions,Western Bulldogs,96,72,,24,H,1.0
20200809_MelbourneDemons,2020,11,2020-08-09,Adelaide Oval,Melbourne Demons,North Melbourne Kangaroos,92,35,,57,H,1.0
20200809_WestCoastEagles,2020,11,2020-08-09,Optus Stadium,West Coast Eagles,Carlton Blues,72,50,,22,H,1.0
20200810_StKildaSaints,2020,11,2020-08-10,The Gabba,St Kilda Saints,Geelong Cats,34,93,,-59,A,0.0
20200810_FremantleDockers,2020,11,2020-08-10,Optus Stadium,Fremantle Dockers,Hawthorn Hawks,48,32,,16,H,1.0
20200811_AdelaideCrows,2020,11,2020-08-11,Adelaide Oval,Adelaide Crows,Collingwood Magpies,38,62,,-24,A,0.0
20200812_GoldCoastSuns,2020,11,2020-08-12,People First Stadium,Gold Coast Suns,Essendon Bombers,73,73,,0,D,
20200813_SydneySwans,2020,12,2020-08-13,Optus Stadium,Sydney Swans,Greater Western Sydney Giants,66,25,,41,H,1.0
20200814_GeelongCats,2020,12,2020-08-14,The Gabba,Geelong Cats,Port Adelaide Power,91,31,,60,H,1.0
20200815_MelbourneDemons,2020,12,2020-08-15,The Gabba,Melbourne Demons,Collingwood Magpies,100,44,,56,H,1.0
20200815_FremantleDockers,2020,12,2020-08-15,Optus Stadium,Fremantle Dockers,Carlton Blues,36,40,,-4,A,0.0
20200815_NorthMelbourneKangaroos,2020,12,2020-08-15,Ninja Stadium,North Melbourne Kangaroos,Brisbane Lions,52,53,,-1,A,0.0
20200816_WestCoastEagles,2020,12,2020-08-16,Optus Stadium,West Coast Eagles,Hawthorn Hawks,81,49,,32,H,1.0
20200816_StKildaSaints,2020,12,2020-08-16,The Gabba,St Kilda Saints,Essendon Bombers,68,33,,35,H,1.0
20200816_WesternBulldogs,2020,12,2020-08-16,People First Stadium,Western Bulldogs,Adelaide Crows,111,54,,57,H,1.0
20200817_RichmondTigers,2020,12,2020-08-17,The Gabba,Richmond Tigers,Gold Coast Suns,53,32,,21,H,1.0
20200821_GoldCoastSuns,2020,13,2020-08-21,TIO Stadium,Gold Coast Suns,Carlton Blues,27,60,,-33,A,0.0
20200822_PortAdelaidePower,2020,13,2020-08-22,Adelaide Oval,Port Adelaide Power,Hawthorn Hawks,68,58,,10,H,1.0
20200822_EssendonBombers,2020,13,2020-08-22,TIO Stadium,Essendon Bombers,Richmond Tigers,61,73,,-12,A,0.0
20200822_FremantleDockers,2020,13,2020-08-22,Optus Stadium,Fremantle Dockers,Sydney Swans,50,19,,31,H,1.0
20200822_WesternBulldogs,2020,13,2020-08-22,People First Stadium,Western Bulldogs,Melbourne Demons,80,52,,28,H,1.0
20200823_AdelaideCrows,2020,13,2020-08-23,Adelaide Oval,Adelaide Crows,Geelong Cats,37,65,,-28,A,0.0
20200823_WestCoastEagles,2020,13,2020-08-23,Optus Stadium,West Coast Eagles,Greater Western Sydney Giants,61,49,,12,H,1.0
20200823_BrisbaneLions,2020,13,2020-08-23,The Gabba,Brisbane Lions,St Kilda Saints,50,48,,2,H,1.0
20200824_CollingwoodMagpies,2020,13,2020-08-24,The Gabba,Collingwood Magpies,North Melbourne Kangaroos,65,35,,30,H,1.0
20200827_RichmondTigers,2020,14,2020-08-27,People First Stadium,Richmond Tigers,West Coast Eagles,88,61,,27,H,1.0
20200827_HawthornHawks,2020,14,2020-08-27,Adelaide Oval,Hawthorn Hawks,Essendon Bombers,71,87,,-16,A,0.0
20200828_WesternBulldogs,2020,14,2020-08-28,People First Stadium,Western Bulldogs,Geelong Cats,61,72,,-11,A,0.0
20200829_FremantleDockers,2020,14,2020-08-29,Optus Stadium,Fremantle Dockers,Greater Western Sydney Giants,53,91,,-38,A,0.0
20200829_PortAdelaidePower,2020,14,2020-08-29,Adelaide Oval,Port Adelaide Power,Sydney Swans,73,47,,26,H,1.0
20200829_MelbourneDemons,2020,14,2020-08-29,TIO Traeger Park,Melbourne Demons,St Kilda Saints,52,49,,3,H,1.0
20200830_GoldCoastSuns,2020,14,2020-08-30,People First Stadium,Gold Coast Suns,North Melbourne Kangaroos,91,28,,63,H,1.0
20200830_CarltonBlues,2020,14,2020-08-30,The Gabba,Carlton Blues,Collingwood Magpies,48,72,,-24,A,0.0
20200901_WestCoastEagles,2020,15,2020-09-01,The Gabba,West Coast Eagles,Essendon Bombers,60,45,,15,H,1.0
20200901_HawthornHawks,2020,15,2020-09-01,Adelaide Oval,Hawthorn Hawks,Adelaide Crows,48,83,,-35,A,0.0
20200902_RichmondTigers,2020,15,2020-09-02,People First Stadium,Richmond Tigers,Fremantle Dockers,56,29,,27,H,1.0
20200903_GreaterWesternSydneyGiants,2020,15,2020-09-03,People First Stadium,Greater Western Sydney Giants,Carlton Blues,48,39,,9,H,1.0
20200903_SydneySwans,2020,15,2020-09-03,Cazaly's Stadium,Sydney Swans,Melbourne Demons,67,46,,21,H,1.0
20200904_BrisbaneLions,2020,15,2020-09-04,The Gabba,Brisbane Lions,Collingwood Magpies,42,34,,8,H,1.0
20200905_NorthMelbourneKangaroos,2020,16,2020-09-05,People First Stadium,North Melbourne Kangaroos,Port Adelaide Power,42,78,,-36,A,0.0
20200906_WesternBulldogs,2020,16,2020-09-06,People First Stadium,Western Bulldogs,West Coast Eagles,49,47,,2,H,1.0
20200906_GeelongCats,2020,16,2020-09-06,The Gabba,Geelong Cats,Essendon Bombers,108,42,,66,H,1.0
20200906_StKildaSaints,2020,16,2020-09-06,People First Stadium,St Kilda Saints,Hawthorn Hawks,80,66,,14,H,1.0
20200907_MelbourneDemons,2020,16,2020-09-07,Cazaly's Stadium,Melbourne Demons,Fremantle Dockers,33,47,,-14,A,0.0
20200908_CarltonBlues,2020,16,2020-09-08,People First Stadium,Carlton Blues,Sydney Swans,57,52,,5,H,1.0
20200908_AdelaideCrows,2020,16,2020-09-08,Adelaide Oval,Adelaide Crows,Greater Western Sydney Giants,59,47,,12,H,1.0
20200909_BrisbaneLions,2020,16,2020-09-09,The Gabba,Brisbane Lions,Gold Coast Suns,88,43,,45,H,1.0
20200910_StKildaSaints,2020,17,2020-09-10,The Gabba,St Kilda Saints,West Coast Eagles,50,65,,-15,A,0.0
20200911_GeelongCats,2020,17,2020-09-11,People First Stadium,Geelong Cats,Richmond Tigers,31,57,,-26,A,0.0
20200912_GreaterWesternSydneyGiants,2020,17,2020-09-12,The Gabba,Greater Western Sydney Giants,Melbourne Demons,74,79,,-5,A,0.0
20200912_PortAdelaidePower,2020,17,2020-09-12,Adelaide Oval,Port Adelaide Power,Essendon Bombers,79,29,,50,H,1.0
20200912_NorthMelbourneKangaroos,2020,17,2020-09-12,People First Stadium,North Melbourne Kangaroos,Fremantle Dockers,35,99,,-64,A,0.0
20200913_HawthornHawks,2020,17,2020-09-13,Adelaide Oval,Hawthorn Hawks,Western Bulldogs,40,76,,-36,A,0.0
20200913_SydneySwans,2020,17,2020-09-13,Cazaly's Stadium,Sydney Swans,Brisbane Lions,41,73,,-32,A,0.0
20200913_CarltonBlues,2020,17,2020-09-13,People First Stadium,Carlton Blues,Adelaide Crows,56,72,,-16,A,0.0
20200914_CollingwoodMagpies,2020,17,2020-09-14,The Gabba,Collingwood Magpies,Gold Coast Suns,68,46,,22,H,1.0
20200917_NorthMelbourneKangaroos,2020,18,2020-09-17,People First Stadium,North Melbourne Kangaroos,West Coast Eagles,34,49,,-15,A,0.0
20200918_StKildaSaints,2020,18,2020-09-18,The Gabba,St Kilda Saints,Greater Western Sydney Giants,82,30,,52,H,1.0
20200919_AdelaideCrows,2020,18,2020-09-19,Adelaide Oval,Adelaide Crows,Richmond Tigers,33,77,,-44,A,0.0
20200919_BrisbaneLions,2020,18,2020-09-19,The Gabba,Brisbane Lions,Carlton Blues,78,61,,17,H,1.0
20200919_EssendonBombers,2020,18,2020-09-19,People First Stadium,Essendon Bombers,Melbourne Demons,49,68,,-19,A,0.0
20200920_SydneySwans,2020,18,2020-09-20,People First Stadium,Sydney Swans,Geelong Cats,63,69,,-6,A,0.0
20200920_FremantleDockers,2020,18,2020-09-20,Cazaly's Stadium,Fremantle Dockers,Western Bulldogs,44,74,,-30,A,0.0
20200920_HawthornHawks,2020,18,2020-09-20,Adelaide Oval,Hawthorn Hawks,Gold Coast Suns,108,57,,51,H,1.0
20200921_CollingwoodMagpies,2020,18,2020-09-21,The Gabba,Collingwood Magpies,Port Adelaide Power,45,61,,-16,A,0.0
20201001_PortAdelaidePower,2020,QF,2020-10-01,Adelaide Oval,Port Adelaide Power,Geelong Cats,58,42,,16,H,1.0
20201002_BrisbaneLions,2020,QF,2020-10-02,The Gabba,Brisbane Lions,Richmond Tigers,69,54,,15,H,1.0
20201003_WestCoastEagles,2020,EF,2020-10-03,Optus Stadium,West Coast Eagles,Collingwood Magpies,75,76,,-1,A,0.0
20201003_StKildaSaints,2020,EF,2020-10-03,The Gabba,St Kilda Saints,Western Bulldogs,67,64,,3,H,1.0
20201009_RichmondTigers,2020,SF,2020-10-09,People First Stadium,Richmond Tigers,St Kilda Saints,80,49,,31,H,1.0
20201010_GeelongCats,2020,SF,2020-10-10,The Gabba,Geelong Cats,Collingwood Magpies,100,32,,68,H,1.0
20201016_PortAdelaidePower,2020,PF,2020-10-16,Adelaide Oval,Port Adelaide Power,Richmond Tigers,40,46,,-6,A,0.0
20201017_BrisbaneLions,2020,PF,2020-10-17,The Gabba,Brisbane Lions,Geelong Cats,42,82,,-40,A,0.0
20201024_RichmondTigers,2020,GF,2020-10-24,The Gabba,Richmond Tigers,Geelong Cats,81,50,,31,H,1.0
20210318_RichmondTigers,2021,1,2021-03-18,Melbourne Cricket Ground,Richmond Tigers,Carlton Blues,105,80,49218.0,25,H,1.0
20210319_CollingwoodMagpies,2021,1,2021-03-19,Melbourne Cricket Ground,Collingwood Magpies,Western Bulldogs,53,69,46051.0,-16,A,0.0
20210320_EssendonBombers,2021,1,2021-03-20,Marvel Stadium,Essendon Bombers,Hawthorn Hawks,91,92,25128.0,-1,A,0.0
20210320_AdelaideCrows,2021,1,2021-03-20,Adelaide Oval,Adelaide Crows,Geelong Cats,103,91,26985.0,12,H,1.0
20210320_BrisbaneLions,2021,1,2021-03-20,The Gabba,Brisbane Lions,Sydney Swans,94,125,22762.0,-31,A,0.0
20210320_MelbourneDemons,2021,1,2021-03-20,Melbourne Cricket Ground,Melbourne Demons,Fremantle Dockers,80,58,21365.0,22,H,1.0
20210321_GreaterWesternSydneyGiants,2021,1,2021-03-21,ENGIE Stadium,Greater Western Sydney Giants,St Kilda Saints,78,86,5014.0,-8,A,0.0
20210321_NorthMelbourneKangaroos,2021,1,2021-03-21,Marvel Stadium,North Melbourne Kangaroos,Port Adelaide Power,65,117,13050.0,-52,A,0.0
20210321_WestCoastEagles,2021,1,2021-03-21,Optus Stadium,West Coast Eagles,Gold Coast Suns,83,58,38493.0,25,H,1.0
20210325_CarltonBlues,2021,2,2021-03-25,Melbourne Cricket Ground,Carlton Blues,Collingwood Magpies,85,106,51723.0,-21,A,0.0
20210326_GeelongCats,2021,2,2021-03-26,GMHBA Stadium,Geelong Cats,Brisbane Lions,81,80,20070.0,1,H,1.0
20210327_PortAdelaidePower,2021,2,2021-03-27,Adelaide Oval,Port Adelaide Power,Essendon Bombers,119,65,29978.0,54,H,1.0
20210327_StKildaSaints,2021,2,2021-03-27,Marvel Stadium,St Kilda Saints,Melbourne Demons,73,91,25903.0,-18,A,0.0
20210327_SydneySwans,2021,2,2021-03-27,Sydney Cricket Ground,Sydney Swans,Adelaide Crows,121,88,23946.0,33,H,1.0
20210327_GoldCoastSuns,2021,2,2021-03-27,People First Stadium,Gold Coast Suns,North Melbourne Kangaroos,98,39,6661.0,59,H,1.0
20210328_FremantleDockers,2021,2,2021-03-28,Optus Stadium,Fremantle Dockers,Greater Western Sydney Giants,87,56,27625.0,31,H,1.0
20210328_WesternBulldogs,2021,2,2021-03-28,Marvel Stadium,Western Bulldogs,West Coast Eagles,100,93,21391.0,7,H,1.0
20210328_HawthornHawks,2021,2,2021-03-28,Melbourne Cricket Ground,Hawthorn Hawks,Richmond Tigers,49,78,41051.0,-29,A,0.0
20210401_CollingwoodMagpies,2021,3,2021-04-01,Marvel Stadium,Collingwood Magpies,Brisbane Lions,72,73,28057.0,-1,A,0.0
20210402_AdelaideCrows,2021,3,2021-04-02,Adelaide Oval,Adelaide Crows,Gold Coast Suns,95,85,30175.0,10,H,1.0
20210402_NorthMelbourneKangaroos,2021,3,2021-04-02,Marvel Stadium,North Melbourne Kangaroos,Western Bulldogs,39,167,28483.0,-128,A,0.0
20210403_EssendonBombers,2021,3,2021-04-03,Marvel Stadium,Essendon Bombers,St Kilda Saints,143,68,29234.0,75,H,1.0
20210403_RichmondTigers,2021,3,2021-04-03,Melbourne Cricket Ground,Richmond Tigers,Sydney Swans,72,117,43637.0,-45,A,0.0
20210403_WestCoastEagles,2021,3,2021-04-03,Optus Stadium,West Coast Eagles,Port Adelaide Power,108,71,42090.0,37,H,1.0
20210404_CarltonBlues,2021,3,2021-04-04,Marvel Stadium,Carlton Blues,Fremantle Dockers,109,64,24551.0,45,H,1.0
20210404_GreaterWesternSydneyGiants,2021,3,2021-04-04,Manuka Oval,Greater Western Sydney Giants,Melbourne Demons,68,102,9563.0,-34,A,0.0
20210405_GeelongCats,2021,3,2021-04-05,Melbourne Cricket Ground,Geelong Cats,Hawthorn Hawks,69,64,50030.0,5,H,1.0
20210408_SydneySwans,2021,4,2021-04-08,Sydney Cricket Ground,Sydney Swans,Essendon Bombers,83,80,28039.0,3,H,1.0
20210409_PortAdelaidePower,2021,4,2021-04-09,Adelaide Oval,Port Adelaide Power,Richmond Tigers,79,77,33742.0,2,H,1.0
20210410_StKildaSaints,2021,4,2021-04-10,Marvel Stadium,St Kilda Saints,West Coast Eagles,102,82,16710.0,20,H,1.0
20210410_CollingwoodMagpies,2021,4,2021-04-10,Melbourne Cricket Ground,Collingwood Magpies,Greater Western Sydney Giants,60,90,29866.0,-30,A,0.0
20210410_WesternBulldogs,2021,4,2021-04-10,Mars Stadium,Western Bulldogs,Brisbane Lions,73,54,7387.0,19,H,1.0
20210410_GoldCoastSuns,2021,4,2021-04-10,People First Stadium,Gold Coast Suns,Carlton Blues,59,70,11618.0,-11,A,0.0
20210411_MelbourneDemons,2021,4,2021-04-11,Melbourne Cricket Ground,Melbourne Demons,Geelong Cats,85,60,33728.0,25,H,1.0
20210411_NorthMelbourneKangaroos,2021,4,2021-04-11,Marvel Stadium,North Melbourne Kangaroos,Adelaide Crows,68,109,13479.0,-41,A,0.0
20210411_FremantleDockers,2021,4,2021-04-11,Optus Stadium,Fremantle Dockers,Hawthorn Hawks,96,81,29490.0,15,H,1.0
20210415_StKildaSaints,2021,5,2021-04-15,Marvel Stadium,St Kilda Saints,Richmond Tigers,48,134,32056.0,-86,A,0.0
20210416_WestCoastEagles,2021,5,2021-04-16,Optus Stadium,West Coast Eagles,Collingwood Magpies,103,76,54159.0,27,H,1.0
20210417_CarltonBlues,2021,5,2021-04-17,Melbourne Cricket Ground,Carlton Blues,Port Adelaide Power,68,96,32893.0,-28,A,0.0
20210417_SydneySwans,2021,5,2021-04-17,Sydney Cricket Ground,Sydney Swans,Greater Western Sydney Giants,69,71,33541.0,-2,A,0.0
20210417_WesternBulldogs,2021,5,2021-04-17,Marvel Stadium,Western Bulldogs,Gold Coast Suns,118,56,18920.0,62,H,1.0
20210417_BrisbaneLions,2021,5,2021-04-17,The Gabba,Brisbane Lions,Essendon Bombers,102,45,23544.0,57,H,1.0
20210418_HawthornHawks,2021,5,2021-04-18,Melbourne Cricket Ground,Hawthorn Hawks,Melbourne Demons,54,104,36337.0,-50,A,0.0
20210418_GeelongCats,2021,5,2021-04-18,GMHBA Stadium,Geelong Cats,North Melbourne Kangaroos,77,47,21282.0,30,H,1.0
20210418_AdelaideCrows,2021,5,2021-04-18,Adelaide Oval,Adelaide Crows,Fremantle Dockers,72,84,31454.0,-12,A,0.0
20210423_GreaterWesternSydneyGiants,2021,6,2021-04-23,Manuka Oval,Greater Western Sydney Giants,Western Bulldogs,65,104,10064.0,-39,A,0.0
20210424_MelbourneDemons,2021,6,2021-04-24,Melbourne Cricket Ground,Melbourne Demons,Richmond Tigers,82,48,56418.0,34,H,1.0
20210424_GoldCoastSuns,2021,6,2021-04-24,People First Stadium,Gold Coast Suns,Sydney Swans,100,60,9819.0,40,H,1.0
20210424_FremantleDockers,2021,6,2021-04-24,Optus Stadium,Fremantle Dockers,North Melbourne Kangaroos,99,48,,51,H,1.0
20210424_GeelongCats,2021,6,2021-04-24,GMHBA Stadium,Geelong Cats,West Coast Eagles,136,39,21282.0,97,H,1.0
20210424_CarltonBlues,2021,6,2021-04-24,Marvel Stadium,Carlton Blues,Brisbane Lions,85,103,29576.0,-18,A,0.0
20210425_HawthornHawks,2021,6,2021-04-25,UTAS Stadium,Hawthorn Hawks,Adelaide Crows,102,99,9007.0,3,H,1.0
20210425_CollingwoodMagpies,2021,6,2021-04-25,Melbourne Cricket Ground,Collingwood Magpies,Essendon Bombers,85,109,78113.0,-24,A,0.0
20210425_PortAdelaidePower,2021,6,2021-04-25,Adelaide Oval,Port Adelaide Power,St Kilda Saints,93,39,33125.0,54,H,1.0
20210430_RichmondTigers,2021,7,2021-04-30,Melbourne Cricket Ground,Richmond Tigers,Western Bulldogs,77,55,52402.0,22,H,1.0
20210501_AdelaideCrows,2021,7,2021-05-01,Adelaide Oval,Adelaide Crows,Greater Western Sydney Giants,39,106,28853.0,-67,A,0.0
20210501_BrisbaneLions,2021,7,2021-05-01,The Gabba,Brisbane Lions,Port Adelaide Power,93,44,20007.0,49,H,1.0
20210501_StKildaSaints,2021,7,2021-05-01,Marvel Stadium,St Kilda Saints,Hawthorn Hawks,128,59,26433.0,69,H,1.0
20210501_SydneySwans,2021,7,2021-05-01,Sydney Cricket Ground,Sydney Swans,Geelong Cats,90,88,29123.0,2,H,1.0
20210501_CollingwoodMagpies,2021,7,2021-05-01,Melbourne Cricket Ground,Collingwood Magpies,Gold Coast Suns,55,79,24397.0,-24,A,0.0
20210502_EssendonBombers,2021,7,2021-05-02,Melbourne Cricket Ground,Essendon Bombers,Carlton Blues,107,123,57447.0,-16,A,0.0
20210502_NorthMelbourneKangaroos,2021,7,2021-05-02,Ninja Stadium,North Melbourne Kangaroos,Melbourne Demons,73,103,6009.0,-30,A,0.0
20210502_WestCoastEagles,2021,7,2021-05-02,Optus Stadium,West Coast Eagles,Fremantle Dockers,132,73,,59,H,1.0
20210507_RichmondTigers,2021,8,2021-05-07,Melbourne Cricket Ground,Richmond Tigers,Geelong Cats,63,126,54857.0,-63,A,0.0
20210508_MelbourneDemons,2021,8,2021-05-08,Melbourne Cricket Ground,Melbourne Demons,Sydney Swans,67,58,35567.0,9,H,1.0
20210508_GreaterWesternSydneyGiants,2021,8,2021-05-08,ENGIE Stadium,Greater Western Sydney Giants,Essendon Bombers,107,105,8526.0,2,H,1.0
20210508_NorthMelbourneKangaroos,2021,8,2021-05-08,Marvel Stadium,North Melbourne Kangaroos,Collingwood Magpies,76,94,22329.0,-18,A,0.0
20210508_PortAdelaidePower,2021,8,2021-05-08,Adelaide Oval,Port Adelaide Power,Adelaide Crows,87,38,43069.0,49,H,1.0
20210508_GoldCoastSuns,2021,8,2021-05-08,People First Stadium,Gold Coast Suns,St Kilda Saints,54,63,9271.0,-9,A,0.0
20210509_BrisbaneLions,2021,8,2021-05-09,The Gabba,Brisbane Lions,Fremantle Dockers,95,71,15403.0,24,H,1.0
20210509_WesternBulldogs,2021,8,2021-05-09,Marvel Stadium,Western Bulldogs,Carlton Blues,107,91,27663.0,16,H,1.0
20210509_HawthornHawks,2021,8,2021-05-09,Melbourne Cricket Ground,Hawthorn Hawks,West Coast Eagles,60,98,15277.0,-38,A,0.0
20210514_StKildaSaints,2021,9,2021-05-14,Marvel Stadium,St Kilda Saints,Geelong Cats,47,68,26712.0,-21,A,0.0
20210515_HawthornHawks,2021,9,2021-05-15,UTAS Stadium,Hawthorn Hawks,North Melbourne Kangaroos,80,87,9121.0,-7,A,0.0
20210515_PortAdelaidePower,2021,9,2021-05-15,Adelaide Oval,Port Adelaide Power,Western Bulldogs,77,96,32787.0,-19,A,0.0
20210515_GoldCoastSuns,2021,9,2021-05-15,People First Stadium,Gold Coast Suns,Brisbane Lions,51,124,12636.0,-73,A,0.0
20210515_SydneySwans,2021,9,2021-05-15,Sydney Cricket Ground,Sydney Swans,Collingwood Magpies,72,42,31448.0,30,H,1.0
20210515_RichmondTigers,2021,9,2021-05-15,Marvel Stadium,Richmond Tigers,Greater Western Sydney Giants,87,83,18798.0,4,H,1.0
20210516_WestCoastEagles,2021,9,2021-05-16,Optus Stadium,West Coast Eagles,Adelaide Crows,106,76,43427.0,30,H,1.0
20210516_EssendonBombers,2021,9,2021-05-16,Marvel Stadium,Essendon Bombers,Fremantle Dockers,68,61,26357.0,7,H,1.0
20210516_MelbourneDemons,2021,9,2021-05-16,Melbourne Cricket Ground,Melbourne Demons,Carlton Blues,94,68,38581.0,26,H,1.0
20210521_BrisbaneLions,2021,10,2021-05-21,The Gabba,Brisbane Lions,Richmond Tigers,102,74,31127.0,28,H,1.0
20210522_CarltonBlues,2021,10,2021-05-22,Melbourne Cricket Ground,Carlton Blues,Hawthorn Hawks,86,63,45741.0,23,H,1.0
20210522_WesternBulldogs,2021,10,2021-05-22,Marvel Stadium,Western Bulldogs,St Kilda Saints,144,33,28720.0,111,H,1.0
20210522_FremantleDockers,2021,10,2021-05-22,Optus Stadium,Fremantle Dockers,Sydney Swans,86,84,29134.0,2,H,1.0
20210522_GeelongCats,2021,10,2021-05-22,GMHBA Stadium,Geelong Cats,Gold Coast Suns,91,57,22055.0,34,H,1.0
20210522_AdelaideCrows,2021,10,2021-05-22,Adelaide Oval,Adelaide Crows,Melbourne Demons,96,95,31373.0,1,H,1.0
20210523_GreaterWesternSydneyGiants,2021,10,2021-05-23,ENGIE Stadium,Greater Western Sydney Giants,West Coast Eagles,93,77,9046.0,16,H,1.0
20210523_CollingwoodMagpies,2021,10,2021-05-23,Melbourne Cricket Ground,Collingwood Magpies,Port Adelaide Power,58,59,23415.0,-1,A,0.0
20210523_EssendonBombers,2021,10,2021-05-23,Marvel Stadium,Essendon Bombers,North Melbourne Kangaroos,141,69,33121.0,72,H,1.0
20210528_WesternBulldogs,2021,11,2021-05-28,Marvel Stadium,Western Bulldogs,Melbourne Demons,59,87,,-28,A,0.0
20210529_GoldCoastSuns,2021,11,2021-05-29,Sydney Cricket Ground,Gold Coast Suns,Hawthorn Hawks,113,76,1241.0,37,H,1.0
20210529_CollingwoodMagpies,2021,11,2021-05-29,Melbourne Cricket Ground,Collingwood Magpies,Geelong Cats,51,61,,-10,A,0.0
20210529_StKildaSaints,2021,11,2021-05-29,Marvel Stadium,St Kilda Saints,North Melbourne Kangaroos,88,68,,20,H,1.0
20210529_WestCoastEagles,2021,11,2021-05-29,Optus Stadium,West Coast Eagles,Essendon Bombers,71,87,41883.0,-16,A,0.0
20210529_BrisbaneLions,2021,11,2021-05-29,The Gabba,Brisbane Lions,Greater Western Sydney Giants,129,65,22038.0,64,H,1.0
20210530_SydneySwans,2021,11,2021-05-30,Sydney Cricket Ground,Sydney Swans,Carlton Blues,100,78,29882.0,22,H,1.0
20210530_RichmondTigers,2021,11,2021-05-30,ENGIE Stadium,Richmond Tigers,Adelaide Crows,111,83,4236.0,28,H,1.0
20210530_PortAdelaidePower,2021,11,2021-05-30,Adelaide Oval,Port Adelaide Power,Fremantle Dockers,115,69,26759.0,46,H,1.0
20210604_MelbourneDemons,2021,12,2021-06-04,ENGIE Stadium,Melbourne Demons,Brisbane Lions,97,75,3772.0,22,H,1.0
20210605_AdelaideCrows,2021,12,2021-06-05,Adelaide Oval,Adelaide Crows,Collingwood Magpies,73,78,30446.0,-5,A,0.0
20210605_SydneySwans,2021,12,2021-06-05,Sydney Cricket Ground,Sydney Swans,St Kilda Saints,92,83,19020.0,9,H,1.0
20210605_EssendonBombers,2021,12,2021-06-05,Optus Stadium,Essendon Bombers,Richmond Tigers,84,123,55656.0,-39,A,0.0
20210606_CarltonBlues,2021,12,2021-06-06,Sydney Cricket Ground,Carlton Blues,West Coast Eagles,73,95,5137.0,-22,A,0.0
20210606_FremantleDockers,2021,12,2021-06-06,Optus Stadium,Fremantle Dockers,Western Bulldogs,65,93,32875.0,-28,A,0.0
20210610_PortAdelaidePower,2021,13,2021-06-10,Adelaide Oval,Port Adelaide Power,Geelong Cats,91,112,28718.0,-21,A,0.0
20210611_SydneySwans,2021,13,2021-06-11,Sydney Cricket Ground,Sydney Swans,Hawthorn Hawks,51,89,25904.0,-38,A,0.0
20210612_FremantleDockers,2021,13,2021-06-12,Optus Stadium,Fremantle Dockers,Gold Coast Suns,76,49,27318.0,27,H,1.0
20210612_StKildaSaints,2021,13,2021-06-12,Cazaly's Stadium,St Kilda Saints,Adelaide Crows,60,66,5969.0,-6,A,0.0
20210613_NorthMelbourneKangaroos,2021,13,2021-06-13,Ninja Stadium,North Melbourne Kangaroos,Greater Western Sydney Giants,94,94,3462.0,0,D,
20210613_WestCoastEagles,2021,13,2021-06-13,Optus Stadium,West Coast Eagles,Richmond Tigers,85,81,50834.0,4,H,1.0
20210614_MelbourneDemons,2021,13,2021-06-14,Sydney Cricket Ground,Melbourne Demons,Collingwood Magpies,63,80,16453.0,-17,A,0.0
20210618_GeelongCats,2021,14,2021-06-18,GMHBA Stadium,Geelong Cats,Western Bulldogs,83,78,6583.0,5,H,1.0
20210619_NorthMelbourneKangaroos,2021,14,2021-06-19,Ninja Stadium,North Melbourne Kangaroos,Brisbane Lions,45,68,5060.0,-23,A,0.0
20210619_GoldCoastSuns,2021,14,2021-06-19,People First Stadium,Gold Coast Suns,Port Adelaide Power,31,81,7117.0,-50,A,0.0
20210619_GreaterWesternSydneyGiants,2021,14,2021-06-19,ENGIE Stadium,Greater Western Sydney Giants,Carlton Blues,102,66,7035.0,36,H,1.0
20210620_HawthornHawks,2021,14,2021-06-20,UTAS Stadium,Hawthorn Hawks,Essendon Bombers,73,86,14834.0,-13,A,0.0
20210624_BrisbaneLions,2021,15,2021-06-24,The Gabba,Brisbane Lions,Geelong Cats,94,50,29024.0,44,H,1.0
20210625_RichmondTigers,2021,15,2021-06-25,Melbourne Cricket Ground,Richmond Tigers,St Kilda Saints,22,62,14787.0,-40,A,0.0
20210626_PortAdelaidePower,2021,15,2021-06-26,Adelaide Oval,Port Adelaide Power,Sydney Swans,81,71,29631.0,10,H,1.0
20210626_EssendonBombers,2021,15,2021-06-26,Melbourne Cricket Ground,Essendon Bombers,Melbourne Demons,57,68,19414.0,-11,A,0.0
20210626_CollingwoodMagpies,2021,15,2021-06-26,Marvel Stadium,Collingwood Magpies,Fremantle Dockers,79,91,11570.0,-12,A,0.0
20210626_NorthMelbourneKangaroos,2021,15,2021-06-26,Ninja Stadium,North Melbourne Kangaroos,Gold Coast Suns,72,63,6719.0,9,H,1.0
20210627_GreaterWesternSydneyGiants,2021,15,2021-06-27,Melbourne Cricket Ground,Greater Western Sydney Giants,Hawthorn Hawks,72,90,9897.0,-18,A,0.0
20210627_WestCoastEagles,2021,15,2021-06-27,Optus Stadium,West Coast Eagles,Western Bulldogs,43,98,,-55,A,0.0
20210627_CarltonBlues,2021,15,2021-06-27,Marvel Stadium,Carlton Blues,Adelaide Crows,83,73,14930.0,10,H,1.0
20210701_GoldCoastSuns,2021,16,2021-07-01,Marvel Stadium,Gold Coast Suns,Richmond Tigers,77,67,9327.0,10,H,1.0
20210702_GeelongCats,2021,16,2021-07-02,GMHBA Stadium,Geelong Cats,Essendon Bombers,98,57,15579.0,41,H,1.0
20210703_FremantleDockers,2021,16,2021-07-03,Melbourne Cricket Ground,Fremantle Dockers,Carlton Blues,64,80,12103.0,-16,A,0.0
20210703_MelbourneDemons,2021,16,2021-07-03,Melbourne Cricket Ground,Melbourne Demons,Greater Western Sydney Giants,55,64,16963.0,-9,A,0.0
20210703_HawthornHawks,2021,16,2021-07-03,Marvel Stadium,Hawthorn Hawks,Port Adelaide Power,53,87,18251.0,-34,A,0.0
20210703_AdelaideCrows,2021,16,2021-07-03,Adelaide Oval,Adelaide Crows,Brisbane Lions,59,111,16178.0,-52,A,0.0
20210704_CollingwoodMagpies,2021,16,2021-07-04,Melbourne Cricket Ground,Collingwood Magpies,St Kilda Saints,61,70,18082.0,-9,A,0.0
20210704_WesternBulldogs,2021,16,2021-07-04,Marvel Stadium,Western Bulldogs,North Melbourne Kangaroos,108,79,18216.0,29,H,1.0
20210704_SydneySwans,2021,16,2021-07-04,GMHBA Stadium,Sydney Swans,West Coast Eagles,118,26,9520.0,92,H,1.0
20210708_PortAdelaidePower,2021,17,2021-07-08,Adelaide Oval,Port Adelaide Power,Melbourne Demons,55,86,30908.0,-31,A,0.0
20210709_EssendonBombers,2021,17,2021-07-09,Marvel Stadium,Essendon Bombers,Adelaide Crows,84,21,23604.0,63,H,1.0
20210710_BrisbaneLions,2021,17,2021-07-10,People First Stadium,Brisbane Lions,St Kilda Saints,63,95,9075.0,-32,A,0.0
20210710_CarltonBlues,2021,17,2021-07-10,Melbourne Cricket Ground,Carlton Blues,Geelong Cats,44,70,31834.0,-26,A,0.0
20210710_HawthornHawks,2021,17,2021-07-10,UTAS Stadium,Hawthorn Hawks,Fremantle Dockers,46,108,9111.0,-62,A,0.0
20210711_RichmondTigers,2021,17,2021-07-11,Melbourne Cricket Ground,Richmond Tigers,Collingwood Magpies,71,87,29437.0,-16,A,0.0
20210711_GreaterWesternSydneyGiants,2021,17,2021-07-11,Mars Stadium,Greater Western Sydney Giants,Gold Coast Suns,64,65,2952.0,-1,A,0.0
20210711_WesternBulldogs,2021,17,2021-07-11,Marvel Stadium,Western Bulldogs,Sydney Swans,60,79,24817.0,-19,A,0.0
20210712_WestCoastEagles,2021,17,2021-07-12,Optus Stadium,West Coast Eagles,North Melbourne Kangaroos,60,70,30515.0,-10,A,0.0
20210715_FremantleDockers,2021,18,2021-07-15,Optus Stadium,Fremantle Dockers,Geelong Cats,31,100,35271.0,-69,A,0.0
20210716_RichmondTigers,2021,18,2021-07-16,People First Stadium,Richmond Tigers,Brisbane Lions,106,86,4119.0,20,H,1.0
20210717_StKildaSaints,2021,18,2021-07-17,Marvel Stadium,St Kilda Saints,Port Adelaide Power,61,74,,-13,A,0.0
20210717_GoldCoastSuns,2021,18,2021-07-17,People First Stadium,Gold Coast Suns,Western Bulldogs,79,90,8244.0,-11,A,0.0
20210717_MelbourneDemons,2021,18,2021-07-17,Melbourne Cricket Ground,Melbourne Demons,Hawthorn Hawks,79,79,,0,D,
20210718_AdelaideCrows,2021,18,2021-07-18,Adelaide Oval,Adelaide Crows,West Coast Eagles,56,98,24554.0,-42,A,0.0
20210718_NorthMelbourneKangaroos,2021,18,2021-07-18,People First Stadium,North Melbourne Kangaroos,Essendon Bombers,74,92,5114.0,-18,A,0.0
20210718_CollingwoodMagpies,2021,18,2021-07-18,Melbourne Cricket Ground,Collingwood Magpies,Carlton Blues,62,91,,-29,A,0.0
20210718_GreaterWesternSydneyGiants,2021,18,2021-07-18,People First Stadium,Greater Western Sydney Giants,Sydney Swans,72,98,2374.0,-26,A,0.0
20210723_PortAdelaidePower,2021,19,2021-07-23,Marvel Stadium,Port Adelaide Power,Collingwood Magpies,97,69,,28,H,1.0
20210724_CarltonBlues,2021,19,2021-07-24,Marvel Stadium,Carlton Blues,North Melbourne Kangaroos,77,116,,-39,A,0.0
20210724_AdelaideCrows,2021,19,2021-07-24,Marvel Stadium,Adelaide Crows,Hawthorn Hawks,102,83,,19,H,1.0
20210724_MelbourneDemons,2021,19,2021-07-24,Melbourne Cricket Ground,Melbourne Demons,Western Bulldogs,65,85,,-20,A,0.0
20210724_BrisbaneLions,2021,19,2021-07-24,The Gabba,Brisbane Lions,Gold Coast Suns,120,71,16660.0,49,H,1.0
20210724_WestCoastEagles,2021,19,2021-07-24,Optus Stadium,West Coast Eagles,St Kilda Saints,94,86,43657.0,8,H,1.0
20210725_EssendonBombers,2021,19,2021-07-25,People First Stadium,Essendon Bombers,Greater Western Sydney Giants,53,66,2681.0,-13,A,0.0
20210725_SydneySwans,2021,19,2021-07-25,People First Stadium,Sydney Swans,Fremantle Dockers,98,58,2875.0,40,H,1.0
20210725_GeelongCats,2021,19,2021-07-25,Melbourne Cricket Ground,Geelong Cats,Richmond Tigers,95,57,,38,H,1.0
20210730_StKildaSaints,2021,20,2021-07-30,Marvel Stadium,St Kilda Saints,Carlton Blues,81,112,,-31,A,0.0
20210731_NorthMelbourneKangaroos,2021,20,2021-07-31,Ninja Stadium,North Melbourne Kangaroos,Geelong Cats,42,62,8083.0,-20,A,0.0
20210731_WesternBulldogs,2021,20,2021-07-31,Mars Stadium,Western Bulldogs,Adelaide Crows,105,56,,49,H,1.0
20210731_CollingwoodMagpies,2021,20,2021-07-31,Melbourne Cricket Ground,Collingwood Magpies,West Coast Eagles,90,45,,45,H,1.0
20210801_HawthornHawks,2021,20,2021-08-01,UTAS Stadium,Hawthorn Hawks,Brisbane Lions,92,80,5381.0,12,H,1.0
20210801_EssendonBombers,2021,20,2021-08-01,Melbourne Cricket Ground,Essendon Bombers,Sydney Swans,102,109,,-7,A,0.0
20210801_FremantleDockers,2021,20,2021-08-01,Optus Stadium,Fremantle Dockers,Richmond Tigers,55,51,24979.0,4,H,1.0
20210801_GreaterWesternSydneyGiants,2021,20,2021-08-01,Marvel Stadium,Greater Western Sydney Giants,Port Adelaide Power,73,100,,-27,A,0.0
20210801_GoldCoastSuns,2021,20,2021-08-01,Marvel Stadium,Gold Coast Suns,Melbourne Demons,30,128,,-98,A,0.0
20210806_GeelongCats,2021,21,2021-08-06,GMHBA Stadium,Geelong Cats,Greater Western Sydney Giants,65,84,,-19,A,0.0
20210807_StKildaSaints,2021,21,2021-08-07,Marvel Stadium,St Kilda Saints,Sydney Swans,93,64,,29,H,1.0
20210807_CarltonBlues,2021,21,2021-08-07,Marvel Stadium,Carlton Blues,Gold Coast Suns,57,76,,-19,A,0.0
20210807_AdelaideCrows,2021,21,2021-08-07,Adelaide Oval,Adelaide Crows,Port Adelaide Power,51,55,14736.0,-4,A,0.0
20210807_RichmondTigers,2021,21,2021-08-07,Melbourne Cricket Ground,Richmond Tigers,North Melbourne Kangaroos,89,56,,33,H,1.0
20210808_FremantleDockers,2021,21,2021-08-08,Optus Stadium,Fremantle Dockers,Brisbane Lions,54,118,29589.0,-64,A,0.0
20210808_WesternBulldogs,2021,21,2021-08-08,Marvel Stadium,Western Bulldogs,Essendon Bombers,84,97,,-13,A,0.0
20210808_HawthornHawks,2021,21,2021-08-08,Melbourne Cricket Ground,Hawthorn Hawks,Collingwood Magpies,97,78,,19,H,1.0
20210809_WestCoastEagles,2021,21,2021-08-09,Optus Stadium,West Coast Eagles,Melbourne Demons,63,72,31584.0,-9,A,0.0
20210813_GreaterWesternSydneyGiants,2021,22,2021-08-13,Marvel Stadium,Greater Western Sydney Giants,Richmond Tigers,106,67,,39,H,1.0
20210814_NorthMelbourneKangaroos,2021,22,2021-08-14,Marvel Stadium,North Melbourne Kangaroos,Sydney Swans,77,91,,-14,A,0.0
20210814_PortAdelaidePower,2021,22,2021-08-14,Adelaide Oval,Port Adelaide Power,Carlton Blues,140,45,13943.0,95,H,1.0
20210814_BrisbaneLions,2021,22,2021-08-14,The Gabba,Brisbane Lions,Collingwood Magpies,142,57,15146.0,85,H,1.0
20210814_GeelongCats,2021,22,2021-08-14,GMHBA Stadium,Geelong Cats,St Kilda Saints,85,71,,14,H,1.0
20210814_HawthornHawks,2021,22,2021-08-14,UTAS Stadium,Hawthorn Hawks,Western Bulldogs,64,37,7822.0,27,H,1.0
20210815_MelbourneDemons,2021,22,2021-08-15,Melbourne Cricket Ground,Melbourne Demons,Adelaide Crows,104,63,,41,H,1.0
20210815_FremantleDockers,2021,22,2021-08-15,Optus Stadium,Fremantle Dockers,West Coast Eagles,79,64,51692.0,15,H,1.0
20210815_GoldCoastSuns,2021,22,2021-08-15,GMHBA Stadium,Gold Coast Suns,Essendon Bombers,30,98,,-68,A,0.0
20210820_WesternBulldogs,2021,23,2021-08-20,Marvel Stadium,Western Bulldogs,Port Adelaide Power,64,66,,-2,A,0.0
20210821_RichmondTigers,2021,23,2021-08-21,Melbourne Cricket Ground,Richmond Tigers,Hawthorn Hawks,83,83,,0,D,
20210821_BrisbaneLions,2021,23,2021-08-21,The Gabba,Brisbane Lions,West Coast Eagles,125,87,21845.0,38,H,1.0
20210821_CarltonBlues,2021,23,2021-08-21,Marvel Stadium,Carlton Blues,Greater Western Sydney Giants,75,89,,-14,A,0.0
20210821_GeelongCats,2021,23,2021-08-21,GMHBA Stadium,Geelong Cats,Melbourne Demons,77,81,,-4,A,0.0
20210821_SydneySwans,2021,23,2021-08-21,Marvel Stadium,Sydney Swans,Gold Coast Suns,136,49,,87,H,1.0
20210822_AdelaideCrows,2021,23,2021-08-22,Adelaide Oval,Adelaide Crows,North Melbourne Kangaroos,98,54,13103.0,44,H,1.0
20210822_StKildaSaints,2021,23,2021-08-22,Ninja Stadium,St Kilda Saints,Fremantle Dockers,107,49,3082.0,58,H,1.0
20210822_EssendonBombers,2021,23,2021-08-22,Melbourne Cricket Ground,Essendon Bombers,Collingwood Magpies,102,64,,38,H,1.0
20210827_PortAdelaidePower,2021,QF,2021-08-27,Adelaide Oval,Port Adelaide Power,Geelong Cats,86,43,19712.0,43,H,1.0
20210828_SydneySwans,2021,EF,2021-08-28,UTAS Stadium,Sydney Swans,Greater Western Sydney Giants,73,74,8635.0,-1,A,0.0
20210828_MelbourneDemons,2021,QF,2021-08-28,Adelaide Oval,Melbourne Demons,Brisbane Lions,93,60,13784.0,33,H,1.0
20210829_WesternBulldogs,2021,EF,2021-08-29,UTAS Stadium,Western Bulldogs,Essendon Bombers,85,36,9760.0,49,H,1.0
20210903_GeelongCats,2021,SF,2021-09-03,Optus Stadium,Geelong Cats,Greater Western Sydney Giants,103,68,44091.0,35,H,1.0
20210904_BrisbaneLions,2021,SF,2021-09-04,The Gabba,Brisbane Lions,Western Bulldogs,78,79,36470.0,-1,A,0.0
20210910_MelbourneDemons,2021,PF,2021-09-10,Optus Stadium,Melbourne Demons,Geelong Cats,125,42,58599.0,83,H,1.0
20210911_PortAdelaidePower,2021,PF,2021-09-11,Adelaide Oval,Port Adelaide Power,Western Bulldogs,45,116,26400.0,-71,A,0.0
20210925_MelbourneDemons,2021,GF,2021-09-25,Optus Stadium,Melbourne Demons,Western Bulldogs,140,66,61118.0,74,H,1.0
20220316_MelbourneDemons,2022,1,2022-03-16,Melbourne Cricket Ground,Melbourne Demons,Western Bulldogs,97,71,58002.0,26,H,1.0
20220317_CarltonBlues,2022,1,2022-03-17,Melbourne Cricket Ground,Carlton Blues,Richmond Tigers,101,76,72179.0,25,H,1.0
20220318_StKildaSaints,2022,1,2022-03-18,Marvel Stadium,St Kilda Saints,Collingwood Magpies,85,102,40129.0,-17,A,0.0
20220319_GreaterWesternSydneyGiants,2022,1,2022-03-19,Accor Stadium,Greater Western Sydney Giants,Sydney Swans,92,112,25572.0,-20,A,0.0
20220319_BrisbaneLions,2022,1,2022-03-19,The Gabba,Brisbane Lions,Port Adelaide Power,80,69,25100.0,11,H,1.0
20220319_GeelongCats,2022,1,2022-03-19,Melbourne Cricket Ground,Geelong Cats,Essendon Bombers,138,72,54495.0,66,H,1.0
20220320_WestCoastEagles,2022,1,2022-03-20,Optus Stadium,West Coast Eagles,Gold Coast Suns,80,107,20932.0,-27,A,0.0
20220320_HawthornHawks,2022,1,2022-03-20,Melbourne Cricket Ground,Hawthorn Hawks,North Melbourne Kangaroos,78,58,38297.0,20,H,1.0
20220320_AdelaideCrows,2022,1,2022-03-20,Adelaide Oval,Adelaide Crows,Fremantle Dockers,82,83,28186.0,-1,A,0.0
20220324_WesternBulldogs,2022,2,2022-03-24,Marvel Stadium,Western Bulldogs,Carlton Blues,90,102,34961.0,-12,A,0.0
20220325_SydneySwans,2022,2,2022-03-25,Sydney Cricket Ground,Sydney Swans,Geelong Cats,107,77,36578.0,30,H,1.0
20220326_PortAdelaidePower,2022,2,2022-03-26,Adelaide Oval,Port Adelaide Power,Hawthorn Hawks,56,120,30267.0,-64,A,0.0
20220326_GoldCoastSuns,2022,2,2022-03-26,People First Stadium,Gold Coast Suns,Melbourne Demons,69,82,8280.0,-13,A,0.0
20220326_CollingwoodMagpies,2022,2,2022-03-26,Melbourne Cricket Ground,Collingwood Magpies,Adelaide Crows,100,58,36843.0,42,H,1.0
20220326_EssendonBombers,2022,2,2022-03-26,Marvel Stadium,Essendon Bombers,Brisbane Lions,75,97,30631.0,-22,A,0.0
20220327_RichmondTigers,2022,2,2022-03-27,Melbourne Cricket Ground,Richmond Tigers,Greater Western Sydney Giants,109,73,28813.0,36,H,1.0
20220327_FremantleDockers,2022,2,2022-03-27,Optus Stadium,Fremantle Dockers,St Kilda Saints,55,65,25284.0,-10,A,0.0
20220327_NorthMelbourneKangaroos,2022,2,2022-03-27,Marvel Stadium,North Melbourne Kangaroos,West Coast Eagles,74,59,14204.0,15,H,1.0
20220331_WesternBulldogs,2022,3,2022-03-31,Marvel Stadium,Western Bulldogs,Sydney Swans,71,60,24327.0,11,H,1.0
20220401_AdelaideCrows,2022,3,2022-04-01,Adelaide Oval,Adelaide Crows,Port Adelaide Power,96,92,39190.0,4,H,1.0
20220401_MelbourneDemons,2022,3,2022-04-01,Melbourne Cricket Ground,Melbourne Demons,Essendon Bombers,99,70,44503.0,29,H,1.0
20220402_GreaterWesternSydneyGiants,2022,3,2022-04-02,ENGIE Stadium,Greater Western Sydney Giants,Gold Coast Suns,83,57,4014.0,26,H,1.0
20220402_BrisbaneLions,2022,3,2022-04-02,The Gabba,Brisbane Lions,North Melbourne Kangaroos,156,48,19817.0,108,H,1.0
20220402_CollingwoodMagpies,2022,3,2022-04-02,Melbourne Cricket Ground,Collingwood Magpies,Geelong Cats,91,104,52974.0,-13,A,0.0
20220403_WestCoastEagles,2022,3,2022-04-03,Optus Stadium,West Coast Eagles,Fremantle Dockers,47,102,38920.0,-55,A,0.0
20220403_CarltonBlues,2022,3,2022-04-03,Melbourne Cricket Ground,Carlton Blues,Hawthorn Hawks,74,73,66317.0,1,H,1.0
20220403_StKildaSaints,2022,3,2022-04-03,Marvel Stadium,St Kilda Saints,Richmond Tigers,117,84,31933.0,33,H,1.0
20220407_PortAdelaidePower,2022,4,2022-04-07,Adelaide Oval,Port Adelaide Power,Melbourne Demons,36,68,23058.0,-32,A,0.0
20220408_GeelongCats,2022,4,2022-04-08,GMHBA Stadium,Geelong Cats,Brisbane Lions,80,70,20505.0,10,H,1.0
20220409_SydneySwans,2022,4,2022-04-09,Sydney Cricket Ground,Sydney Swans,North Melbourne Kangaroos,86,75,22307.0,11,H,1.0
20220409_FremantleDockers,2022,4,2022-04-09,Optus Stadium,Fremantle Dockers,Greater Western Sydney Giants,88,54,30201.0,34,H,1.0
20220409_RichmondTigers,2022,4,2022-04-09,Melbourne Cricket Ground,Richmond Tigers,Western Bulldogs,99,61,43645.0,38,H,1.0
20220409_CollingwoodMagpies,2022,4,2022-04-09,Marvel Stadium,Collingwood Magpies,West Coast Eagles,74,87,25897.0,-13,A,0.0
20220410_EssendonBombers,2022,4,2022-04-10,Marvel Stadium,Essendon Bombers,Adelaide Crows,103,99,24906.0,4,H,1.0
20220410_HawthornHawks,2022,4,2022-04-10,Melbourne Cricket Ground,Hawthorn Hawks,St Kilda Saints,73,142,30926.0,-69,A,0.0
20220410_GoldCoastSuns,2022,4,2022-04-10,People First Stadium,Gold Coast Suns,Carlton Blues,92,62,14349.0,30,H,1.0
20220414_BrisbaneLions,2022,5,2022-04-14,The Gabba,Brisbane Lions,Collingwood Magpies,98,91,32312.0,7,H,1.0
20220415_WestCoastEagles,2022,5,2022-04-15,Optus Stadium,West Coast Eagles,Sydney Swans,58,121,42888.0,-63,A,0.0
20220415_NorthMelbourneKangaroos,2022,5,2022-04-15,Marvel Stadium,North Melbourne Kangaroos,Western Bulldogs,71,139,32162.0,-68,A,0.0
20220416_MelbourneDemons,2022,5,2022-04-16,Melbourne Cricket Ground,Melbourne Demons,Greater Western Sydney Giants,120,53,20791.0,67,H,1.0
20220416_StKildaSaints,2022,5,2022-04-16,Marvel Stadium,St Kilda Saints,Gold Coast Suns,87,61,18724.0,26,H,1.0
20220416_AdelaideCrows,2022,5,2022-04-16,Adelaide Oval,Adelaide Crows,Richmond Tigers,101,82,33031.0,19,H,1.0
20220417_CarltonBlues,2022,5,2022-04-17,Melbourne Cricket Ground,Carlton Blues,Port Adelaide Power,94,91,33433.0,3,H,1.0
20220417_EssendonBombers,2022,5,2022-04-17,Marvel Stadium,Essendon Bombers,Fremantle Dockers,59,107,23935.0,-48,A,0.0
20220418_HawthornHawks,2022,5,2022-04-18,Melbourne Cricket Ground,Hawthorn Hawks,Geelong Cats,92,80,48030.0,12,H,1.0
20220422_GreaterWesternSydneyGiants,2022,6,2022-04-22,Manuka Oval,Greater Western Sydney Giants,St Kilda Saints,60,77,11207.0,-17,A,0.0
20220423_PortAdelaidePower,2022,6,2022-04-23,Adelaide Oval,Port Adelaide Power,West Coast Eagles,117,33,28587.0,84,H,1.0
20220423_WesternBulldogs,2022,6,2022-04-23,Mars Stadium,Western Bulldogs,Adelaide Crows,62,63,10412.0,-1,A,0.0
20220423_FremantleDockers,2022,6,2022-04-23,Optus Stadium,Fremantle Dockers,Carlton Blues,97,62,42302.0,35,H,1.0
20220424_GoldCoastSuns,2022,6,2022-04-24,People First Stadium,Gold Coast Suns,Brisbane Lions,80,132,14897.0,-52,A,0.0
20220424_NorthMelbourneKangaroos,2022,6,2022-04-24,Ninja Stadium,North Melbourne Kangaroos,Geelong Cats,61,121,8663.0,-60,A,0.0
20220424_RichmondTigers,2022,6,2022-04-24,Melbourne Cricket Ground,Richmond Tigers,Melbourne Demons,54,76,70334.0,-22,A,0.0
20220425_HawthornHawks,2022,6,2022-04-25,UTAS Stadium,Hawthorn Hawks,Sydney Swans,68,109,14107.0,-41,A,0.0
20220425_EssendonBombers,2022,6,2022-04-25,Melbourne Cricket Ground,Essendon Bombers,Collingwood Magpies,82,93,84205.0,-11,A,0.0
20220429_WestCoastEagles,2022,7,2022-04-29,Optus Stadium,West Coast Eagles,Richmond Tigers,56,165,39430.0,-109,A,0.0
20220430_AdelaideCrows,2022,7,2022-04-30,Adelaide Oval,Adelaide Crows,Greater Western Sydney Giants,54,113,31811.0,-59,A,0.0
20220430_MelbourneDemons,2022,7,2022-04-30,Melbourne Cricket Ground,Melbourne Demons,Hawthorn Hawks,91,81,39425.0,10,H,1.0
20220430_GeelongCats,2022,7,2022-04-30,GMHBA Stadium,Geelong Cats,Fremantle Dockers,66,69,20136.0,-3,A,0.0
20220430_StKildaSaints,2022,7,2022-04-30,Cazaly's Stadium,St Kilda Saints,Port Adelaide Power,42,43,6645.0,-1,A,0.0
20220430_CarltonBlues,2022,7,2022-04-30,Marvel Stadium,Carlton Blues,North Melbourne Kangaroos,114,64,40129.0,50,H,1.0
20220501_CollingwoodMagpies,2022,7,2022-05-01,Melbourne Cricket Ground,Collingwood Magpies,Gold Coast Suns,115,90,28916.0,25,H,1.0
20220501_WesternBulldogs,2022,7,2022-05-01,Marvel Stadium,Western Bulldogs,Essendon Bombers,103,71,33677.0,32,H,1.0
20220501_SydneySwans,2022,7,2022-05-01,Sydney Cricket Ground,Sydney Swans,Brisbane Lions,89,113,30110.0,-24,A,0.0
20220506_FremantleDockers,2022,8,2022-05-06,Optus Stadium,Fremantle Dockers,North Melbourne Kangaroos,102,24,37040.0,78,H,1.0
20220506_PortAdelaidePower,2022,8,2022-05-06,Adelaide Oval,Port Adelaide Power,Western Bulldogs,86,69,29290.0,17,H,1.0
20220507_BrisbaneLions,2022,8,2022-05-07,The Gabba,Brisbane Lions,West Coast Eagles,105,30,19331.0,75,H,1.0
20220507_RichmondTigers,2022,8,2022-05-07,Melbourne Cricket Ground,Richmond Tigers,Collingwood Magpies,113,86,64481.0,27,H,1.0
20220507_EssendonBombers,2022,8,2022-05-07,Marvel Stadium,Essendon Bombers,Hawthorn Hawks,108,81,33042.0,27,H,1.0
20220507_GreaterWesternSydneyGiants,2022,8,2022-05-07,Manuka Oval,Greater Western Sydney Giants,Geelong Cats,35,88,11661.0,-53,A,0.0
20220507_SydneySwans,2022,8,2022-05-07,Sydney Cricket Ground,Sydney Swans,Gold Coast Suns,61,75,20420.0,-14,A,0.0
20220508_CarltonBlues,2022,8,2022-05-08,Marvel Stadium,Carlton Blues,Adelaide Crows,116,68,25376.0,48,H,1.0
20220508_MelbourneDemons,2022,8,2022-05-08,Melbourne Cricket Ground,Melbourne Demons,St Kilda Saints,93,55,35767.0,38,H,1.0
20220513_CollingwoodMagpies,2022,9,2022-05-13,Marvel Stadium,Collingwood Magpies,Western Bulldogs,51,99,44029.0,-48,A,0.0
20220514_SydneySwans,2022,9,2022-05-14,Sydney Cricket Ground,Sydney Swans,Essendon Bombers,105,47,27464.0,58,H,1.0
20220514_AdelaideCrows,2022,9,2022-05-14,Adelaide Oval,Adelaide Crows,Brisbane Lions,66,102,36579.0,-36,A,0.0
20220514_NorthMelbourneKangaroos,2022,9,2022-05-14,Ninja Stadium,North Melbourne Kangaroos,Port Adelaide Power,46,115,5114.0,-69,A,0.0
20220514_HawthornHawks,2022,9,2022-05-14,Melbourne Cricket Ground,Hawthorn Hawks,Richmond Tigers,94,117,40663.0,-23,A,0.0
20220514_StKildaSaints,2022,9,2022-05-14,Marvel Stadium,St Kilda Saints,Geelong Cats,90,80,32517.0,10,H,1.0
20220515_GoldCoastSuns,2022,9,2022-05-15,People First Stadium,Gold Coast Suns,Fremantle Dockers,69,33,6136.0,36,H,1.0
20220515_GreaterWesternSydneyGiants,2022,9,2022-05-15,ENGIE Stadium,Greater Western Sydney Giants,Carlton Blues,75,105,8754.0,-30,A,0.0
20220515_WestCoastEagles,2022,9,2022-05-15,Optus Stadium,West Coast Eagles,Melbourne Demons,38,112,27488.0,-74,A,0.0
20220520_CarltonBlues,2022,10,2022-05-20,Marvel Stadium,Carlton Blues,Sydney Swans,102,87,44769.0,15,H,1.0
20220521_AdelaideCrows,2022,10,2022-05-21,Adelaide Oval,Adelaide Crows,St Kilda Saints,69,90,28783.0,-21,A,0.0
20220521_WesternBulldogs,2022,10,2022-05-21,Mars Stadium,Western Bulldogs,Gold Coast Suns,106,87,6040.0,19,H,1.0
20220521_RichmondTigers,2022,10,2022-05-21,Melbourne Cricket Ground,Richmond Tigers,Essendon Bombers,80,48,70226.0,32,H,1.0
20220521_GeelongCats,2022,10,2022-05-21,GMHBA Stadium,Geelong Cats,Port Adelaide Power,82,47,18721.0,35,H,1.0
20220521_NorthMelbourneKangaroos,2022,10,2022-05-21,Marvel Stadium,North Melbourne Kangaroos,Melbourne Demons,53,100,13422.0,-47,A,0.0
20220522_HawthornHawks,2022,10,2022-05-22,UTAS Stadium,Hawthorn Hawks,Brisbane Lions,117,112,12007.0,5,H,1.0
20220522_GreaterWesternSydneyGiants,2022,10,2022-05-22,ENGIE Stadium,Greater Western Sydney Giants,West Coast Eagles,138,86,5057.0,52,H,1.0
20220522_FremantleDockers,2022,10,2022-05-22,Optus Stadium,Fremantle Dockers,Collingwood Magpies,44,80,35534.0,-36,A,0.0
20220527_SydneySwans,2022,11,2022-05-27,Sydney Cricket Ground,Sydney Swans,Richmond Tigers,106,100,31387.0,6,H,1.0
20220528_MelbourneDemons,2022,11,2022-05-28,Melbourne Cricket Ground,Melbourne Demons,Fremantle Dockers,56,94,29812.0,-38,A,0.0
20220528_GeelongCats,2022,11,2022-05-28,GMHBA Stadium,Geelong Cats,Adelaide Crows,97,55,19051.0,42,H,1.0
20220528_BrisbaneLions,2022,11,2022-05-28,The Gabba,Brisbane Lions,Greater Western Sydney Giants,110,96,22068.0,14,H,1.0
20220528_GoldCoastSuns,2022,11,2022-05-28,TIO Stadium,Gold Coast Suns,Hawthorn Hawks,121,54,7516.0,67,H,1.0
20220528_WestCoastEagles,2022,11,2022-05-28,Optus Stadium,West Coast Eagles,Western Bulldogs,60,161,31838.0,-101,A,0.0
20220529_StKildaSaints,2022,11,2022-05-29,Marvel Stadium,St Kilda Saints,North Melbourne Kangaroos,103,50,23464.0,53,H,1.0
20220529_PortAdelaidePower,2022,11,2022-05-29,Adelaide Oval,Port Adelaide Power,Essendon Bombers,66,50,25877.0,16,H,1.0
20220529_CollingwoodMagpies,2022,11,2022-05-29,Melbourne Cricket Ground,Collingwood Magpies,Carlton Blues,79,75,80627.0,4,H,1.0
20220603_WesternBulldogs,2022,12,2022-06-03,Marvel Stadium,Western Bulldogs,Geelong Cats,70,83,34370.0,-13,A,0.0
20220604_AdelaideCrows,2022,12,2022-06-04,Adelaide Oval,Adelaide Crows,West Coast Eagles,88,57,22859.0,31,H,1.0
20220604_MelbourneDemons,2022,12,2022-06-04,Melbourne Cricket Ground,Melbourne Demons,Sydney Swans,61,73,32753.0,-12,A,0.0
20220604_GoldCoastSuns,2022,12,2022-06-04,TIO Stadium,Gold Coast Suns,North Melbourne Kangaroos,109,47,5523.0,62,H,1.0
20220605_HawthornHawks,2022,12,2022-06-05,Melbourne Cricket Ground,Hawthorn Hawks,Collingwood Magpies,68,72,43939.0,-4,A,0.0
20220605_FremantleDockers,2022,12,2022-06-05,Optus Stadium,Fremantle Dockers,Brisbane Lions,99,85,47214.0,14,H,1.0
20220609_RichmondTigers,2022,13,2022-06-09,Melbourne Cricket Ground,Richmond Tigers,Port Adelaide Power,77,65,21757.0,12,H,1.0
20220610_EssendonBombers,2022,13,2022-06-10,Melbourne Cricket Ground,Essendon Bombers,Carlton Blues,54,80,65440.0,-26,A,0.0
20220611_BrisbaneLions,2022,13,2022-06-11,The Gabba,Brisbane Lions,St Kilda Saints,78,57,26610.0,21,H,1.0
20220611_FremantleDockers,2022,13,2022-06-11,Optus Stadium,Fremantle Dockers,Hawthorn Hawks,95,82,39428.0,13,H,1.0
20220612_NorthMelbourneKangaroos,2022,13,2022-06-12,Marvel Stadium,North Melbourne Kangaroos,Greater Western Sydney Giants,53,102,13742.0,-49,A,0.0
20220613_CollingwoodMagpies,2022,13,2022-06-13,Melbourne Cricket Ground,Collingwood Magpies,Melbourne Demons,82,56,76059.0,26,H,1.0
20220616_RichmondTigers,2022,14,2022-06-16,Melbourne Cricket Ground,Richmond Tigers,Carlton Blues,81,66,50741.0,15,H,1.0
20220617_StKildaSaints,2022,14,2022-06-17,Marvel Stadium,St Kilda Saints,Essendon Bombers,72,107,33274.0,-35,A,0.0
20220618_PortAdelaidePower,2022,14,2022-06-18,Adelaide Oval,Port Adelaide Power,Sydney Swans,82,59,30445.0,23,H,1.0
20220618_WestCoastEagles,2022,14,2022-06-18,Optus Stadium,West Coast Eagles,Geelong Cats,63,81,32526.0,-18,A,0.0
20220618_GreaterWesternSydneyGiants,2022,14,2022-06-18,ENGIE Stadium,Greater Western Sydney Giants,Western Bulldogs,105,125,6208.0,-20,A,0.0
20220619_GoldCoastSuns,2022,14,2022-06-19,People First Stadium,Gold Coast Suns,Adelaide Crows,116,73,10507.0,43,H,1.0
20220623_MelbourneDemons,2022,15,2022-06-23,Melbourne Cricket Ground,Melbourne Demons,Brisbane Lions,117,53,37728.0,64,H,1.0
20220624_WestCoastEagles,2022,15,2022-06-24,Optus Stadium,West Coast Eagles,Essendon Bombers,107,97,40933.0,10,H,1.0
20220624_WesternBulldogs,2022,15,2022-06-24,Marvel Stadium,Western Bulldogs,Hawthorn Hawks,125,83,32505.0,42,H,1.0
20220625_GeelongCats,2022,15,2022-06-25,Melbourne Cricket Ground,Geelong Cats,Richmond Tigers,89,86,59335.0,3,H,1.0
20220625_SydneySwans,2022,15,2022-06-25,Sydney Cricket Ground,Sydney Swans,St Kilda Saints,83,32,31513.0,51,H,1.0
20220625_CarltonBlues,2022,15,2022-06-25,Marvel Stadium,Carlton Blues,Fremantle Dockers,81,50,35441.0,31,H,1.0
20220626_PortAdelaidePower,2022,15,2022-06-26,Adelaide Oval,Port Adelaide Power,Gold Coast Suns,93,91,26241.0,2,H,1.0
20220626_NorthMelbourneKangaroos,2022,15,2022-06-26,Ninja Stadium,North Melbourne Kangaroos,Adelaide Crows,58,115,5072.0,-57,A,0.0
20220626_CollingwoodMagpies,2022,15,2022-06-26,Melbourne Cricket Ground,Collingwood Magpies,Greater Western Sydney Giants,88,77,30804.0,11,H,1.0
20220630_BrisbaneLions,2022,16,2022-06-30,The Gabba,Brisbane Lions,Western Bulldogs,108,67,25011.0,41,H,1.0
20220701_CarltonBlues,2022,16,2022-07-01,Marvel Stadium,Carlton Blues,St Kilda Saints,78,93,43194.0,-15,A,0.0
20220702_GeelongCats,2022,16,2022-07-02,GMHBA Stadium,Geelong Cats,North Melbourne Kangaroos,144,32,18091.0,112,H,1.0
20220702_GoldCoastSuns,2022,16,2022-07-02,People First Stadium,Gold Coast Suns,Collingwood Magpies,62,67,16027.0,-5,A,0.0
20220702_AdelaideCrows,2022,16,2022-07-02,Adelaide Oval,Adelaide Crows,Melbourne Demons,65,94,30702.0,-29,A,0.0
20220702_EssendonBombers,2022,16,2022-07-02,Melbourne Cricket Ground,Essendon Bombers,Sydney Swans,95,86,43163.0,9,H,1.0
20220703_RichmondTigers,2022,16,2022-07-03,Melbourne Cricket Ground,Richmond Tigers,West Coast Eagles,128,93,39391.0,35,H,1.0
20220703_GreaterWesternSydneyGiants,2022,16,2022-07-03,ENGIE Stadium,Greater Western Sydney Giants,Hawthorn Hawks,72,50,4812.0,22,H,1.0
20220703_FremantleDockers,2022,16,2022-07-03,Optus Stadium,Fremantle Dockers,Port Adelaide Power,99,91,41326.0,8,H,1.0
20220707_GeelongCats,2022,17,2022-07-07,GMHBA Stadium,Geelong Cats,Melbourne Demons,91,63,21501.0,28,H,1.0
20220708_SydneySwans,2022,17,2022-07-08,Sydney Cricket Ground,Sydney Swans,Western Bulldogs,120,67,22226.0,53,H,1.0
20220709_StKildaSaints,2022,17,2022-07-09,Marvel Stadium,St Kilda Saints,Fremantle Dockers,70,111,21652.0,-41,A,0.0
20220709_PortAdelaidePower,2022,17,2022-07-09,Adelaide Oval,Port Adelaide Power,Greater Western Sydney Giants,84,29,24744.0,55,H,1.0
20220709_CollingwoodMagpies,2022,17,2022-07-09,Melbourne Cricket Ground,Collingwood Magpies,North Melbourne Kangaroos,88,81,45039.0,7,H,1.0
20220709_GoldCoastSuns,2022,17,2022-07-09,People First Stadium,Gold Coast Suns,Richmond Tigers,94,92,18031.0,2,H,1.0
20220710_WestCoastEagles,2022,17,2022-07-10,Optus Stadium,West Coast Eagles,Carlton Blues,53,116,43359.0,-63,A,0.0
20220710_HawthornHawks,2022,17,2022-07-10,Marvel Stadium,Hawthorn Hawks,Adelaide Crows,86,54,18833.0,32,H,1.0
20220710_BrisbaneLions,2022,17,2022-07-10,The Gabba,Brisbane Lions,Essendon Bombers,90,100,29101.0,-10,A,0.0
20220715_WesternBulldogs,2022,18,2022-07-15,Marvel Stadium,Western Bulldogs,St Kilda Saints,84,56,25981.0,28,H,1.0
20220716_NorthMelbourneKangaroos,2022,18,2022-07-16,Marvel Stadium,North Melbourne Kangaroos,Richmond Tigers,92,88,22666.0,4,H,1.0
20220716_GreaterWesternSydneyGiants,2022,18,2022-07-16,Manuka Oval,Greater Western Sydney Giants,Brisbane Lions,59,99,9010.0,-40,A,0.0
20220716_AdelaideCrows,2022,18,2022-07-16,Adelaide Oval,Adelaide Crows,Collingwood Magpies,86,91,30110.0,-5,A,0.0
20220716_FremantleDockers,2022,18,2022-07-16,Optus Stadium,Fremantle Dockers,Sydney Swans,65,82,46596.0,-17,A,0.0
20220716_CarltonBlues,2022,18,2022-07-16,Melbourne Cricket Ground,Carlton Blues,Geelong Cats,55,85,68208.0,-30,A,0.0
20220717_HawthornHawks,2022,18,2022-07-17,Melbourne Cricket Ground,Hawthorn Hawks,West Coast Eagles,102,77,22598.0,25,H,1.0
20220717_MelbourneDemons,2022,18,2022-07-17,TIO Traeger Park,Melbourne Demons,Port Adelaide Power,83,69,6312.0,14,H,1.0
20220717_EssendonBombers,2022,18,2022-07-17,Marvel Stadium,Essendon Bombers,Gold Coast Suns,103,55,23484.0,48,H,1.0
20220722_RichmondTigers,2022,19,2022-07-22,Marvel Stadium,Richmond Tigers,Fremantle Dockers,52,52,23549.0,0,D,
20220723_WesternBulldogs,2022,19,2022-07-23,Marvel Stadium,Western Bulldogs,Melbourne Demons,110,100,26501.0,10,H,1.0
20220723_BrisbaneLions,2022,19,2022-07-23,The Gabba,Brisbane Lions,Gold Coast Suns,110,93,21467.0,17,H,1.0
20220723_PortAdelaidePower,2022,19,2022-07-23,Adelaide Oval,Port Adelaide Power,Geelong Cats,94,106,30937.0,-12,A,0.0
20220723_NorthMelbourneKangaroos,2022,19,2022-07-23,Ninja Stadium,North Melbourne Kangaroos,Hawthorn Hawks,75,121,9713.0,-46,A,0.0
20220723_SydneySwans,2022,19,2022-07-23,Sydney Cricket Ground,Sydney Swans,Adelaide Crows,118,85,25084.0,33,H,1.0
20220724_CollingwoodMagpies,2022,19,2022-07-24,Melbourne Cricket Ground,Collingwood Magpies,Essendon Bombers,80,76,72402.0,4,H,1.0
20220724_CarltonBlues,2022,19,2022-07-24,Marvel Stadium,Carlton Blues,Greater Western Sydney Giants,90,54,30295.0,36,H,1.0
20220724_WestCoastEagles,2022,19,2022-07-24,Optus Stadium,West Coast Eagles,St Kilda Saints,62,90,35665.0,-28,A,0.0
20220729_FremantleDockers,2022,20,2022-07-29,Optus Stadium,Fremantle Dockers,Melbourne Demons,39,85,46313.0,-46,A,0.0
20220730_GeelongCats,2022,20,2022-07-30,GMHBA Stadium,Geelong Cats,Western Bulldogs,94,66,22106.0,28,H,1.0
20220730_StKildaSaints,2022,20,2022-07-30,Marvel Stadium,St Kilda Saints,Hawthorn Hawks,75,63,25348.0,12,H,1.0
20220730_AdelaideCrows,2022,20,2022-07-30,Adelaide Oval,Adelaide Crows,Carlton Blues,84,55,35666.0,29,H,1.0
20220730_CollingwoodMagpies,2022,20,2022-07-30,Melbourne Cricket Ground,Collingwood Magpies,Port Adelaide Power,88,82,40716.0,6,H,1.0
20220730_SydneySwans,2022,20,2022-07-30,Sydney Cricket Ground,Sydney Swans,Greater Western Sydney Giants,112,39,31916.0,73,H,1.0
20220731_GoldCoastSuns,2022,20,2022-07-31,People First Stadium,Gold Coast Suns,West Coast Eagles,107,104,8282.0,3,H,1.0
20220731_RichmondTigers,2022,20,2022-07-31,Melbourne Cricket Ground,Richmond Tigers,Brisbane Lions,104,97,39056.0,7,H,1.0
20220731_EssendonBombers,2022,20,2022-07-31,Marvel Stadium,Essendon Bombers,North Melbourne Kangaroos,114,66,29549.0,48,H,1.0
20220805_MelbourneDemons,2022,21,2022-08-05,Melbourne Cricket Ground,Melbourne Demons,Collingwood Magpies,89,96,70596.0,-7,A,0.0
20220806_PortAdelaidePower,2022,21,2022-08-06,Adelaide Oval,Port Adelaide Power,Richmond Tigers,71,109,27091.0,-38,A,0.0
20220806_GeelongCats,2022,21,2022-08-06,GMHBA Stadium,Geelong Cats,St Kilda Saints,110,65,20583.0,45,H,1.0
20220806_HawthornHawks,2022,21,2022-08-06,UTAS Stadium,Hawthorn Hawks,Gold Coast Suns,70,63,9022.0,7,H,1.0
20220806_WesternBulldogs,2022,21,2022-08-06,Marvel Stadium,Western Bulldogs,Fremantle Dockers,78,95,24130.0,-17,A,0.0
20220806_GreaterWesternSydneyGiants,2022,21,2022-08-06,ENGIE Stadium,Greater Western Sydney Giants,Essendon Bombers,96,69,7772.0,27,H,1.0
20220807_WestCoastEagles,2022,21,2022-08-07,Optus Stadium,West Coast Eagles,Adelaide Crows,86,102,50117.0,-16,A,0.0
20220807_BrisbaneLions,2022,21,2022-08-07,The Gabba,Brisbane Lions,Carlton Blues,114,81,31011.0,33,H,1.0
20220807_NorthMelbourneKangaroos,2022,21,2022-08-07,Marvel Stadium,North Melbourne Kangaroos,Sydney Swans,88,126,19091.0,-38,A,0.0
20220812_StKildaSaints,2022,22,2022-08-12,Marvel Stadium,St Kilda Saints,Brisbane Lions,66,81,22211.0,-15,A,0.0
20220813_GoldCoastSuns,2022,22,2022-08-13,People First Stadium,Gold Coast Suns,Geelong Cats,59,119,14728.0,-60,A,0.0
20220813_FremantleDockers,2022,22,2022-08-13,Optus Stadium,Fremantle Dockers,West Coast Eagles,71,47,53818.0,24,H,1.0
20220813_AdelaideCrows,2022,22,2022-08-13,Adelaide Oval,Adelaide Crows,North Melbourne Kangaroos,103,74,28802.0,29,H,1.0
20220813_MelbourneDemons,2022,22,2022-08-13,Melbourne Cricket Ground,Melbourne Demons,Carlton Blues,79,74,55705.0,5,H,1.0
20220813_WesternBulldogs,2022,22,2022-08-13,Marvel Stadium,Western Bulldogs,Greater Western Sydney Giants,62,57,18301.0,5,H,1.0
20220814_RichmondTigers,2022,22,2022-08-14,Melbourne Cricket Ground,Richmond Tigers,Hawthorn Hawks,128,67,59338.0,61,H,1.0
20220814_SydneySwans,2022,22,2022-08-14,Sydney Cricket Ground,Sydney Swans,Collingwood Magpies,77,50,44659.0,27,H,1.0
20220814_EssendonBombers,2022,22,2022-08-14,Marvel Stadium,Essendon Bombers,Port Adelaide Power,62,146,20568.0,-84,A,0.0
20220819_BrisbaneLions,2022,23,2022-08-19,The Gabba,Brisbane Lions,Melbourne Demons,57,115,32172.0,-58,A,0.0
20220820_EssendonBombers,2022,23,2022-08-20,Melbourne Cricket Ground,Essendon Bombers,Richmond Tigers,75,141,58366.0,-66,A,0.0
20220820_GeelongCats,2022,23,2022-08-20,GMHBA Stadium,Geelong Cats,West Coast Eagles,131,46,21098.0,85,H,1.0
20220820_GreaterWesternSydneyGiants,2022,23,2022-08-20,Manuka Oval,Greater Western Sydney Giants,Fremantle Dockers,69,89,7338.0,-20,A,0.0
20220820_PortAdelaidePower,2022,23,2022-08-20,Adelaide Oval,Port Adelaide Power,Adelaide Crows,111,55,50090.0,56,H,1.0
20220820_NorthMelbourneKangaroos,2022,23,2022-08-20,Marvel Stadium,North Melbourne Kangaroos,Gold Coast Suns,47,114,14196.0,-67,A,0.0
20220821_StKildaSaints,2022,23,2022-08-21,Marvel Stadium,St Kilda Saints,Sydney Swans,74,88,23344.0,-14,A,0.0
20220821_CarltonBlues,2022,23,2022-08-21,Melbourne Cricket Ground,Carlton Blues,Collingwood Magpies,74,75,88287.0,-1,A,0.0
20220821_HawthornHawks,2022,23,2022-08-21,UTAS Stadium,Hawthorn Hawks,Western Bulldogs,64,87,13105.0,-23,A,0.0
20220901_BrisbaneLions,2022,EF,2022-09-01,The Gabba,Brisbane Lions,Richmond Tigers,106,104,35013.0,2,H,1.0
20220902_MelbourneDemons,2022,QF,2022-09-02,Melbourne Cricket Ground,Melbourne Demons,Sydney Swans,69,91,78377.0,-22,A,0.0
20220903_GeelongCats,2022,QF,2022-09-03,Melbourne Cricket Ground,Geelong Cats,Collingwood Magpies,78,72,91525.0,6,H,1.0
20220903_FremantleDockers,2022,EF,2022-09-03,Optus Stadium,Fremantle Dockers,Western Bulldogs,73,60,58982.0,13,H,1.0
20220909_MelbourneDemons,2022,SF,2022-09-09,Melbourne Cricket Ground,Melbourne Demons,Brisbane Lions,79,92,62162.0,-13,A,0.0
20220910_CollingwoodMagpies,2022,SF,2022-09-10,Melbourne Cricket Ground,Collingwood Magpies,Fremantle Dockers,79,59,90612.0,20,H,1.0
20220916_GeelongCats,2022,PF,2022-09-16,Melbourne Cricket Ground,Geelong Cats,Brisbane Lions,120,49,77677.0,71,H,1.0
20220917_SydneySwans,2022,PF,2022-09-17,Sydney Cricket Ground,Sydney Swans,Collingwood Magpies,95,94,45608.0,1,H,1.0
20220924_GeelongCats,2022,GF,2022-09-24,Melbourne Cricket Ground,Geelong Cats,Sydney Swans,133,52,100024.0,81,H,1.0
20230316_RichmondTigers,2023,1,2023-03-16,Melbourne Cricket Ground,Richmond Tigers,Carlton Blues,58,58,88084.0,0,D,
20230317_GeelongCats,2023,1,2023-03-17,Melbourne Cricket Ground,Geelong Cats,Collingwood Magpies,103,125,86595.0,-22,A,0.0
20230318_PortAdelaidePower,2023,1,2023-03-18,Adelaide Oval,Port Adelaide Power,Brisbane Lions,126,72,34255.0,54,H,1.0
20230318_GoldCoastSuns,2023,1,2023-03-18,People First Stadium,Gold Coast Suns,Sydney Swans,61,110,13648.0,-49,A,0.0
20230318_MelbourneDemons,2023,1,2023-03-18,Melbourne Cricket Ground,Melbourne Demons,Western Bulldogs,115,65,48103.0,50,H,1.0
20230318_NorthMelbourneKangaroos,2023,1,2023-03-18,Marvel Stadium,North Melbourne Kangaroos,West Coast Eagles,87,82,21274.0,5,H,1.0
20230319_HawthornHawks,2023,1,2023-03-19,Melbourne Cricket Ground,Hawthorn Hawks,Essendon Bombers,65,124,68691.0,-59,A,0.0
20230319_GreaterWesternSydneyGiants,2023,1,2023-03-19,ENGIE Stadium,Greater Western Sydney Giants,Adelaide Crows,106,90,8169.0,16,H,1.0
20230319_StKildaSaints,2023,1,2023-03-19,Marvel Stadium,St Kilda Saints,Fremantle Dockers,67,52,23429.0,15,H,1.0
20230323_CarltonBlues,2023,2,2023-03-23,Melbourne Cricket Ground,Carlton Blues,Geelong Cats,90,82,55861.0,8,H,1.0
20230324_BrisbaneLions,2023,2,2023-03-24,The Gabba,Brisbane Lions,Melbourne Demons,93,82,30047.0,11,H,1.0
20230325_WesternBulldogs,2023,2,2023-03-25,Marvel Stadium,Western Bulldogs,St Kilda Saints,41,92,33294.0,-51,A,0.0
20230325_AdelaideCrows,2023,2,2023-03-25,Adelaide Oval,Adelaide Crows,Richmond Tigers,76,108,38492.0,-32,A,0.0
20230325_CollingwoodMagpies,2023,2,2023-03-25,Melbourne Cricket Ground,Collingwood Magpies,Port Adelaide Power,135,64,60744.0,71,H,1.0
20230325_FremantleDockers,2023,2,2023-03-25,Optus Stadium,Fremantle Dockers,North Melbourne Kangaroos,72,73,40487.0,-1,A,0.0
20230326_EssendonBombers,2023,2,2023-03-26,Marvel Stadium,Essendon Bombers,Gold Coast Suns,108,80,32915.0,28,H,1.0
20230326_SydneySwans,2023,2,2023-03-26,Sydney Cricket Ground,Sydney Swans,Hawthorn Hawks,118,37,37052.0,81,H,1.0
20230326_WestCoastEagles,2023,2,2023-03-26,Optus Stadium,West Coast Eagles,Greater Western Sydney Giants,100,81,44649.0,19,H,1.0
20230330_WesternBulldogs,2023,3,2023-03-30,Marvel Stadium,Western Bulldogs,Brisbane Lions,67,53,23665.0,14,H,1.0
20230331_CollingwoodMagpies,2023,3,2023-03-31,Melbourne Cricket Ground,Collingwood Magpies,Richmond Tigers,63,49,85241.0,14,H,1.0
20230401_GreaterWesternSydneyGiants,2023,3,2023-04-01,ENGIE Stadium,Greater Western Sydney Giants,Carlton Blues,64,74,9691.0,-10,A,0.0
20230401_HawthornHawks,2023,3,2023-04-01,UTAS Stadium,Hawthorn Hawks,North Melbourne Kangaroos,80,61,11007.0,19,H,1.0
20230401_StKildaSaints,2023,3,2023-04-01,Melbourne Cricket Ground,St Kilda Saints,Essendon Bombers,92,74,69255.0,18,H,1.0
20230401_PortAdelaidePower,2023,3,2023-04-01,Adelaide Oval,Port Adelaide Power,Adelaide Crows,86,117,48962.0,-31,A,0.0
20230402_MelbourneDemons,2023,3,2023-04-02,Melbourne Cricket Ground,Melbourne Demons,Sydney Swans,134,84,42423.0,50,H,1.0
20230402_GoldCoastSuns,2023,3,2023-04-02,People First Stadium,Gold Coast Suns,Geelong Cats,73,54,13122.0,19,H,1.0
20230402_FremantleDockers,2023,3,2023-04-02,Optus Stadium,Fremantle Dockers,West Coast Eagles,108,67,56090.0,41,H,1.0
20230406_BrisbaneLions,2023,4,2023-04-06,The Gabba,Brisbane Lions,Collingwood Magpies,116,83,33565.0,33,H,1.0
20230407_NorthMelbourneKangaroos,2023,4,2023-04-07,Marvel Stadium,North Melbourne Kangaroos,Carlton Blues,84,107,49062.0,-23,A,0.0
20230408_RichmondTigers,2023,4,2023-04-08,Melbourne Cricket Ground,Richmond Tigers,Western Bulldogs,84,89,56449.0,-5,A,0.0
20230408_SydneySwans,2023,4,2023-04-08,Sydney Cricket Ground,Sydney Swans,Port Adelaide Power,64,66,31686.0,-2,A,0.0
20230408_AdelaideCrows,2023,4,2023-04-08,Adelaide Oval,Adelaide Crows,Fremantle Dockers,111,72,33725.0,39,H,1.0
20230408_StKildaSaints,2023,4,2023-04-08,Marvel Stadium,St Kilda Saints,Gold Coast Suns,113,60,21049.0,53,H,1.0
20230409_WestCoastEagles,2023,4,2023-04-09,Optus Stadium,West Coast Eagles,Melbourne Demons,63,126,42458.0,-63,A,0.0
20230409_EssendonBombers,2023,4,2023-04-09,Marvel Stadium,Essendon Bombers,Greater Western Sydney Giants,88,75,28815.0,13,H,1.0
20230410_GeelongCats,2023,4,2023-04-10,Melbourne Cricket Ground,Geelong Cats,Hawthorn Hawks,127,45,65335.0,82,H,1.0
20230413_AdelaideCrows,2023,5,2023-04-13,Adelaide Oval,Adelaide Crows,Carlton Blues,118,62,47395.0,56,H,1.0
20230414_FremantleDockers,2023,5,2023-04-14,Norwood Oval,Fremantle Dockers,Gold Coast Suns,100,90,9329.0,10,H,1.0
20230414_RichmondTigers,2023,5,2023-04-14,Adelaide Oval,Richmond Tigers,Sydney Swans,78,122,42134.0,-44,A,0.0
20230415_PortAdelaidePower,2023,5,2023-04-15,Adelaide Oval,Port Adelaide Power,Western Bulldogs,70,56,45115.0,14,H,1.0
20230415_EssendonBombers,2023,5,2023-04-15,Adelaide Oval,Essendon Bombers,Melbourne Demons,104,77,33832.0,27,H,1.0
20230415_BrisbaneLions,2023,5,2023-04-15,Adelaide Hills,Brisbane Lions,North Melbourne Kangaroos,152,77,7329.0,75,H,1.0
20230416_GreaterWesternSydneyGiants,2023,5,2023-04-16,Norwood Oval,Greater Western Sydney Giants,Hawthorn Hawks,77,75,9057.0,2,H,1.0
20230416_GeelongCats,2023,5,2023-04-16,Adelaide Oval,Geelong Cats,West Coast Eagles,136,89,30120.0,47,H,1.0
20230416_CollingwoodMagpies,2023,5,2023-04-16,Adelaide Oval,Collingwood Magpies,St Kilda Saints,70,64,43976.0,6,H,1.0
20230421_FremantleDockers,2023,6,2023-04-21,Optus Stadium,Fremantle Dockers,Western Bulldogs,69,118,47503.0,-49,A,0.0
20230422_GreaterWesternSydneyGiants,2023,6,2023-04-22,Manuka Oval,Greater Western Sydney Giants,Brisbane Lions,87,108,10461.0,-21,A,0.0
20230422_PortAdelaidePower,2023,6,2023-04-22,Adelaide Oval,Port Adelaide Power,West Coast Eagles,109,69,31638.0,40,H,1.0
20230422_GeelongCats,2023,6,2023-04-22,GMHBA Stadium,Geelong Cats,Sydney Swans,130,37,23134.0,93,H,1.0
20230423_CarltonBlues,2023,6,2023-04-23,Marvel Stadium,Carlton Blues,St Kilda Saints,60,82,45770.0,-22,A,0.0
20230423_HawthornHawks,2023,6,2023-04-23,UTAS Stadium,Hawthorn Hawks,Adelaide Crows,76,79,10119.0,-3,A,0.0
20230423_GoldCoastSuns,2023,6,2023-04-23,People First Stadium,Gold Coast Suns,North Melbourne Kangaroos,97,54,9672.0,43,H,1.0
20230424_MelbourneDemons,2023,6,2023-04-24,Melbourne Cricket Ground,Melbourne Demons,Richmond Tigers,96,78,83985.0,18,H,1.0
20230425_CollingwoodMagpies,2023,6,2023-04-25,Melbourne Cricket Ground,Collingwood Magpies,Essendon Bombers,90,77,95179.0,13,H,1.0
20230428_StKildaSaints,2023,7,2023-04-28,Marvel Stadium,St Kilda Saints,Port Adelaide Power,76,83,25845.0,-7,A,0.0
20230429_BrisbaneLions,2023,7,2023-04-29,The Gabba,Brisbane Lions,Fremantle Dockers,115,67,25528.0,48,H,1.0
20230429_WestCoastEagles,2023,7,2023-04-29,Optus Stadium,West Coast Eagles,Carlton Blues,44,152,47940.0,-108,A,0.0
20230429_SydneySwans,2023,7,2023-04-29,Sydney Cricket Ground,Sydney Swans,Greater Western Sydney Giants,106,107,31615.0,-1,A,0.0
20230429_MelbourneDemons,2023,7,2023-04-29,Melbourne Cricket Ground,Melbourne Demons,North Melbourne Kangaroos,139,49,29455.0,90,H,1.0
20230429_WesternBulldogs,2023,7,2023-04-29,Marvel Stadium,Western Bulldogs,Hawthorn Hawks,94,65,40119.0,29,H,1.0
20230430_EssendonBombers,2023,7,2023-04-30,Melbourne Cricket Ground,Essendon Bombers,Geelong Cats,104,132,67457.0,-28,A,0.0
20230430_AdelaideCrows,2023,7,2023-04-30,Adelaide Oval,Adelaide Crows,Collingwood Magpies,58,59,43942.0,-1,A,0.0
20230430_RichmondTigers,2023,7,2023-04-30,Marvel Stadium,Richmond Tigers,Gold Coast Suns,48,72,23664.0,-24,A,0.0
20230505_CarltonBlues,2023,8,2023-05-05,Marvel Stadium,Carlton Blues,Brisbane Lions,74,100,45458.0,-26,A,0.0
20230506_GreaterWesternSydneyGiants,2023,8,2023-05-06,Manuka Oval,Greater Western Sydney Giants,Western Bulldogs,71,86,10039.0,-15,A,0.0
20230506_GeelongCats,2023,8,2023-05-06,GMHBA Stadium,Geelong Cats,Adelaide Crows,98,72,21415.0,26,H,1.0
20230506_FremantleDockers,2023,8,2023-05-06,Optus Stadium,Fremantle Dockers,Hawthorn Hawks,117,48,37160.0,69,H,1.0
20230506_RichmondTigers,2023,8,2023-05-06,Melbourne Cricket Ground,Richmond Tigers,West Coast Eagles,104,58,28293.0,46,H,1.0
20230506_GoldCoastSuns,2023,8,2023-05-06,People First Stadium,Gold Coast Suns,Melbourne Demons,85,90,11440.0,-5,A,0.0
20230507_NorthMelbourneKangaroos,2023,8,2023-05-07,Marvel Stadium,North Melbourne Kangaroos,St Kilda Saints,34,64,22065.0,-30,A,0.0
20230507_CollingwoodMagpies,2023,8,2023-05-07,Melbourne Cricket Ground,Collingwood Magpies,Sydney Swans,77,48,71463.0,29,H,1.0
20230507_PortAdelaidePower,2023,8,2023-05-07,Adelaide Oval,Port Adelaide Power,Essendon Bombers,92,87,36247.0,5,H,1.0
20230512_WestCoastEagles,2023,9,2023-05-12,Optus Stadium,West Coast Eagles,Gold Coast Suns,43,113,36219.0,-70,A,0.0
20230512_RichmondTigers,2023,9,2023-05-12,Melbourne Cricket Ground,Richmond Tigers,Geelong Cats,102,78,58141.0,24,H,1.0
20230513_BrisbaneLions,2023,9,2023-05-13,The Gabba,Brisbane Lions,Essendon Bombers,87,45,31898.0,42,H,1.0
20230513_SydneySwans,2023,9,2023-05-13,Sydney Cricket Ground,Sydney Swans,Fremantle Dockers,86,103,28927.0,-17,A,0.0
20230513_NorthMelbourneKangaroos,2023,9,2023-05-13,Ninja Stadium,North Melbourne Kangaroos,Port Adelaide Power,65,135,6310.0,-70,A,0.0
20230513_CarltonBlues,2023,9,2023-05-13,Marvel Stadium,Carlton Blues,Western Bulldogs,59,79,42756.0,-20,A,0.0
20230513_HawthornHawks,2023,9,2023-05-13,Melbourne Cricket Ground,Hawthorn Hawks,Melbourne Demons,49,103,39818.0,-54,A,0.0
20230514_CollingwoodMagpies,2023,9,2023-05-14,Melbourne Cricket Ground,Collingwood Magpies,Greater Western Sydney Giants,120,55,37631.0,65,H,1.0
20230514_AdelaideCrows,2023,9,2023-05-14,Adelaide Oval,Adelaide Crows,St Kilda Saints,121,69,33805.0,52,H,1.0
20230519_PortAdelaidePower,2023,10,2023-05-19,Adelaide Oval,Port Adelaide Power,Melbourne Demons,80,76,37565.0,4,H,1.0
20230520_NorthMelbourneKangaroos,2023,10,2023-05-20,Marvel Stadium,North Melbourne Kangaroos,Sydney Swans,90,93,21003.0,-3,A,0.0
20230520_FremantleDockers,2023,10,2023-05-20,Optus Stadium,Fremantle Dockers,Geelong Cats,106,77,45811.0,29,H,1.0
20230520_BrisbaneLions,2023,10,2023-05-20,The Gabba,Brisbane Lions,Gold Coast Suns,107,64,23286.0,43,H,1.0
20230520_EssendonBombers,2023,10,2023-05-20,Melbourne Cricket Ground,Essendon Bombers,Richmond Tigers,71,70,78300.0,1,H,1.0
20230520_WesternBulldogs,2023,10,2023-05-20,Mars Stadium,Western Bulldogs,Adelaide Crows,85,40,10114.0,45,H,1.0
20230521_HawthornHawks,2023,10,2023-05-21,UTAS Stadium,Hawthorn Hawks,West Coast Eagles,142,26,9135.0,116,H,1.0
20230521_GreaterWesternSydneyGiants,2023,10,2023-05-21,ENGIE Stadium,Greater Western Sydney Giants,St Kilda Saints,80,92,7508.0,-12,A,0.0
20230521_CarltonBlues,2023,10,2023-05-21,Melbourne Cricket Ground,Carlton Blues,Collingwood Magpies,57,85,80354.0,-28,A,0.0
20230526_SydneySwans,2023,11,2023-05-26,Sydney Cricket Ground,Sydney Swans,Carlton Blues,77,51,36310.0,26,H,1.0
20230527_StKildaSaints,2023,11,2023-05-27,Marvel Stadium,St Kilda Saints,Hawthorn Hawks,78,88,32022.0,-10,A,0.0
20230527_MelbourneDemons,2023,11,2023-05-27,Melbourne Cricket Ground,Melbourne Demons,Fremantle Dockers,72,79,29154.0,-7,A,0.0
20230527_WestCoastEagles,2023,11,2023-05-27,Optus Stadium,West Coast Eagles,Essendon Bombers,46,96,39269.0,-50,A,0.0
20230527_GeelongCats,2023,11,2023-05-27,GMHBA Stadium,Geelong Cats,Greater Western Sydney Giants,74,81,21349.0,-7,A,0.0
20230527_GoldCoastSuns,2023,11,2023-05-27,TIO Stadium,Gold Coast Suns,Western Bulldogs,84,77,9316.0,7,H,1.0
20230528_CollingwoodMagpies,2023,11,2023-05-28,Marvel Stadium,Collingwood Magpies,North Melbourne Kangaroos,105,70,39467.0,35,H,1.0
20230528_AdelaideCrows,2023,11,2023-05-28,Adelaide Oval,Adelaide Crows,Brisbane Lions,95,78,33188.0,17,H,1.0
20230528_RichmondTigers,2023,11,2023-05-28,Melbourne Cricket Ground,Richmond Tigers,Port Adelaide Power,67,77,30357.0,-10,A,0.0
20230602_MelbourneDemons,2023,12,2023-06-02,Melbourne Cricket Ground,Melbourne Demons,Carlton Blues,61,44,49872.0,17,H,1.0
20230603_WesternBulldogs,2023,12,2023-06-03,Marvel Stadium,Western Bulldogs,Geelong Cats,75,97,41944.0,-22,A,0.0
20230603_WestCoastEagles,2023,12,2023-06-03,Optus Stadium,West Coast Eagles,Collingwood Magpies,57,120,41713.0,-63,A,0.0
20230603_GoldCoastSuns,2023,12,2023-06-03,TIO Stadium,Gold Coast Suns,Adelaide Crows,112,87,10772.0,25,H,1.0
20230603_PortAdelaidePower,2023,12,2023-06-03,Adelaide Oval,Port Adelaide Power,Hawthorn Hawks,151,96,34234.0,55,H,1.0
20230604_GreaterWesternSydneyGiants,2023,12,2023-06-04,ENGIE Stadium,Greater Western Sydney Giants,Richmond Tigers,104,110,9723.0,-6,A,0.0
20230604_EssendonBombers,2023,12,2023-06-04,Marvel Stadium,Essendon Bombers,North Melbourne Kangaroos,105,99,40488.0,6,H,1.0
20230608_SydneySwans,2023,13,2023-06-08,Sydney Cricket Ground,Sydney Swans,St Kilda Saints,66,80,30123.0,-14,A,0.0
20230609_WesternBulldogs,2023,13,2023-06-09,Marvel Stadium,Western Bulldogs,Port Adelaide Power,85,107,23110.0,-22,A,0.0
20230610_FremantleDockers,2023,13,2023-06-10,Optus Stadium,Fremantle Dockers,Richmond Tigers,70,85,46843.0,-15,A,0.0
20230610_HawthornHawks,2023,13,2023-06-10,Melbourne Cricket Ground,Hawthorn Hawks,Brisbane Lions,98,73,35869.0,25,H,1.0
20230610_AdelaideCrows,2023,13,2023-06-10,Adelaide Oval,Adelaide Crows,West Coast Eagles,174,52,39450.0,122,H,1.0
20230611_CarltonBlues,2023,13,2023-06-11,Melbourne Cricket Ground,Carlton Blues,Essendon Bombers,52,86,83638.0,-34,A,0.0
20230611_NorthMelbourneKangaroos,2023,13,2023-06-11,Ninja Stadium,North Melbourne Kangaroos,Greater Western Sydney Giants,75,103,5025.0,-28,A,0.0
20230612_MelbourneDemons,2023,13,2023-06-12,Melbourne Cricket Ground,Melbourne Demons,Collingwood Magpies,66,62,83578.0,4,H,1.0
20230615_PortAdelaidePower,2023,14,2023-06-15,Adelaide Oval,Port Adelaide Power,Geelong Cats,110,72,36316.0,38,H,1.0
20230616_BrisbaneLions,2023,14,2023-06-16,The Gabba,Brisbane Lions,Sydney Swans,97,81,28561.0,16,H,1.0
20230617_GreaterWesternSydneyGiants,2023,14,2023-06-17,ENGIE Stadium,Greater Western Sydney Giants,Fremantle Dockers,106,36,8633.0,70,H,1.0
20230617_RichmondTigers,2023,14,2023-06-17,Melbourne Cricket Ground,Richmond Tigers,St Kilda Saints,90,70,62686.0,20,H,1.0
20230618_NorthMelbourneKangaroos,2023,14,2023-06-18,Marvel Stadium,North Melbourne Kangaroos,Western Bulldogs,84,105,23829.0,-21,A,0.0
20230618_CarltonBlues,2023,14,2023-06-18,Melbourne Cricket Ground,Carlton Blues,Gold Coast Suns,120,61,29602.0,59,H,1.0
20230622_GeelongCats,2023,15,2023-06-22,GMHBA Stadium,Geelong Cats,Melbourne Demons,78,63,19617.0,15,H,1.0
20230623_StKildaSaints,2023,15,2023-06-23,Marvel Stadium,St Kilda Saints,Brisbane Lions,56,84,28985.0,-28,A,0.0
20230624_FremantleDockers,2023,15,2023-06-24,Optus Stadium,Fremantle Dockers,Essendon Bombers,93,61,43063.0,32,H,1.0
20230624_SydneySwans,2023,15,2023-06-24,Sydney Cricket Ground,Sydney Swans,West Coast Eagles,205,34,31367.0,171,H,1.0
20230625_GoldCoastSuns,2023,15,2023-06-25,People First Stadium,Gold Coast Suns,Hawthorn Hawks,101,34,14242.0,67,H,1.0
20230625_CollingwoodMagpies,2023,15,2023-06-25,Melbourne Cricket Ground,Collingwood Magpies,Adelaide Crows,82,80,65930.0,2,H,1.0
20230629_BrisbaneLions,2023,16,2023-06-29,The Gabba,Brisbane Lions,Richmond Tigers,134,53,30022.0,81,H,1.0
20230630_SydneySwans,2023,16,2023-06-30,Sydney Cricket Ground,Sydney Swans,Geelong Cats,54,54,32098.0,0,D,
20230701_WesternBulldogs,2023,16,2023-07-01,Marvel Stadium,Western Bulldogs,Fremantle Dockers,102,73,25412.0,29,H,1.0
20230701_EssendonBombers,2023,16,2023-07-01,Melbourne Cricket Ground,Essendon Bombers,Port Adelaide Power,74,78,38957.0,-4,A,0.0
20230701_GoldCoastSuns,2023,16,2023-07-01,People First Stadium,Gold Coast Suns,Collingwood Magpies,42,120,22483.0,-78,A,0.0
20230701_AdelaideCrows,2023,16,2023-07-01,Adelaide Oval,Adelaide Crows,North Melbourne Kangaroos,138,72,35226.0,66,H,1.0
20230702_MelbourneDemons,2023,16,2023-07-02,TIO Traeger Park,Melbourne Demons,Greater Western Sydney Giants,45,47,3413.0,-2,A,0.0
20230702_WestCoastEagles,2023,16,2023-07-02,Optus Stadium,West Coast Eagles,St Kilda Saints,77,85,35579.0,-8,A,0.0
20230702_HawthornHawks,2023,16,2023-07-02,Melbourne Cricket Ground,Hawthorn Hawks,Carlton Blues,52,112,66337.0,-60,A,0.0
20230706_RichmondTigers,2023,17,2023-07-06,Melbourne Cricket Ground,Richmond Tigers,Sydney Swans,88,75,48443.0,13,H,1.0
20230707_WesternBulldogs,2023,17,2023-07-07,Marvel Stadium,Western Bulldogs,Collingwood Magpies,77,89,43482.0,-12,A,0.0
20230708_PortAdelaidePower,2023,17,2023-07-08,Adelaide Oval,Port Adelaide Power,Gold Coast Suns,106,73,31053.0,33,H,1.0
20230708_GreaterWesternSydneyGiants,2023,17,2023-07-08,ENGIE Stadium,Greater Western Sydney Giants,Hawthorn Hawks,85,72,9007.0,13,H,1.0
20230708_StKildaSaints,2023,17,2023-07-08,Marvel Stadium,St Kilda Saints,Melbourne Demons,58,79,30749.0,-21,A,0.0
20230708_BrisbaneLions,2023,17,2023-07-08,The Gabba,Brisbane Lions,West Coast Eagles,116,35,24843.0,81,H,1.0
20230709_FremantleDockers,2023,17,2023-07-09,Optus Stadium,Fremantle Dockers,Carlton Blues,45,98,49469.0,-53,A,0.0
20230709_EssendonBombers,2023,17,2023-07-09,Marvel Stadium,Essendon Bombers,Adelaide Crows,115,97,39606.0,18,H,1.0
20230709_GeelongCats,2023,17,2023-07-09,GMHBA Stadium,Geelong Cats,North Melbourne Kangaroos,125,63,21066.0,62,H,1.0
20230713_SydneySwans,2023,18,2023-07-13,Sydney Cricket Ground,Sydney Swans,Western Bulldogs,78,76,26221.0,2,H,1.0
20230714_MelbourneDemons,2023,18,2023-07-14,Melbourne Cricket Ground,Melbourne Demons,Brisbane Lions,105,104,38030.0,1,H,1.0
20230715_CollingwoodMagpies,2023,18,2023-07-15,Melbourne Cricket Ground,Collingwood Magpies,Fremantle Dockers,113,67,61157.0,46,H,1.0
20230715_GoldCoastSuns,2023,18,2023-07-15,People First Stadium,Gold Coast Suns,St Kilda Saints,77,51,13015.0,26,H,1.0
20230715_CarltonBlues,2023,18,2023-07-15,Marvel Stadium,Carlton Blues,Port Adelaide Power,122,72,34306.0,50,H,1.0
20230715_GeelongCats,2023,18,2023-07-15,GMHBA Stadium,Geelong Cats,Essendon Bombers,122,45,23185.0,77,H,1.0
20230715_AdelaideCrows,2023,18,2023-07-15,Adelaide Oval,Adelaide Crows,Greater Western Sydney Giants,57,71,36674.0,-14,A,0.0
20230716_WestCoastEagles,2023,18,2023-07-16,Optus Stadium,West Coast Eagles,Richmond Tigers,60,98,40501.0,-38,A,0.0
20230716_NorthMelbourneKangaroos,2023,18,2023-07-16,Marvel Stadium,North Melbourne Kangaroos,Hawthorn Hawks,40,88,30201.0,-48,A,0.0
20230721_EssendonBombers,2023,19,2023-07-21,Marvel Stadium,Essendon Bombers,Western Bulldogs,49,90,43634.0,-41,A,0.0
20230722_PortAdelaidePower,2023,19,2023-07-22,Adelaide Oval,Port Adelaide Power,Collingwood Magpies,83,85,47965.0,-2,A,0.0
20230722_FremantleDockers,2023,19,2023-07-22,Optus Stadium,Fremantle Dockers,Sydney Swans,76,105,42433.0,-29,A,0.0
20230722_RichmondTigers,2023,19,2023-07-22,Melbourne Cricket Ground,Richmond Tigers,Hawthorn Hawks,96,95,57654.0,1,H,1.0
20230722_CarltonBlues,2023,19,2023-07-22,Marvel Stadium,Carlton Blues,West Coast Eagles,140,69,34954.0,71,H,1.0
20230722_BrisbaneLions,2023,19,2023-07-22,The Gabba,Brisbane Lions,Geelong Cats,64,53,32586.0,11,H,1.0
20230723_GreaterWesternSydneyGiants,2023,19,2023-07-23,Manuka Oval,Greater Western Sydney Giants,Gold Coast Suns,103,63,10026.0,40,H,1.0
20230723_StKildaSaints,2023,19,2023-07-23,Marvel Stadium,St Kilda Saints,North Melbourne Kangaroos,69,61,18279.0,8,H,1.0
20230723_MelbourneDemons,2023,19,2023-07-23,Melbourne Cricket Ground,Melbourne Demons,Adelaide Crows,97,93,33122.0,4,H,1.0
20230728_CollingwoodMagpies,2023,20,2023-07-28,Melbourne Cricket Ground,Collingwood Magpies,Carlton Blues,76,93,86785.0,-17,A,0.0
20230729_EssendonBombers,2023,20,2023-07-29,Marvel Stadium,Essendon Bombers,Sydney Swans,99,101,38329.0,-2,A,0.0
20230729_AdelaideCrows,2023,20,2023-07-29,Adelaide Oval,Adelaide Crows,Port Adelaide Power,112,65,50023.0,47,H,1.0
20230729_WesternBulldogs,2023,20,2023-07-29,Mars Stadium,Western Bulldogs,Greater Western Sydney Giants,73,78,9080.0,-5,A,0.0
20230729_GoldCoastSuns,2023,20,2023-07-29,People First Stadium,Gold Coast Suns,Brisbane Lions,96,55,14097.0,41,H,1.0
20230729_GeelongCats,2023,20,2023-07-29,GMHBA Stadium,Geelong Cats,Fremantle Dockers,64,71,21619.0,-7,A,0.0
20230730_WestCoastEagles,2023,20,2023-07-30,Optus Stadium,West Coast Eagles,North Melbourne Kangaroos,72,67,38231.0,5,H,1.0
20230730_HawthornHawks,2023,20,2023-07-30,Marvel Stadium,Hawthorn Hawks,St Kilda Saints,93,122,22769.0,-29,A,0.0
20230730_RichmondTigers,2023,20,2023-07-30,Melbourne Cricket Ground,Richmond Tigers,Melbourne Demons,98,130,52294.0,-32,A,0.0
20230804_WesternBulldogs,2023,21,2023-08-04,Marvel Stadium,Western Bulldogs,Richmond Tigers,126,71,39304.0,55,H,1.0
20230805_GreaterWesternSydneyGiants,2023,21,2023-08-05,ENGIE Stadium,Greater Western Sydney Giants,Sydney Swans,85,96,19332.0,-11,A,0.0
20230805_GeelongCats,2023,21,2023-08-05,GMHBA Stadium,Geelong Cats,Port Adelaide Power,97,85,21279.0,12,H,1.0
20230805_AdelaideCrows,2023,21,2023-08-05,Adelaide Oval,Adelaide Crows,Gold Coast Suns,89,61,35777.0,28,H,1.0
20230805_EssendonBombers,2023,21,2023-08-05,Marvel Stadium,Essendon Bombers,West Coast Eagles,73,72,30742.0,1,H,1.0
20230805_HawthornHawks,2023,21,2023-08-05,Melbourne Cricket Ground,Hawthorn Hawks,Collingwood Magpies,105,73,62134.0,32,H,1.0
20230806_StKildaSaints,2023,21,2023-08-06,Marvel Stadium,St Kilda Saints,Carlton Blues,54,73,42656.0,-19,A,0.0
20230806_NorthMelbourneKangaroos,2023,21,2023-08-06,Ninja Stadium,North Melbourne Kangaroos,Melbourne Demons,71,103,8034.0,-32,A,0.0
20230806_FremantleDockers,2023,21,2023-08-06,Optus Stadium,Fremantle Dockers,Brisbane Lions,74,77,37845.0,-3,A,0.0
20230811_CollingwoodMagpies,2023,22,2023-08-11,Melbourne Cricket Ground,Collingwood Magpies,Geelong Cats,109,101,78749.0,8,H,1.0
20230812_BrisbaneLions,2023,22,2023-08-12,The Gabba,Brisbane Lions,Adelaide Crows,99,93,30107.0,6,H,1.0
20230812_SydneySwans,2023,22,2023-08-12,Sydney Cricket Ground,Sydney Swans,Gold Coast Suns,114,90,33911.0,24,H,1.0
20230812_WestCoastEagles,2023,22,2023-08-12,Optus Stadium,West Coast Eagles,Fremantle Dockers,33,134,51172.0,-101,A,0.0
20230812_NorthMelbourneKangaroos,2023,22,2023-08-12,Marvel Stadium,North Melbourne Kangaroos,Essendon Bombers,77,86,37231.0,-9,A,0.0
20230812_CarltonBlues,2023,22,2023-08-12,Melbourne Cricket Ground,Carlton Blues,Melbourne Demons,60,56,68577.0,4,H,1.0
20230813_HawthornHawks,2023,22,2023-08-13,UTAS Stadium,Hawthorn Hawks,Western Bulldogs,67,64,12480.0,3,H,1.0
20230813_PortAdelaidePower,2023,22,2023-08-13,Adelaide Oval,Port Adelaide Power,Greater Western Sydney Giants,136,85,32597.0,51,H,1.0
20230813_StKildaSaints,2023,22,2023-08-13,Marvel Stadium,St Kilda Saints,Richmond Tigers,93,57,31119.0,36,H,1.0
20230818_CollingwoodMagpies,2023,23,2023-08-18,Marvel Stadium,Collingwood Magpies,Brisbane Lions,100,124,38350.0,-24,A,0.0
20230819_RichmondTigers,2023,23,2023-08-19,Melbourne Cricket Ground,Richmond Tigers,North Melbourne Kangaroos,101,72,59555.0,29,H,1.0
20230819_GreaterWesternSydneyGiants,2023,23,2023-08-19,ENGIE Stadium,Greater Western Sydney Giants,Essendon Bombers,162,36,10281.0,126,H,1.0
20230819_StKildaSaints,2023,23,2023-08-19,Marvel Stadium,St Kilda Saints,Geelong Cats,88,55,40103.0,33,H,1.0
20230819_AdelaideCrows,2023,23,2023-08-19,Adelaide Oval,Adelaide Crows,Sydney Swans,73,74,44817.0,-1,A,0.0
20230819_GoldCoastSuns,2023,23,2023-08-19,People First Stadium,Gold Coast Suns,Carlton Blues,87,91,19253.0,-4,A,0.0
20230820_WesternBulldogs,2023,23,2023-08-20,Marvel Stadium,Western Bulldogs,West Coast Eagles,85,92,23965.0,-7,A,0.0
20230820_MelbourneDemons,2023,23,2023-08-20,Melbourne Cricket Ground,Melbourne Demons,Hawthorn Hawks,87,60,50142.0,27,H,1.0
20230820_FremantleDockers,2023,23,2023-08-20,Optus Stadium,Fremantle Dockers,Port Adelaide Power,58,74,38360.0,-16,A,0.0
20230825_EssendonBombers,2023,24,2023-08-25,Melbourne Cricket Ground,Essendon Bombers,Collingwood Magpies,31,101,74344.0,-70,A,0.0
20230826_NorthMelbourneKangaroos,2023,24,2023-08-26,Ninja Stadium,North Melbourne Kangaroos,Gold Coast Suns,132,97,4378.0,35,H,1.0
20230826_WestCoastEagles,2023,24,2023-08-26,Optus Stadium,West Coast Eagles,Adelaide Crows,78,123,47027.0,-45,A,0.0
20230826_HawthornHawks,2023,24,2023-08-26,Melbourne Cricket Ground,Hawthorn Hawks,Fremantle Dockers,56,93,27951.0,-37,A,0.0
20230826_BrisbaneLions,2023,24,2023-08-26,The Gabba,Brisbane Lions,St Kilda Saints,72,60,31689.0,12,H,1.0
20230826_GeelongCats,2023,24,2023-08-26,GMHBA Stadium,Geelong Cats,Western Bulldogs,79,104,20533.0,-25,A,0.0
20230827_CarltonBlues,2023,24,2023-08-27,Marvel Stadium,Carlton Blues,Greater Western Sydney Giants,73,105,44354.0,-32,A,0.0
20230827_PortAdelaidePower,2023,24,2023-08-27,Adelaide Oval,Port Adelaide Power,Richmond Tigers,94,63,39860.0,31,H,1.0
20230827_SydneySwans,2023,24,2023-08-27,Sydney Cricket Ground,Sydney Swans,Melbourne Demons,56,77,41753.0,-21,A,0.0
20230907_CollingwoodMagpies,2023,QF,2023-09-07,Melbourne Cricket Ground,Collingwood Magpies,Melbourne Demons,60,53,92636.0,7,H,1.0
20230908_CarltonBlues,2023,EF,2023-09-08,Melbourne Cricket Ground,Carlton Blues,Sydney Swans,74,68,92026.0,6,H,1.0
20230909_BrisbaneLions,2023,QF,2023-09-09,The Gabba,Brisbane Lions,Port Adelaide Power,123,75,36020.0,48,H,1.0
20230909_StKildaSaints,2023,EF,2023-09-09,Melbourne Cricket Ground,St Kilda Saints,Greater Western Sydney Giants,77,101,68465.0,-24,A,0.0
20230915_MelbourneDemons,2023,SF,2023-09-15,Melbourne Cricket Ground,Melbourne Demons,Carlton Blues,71,73,96412.0,-2,A,0.0
20230916_PortAdelaidePower,2023,SF,2023-09-16,Adelaide Oval,Port Adelaide Power,Greater Western Sydney Giants,70,93,45520.0,-23,A,0.0
20230922_CollingwoodMagpies,2023,PF,2023-09-22,Melbourne Cricket Ground,Collingwood Magpies,Greater Western Sydney Giants,58,57,97665.0,1,H,1.0
20230923_BrisbaneLions,2023,PF,2023-09-23,The Gabba,Brisbane Lions,Carlton Blues,79,63,36012.0,16,H,1.0
20230930_CollingwoodMagpies,2023,GF,2023-09-30,Melbourne Cricket Ground,Collingwood Magpies,Brisbane Lions,90,86,100024.0,4,H,1.0
20240307_SydneySwans,2024,0,2024-03-07,Sydney Cricket Ground,Sydney Swans,Melbourne Demons,86,64,40012.0,22,H,1.0
20240308_BrisbaneLions,2024,0,2024-03-08,The Gabba,Brisbane Lions,Carlton Blues,85,86,33367.0,-1,A,0.0
20240309_GreaterWesternSydneyGiants,2024,0,2024-03-09,ENGIE Stadium,Greater Western Sydney Giants,Collingwood Magpies,114,82,21235.0,32,H,1.0
20240309_GoldCoastSuns,2024,0,2024-03-09,People First Stadium,Gold Coast Suns,Richmond Tigers,99,60,22086.0,39,H,1.0
20240314_CarltonBlues,2024,1,2024-03-14,Melbourne Cricket Ground,Carlton Blues,Richmond Tigers,86,81,83881.0,5,H,1.0
20240315_CollingwoodMagpies,2024,1,2024-03-15,Melbourne Cricket Ground,Collingwood Magpies,Sydney Swans,69,102,78933.0,-33,A,0.0
20240316_GeelongCats,2024,1,2024-03-16,GMHBA Stadium,Geelong Cats,St Kilda Saints,76,68,39352.0,8,H,1.0
20240316_GreaterWesternSydneyGiants,2024,1,2024-03-16,ENGIE Stadium,Greater Western Sydney Giants,North Melbourne Kangaroos,121,82,8034.0,39,H,1.0
20240316_EssendonBombers,2024,1,2024-03-16,Melbourne Cricket Ground,Essendon Bombers,Hawthorn Hawks,107,83,73805.0,24,H,1.0
20240316_GoldCoastSuns,2024,1,2024-03-16,People First Stadium,Gold Coast Suns,Adelaide Crows,60,54,11466.0,6,H,1.0
20240317_FremantleDockers,2024,1,2024-03-17,Optus Stadium,Fremantle Dockers,Brisbane Lions,93,70,40604.0,23,H,1.0
20240317_MelbourneDemons,2024,1,2024-03-17,Melbourne Cricket Ground,Melbourne Demons,Western Bulldogs,109,64,44100.0,45,H,1.0
20240317_PortAdelaidePower,2024,1,2024-03-17,Adelaide Oval,Port Adelaide Power,West Coast Eagles,120,70,34078.0,50,H,1.0
20240321_StKildaSaints,2024,2,2024-03-21,Melbourne Cricket Ground,St Kilda Saints,Collingwood Magpies,94,79,69517.0,15,H,1.0
20240322_AdelaideCrows,2024,2,2024-03-22,Adelaide Oval,Adelaide Crows,Geelong Cats,77,96,44758.0,-19,A,0.0
20240323_SydneySwans,2024,2,2024-03-23,Sydney Cricket Ground,Sydney Swans,Essendon Bombers,131,101,34954.0,30,H,1.0
20240323_HawthornHawks,2024,2,2024-03-23,Melbourne Cricket Ground,Hawthorn Hawks,Melbourne Demons,38,93,43960.0,-55,A,0.0
20240323_NorthMelbourneKangaroos,2024,2,2024-03-23,Marvel Stadium,North Melbourne Kangaroos,Fremantle Dockers,76,102,17589.0,-26,A,0.0
20240324_WesternBulldogs,2024,2,2024-03-24,Mars Stadium,Western Bulldogs,Gold Coast Suns,115,67,9752.0,48,H,1.0
20240324_WestCoastEagles,2024,2,2024-03-24,Optus Stadium,West Coast Eagles,Greater Western Sydney Giants,43,108,42401.0,-65,A,0.0
20240324_RichmondTigers,2024,2,2024-03-24,Melbourne Cricket Ground,Richmond Tigers,Port Adelaide Power,92,122,30254.0,-30,A,0.0
20240328_BrisbaneLions,2024,3,2024-03-28,The Gabba,Brisbane Lions,Collingwood Magpies,72,92,34022.0,-20,A,0.0
20240329_FremantleDockers,2024,3,2024-03-29,Optus Stadium,Fremantle Dockers,Adelaide Crows,69,34,51037.0,35,H,1.0
20240329_NorthMelbourneKangaroos,2024,3,2024-03-29,Marvel Stadium,North Melbourne Kangaroos,Carlton Blues,81,137,47565.0,-56,A,0.0
20240330_PortAdelaidePower,2024,3,2024-03-30,Adelaide Oval,Port Adelaide Power,Melbourne Demons,89,96,38105.0,-7,A,0.0
20240330_EssendonBombers,2024,3,2024-03-30,Marvel Stadium,Essendon Bombers,St Kilda Saints,71,67,44412.0,4,H,1.0
20240331_RichmondTigers,2024,3,2024-03-31,Melbourne Cricket Ground,Richmond Tigers,Sydney Swans,82,77,45112.0,5,H,1.0
20240331_WesternBulldogs,2024,3,2024-03-31,Marvel Stadium,Western Bulldogs,West Coast Eagles,106,30,22991.0,76,H,1.0
20240401_HawthornHawks,2024,3,2024-04-01,Melbourne Cricket Ground,Hawthorn Hawks,Geelong Cats,70,106,67020.0,-36,A,0.0
20240404_AdelaideCrows,2024,4,2024-04-04,Adelaide Oval,Adelaide Crows,Melbourne Demons,63,78,48020.0,-15,A,0.0
20240405_PortAdelaidePower,2024,4,2024-04-05,Adelaide Oval,Port Adelaide Power,Essendon Bombers,111,42,47461.0,69,H,1.0
20240405_BrisbaneLions,2024,4,2024-04-05,Norwood Oval,Brisbane Lions,North Melbourne Kangaroos,112,42,9037.0,70,H,1.0
20240406_WesternBulldogs,2024,4,2024-04-06,Adelaide Oval,Western Bulldogs,Geelong Cats,91,95,45970.0,-4,A,0.0
20240406_WestCoastEagles,2024,4,2024-04-06,Adelaide Hills,West Coast Eagles,Sydney Swans,78,104,9225.0,-26,A,0.0
20240406_FremantleDockers,2024,4,2024-04-06,Adelaide Oval,Fremantle Dockers,Carlton Blues,63,73,45970.0,-10,A,0.0
20240407_GoldCoastSuns,2024,4,2024-04-07,Adelaide Hills,Gold Coast Suns,Greater Western Sydney Giants,89,117,9337.0,-28,A,0.0
20240407_CollingwoodMagpies,2024,4,2024-04-07,Adelaide Oval,Collingwood Magpies,Hawthorn Hawks,77,72,43198.0,5,H,1.0
20240407_RichmondTigers,2024,4,2024-04-07,Norwood Oval,Richmond Tigers,St Kilda Saints,60,67,9425.0,-7,A,0.0
20240411_MelbourneDemons,2024,5,2024-04-11,Melbourne Cricket Ground,Melbourne Demons,Brisbane Lions,60,82,43098.0,-22,A,0.0
20240412_WesternBulldogs,2024,5,2024-04-12,Marvel Stadium,Western Bulldogs,Essendon Bombers,67,96,50144.0,-29,A,0.0
20240413_CarltonBlues,2024,5,2024-04-13,Marvel Stadium,Carlton Blues,Adelaide Crows,98,100,46283.0,-2,A,0.0
20240413_GreaterWesternSydneyGiants,2024,5,2024-04-13,Manuka Oval,Greater Western Sydney Giants,St Kilda Saints,80,79,12448.0,1,H,1.0
20240413_PortAdelaidePower,2024,5,2024-04-13,Adelaide Oval,Port Adelaide Power,Fremantle Dockers,66,63,35658.0,3,H,1.0
20240413_GoldCoastSuns,2024,5,2024-04-13,People First Stadium,Gold Coast Suns,Hawthorn Hawks,109,56,13900.0,53,H,1.0
20240414_GeelongCats,2024,5,2024-04-14,GMHBA Stadium,Geelong Cats,North Melbourne Kangaroos,139,64,31194.0,75,H,1.0
20240414_WestCoastEagles,2024,5,2024-04-14,Optus Stadium,West Coast Eagles,Richmond Tigers,109,70,47665.0,39,H,1.0
20240418_StKildaSaints,2024,6,2024-04-18,Marvel Stadium,St Kilda Saints,Western Bulldogs,64,124,26719.0,-60,A,0.0
20240419_AdelaideCrows,2024,6,2024-04-19,Adelaide Oval,Adelaide Crows,Essendon Bombers,75,78,46700.0,-3,A,0.0
20240420_WestCoastEagles,2024,6,2024-04-20,Optus Stadium,West Coast Eagles,Fremantle Dockers,105,68,54473.0,37,H,1.0
20240420_BrisbaneLions,2024,6,2024-04-20,The Gabba,Brisbane Lions,Geelong Cats,37,63,30429.0,-26,A,0.0
20240420_CarltonBlues,2024,6,2024-04-20,Marvel Stadium,Carlton Blues,Greater Western Sydney Giants,117,98,40474.0,19,H,1.0
20240420_CollingwoodMagpies,2024,6,2024-04-20,Melbourne Cricket Ground,Collingwood Magpies,Port Adelaide Power,123,81,65834.0,42,H,1.0
20240421_NorthMelbourneKangaroos,2024,6,2024-04-21,Marvel Stadium,North Melbourne Kangaroos,Hawthorn Hawks,68,113,30648.0,-45,A,0.0
20240421_SydneySwans,2024,6,2024-04-21,Sydney Cricket Ground,Sydney Swans,Gold Coast Suns,110,57,35649.0,53,H,1.0
20240424_RichmondTigers,2024,7,2024-04-24,Melbourne Cricket Ground,Richmond Tigers,Melbourne Demons,42,85,72840.0,-43,A,0.0
20240425_GreaterWesternSydneyGiants,2024,7,2024-04-25,Manuka Oval,Greater Western Sydney Giants,Brisbane Lions,113,59,13080.0,54,H,1.0
20240425_EssendonBombers,2024,7,2024-04-25,Melbourne Cricket Ground,Essendon Bombers,Collingwood Magpies,85,85,93644.0,0,D,
20240426_PortAdelaidePower,2024,7,2024-04-26,Adelaide Oval,Port Adelaide Power,St Kilda Saints,82,72,40306.0,10,H,1.0
20240427_FremantleDockers,2024,7,2024-04-27,Optus Stadium,Fremantle Dockers,Western Bulldogs,95,71,45931.0,24,H,1.0
20240427_GeelongCats,2024,7,2024-04-27,Melbourne Cricket Ground,Geelong Cats,Carlton Blues,118,105,87775.0,13,H,1.0
20240427_NorthMelbourneKangaroos,2024,7,2024-04-27,Ninja Stadium,North Melbourne Kangaroos,Adelaide Crows,81,138,5365.0,-57,A,0.0
20240428_HawthornHawks,2024,7,2024-04-28,Melbourne Cricket Ground,Hawthorn Hawks,Sydney Swans,42,118,38052.0,-76,A,0.0
20240428_GoldCoastSuns,2024,7,2024-04-28,People First Stadium,Gold Coast Suns,West Coast Eagles,112,75,11440.0,37,H,1.0
20240502_AdelaideCrows,2024,8,2024-05-02,Adelaide Oval,Adelaide Crows,Port Adelaide Power,78,48,52106.0,30,H,1.0
20240503_CarltonBlues,2024,8,2024-05-03,Melbourne Cricket Ground,Carlton Blues,Collingwood Magpies,79,85,88362.0,-6,A,0.0
20240504_WestCoastEagles,2024,8,2024-05-04,Optus Stadium,West Coast Eagles,Essendon Bombers,71,77,51751.0,-6,A,0.0
20240504_SydneySwans,2024,8,2024-05-04,Sydney Cricket Ground,Sydney Swans,Greater Western Sydney Giants,98,69,40337.0,29,H,1.0
20240504_MelbourneDemons,2024,8,2024-05-04,Melbourne Cricket Ground,Melbourne Demons,Geelong Cats,74,66,51795.0,8,H,1.0
20240504_StKildaSaints,2024,8,2024-05-04,Marvel Stadium,St Kilda Saints,North Melbourne Kangaroos,103,65,27009.0,38,H,1.0
20240505_WesternBulldogs,2024,8,2024-05-05,Marvel Stadium,Western Bulldogs,Hawthorn Hawks,91,98,29555.0,-7,A,0.0
20240505_BrisbaneLions,2024,8,2024-05-05,The Gabba,Brisbane Lions,Gold Coast Suns,79,45,30285.0,34,H,1.0
20240505_RichmondTigers,2024,8,2024-05-05,Melbourne Cricket Ground,Richmond Tigers,Fremantle Dockers,49,103,32252.0,-54,A,0.0
20240509_CarltonBlues,2024,9,2024-05-09,Melbourne Cricket Ground,Carlton Blues,Melbourne Demons,77,76,58472.0,1,H,1.0
20240510_GeelongCats,2024,9,2024-05-10,GMHBA Stadium,Geelong Cats,Port Adelaide Power,95,101,29942.0,-6,A,0.0
20240510_FremantleDockers,2024,9,2024-05-10,Optus Stadium,Fremantle Dockers,Sydney Swans,39,87,46198.0,-48,A,0.0
20240511_GoldCoastSuns,2024,9,2024-05-11,TIO Stadium,Gold Coast Suns,North Melbourne Kangaroos,120,52,7036.0,68,H,1.0
20240511_HawthornHawks,2024,9,2024-05-11,UTAS Stadium,Hawthorn Hawks,St Kilda Saints,58,53,15112.0,5,H,1.0
20240511_EssendonBombers,2024,9,2024-05-11,Marvel Stadium,Essendon Bombers,Greater Western Sydney Giants,82,62,37295.0,20,H,1.0
20240511_RichmondTigers,2024,9,2024-05-11,Melbourne Cricket Ground,Richmond Tigers,Western Bulldogs,42,133,38007.0,-91,A,0.0
20240512_CollingwoodMagpies,2024,9,2024-05-12,Marvel Stadium,Collingwood Magpies,West Coast Eagles,103,37,37433.0,66,H,1.0
20240512_AdelaideCrows,2024,9,2024-05-12,Adelaide Oval,Adelaide Crows,Brisbane Lions,90,90,40278.0,0,D,
20240516_GoldCoastSuns,2024,10,2024-05-16,TIO Stadium,Gold Coast Suns,Geelong Cats,164,100,12112.0,64,H,1.0
20240517_SydneySwans,2024,10,2024-05-17,Sydney Cricket Ground,Sydney Swans,Carlton Blues,117,65,44047.0,52,H,1.0
20240518_GreaterWesternSydneyGiants,2024,10,2024-05-18,ENGIE Stadium,Greater Western Sydney Giants,Western Bulldogs,43,70,7747.0,-27,A,0.0
20240518_BrisbaneLions,2024,10,2024-05-18,The Gabba,Brisbane Lions,Richmond Tigers,163,44,27200.0,119,H,1.0
20240518_CollingwoodMagpies,2024,10,2024-05-18,Melbourne Cricket Ground,Collingwood Magpies,Adelaide Crows,78,74,63925.0,4,H,1.0
20240518_StKildaSaints,2024,10,2024-05-18,Marvel Stadium,St Kilda Saints,Fremantle Dockers,55,72,19265.0,-17,A,0.0
20240519_PortAdelaidePower,2024,10,2024-05-19,Adelaide Oval,Port Adelaide Power,Hawthorn Hawks,80,79,36190.0,1,H,1.0
20240519_WestCoastEagles,2024,10,2024-05-19,Optus Stadium,West Coast Eagles,Melbourne Demons,105,70,43408.0,35,H,1.0
20240519_EssendonBombers,2024,10,2024-05-19,Marvel Stadium,Essendon Bombers,North Melbourne Kangaroos,106,66,43125.0,40,H,1.0
20240523_WesternBulldogs,2024,11,2024-05-23,Marvel Stadium,Western Bulldogs,Sydney Swans,88,102,27377.0,-14,A,0.0
20240524_FremantleDockers,2024,11,2024-05-24,Optus Stadium,Fremantle Dockers,Collingwood Magpies,75,75,54035.0,0,D,
20240525_CarltonBlues,2024,11,2024-05-25,Marvel Stadium,Carlton Blues,Gold Coast Suns,102,73,39597.0,29,H,1.0
20240525_RichmondTigers,2024,11,2024-05-25,Melbourne Cricket Ground,Richmond Tigers,Essendon Bombers,74,86,79359.0,-12,A,0.0
20240525_NorthMelbourneKangaroos,2024,11,2024-05-25,Ninja Stadium,North Melbourne Kangaroos,Port Adelaide Power,48,107,4705.0,-59,A,0.0
20240525_GeelongCats,2024,11,2024-05-25,GMHBA Stadium,Geelong Cats,Greater Western Sydney Giants,74,78,30821.0,-4,A,0.0
20240526_MelbourneDemons,2024,11,2024-05-26,Melbourne Cricket Ground,Melbourne Demons,St Kilda Saints,100,62,37403.0,38,H,1.0
20240526_HawthornHawks,2024,11,2024-05-26,Marvel Stadium,Hawthorn Hawks,Brisbane Lions,100,75,29664.0,25,H,1.0
20240526_AdelaideCrows,2024,11,2024-05-26,Adelaide Oval,Adelaide Crows,West Coast Eagles,137,38,40965.0,99,H,1.0
20240530_PortAdelaidePower,2024,12,2024-05-30,Adelaide Oval,Port Adelaide Power,Carlton Blues,71,107,40532.0,-36,A,0.0
20240531_CollingwoodMagpies,2024,12,2024-05-31,Marvel Stadium,Collingwood Magpies,Western Bulldogs,82,100,43298.0,-18,A,0.0
20240601_WestCoastEagles,2024,12,2024-06-01,Optus Stadium,West Coast Eagles,St Kilda Saints,68,82,47526.0,-14,A,0.0
20240601_GeelongCats,2024,12,2024-06-01,GMHBA Stadium,Geelong Cats,Richmond Tigers,99,69,31054.0,30,H,1.0
20240601_HawthornHawks,2024,12,2024-06-01,Melbourne Cricket Ground,Hawthorn Hawks,Adelaide Crows,107,80,36086.0,27,H,1.0
20240602_MelbourneDemons,2024,12,2024-06-02,TIO Traeger Park,Melbourne Demons,Fremantle Dockers,49,141,6109.0,-92,A,0.0
20240602_GoldCoastSuns,2024,12,2024-06-02,People First Stadium,Gold Coast Suns,Essendon Bombers,91,80,21759.0,11,H,1.0
20240606_AdelaideCrows,2024,13,2024-06-06,Adelaide Oval,Adelaide Crows,Richmond Tigers,71,79,37342.0,-8,A,0.0
20240607_WesternBulldogs,2024,13,2024-06-07,Marvel Stadium,Western Bulldogs,Brisbane Lions,71,114,31280.0,-43,A,0.0
20240608_StKildaSaints,2024,13,2024-06-08,Marvel Stadium,St Kilda Saints,Gold Coast Suns,51,48,17992.0,3,H,1.0
20240608_WestCoastEagles,2024,13,2024-06-08,Optus Stadium,West Coast Eagles,North Melbourne Kangaroos,65,74,43276.0,-9,A,0.0
20240608_HawthornHawks,2024,13,2024-06-08,UTAS Stadium,Hawthorn Hawks,Greater Western Sydney Giants,85,79,11568.0,6,H,1.0
20240609_EssendonBombers,2024,13,2024-06-09,Melbourne Cricket Ground,Essendon Bombers,Carlton Blues,70,96,88510.0,-26,A,0.0
20240609_SydneySwans,2024,13,2024-06-09,Sydney Cricket Ground,Sydney Swans,Geelong Cats,112,82,44714.0,30,H,1.0
20240610_CollingwoodMagpies,2024,13,2024-06-10,Melbourne Cricket Ground,Collingwood Magpies,Melbourne Demons,89,51,84659.0,38,H,1.0
20240614_BrisbaneLions,2024,14,2024-06-14,The Gabba,Brisbane Lions,St Kilda Saints,126,106,27445.0,20,H,1.0
20240615_AdelaideCrows,2024,14,2024-06-15,Adelaide Oval,Adelaide Crows,Sydney Swans,67,109,41535.0,-42,A,0.0
20240615_WesternBulldogs,2024,14,2024-06-15,Marvel Stadium,Western Bulldogs,Fremantle Dockers,149,82,21796.0,67,H,1.0
20240615_RichmondTigers,2024,14,2024-06-15,Melbourne Cricket Ground,Richmond Tigers,Hawthorn Hawks,49,97,92311.0,-48,A,0.0
20240616_GreaterWesternSydneyGiants,2024,14,2024-06-16,ENGIE Stadium,Greater Western Sydney Giants,Port Adelaide Power,73,51,8914.0,22,H,1.0
20240616_NorthMelbourneKangaroos,2024,14,2024-06-16,Marvel Stadium,North Melbourne Kangaroos,Collingwood Magpies,118,119,38311.0,-1,A,0.0
20240621_CarltonBlues,2024,15,2024-06-21,Melbourne Cricket Ground,Carlton Blues,Geelong Cats,138,75,75218.0,63,H,1.0
20240622_GreaterWesternSydneyGiants,2024,15,2024-06-22,ENGIE Stadium,Greater Western Sydney Giants,Sydney Swans,75,102,19751.0,-27,A,0.0
20240622_MelbourneDemons,2024,15,2024-06-22,Melbourne Cricket Ground,Melbourne Demons,North Melbourne Kangaroos,70,67,28774.0,3,H,1.0
20240622_PortAdelaidePower,2024,15,2024-06-22,Adelaide Oval,Port Adelaide Power,Brisbane Lions,73,152,32862.0,-79,A,0.0
20240623_EssendonBombers,2024,15,2024-06-23,Marvel Stadium,Essendon Bombers,West Coast Eagles,122,92,40840.0,30,H,1.0
20240623_FremantleDockers,2024,15,2024-06-23,Optus Stadium,Fremantle Dockers,Gold Coast Suns,85,65,40637.0,20,H,1.0
20240628_BrisbaneLions,2024,16,2024-06-28,The Gabba,Brisbane Lions,Melbourne Demons,86,81,29617.0,5,H,1.0
20240629_AdelaideCrows,2024,16,2024-06-29,Adelaide Oval,Adelaide Crows,Greater Western Sydney Giants,94,78,29802.0,16,H,1.0
20240629_NorthMelbourneKangaroos,2024,16,2024-06-29,Marvel Stadium,North Melbourne Kangaroos,Western Bulldogs,60,77,27005.0,-17,A,0.0
20240629_GeelongCats,2024,16,2024-06-29,Melbourne Cricket Ground,Geelong Cats,Essendon Bombers,105,60,54698.0,45,H,1.0
20240629_SydneySwans,2024,16,2024-06-29,Sydney Cricket Ground,Sydney Swans,Fremantle Dockers,98,99,35477.0,-1,A,0.0
20240629_GoldCoastSuns,2024,16,2024-06-29,People First Stadium,Gold Coast Suns,Collingwood Magpies,101,90,23029.0,11,H,1.0
20240630_StKildaSaints,2024,16,2024-06-30,Marvel Stadium,St Kilda Saints,Port Adelaide Power,60,62,18052.0,-2,A,0.0
20240630_RichmondTigers,2024,16,2024-06-30,Melbourne Cricket Ground,Richmond Tigers,Carlton Blues,70,131,58298.0,-61,A,0.0
20240630_WestCoastEagles,2024,16,2024-06-30,Optus Stadium,West Coast Eagles,Hawthorn Hawks,33,94,49454.0,-61,A,0.0
20240705_CollingwoodMagpies,2024,17,2024-07-05,Melbourne Cricket Ground,Collingwood Magpies,Essendon Bombers,80,92,81711.0,-12,A,0.0
20240706_FremantleDockers,2024,17,2024-07-06,Optus Stadium,Fremantle Dockers,Richmond Tigers,105,54,42690.0,51,H,1.0
20240706_PortAdelaidePower,2024,17,2024-07-06,Adelaide Oval,Port Adelaide Power,Western Bulldogs,102,54,31590.0,48,H,1.0
20240706_GreaterWesternSydneyGiants,2024,17,2024-07-06,ENGIE Stadium,Greater Western Sydney Giants,Carlton Blues,116,104,11730.0,12,H,1.0
20240706_NorthMelbourneKangaroos,2024,17,2024-07-06,Marvel Stadium,North Melbourne Kangaroos,Gold Coast Suns,87,83,17781.0,4,H,1.0
20240706_GeelongCats,2024,17,2024-07-06,GMHBA Stadium,Geelong Cats,Hawthorn Hawks,110,59,33188.0,51,H,1.0
20240707_StKildaSaints,2024,17,2024-07-07,Marvel Stadium,St Kilda Saints,Sydney Swans,84,82,30267.0,2,H,1.0
20240707_BrisbaneLions,2024,17,2024-07-07,The Gabba,Brisbane Lions,Adelaide Crows,97,86,30183.0,11,H,1.0
20240707_MelbourneDemons,2024,17,2024-07-07,Melbourne Cricket Ground,Melbourne Demons,West Coast Eagles,112,58,32000.0,54,H,1.0
20240712_CollingwoodMagpies,2024,18,2024-07-12,Melbourne Cricket Ground,Collingwood Magpies,Geelong Cats,71,91,73435.0,-20,A,0.0
20240713_SydneySwans,2024,18,2024-07-13,Sydney Cricket Ground,Sydney Swans,North Melbourne Kangaroos,138,59,34663.0,79,H,1.0
20240713_HawthornHawks,2024,18,2024-07-13,UTAS Stadium,Hawthorn Hawks,Fremantle Dockers,87,74,11146.0,13,H,1.0
20240713_WesternBulldogs,2024,18,2024-07-13,Marvel Stadium,Western Bulldogs,Carlton Blues,100,86,45387.0,14,H,1.0
20240713_MelbourneDemons,2024,18,2024-07-13,Melbourne Cricket Ground,Melbourne Demons,Essendon Bombers,84,67,52866.0,17,H,1.0
20240713_AdelaideCrows,2024,18,2024-07-13,Adelaide Oval,Adelaide Crows,St Kilda Saints,71,39,34549.0,32,H,1.0
20240714_GoldCoastSuns,2024,18,2024-07-14,People First Stadium,Gold Coast Suns,Port Adelaide Power,96,82,14526.0,14,H,1.0
20240714_RichmondTigers,2024,18,2024-07-14,Melbourne Cricket Ground,Richmond Tigers,Greater Western Sydney Giants,84,108,19040.0,-24,A,0.0
20240714_WestCoastEagles,2024,18,2024-07-14,Optus Stadium,West Coast Eagles,Brisbane Lions,93,106,41489.0,-13,A,0.0
20240719_EssendonBombers,2024,19,2024-07-19,Marvel Stadium,Essendon Bombers,Adelaide Crows,113,115,36020.0,-2,A,0.0
20240720_HawthornHawks,2024,19,2024-07-20,Melbourne Cricket Ground,Hawthorn Hawks,Collingwood Magpies,133,67,74171.0,66,H,1.0
20240720_PortAdelaidePower,2024,19,2024-07-20,Adelaide Oval,Port Adelaide Power,Richmond Tigers,116,75,27704.0,41,H,1.0
20240720_StKildaSaints,2024,19,2024-07-20,Marvel Stadium,St Kilda Saints,West Coast Eagles,113,41,18251.0,72,H,1.0
20240720_GreaterWesternSydneyGiants,2024,19,2024-07-20,ENGIE Stadium,Greater Western Sydney Giants,Gold Coast Suns,89,50,8013.0,39,H,1.0
20240720_GeelongCats,2024,19,2024-07-20,GMHBA Stadium,Geelong Cats,Western Bulldogs,48,95,27967.0,-47,A,0.0
20240721_CarltonBlues,2024,19,2024-07-21,Marvel Stadium,Carlton Blues,North Melbourne Kangaroos,107,88,40014.0,19,H,1.0
20240721_BrisbaneLions,2024,19,2024-07-21,The Gabba,Brisbane Lions,Sydney Swans,79,77,33924.0,2,H,1.0
20240721_FremantleDockers,2024,19,2024-07-21,Optus Stadium,Fremantle Dockers,Melbourne Demons,116,66,42215.0,50,H,1.0
20240726_CarltonBlues,2024,20,2024-07-26,Marvel Stadium,Carlton Blues,Port Adelaide Power,65,79,40500.0,-14,A,0.0
20240727_MelbourneDemons,2024,20,2024-07-27,Melbourne Cricket Ground,Melbourne Demons,Greater Western Sydney Giants,83,85,16246.0,-2,A,0.0
20240727_FremantleDockers,2024,20,2024-07-27,Optus Stadium,Fremantle Dockers,West Coast Eagles,110,75,56536.0,35,H,1.0
20240727_NorthMelbourneKangaroos,2024,20,2024-07-27,Ninja Stadium,North Melbourne Kangaroos,Geelong Cats,66,106,10045.0,-40,A,0.0
20240727_GoldCoastSuns,2024,20,2024-07-27,People First Stadium,Gold Coast Suns,Brisbane Lions,65,93,21043.0,-28,A,0.0
20240727_StKildaSaints,2024,20,2024-07-27,Marvel Stadium,St Kilda Saints,Essendon Bombers,108,55,39761.0,53,H,1.0
20240728_AdelaideCrows,2024,20,2024-07-28,Adelaide Oval,Adelaide Crows,Hawthorn Hawks,58,124,41823.0,-66,A,0.0
20240728_SydneySwans,2024,20,2024-07-28,Sydney Cricket Ground,Sydney Swans,Western Bulldogs,48,87,36028.0,-39,A,0.0
20240728_CollingwoodMagpies,2024,20,2024-07-28,Melbourne Cricket Ground,Collingwood Magpies,Richmond Tigers,93,67,58342.0,26,H,1.0
20240802_WesternBulldogs,2024,21,2024-08-02,Marvel Stadium,Western Bulldogs,Melbourne Demons,110,59,33000.0,51,H,1.0
20240802_WestCoastEagles,2024,21,2024-08-02,Optus Stadium,West Coast Eagles,Gold Coast Suns,97,87,38671.0,10,H,1.0
20240803_CollingwoodMagpies,2024,21,2024-08-03,Melbourne Cricket Ground,Collingwood Magpies,Carlton Blues,84,81,86879.0,3,H,1.0
20240803_PortAdelaidePower,2024,21,2024-08-03,Adelaide Oval,Port Adelaide Power,Sydney Swans,148,36,37501.0,112,H,1.0
20240803_NorthMelbourneKangaroos,2024,21,2024-08-03,Marvel Stadium,North Melbourne Kangaroos,Richmond Tigers,90,77,35861.0,13,H,1.0
20240803_GeelongCats,2024,21,2024-08-03,GMHBA Stadium,Geelong Cats,Adelaide Crows,90,85,28939.0,5,H,1.0
20240804_GreaterWesternSydneyGiants,2024,21,2024-08-04,Manuka Oval,Greater Western Sydney Giants,Hawthorn Hawks,84,82,13268.0,2,H,1.0
20240804_StKildaSaints,2024,21,2024-08-04,Marvel Stadium,St Kilda Saints,Brisbane Lions,39,124,23053.0,-85,A,0.0
20240804_EssendonBombers,2024,21,2024-08-04,Melbourne Cricket Ground,Essendon Bombers,Fremantle Dockers,90,89,34381.0,1,H,1.0
20240809_SydneySwans,2024,22,2024-08-09,Sydney Cricket Ground,Sydney Swans,Collingwood Magpies,89,86,37854.0,3,H,1.0
20240810_BrisbaneLions,2024,22,2024-08-10,The Gabba,Brisbane Lions,Greater Western Sydney Giants,64,82,31364.0,-18,A,0.0
20240810_MelbourneDemons,2024,22,2024-08-10,Melbourne Cricket Ground,Melbourne Demons,Port Adelaide Power,51,53,17867.0,-2,A,0.0
20240810_FremantleDockers,2024,22,2024-08-10,Optus Stadium,Fremantle Dockers,Geelong Cats,62,73,50600.0,-11,A,0.0
20240810_EssendonBombers,2024,22,2024-08-10,Marvel Stadium,Essendon Bombers,Gold Coast Suns,86,87,29401.0,-1,A,0.0
20240810_NorthMelbourneKangaroos,2024,22,2024-08-10,Ninja Stadium,North Melbourne Kangaroos,West Coast Eagles,97,102,6619.0,-5,A,0.0
20240811_AdelaideCrows,2024,22,2024-08-11,Adelaide Oval,Adelaide Crows,Western Bulldogs,111,72,39177.0,39,H,1.0
20240811_RichmondTigers,2024,22,2024-08-11,Marvel Stadium,Richmond Tigers,St Kilda Saints,51,99,21375.0,-48,A,0.0
20240811_CarltonBlues,2024,22,2024-08-11,Melbourne Cricket Ground,Carlton Blues,Hawthorn Hawks,38,112,84773.0,-74,A,0.0
20240816_EssendonBombers,2024,23,2024-08-16,Marvel Stadium,Essendon Bombers,Sydney Swans,59,98,33830.0,-39,A,0.0
20240817_CollingwoodMagpies,2024,23,2024-08-17,Melbourne Cricket Ground,Collingwood Magpies,Brisbane Lions,79,78,61218.0,1,H,1.0
20240817_StKildaSaints,2024,23,2024-08-17,Marvel Stadium,St Kilda Saints,Geelong Cats,107,89,31945.0,18,H,1.0
20240817_GoldCoastSuns,2024,23,2024-08-17,People First Stadium,Gold Coast Suns,Melbourne Demons,63,117,13026.0,-54,A,0.0
20240817_GreaterWesternSydneyGiants,2024,23,2024-08-17,ENGIE Stadium,Greater Western Sydney Giants,Fremantle Dockers,101,92,10801.0,9,H,1.0
20240817_PortAdelaidePower,2024,23,2024-08-17,Adelaide Oval,Port Adelaide Power,Adelaide Crows,80,58,52459.0,22,H,1.0
20240818_WesternBulldogs,2024,23,2024-08-18,Marvel Stadium,Western Bulldogs,North Melbourne Kangaroos,138,42,33182.0,96,H,1.0
20240818_WestCoastEagles,2024,23,2024-08-18,Optus Stadium,West Coast Eagles,Carlton Blues,34,99,48455.0,-65,A,0.0
20240818_HawthornHawks,2024,23,2024-08-18,Melbourne Cricket Ground,Hawthorn Hawks,Richmond Tigers,131,68,58231.0,63,H,1.0
20240823_MelbourneDemons,2024,24,2024-08-23,Melbourne Cricket Ground,Melbourne Demons,Collingwood Magpies,57,103,53957.0,-46,A,0.0
20240824_RichmondTigers,2024,24,2024-08-24,Melbourne Cricket Ground,Richmond Tigers,Gold Coast Suns,66,94,34557.0,-28,A,0.0
20240824_BrisbaneLions,2024,24,2024-08-24,The Gabba,Brisbane Lions,Essendon Bombers,87,67,31663.0,20,H,1.0
20240824_HawthornHawks,2024,24,2024-08-24,UTAS Stadium,Hawthorn Hawks,North Melbourne Kangaroos,170,46,11392.0,124,H,1.0
20240824_SydneySwans,2024,24,2024-08-24,Sydney Cricket Ground,Sydney Swans,Adelaide Crows,121,90,36491.0,31,H,1.0
20240824_GeelongCats,2024,24,2024-08-24,GMHBA Stadium,Geelong Cats,West Coast Eagles,168,75,32545.0,93,H,1.0
20240825_CarltonBlues,2024,24,2024-08-25,Marvel Stadium,Carlton Blues,St Kilda Saints,74,76,43843.0,-2,A,0.0
20240825_WesternBulldogs,2024,24,2024-08-25,Mars Stadium,Western Bulldogs,Greater Western Sydney Giants,98,61,10224.0,37,H,1.0
20240825_FremantleDockers,2024,24,2024-08-25,Optus Stadium,Fremantle Dockers,Port Adelaide Power,67,87,45322.0,-20,A,0.0
20240905_PortAdelaidePower,2024,QF,2024-09-05,Adelaide Oval,Port Adelaide Power,Geelong Cats,54,138,50342.0,-84,A,0.0
20240906_WesternBulldogs,2024,EF,2024-09-06,Melbourne Cricket Ground,Western Bulldogs,Hawthorn Hawks,62,99,97828.0,-37,A,0.0
20240907_BrisbaneLions,2024,EF,2024-09-07,The Gabba,Brisbane Lions,Carlton Blues,99,71,35660.0,28,H,1.0
20240907_SydneySwans,2024,QF,2024-09-07,Sydney Cricket Ground,Sydney Swans,Greater Western Sydney Giants,88,82,43189.0,6,H,1.0
20240913_PortAdelaidePower,2024,SF,2024-09-13,Adelaide Oval,Port Adelaide Power,Hawthorn Hawks,75,72,51012.0,3,H,1.0
20240914_GreaterWesternSydneyGiants,2024,SF,2024-09-14,ENGIE Stadium,Greater Western Sydney Giants,Brisbane Lions,100,105,18357.0,-5,A,0.0
20240920_SydneySwans,2024,PF,2024-09-20,Sydney Cricket Ground,Sydney Swans,Port Adelaide Power,95,59,44053.0,36,H,1.0
20240921_GeelongCats,2024,PF,2024-09-21,Melbourne Cricket Ground,Geelong Cats,Brisbane Lions,85,95,93066.0,-10,A,0.0
20240928_SydneySwans,2024,GF,2024-09-28,Melbourne Cricket Ground,Sydney Swans,Brisbane Lions,60,120,100013.0,-60,A,0.0
20250307_SydneySwans,2025,0,2025-03-07,Sydney Cricket Ground,Sydney Swans,Hawthorn Hawks,76,96,40310.0,-20,A,0.0
20250309_GreaterWesternSydneyGiants,2025,0,2025-03-09,ENGIE Stadium,Greater Western Sydney Giants,Collingwood Magpies,104,52,19248.0,52,H,1.0
20250313_RichmondTigers,2025,1,2025-03-13,Melbourne Cricket Ground,Richmond Tigers,Carlton Blues,82,69,80009.0,13,H,1.0
20250314_HawthornHawks,2025,1,2025-03-14,Melbourne Cricket Ground,Hawthorn Hawks,Essendon Bombers,111,85,80735.0,26,H,1.0
20250315_CollingwoodMagpies,2025,1,2025-03-15,Melbourne Cricket Ground,Collingwood Magpies,Port Adelaide Power,136,45,63282.0,91,H,1.0
20250315_SydneySwans,2025,1,2025-03-15,Sydney Cricket Ground,Sydney Swans,Brisbane Lions,82,86,34906.0,-4,A,0.0
20250315_WesternBulldogs,2025,1,2025-03-15,Marvel Stadium,Western Bulldogs,North Melbourne Kangaroos,113,97,34406.0,16,H,1.0
20250315_GeelongCats,2025,1,2025-03-15,GMHBA Stadium,Geelong Cats,Fremantle Dockers,147,69,25372.0,78,H,1.0
20250316_MelbourneDemons,2025,1,2025-03-16,Melbourne Cricket Ground,Melbourne Demons,Greater Western Sydney Giants,74,77,23278.0,-3,A,0.0
20250316_WestCoastEagles,2025,1,2025-03-16,Optus Stadium,West Coast Eagles,Gold Coast Suns,49,136,46532.0,-87,A,0.0
20250316_AdelaideCrows,2025,1,2025-03-16,Adelaide Oval,Adelaide Crows,St Kilda Saints,135,72,42895.0,63,H,1.0
20250320_CarltonBlues,2025,2,2025-03-20,Melbourne Cricket Ground,Carlton Blues,Hawthorn Hawks,60,80,62735.0,-20,A,0.0
20250321_WesternBulldogs,2025,2,2025-03-21,Melbourne Cricket Ground,Western Bulldogs,Collingwood Magpies,70,76,78027.0,-6,A,0.0
20250322_EssendonBombers,2025,2,2025-03-22,Melbourne Cricket Ground,Essendon Bombers,Adelaide Crows,100,161,46688.0,-61,A,0.0
20250322_PortAdelaidePower,2025,2,2025-03-22,Adelaide Oval,Port Adelaide Power,Richmond Tigers,140,68,37342.0,72,H,1.0
20250322_StKildaSaints,2025,2,2025-03-22,Marvel Stadium,St Kilda Saints,Geelong Cats,98,91,36663.0,7,H,1.0
20250323_NorthMelbourneKangaroos,2025,2,2025-03-23,Marvel Stadium,North Melbourne Kangaroos,Melbourne Demons,125,66,28768.0,59,H,1.0
20250323_FremantleDockers,2025,2,2025-03-23,Optus Stadium,Fremantle Dockers,Sydney Swans,65,68,43882.0,-3,A,0.0
20250323_BrisbaneLions,2025,2,2025-03-23,The Gabba,Brisbane Lions,West Coast Eagles,94,75,30012.0,19,H,1.0
20250327_EssendonBombers,2025,3,2025-03-27,Marvel Stadium,Essendon Bombers,Port Adelaide Power,72,60,25114.0,12,H,1.0
20250328_CarltonBlues,2025,3,2025-03-28,Marvel Stadium,Carlton Blues,Western Bulldogs,75,83,44894.0,-8,A,0.0
20250329_MelbourneDemons,2025,3,2025-03-29,Melbourne Cricket Ground,Melbourne Demons,Gold Coast Suns,62,120,24506.0,-58,A,0.0
20250329_StKildaSaints,2025,3,2025-03-29,Marvel Stadium,St Kilda Saints,Richmond Tigers,135,53,41147.0,82,H,1.0
20250329_HawthornHawks,2025,3,2025-03-29,UTAS Stadium,Hawthorn Hawks,Greater Western Sydney Giants,76,64,14021.0,12,H,1.0
20250329_BrisbaneLions,2025,3,2025-03-29,The Gabba,Brisbane Lions,Geelong Cats,70,61,27966.0,9,H,1.0
20250330_WestCoastEagles,2025,3,2025-03-30,Optus Stadium,West Coast Eagles,Fremantle Dockers,68,106,53289.0,-38,A,0.0
20250330_AdelaideCrows,2025,3,2025-03-30,Adelaide Oval,Adelaide Crows,North Melbourne Kangaroos,114,78,46511.0,36,H,1.0
20250403_CollingwoodMagpies,2025,4,2025-04-03,Melbourne Cricket Ground,Collingwood Magpies,Carlton Blues,63,46,82058.0,17,H,1.0
20250404_GeelongCats,2025,4,2025-04-04,GMHBA Stadium,Geelong Cats,Melbourne Demons,85,46,30397.0,39,H,1.0
20250405_GoldCoastSuns,2025,4,2025-04-05,People First Stadium,Gold Coast Suns,Adelaide Crows,91,90,16211.0,1,H,1.0
20250405_RichmondTigers,2025,4,2025-04-05,Melbourne Cricket Ground,Richmond Tigers,Brisbane Lions,90,118,42578.0,-28,A,0.0
20250405_NorthMelbourneKangaroos,2025,4,2025-04-05,Marvel Stadium,North Melbourne Kangaroos,Sydney Swans,52,117,31955.0,-65,A,0.0
20250406_FremantleDockers,2025,4,2025-04-06,Optus Stadium,Fremantle Dockers,Western Bulldogs,97,81,41491.0,16,H,1.0
20250406_PortAdelaidePower,2025,4,2025-04-06,Adelaide Oval,Port Adelaide Power,St Kilda Saints,72,89,34201.0,-17,A,0.0
20250406_GreaterWesternSydneyGiants,2025,4,2025-04-06,ENGIE Stadium,Greater Western Sydney Giants,West Coast Eagles,132,51,9231.0,81,H,1.0
20250410_AdelaideCrows,2025,5,2025-04-10,Adelaide Oval,Adelaide Crows,Geelong Cats,100,119,50073.0,-19,A,0.0
20250411_CollingwoodMagpies,2025,5,2025-04-11,Adelaide Oval,Collingwood Magpies,Sydney Swans,109,78,47649.0,31,H,1.0
20250412_MelbourneDemons,2025,5,2025-04-12,Adelaide Oval,Melbourne Demons,Essendon Bombers,57,96,45039.0,-39,A,0.0
20250412_CarltonBlues,2025,5,2025-04-12,Adelaide Oval,Carlton Blues,West Coast Eagles,121,50,41252.0,71,H,1.0
20250412_WesternBulldogs,2025,5,2025-04-12,Norwood Oval,Western Bulldogs,Brisbane Lions,97,118,9242.0,-21,A,0.0
20250412_NorthMelbourneKangaroos,2025,5,2025-04-12,Barossa Park,North Melbourne Kangaroos,Gold Coast Suns,89,141,9317.0,-52,A,0.0
20250413_PortAdelaidePower,2025,5,2025-04-13,Adelaide Oval,Port Adelaide Power,Hawthorn Hawks,121,91,47671.0,30,H,1.0
20250413_RichmondTigers,2025,5,2025-04-13,Barossa Park,Richmond Tigers,Fremantle Dockers,47,108,10028.0,-61,A,0.0
20250413_StKildaSaints,2025,5,2025-04-13,Norwood Oval,St Kilda Saints,Greater Western Sydney Giants,82,110,9235.0,-28,A,0.0
20250417_BrisbaneLions,2025,6,2025-04-17,The Gabba,Brisbane Lions,Collingwood Magpies,53,105,34802.0,-52,A,0.0
20250418_NorthMelbourneKangaroos,2025,6,2025-04-18,Marvel Stadium,North Melbourne Kangaroos,Carlton Blues,71,153,46373.0,-82,A,0.0
20250418_WestCoastEagles,2025,6,2025-04-18,Optus Stadium,West Coast Eagles,Essendon Bombers,75,77,46080.0,-2,A,0.0
20250419_RichmondTigers,2025,6,2025-04-19,Marvel Stadium,Richmond Tigers,Gold Coast Suns,80,69,18423.0,11,H,1.0
20250419_MelbourneDemons,2025,6,2025-04-19,Melbourne Cricket Ground,Melbourne Demons,Fremantle Dockers,107,97,25202.0,10,H,1.0
20250419_AdelaideCrows,2025,6,2025-04-19,Adelaide Oval,Adelaide Crows,Greater Western Sydney Giants,52,34,40062.0,18,H,1.0
20250420_WesternBulldogs,2025,6,2025-04-20,Marvel Stadium,Western Bulldogs,St Kilda Saints,127,56,35511.0,71,H,1.0
20250420_SydneySwans,2025,6,2025-04-20,Sydney Cricket Ground,Sydney Swans,Port Adelaide Power,77,85,36636.0,-8,A,0.0
20250421_GeelongCats,2025,6,2025-04-21,Melbourne Cricket Ground,Geelong Cats,Hawthorn Hawks,86,79,88746.0,7,H,1.0
20250424_MelbourneDemons,2025,7,2025-04-24,Melbourne Cricket Ground,Melbourne Demons,Richmond Tigers,83,63,71635.0,20,H,1.0
20250425_CollingwoodMagpies,2025,7,2025-04-25,Melbourne Cricket Ground,Collingwood Magpies,Essendon Bombers,107,66,92044.0,41,H,1.0
20250425_FremantleDockers,2025,7,2025-04-25,Optus Stadium,Fremantle Dockers,Adelaide Crows,85,67,53048.0,18,H,1.0
20250426_GreaterWesternSydneyGiants,2025,7,2025-04-26,Manuka Oval,Greater Western Sydney Giants,Western Bulldogs,81,113,12234.0,-32,A,0.0
20250426_PortAdelaidePower,2025,7,2025-04-26,Adelaide Oval,Port Adelaide Power,North Melbourne Kangaroos,97,88,35004.0,9,H,1.0
20250426_StKildaSaints,2025,7,2025-04-26,Marvel Stadium,St Kilda Saints,Brisbane Lions,73,118,29901.0,-45,A,0.0
20250427_CarltonBlues,2025,7,2025-04-27,Melbourne Cricket Ground,Carlton Blues,Geelong Cats,94,76,67658.0,18,H,1.0
20250427_GoldCoastSuns,2025,7,2025-04-27,People First Stadium,Gold Coast Suns,Sydney Swans,117,79,18034.0,38,H,1.0
20250427_HawthornHawks,2025,7,2025-04-27,Marvel Stadium,Hawthorn Hawks,West Coast Eagles,124,74,26425.0,50,H,1.0
20250501_EssendonBombers,2025,8,2025-05-01,Marvel Stadium,Essendon Bombers,North Melbourne Kangaroos,65,62,35439.0,3,H,1.0
20250502_StKildaSaints,2025,8,2025-05-02,Marvel Stadium,St Kilda Saints,Fremantle Dockers,94,33,20522.0,61,H,1.0
20250503_WesternBulldogs,2025,8,2025-05-03,Mars Stadium,Western Bulldogs,Port Adelaide Power,131,41,4814.0,90,H,1.0
20250503_WestCoastEagles,2025,8,2025-05-03,Optus Stadium,West Coast Eagles,Melbourne Demons,76,108,41991.0,-32,A,0.0
20250503_CollingwoodMagpies,2025,8,2025-05-03,Melbourne Cricket Ground,Collingwood Magpies,Geelong Cats,87,90,82514.0,-3,A,0.0
20250503_AdelaideCrows,2025,8,2025-05-03,Adelaide Oval,Adelaide Crows,Carlton Blues,110,50,56057.0,60,H,1.0
20250504_BrisbaneLions,2025,8,2025-05-04,The Gabba,Brisbane Lions,Gold Coast Suns,66,49,33612.0,17,H,1.0
20250504_SydneySwans,2025,8,2025-05-04,Sydney Cricket Ground,Sydney Swans,Greater Western Sydney Giants,87,73,39260.0,14,H,1.0
20250504_HawthornHawks,2025,8,2025-05-04,Melbourne Cricket Ground,Hawthorn Hawks,Richmond Tigers,109,44,62321.0,65,H,1.0
20250508_FremantleDockers,2025,9,2025-05-08,Optus Stadium,Fremantle Dockers,Collingwood Magpies,83,97,47780.0,-14,A,0.0
20250509_StKildaSaints,2025,9,2025-05-09,Melbourne Cricket Ground,St Kilda Saints,Carlton Blues,62,77,65680.0,-15,A,0.0
20250510_PortAdelaidePower,2025,9,2025-05-10,Adelaide Oval,Port Adelaide Power,Adelaide Crows,84,89,53117.0,-5,A,0.0
20250510_EssendonBombers,2025,9,2025-05-10,Marvel Stadium,Essendon Bombers,Sydney Swans,71,63,43799.0,8,H,1.0
20250510_MelbourneDemons,2025,9,2025-05-10,Melbourne Cricket Ground,Melbourne Demons,Hawthorn Hawks,56,91,50351.0,-35,A,0.0
20250510_GoldCoastSuns,2025,9,2025-05-10,TIO Stadium,Gold Coast Suns,Western Bulldogs,106,96,9816.0,10,H,1.0
20250511_GeelongCats,2025,9,2025-05-11,GMHBA Stadium,Geelong Cats,Greater Western Sydney Giants,101,105,28407.0,-4,A,0.0
20250511_RichmondTigers,2025,9,2025-05-11,Melbourne Cricket Ground,Richmond Tigers,West Coast Eagles,81,79,29539.0,2,H,1.0
20250511_NorthMelbourneKangaroos,2025,9,2025-05-11,Ninja Stadium,North Melbourne Kangaroos,Brisbane Lions,71,71,7395.0,0,D,
20250515_GoldCoastSuns,2025,10,2025-05-15,TIO Stadium,Gold Coast Suns,Hawthorn Hawks,104,96,12314.0,8,H,1.0
20250516_SydneySwans,2025,10,2025-05-16,Sydney Cricket Ground,Sydney Swans,Carlton Blues,78,62,39082.0,16,H,1.0
20250517_PortAdelaidePower,2025,10,2025-05-17,Adelaide Oval,Port Adelaide Power,Geelong Cats,39,115,35508.0,-76,A,0.0
20250517_WesternBulldogs,2025,10,2025-05-17,Marvel Stadium,Western Bulldogs,Essendon Bombers,127,36,47266.0,91,H,1.0
20250517_GreaterWesternSydneyGiants,2025,10,2025-05-17,ENGIE Stadium,Greater Western Sydney Giants,Fremantle Dockers,61,95,8092.0,-34,A,0.0
20250517_CollingwoodMagpies,2025,10,2025-05-17,Melbourne Cricket Ground,Collingwood Magpies,Adelaide Crows,78,68,67697.0,10,H,1.0
20250518_RichmondTigers,2025,10,2025-05-18,Melbourne Cricket Ground,Richmond Tigers,North Melbourne Kangaroos,74,78,54060.0,-4,A,0.0
20250518_WestCoastEagles,2025,10,2025-05-18,Optus Stadium,West Coast Eagles,St Kilda Saints,108,80,42860.0,28,H,1.0
20250518_BrisbaneLions,2025,10,2025-05-18,The Gabba,Brisbane Lions,Melbourne Demons,88,99,30473.0,-11,A,0.0
20250522_GeelongCats,2025,11,2025-05-22,GMHBA Stadium,Geelong Cats,Western Bulldogs,127,113,32641.0,14,H,1.0
20250523_EssendonBombers,2025,11,2025-05-23,Melbourne Cricket Ground,Essendon Bombers,Richmond Tigers,81,58,76051.0,23,H,1.0
20250524_CarltonBlues,2025,11,2025-05-24,Marvel Stadium,Carlton Blues,Greater Western Sydney Giants,82,110,36468.0,-28,A,0.0
20250524_NorthMelbourneKangaroos,2025,11,2025-05-24,Marvel Stadium,North Melbourne Kangaroos,Collingwood Magpies,63,108,40479.0,-45,A,0.0
20250524_FremantleDockers,2025,11,2025-05-24,Optus Stadium,Fremantle Dockers,Port Adelaide Power,100,51,40466.0,49,H,1.0
20250524_HawthornHawks,2025,11,2025-05-24,Melbourne Cricket Ground,Hawthorn Hawks,Brisbane Lions,60,93,36468.0,-33,A,0.0
20250525_MelbourneDemons,2025,11,2025-05-25,Melbourne Cricket Ground,Melbourne Demons,Sydney Swans,131,78,38520.0,53,H,1.0
20250525_StKildaSaints,2025,11,2025-05-25,Marvel Stadium,St Kilda Saints,Gold Coast Suns,61,80,13486.0,-19,A,0.0
20250525_AdelaideCrows,2025,11,2025-05-25,Adelaide Oval,Adelaide Crows,West Coast Eagles,128,62,39271.0,66,H,1.0
20250529_BrisbaneLions,2025,12,2025-05-29,The Gabba,Brisbane Lions,Essendon Bombers,90,72,26441.0,18,H,1.0
20250530_CollingwoodMagpies,2025,12,2025-05-30,Melbourne Cricket Ground,Collingwood Magpies,Hawthorn Hawks,107,56,83706.0,51,H,1.0
20250531_GreaterWesternSydneyGiants,2025,12,2025-05-31,ENGIE Stadium,Greater Western Sydney Giants,Richmond Tigers,80,77,9770.0,3,H,1.0
20250531_SydneySwans,2025,12,2025-05-31,Sydney Cricket Ground,Sydney Swans,Adelaide Crows,41,131,35229.0,-90,A,0.0
20250531_GoldCoastSuns,2025,12,2025-05-31,People First Stadium,Gold Coast Suns,Fremantle Dockers,64,75,11750.0,-11,A,0.0
20250601_MelbourneDemons,2025,12,2025-06-01,TIO Traeger Park,Melbourne Demons,St Kilda Saints,63,91,6721.0,-28,A,0.0
20250601_WestCoastEagles,2025,12,2025-06-01,Optus Stadium,West Coast Eagles,Geelong Cats,73,116,42501.0,-43,A,0.0
20250605_WesternBulldogs,2025,13,2025-06-05,Marvel Stadium,Western Bulldogs,Hawthorn Hawks,59,81,35725.0,-22,A,0.0
20250606_AdelaideCrows,2025,13,2025-06-06,Adelaide Oval,Adelaide Crows,Brisbane Lions,68,63,42921.0,5,H,1.0
20250607_GreaterWesternSydneyGiants,2025,13,2025-06-07,Manuka Oval,Greater Western Sydney Giants,Port Adelaide Power,50,66,9005.0,-16,A,0.0
20250607_RichmondTigers,2025,13,2025-06-07,Melbourne Cricket Ground,Richmond Tigers,Sydney Swans,36,80,41452.0,-44,A,0.0
20250607_GeelongCats,2025,13,2025-06-07,GMHBA Stadium,Geelong Cats,Gold Coast Suns,61,37,29502.0,24,H,1.0
20250608_NorthMelbourneKangaroos,2025,13,2025-06-08,Hands Oval,North Melbourne Kangaroos,West Coast Eagles,62,52,12715.0,10,H,1.0
20250608_CarltonBlues,2025,13,2025-06-08,Melbourne Cricket Ground,Carlton Blues,Essendon Bombers,78,70,74280.0,8,H,1.0
20250609_MelbourneDemons,2025,13,2025-06-09,Melbourne Cricket Ground,Melbourne Demons,Collingwood Magpies,71,72,77761.0,-1,A,0.0
20250612_StKildaSaints,2025,14,2025-06-12,Marvel Stadium,St Kilda Saints,Western Bulldogs,60,132,20508.0,-72,A,0.0
20250613_HawthornHawks,2025,14,2025-06-13,UTAS Stadium,Hawthorn Hawks,Adelaide Crows,47,44,15129.0,3,H,1.0
20250614_EssendonBombers,2025,14,2025-06-14,Melbourne Cricket Ground,Essendon Bombers,Geelong Cats,56,151,61643.0,-95,A,0.0
20250614_NorthMelbourneKangaroos,2025,14,2025-06-14,Optus Stadium,North Melbourne Kangaroos,Fremantle Dockers,67,73,31408.0,-6,A,0.0
20250614_BrisbaneLions,2025,14,2025-06-14,The Gabba,Brisbane Lions,Greater Western Sydney Giants,96,107,30711.0,-11,A,0.0
20250615_WestCoastEagles,2025,14,2025-06-15,Optus Stadium,West Coast Eagles,Carlton Blues,52,86,43803.0,-34,A,0.0
20250615_PortAdelaidePower,2025,14,2025-06-15,Adelaide Oval,Port Adelaide Power,Melbourne Demons,93,68,30144.0,25,H,1.0
20250619_FremantleDockers,2025,15,2025-06-19,Optus Stadium,Fremantle Dockers,Essendon Bombers,104,63,37570.0,41,H,1.0
20250620_GeelongCats,2025,15,2025-06-20,GMHBA Stadium,Geelong Cats,Brisbane Lions,51,92,35367.0,-41,A,0.0
20250621_CollingwoodMagpies,2025,15,2025-06-21,Marvel Stadium,Collingwood Magpies,St Kilda Saints,108,74,43039.0,34,H,1.0
20250621_PortAdelaidePower,2025,15,2025-06-21,Adelaide Oval,Port Adelaide Power,Sydney Swans,52,71,33576.0,-19,A,0.0
20250621_CarltonBlues,2025,15,2025-06-21,Melbourne Cricket Ground,Carlton Blues,North Melbourne Kangaroos,73,84,56236.0,-11,A,0.0
20250622_GreaterWesternSydneyGiants,2025,15,2025-06-22,ENGIE Stadium,Greater Western Sydney Giants,Gold Coast Suns,106,99,10504.0,7,H,1.0
20250622_WesternBulldogs,2025,15,2025-06-22,Marvel Stadium,Western Bulldogs,Richmond Tigers,135,56,38280.0,79,H,1.0
20250626_PortAdelaidePower,2025,16,2025-06-26,Adelaide Oval,Port Adelaide Power,Carlton Blues,110,60,30381.0,50,H,1.0
20250627_SydneySwans,2025,16,2025-06-27,Sydney Cricket Ground,Sydney Swans,Western Bulldogs,96,105,29246.0,-9,A,0.0
20250628_GoldCoastSuns,2025,16,2025-06-28,People First Stadium,Gold Coast Suns,Melbourne Demons,104,85,13064.0,19,H,1.0
20250628_CollingwoodMagpies,2025,16,2025-06-28,Marvel Stadium,Collingwood Magpies,West Coast Eagles,88,59,38126.0,29,H,1.0
20250628_HawthornHawks,2025,16,2025-06-28,UTAS Stadium,Hawthorn Hawks,North Melbourne Kangaroos,150,65,13287.0,85,H,1.0
20250629_RichmondTigers,2025,16,2025-06-29,Melbourne Cricket Ground,Richmond Tigers,Adelaide Crows,54,122,23231.0,-68,A,0.0
20250629_FremantleDockers,2025,16,2025-06-29,Optus Stadium,Fremantle Dockers,St Kilda Saints,81,69,41600.0,12,H,1.0
20250703_NorthMelbourneKangaroos,2025,17,2025-07-03,Marvel Stadium,North Melbourne Kangaroos,Western Bulldogs,85,134,25009.0,-49,A,0.0
20250704_WestCoastEagles,2025,17,2025-07-04,Optus Stadium,West Coast Eagles,Greater Western Sydney Giants,52,111,38152.0,-59,A,0.0
20250704_CarltonBlues,2025,17,2025-07-04,Melbourne Cricket Ground,Carlton Blues,Collingwood Magpies,59,115,75827.0,-56,A,0.0
20250705_GeelongCats,2025,17,2025-07-05,GMHBA Stadium,Geelong Cats,Richmond Tigers,124,52,31060.0,72,H,1.0
20250705_BrisbaneLions,2025,17,2025-07-05,The Gabba,Brisbane Lions,Port Adelaide Power,120,92,30017.0,28,H,1.0
20250705_StKildaSaints,2025,17,2025-07-05,Marvel Stadium,St Kilda Saints,Hawthorn Hawks,74,94,36035.0,-20,A,0.0
20250705_EssendonBombers,2025,17,2025-07-05,Marvel Stadium,Essendon Bombers,Gold Coast Suns,74,115,29672.0,-41,A,0.0
20250706_SydneySwans,2025,17,2025-07-06,Sydney Cricket Ground,Sydney Swans,Fremantle Dockers,94,83,32007.0,11,H,1.0
20250706_AdelaideCrows,2025,17,2025-07-06,Adelaide Oval,Adelaide Crows,Melbourne Demons,90,77,43306.0,13,H,1.0
20250710_CarltonBlues,2025,18,2025-07-10,Marvel Stadium,Carlton Blues,Brisbane Lions,66,103,32898.0,-37,A,0.0
20250711_GoldCoastSuns,2025,18,2025-07-11,People First Stadium,Gold Coast Suns,Collingwood Magpies,69,63,22831.0,6,H,1.0
20250712_WesternBulldogs,2025,18,2025-07-12,Marvel Stadium,Western Bulldogs,Adelaide Crows,98,109,41198.0,-11,A,0.0
20250712_GreaterWesternSydneyGiants,2025,18,2025-07-12,ENGIE Stadium,Greater Western Sydney Giants,Geelong Cats,111,85,13349.0,26,H,1.0
20250712_RichmondTigers,2025,18,2025-07-12,Melbourne Cricket Ground,Richmond Tigers,Essendon Bombers,46,37,52125.0,9,H,1.0
20250712_FremantleDockers,2025,18,2025-07-12,Optus Stadium,Fremantle Dockers,Hawthorn Hawks,77,64,49460.0,13,H,1.0
20250713_MelbourneDemons,2025,18,2025-07-13,Melbourne Cricket Ground,Melbourne Demons,North Melbourne Kangaroos,119,83,35844.0,36,H,1.0
20250713_PortAdelaidePower,2025,18,2025-07-13,Adelaide Oval,Port Adelaide Power,West Coast Eagles,87,61,30553.0,26,H,1.0
20250713_StKildaSaints,2025,18,2025-07-13,Marvel Stadium,St Kilda Saints,Sydney Swans,87,92,29589.0,-5,A,0.0
20250717_EssendonBombers,2025,19,2025-07-17,Marvel Stadium,Essendon Bombers,Greater Western Sydney Giants,56,104,20347.0,-48,A,0.0
20250718_BrisbaneLions,2025,19,2025-07-18,The Gabba,Brisbane Lions,Western Bulldogs,86,76,29039.0,10,H,1.0
20250719_HawthornHawks,2025,19,2025-07-19,UTAS Stadium,Hawthorn Hawks,Port Adelaide Power,87,49,12772.0,38,H,1.0
20250719_WestCoastEagles,2025,19,2025-07-19,Optus Stadium,West Coast Eagles,Richmond Tigers,56,105,44252.0,-49,A,0.0
20250719_SydneySwans,2025,19,2025-07-19,Sydney Cricket Ground,Sydney Swans,North Melbourne Kangaroos,84,53,31909.0,31,H,1.0
20250719_CarltonBlues,2025,19,2025-07-19,Melbourne Cricket Ground,Carlton Blues,Melbourne Demons,78,70,40869.0,8,H,1.0
20250720_GeelongCats,2025,19,2025-07-20,GMHBA Stadium,Geelong Cats,St Kilda Saints,113,82,29985.0,31,H,1.0
20250720_CollingwoodMagpies,2025,19,2025-07-20,Melbourne Cricket Ground,Collingwood Magpies,Fremantle Dockers,78,79,62198.0,-1,A,0.0
20250720_AdelaideCrows,2025,19,2025-07-20,Adelaide Oval,Adelaide Crows,Gold Coast Suns,107,46,44249.0,61,H,1.0
20250724_HawthornHawks,2025,20,2025-07-24,Melbourne Cricket Ground,Hawthorn Hawks,Carlton Blues,85,61,51271.0,24,H,1.0
20250725_GreaterWesternSydneyGiants,2025,20,2025-07-25,ENGIE Stadium,Greater Western Sydney Giants,Sydney Swans,102,58,18536.0,44,H,1.0
20250725_EssendonBombers,2025,20,2025-07-25,Marvel Stadium,Essendon Bombers,Western Bulldogs,50,143,29367.0,-93,A,0.0
20250726_GoldCoastSuns,2025,20,2025-07-26,People First Stadium,Gold Coast Suns,Brisbane Lions,130,64,20833.0,66,H,1.0
20250726_AdelaideCrows,2025,20,2025-07-26,Adelaide Oval,Adelaide Crows,Port Adelaide Power,133,35,46018.0,98,H,1.0
20250726_NorthMelbourneKangaroos,2025,20,2025-07-26,Marvel Stadium,North Melbourne Kangaroos,Geelong Cats,49,150,25445.0,-101,A,0.0
20250726_FremantleDockers,2025,20,2025-07-26,Optus Stadium,Fremantle Dockers,West Coast Eagles,126,77,46018.0,49,H,1.0
20250727_RichmondTigers,2025,20,2025-07-27,Melbourne Cricket Ground,Richmond Tigers,Collingwood Magpies,57,93,59454.0,-36,A,0.0
20250727_StKildaSaints,2025,20,2025-07-27,Marvel Stadium,St Kilda Saints,Melbourne Demons,96,90,22570.0,6,H,1.0
20250731_WesternBulldogs,2025,21,2025-07-31,Marvel Stadium,Western Bulldogs,Greater Western Sydney Giants,132,44,23898.0,88,H,1.0
20250801_AdelaideCrows,2025,21,2025-08-01,Adelaide Oval,Adelaide Crows,Hawthorn Hawks,101,87,50654.0,14,H,1.0
20250802_MelbourneDemons,2025,21,2025-08-02,Marvel Stadium,Melbourne Demons,West Coast Eagles,139,56,16394.0,83,H,1.0
20250802_SydneySwans,2025,21,2025-08-02,Sydney Cricket Ground,Sydney Swans,Essendon Bombers,68,54,20805.0,14,H,1.0
20250802_CollingwoodMagpies,2025,21,2025-08-02,Melbourne Cricket Ground,Collingwood Magpies,Brisbane Lions,65,92,82326.0,-27,A,0.0
20250802_GoldCoastSuns,2025,21,2025-08-02,People First Stadium,Gold Coast Suns,Richmond Tigers,107,23,14841.0,84,H,1.0
20250803_GeelongCats,2025,21,2025-08-03,GMHBA Stadium,Geelong Cats,Port Adelaide Power,153,65,28064.0,88,H,1.0
20250803_StKildaSaints,2025,21,2025-08-03,Marvel Stadium,St Kilda Saints,North Melbourne Kangaroos,78,69,31978.0,9,H,1.0
20250803_FremantleDockers,2025,21,2025-08-03,Optus Stadium,Fremantle Dockers,Carlton Blues,94,67,39358.0,27,H,1.0
20250807_HawthornHawks,2025,22,2025-08-07,Melbourne Cricket Ground,Hawthorn Hawks,Collingwood Magpies,110,46,68515.0,64,H,1.0
20250808_GeelongCats,2025,22,2025-08-08,GMHBA Stadium,Geelong Cats,Essendon Bombers,109,65,30289.0,44,H,1.0
20250809_CarltonBlues,2025,22,2025-08-09,Marvel Stadium,Carlton Blues,Gold Coast Suns,74,93,24120.0,-19,A,0.0
20250809_RichmondTigers,2025,22,2025-08-09,Melbourne Cricket Ground,Richmond Tigers,St Kilda Saints,52,56,41395.0,-4,A,0.0
20250809_BrisbaneLions,2025,22,2025-08-09,The Gabba,Brisbane Lions,Sydney Swans,90,92,31424.0,-2,A,0.0
20250809_PortAdelaidePower,2025,22,2025-08-09,Adelaide Oval,Port Adelaide Power,Fremantle Dockers,86,92,30390.0,-6,A,0.0
20250810_WestCoastEagles,2025,22,2025-08-10,Optus Stadium,West Coast Eagles,Adelaide Crows,78,87,32845.0,-9,A,0.0
20250810_GreaterWesternSydneyGiants,2025,22,2025-08-10,Manuka Oval,Greater Western Sydney Giants,North Melbourne Kangaroos,133,79,11753.0,54,H,1.0
20250810_MelbourneDemons,2025,22,2025-08-10,Melbourne Cricket Ground,Melbourne Demons,Western Bulldogs,99,105,34733.0,-6,A,0.0
20250815_EssendonBombers,2025,23,2025-08-15,Marvel Stadium,Essendon Bombers,St Kilda Saints,75,77,31107.0,-2,A,0.0
20250815_FremantleDockers,2025,23,2025-08-15,Optus Stadium,Fremantle Dockers,Brisbane Lions,44,101,54302.0,-57,A,0.0
20250816_AdelaideCrows,2025,23,2025-08-16,Adelaide Oval,Adelaide Crows,Collingwood Magpies,59,56,54283.0,3,H,1.0
20250816_GoldCoastSuns,2025,23,2025-08-16,People First Stadium,Gold Coast Suns,Greater Western Sydney Giants,76,111,16007.0,-35,A,0.0
20250816_CarltonBlues,2025,23,2025-08-16,Marvel Stadium,Carlton Blues,Port Adelaide Power,118,64,25020.0,54,H,1.0
20250816_HawthornHawks,2025,23,2025-08-16,Melbourne Cricket Ground,Hawthorn Hawks,Melbourne Demons,92,56,53871.0,36,H,1.0
20250817_SydneySwans,2025,23,2025-08-17,Sydney Cricket Ground,Sydney Swans,Geelong Cats,68,111,37656.0,-43,A,0.0
20250817_WesternBulldogs,2025,23,2025-08-17,Marvel Stadium,Western Bulldogs,West Coast Eagles,126,32,21207.0,94,H,1.0
20250817_NorthMelbourneKangaroos,2025,23,2025-08-17,Ninja Stadium,North Melbourne Kangaroos,Richmond Tigers,135,87,11176.0,48,H,1.0
20250821_EssendonBombers,2025,24,2025-08-21,Melbourne Cricket Ground,Essendon Bombers,Carlton Blues,56,90,41150.0,-34,A,0.0
20250822_CollingwoodMagpies,2025,24,2025-08-22,Melbourne Cricket Ground,Collingwood Magpies,Melbourne Demons,82,76,60611.0,6,H,1.0
20250822_PortAdelaidePower,2025,24,2025-08-22,Adelaide Oval,Port Adelaide Power,Gold Coast Suns,71,67,40897.0,4,H,1.0
20250823_WestCoastEagles,2025,24,2025-08-23,Optus Stadium,West Coast Eagles,Sydney Swans,51,118,36029.0,-67,A,0.0
20250823_RichmondTigers,2025,24,2025-08-23,Melbourne Cricket Ground,Richmond Tigers,Geelong Cats,64,103,46109.0,-39,A,0.0
20250823_NorthMelbourneKangaroos,2025,24,2025-08-23,Marvel Stadium,North Melbourne Kangaroos,Adelaide Crows,100,113,17494.0,-13,A,0.0
20250824_BrisbaneLions,2025,24,2025-08-24,The Gabba,Brisbane Lions,Hawthorn Hawks,89,79,32086.0,10,H,1.0
20250824_WesternBulldogs,2025,24,2025-08-24,Marvel Stadium,Western Bulldogs,Fremantle Dockers,97,112,44069.0,-15,A,0.0
20250824_GreaterWesternSydneyGiants,2025,24,2025-08-24,ENGIE Stadium,Greater Western Sydney Giants,St Kilda Saints,104,93,10563.0,11,H,1.0
20250827_GoldCoastSuns,2025,24,2025-08-27,People First Stadium,Gold Coast Suns,Essendon Bombers,153,58,16768.0,95,H,1.0
20250904_AdelaideCrows,2025,QF,2025-09-04,Adelaide Oval,Adelaide Crows,Collingwood Magpies,55,79,52187.0,-24,A,0.0
20250905_GeelongCats,2025,QF,2025-09-05,Melbourne Cricket Ground,Geelong Cats,Brisbane Lions,112,74,86364.0,38,H,1.0
20250906_FremantleDockers,2025,EF,2025-09-06,Optus Stadium,Fremantle Dockers,Gold Coast Suns,79,80,57507.0,-1,A,0.0
20250906_GreaterWesternSydneyGiants,2025,EF,2025-09-06,ENGIE Stadium,Greater Western Sydney Giants,Hawthorn Hawks,88,107,20634.0,-19,A,0.0
20250912_AdelaideCrows,2025,SF,2025-09-12,Adelaide Oval,Adelaide Crows,Hawthorn Hawks,67,101,52005.0,-34,A,0.0
20250913_BrisbaneLions,2025,SF,2025-09-13,The Gabba,Brisbane Lions,Gold Coast Suns,100,47,36628.0,53,H,1.0
20250919_GeelongCats,2025,PF,2025-09-19,Melbourne Cricket Ground,Geelong Cats,Hawthorn Hawks,115,85,99567.0,30,H,1.0
20250920_CollingwoodMagpies,2025,PF,2025-09-20,Melbourne Cricket Ground,Collingwood Magpies,Brisbane Lions,71,100,96023.0,-29,A,0.0
20250927_GeelongCats,2025,GF,2025-09-27,Melbourne Cricket Ground,Geelong Cats,Brisbane Lions,75,122,100022.0,-47,A,0.0
